score	acc	runs	subjects	per_subject	readlen	strategy	instrument	baseline	timepoints	title	reasons
85	PRJNA1188648	30	10	3.0	301	AMPLICON	Illumina MiSeq	True	12 months,6 months,baseline	Gut microbiota dynamics by cholecystectomy	
78	PRJEB39382	258	1	21.0	251	AMPLICON	Illumina MiSeq	False	101d,102d,104d,105d,106d,111d,112d,122d	Projection of gut microbiome pre and post bariatric surgery to predict surgery outcome	timepoints present but no clear baseline token
78	PRJEB88699	57	10	2.1	74	AMPLICON/WGS	Illumina MiSeq/Illumina NovaSeq 6000	False	3 months,6 months,9 months	Multi-Omics investigation of Bariatric Surgery Outcomes	reads ~74bp, too short for truncLen 150; timepoints present but no clear baseline token
78	PRJDB42455	243	2	11.0	246	AMPLICON	Illumina MiSeq	False	001w,002w,003w,004w,005w,006w,007w,015w	Longitudinal analysis of stomach microbiota of cultured kuruma shrimp (Penaeus japonicus) in commercial aquaculture farms	timepoints present but no clear baseline token
70	PRJEB34782	29	7	2.7	151	AMPLICON	Illumina MiSeq	False	pod0,pod10,pod12,pod13,pod16,pod17,pod18,pod3	Postoperative wound surveillance is a key principle of surgery, yet is not traditionally considered at anastomotic wound sites. Here we hypothesized that serial endoscopic examination of low anterior resection (LAR) anastomotic wounds can yield useful information regarding healing.	timepoints present but no clear baseline token
63	PRJNA1077395	133	133	1.0	301	AMPLICON	Illumina HiSeq 4000	False	v1,v2,v3,v4,v5,v6	Preoperative Vaginal Microbiome as a Predictor of Postoperative Urinary Tract Infection Following Pelvic Organ Prolapse Surgery	no repeat sampling detectable from metadata; timepoints present but no clear baseline token
60	PRJEB48942	163	1	163.0	149	AMPLICON	Illumina MiSeq	True	before	Integrated metagenomics and metabolomics analysis within bariatric surgery	reads ~149bp, too short for truncLen 150; subject/timepoint not encoded in sample titles
60	PRJNA1233226	128	0	0	301	AMPLICON	Illumina HiSeq 2000	False		The gut microbiome enhances breast cancer immunotherapy following bariatric surgery	no repeat sampling detectable from metadata; subject/timepoint not encoded in sample titles
60	PRJNA321731	64	0	0	301	AMPLICON	Illumina MiSeq	False		Bariatric surgery microbiome	no repeat sampling detectable from metadata; subject/timepoint not encoded in sample titles
60	PRJNA355361	70	0	0	251	AMPLICON	Illumina MiSeq	False		Bariatric surgery and microbiota	no repeat sampling detectable from metadata; subject/timepoint not encoded in sample titles
60	PRJNA493625	68	0	0	300	AMPLICON	Illumina MiSeq	False		Gut microbiome of post-bariatric patients during pregnancy	no repeat sampling detectable from metadata; subject/timepoint not encoded in sample titles
60	PRJNA635168	66	0	0	250	AMPLICON	Illumina MiSeq	True		A microbial metabolite remodels the gut-liver axis following bariatric surgery	no repeat sampling detectable from metadata; subject/timepoint not encoded in sample titles
60	PRJNA639545	160	0	0	449	AMPLICON	Illumina MiSeq	False		Faecal microbiota of morbidly obese patients undergoing bariatric surgery	no repeat sampling detectable from metadata; subject/timepoint not encoded in sample titles
60	PRJNA668472	61	0	0	250	AMPLICON	Illumina MiSeq	False		The Gut Microbiota following Bariatric Surgery	no repeat sampling detectable from metadata; subject/timepoint not encoded in sample titles
60	PRJNA727576	358	0	0	301	AMPLICON	Illumina MiSeq	False		Bariatric surgery shifts human gut microbiota to improve glycemic control	no repeat sampling detectable from metadata; subject/timepoint not encoded in sample titles
60	PRJNA1130449	92	0	0	301	AMPLICON	Illumina MiSeq	False		Oral administration of Lactobacillus casei DG after ileostomy closure: a randomized controlled trial (Microbiota and Immune microEnvironment in Pouchitis -MEP1)	no repeat sampling detectable from metadata; subject/timepoint not encoded in sample titles
60	PRJNA1480144	110	0	0	250	AMPLICON	Illumina NovaSeq 6000	False		intestinal microbiota sequencing of SDT and ileostomy	no repeat sampling detectable from metadata; subject/timepoint not encoded in sample titles
60	PRJDB17045	52	0	0	249	AMPLICON	Illumina MiSeq	False		Microbiome of shrimp stomach and aquaculture pond	no repeat sampling detectable from metadata; subject/timepoint not encoded in sample titles
60	PRJDB17087	45	0	0	249	AMPLICON	Illumina MiSeq	False		Microbiome of shrimp stomach during chlorine dioxide treatment	no repeat sampling detectable from metadata; subject/timepoint not encoded in sample titles
60	PRJEB18037	61	0	0	422	AMPLICON	Illumina MiSeq	False		Bacterial communities in pika stomachs	no repeat sampling detectable from metadata; subject/timepoint not encoded in sample titles
60	PRJNA655569	120	0	0	242	AMPLICON	Illumina HiSeq 2500	False		Alterations of gut microbial community after appendectomy	no repeat sampling detectable from metadata; subject/timepoint not encoded in sample titles
60	PRJNA1046482	102	0	0	248	AMPLICON	Illumina MiSeq	False		Lactobacillus plantarum 24-7 improves postoperative bloating and hard stools by modulating intestinal microbiota in patients with congenital heart disease: a randomized controlled trial	no repeat sampling detectable from metadata; subject/timepoint not encoded in sample titles
60	PRJNA1259181	110	0	0	250	AMPLICON	Illumina MiSeq	False		Characteristics of the Urethral and Intestinal Microbiota in Patients with Urolithiasis and Postoperative Individuals	no repeat sampling detectable from metadata; subject/timepoint not encoded in sample titles
60	PRJNA1273334	112	0	0	224	AMPLICON	Illumina NovaSeq 6000	False		Gut Microbiota Profiles in Hirschsprung Disease and Bacterial Markers for Predicting Postoperative Enterocolitis	no repeat sampling detectable from metadata; subject/timepoint not encoded in sample titles
60	PRJNA1419539	320	0	0	288	AMPLICON	NextSeq 2000	False		Pathogenesis of Postoperative Infections and Biomarkers for Early Diagnosis of it	no repeat sampling detectable from metadata; subject/timepoint not encoded in sample titles
60	PRJNA514452	509	0	0	314	AMPLICON	Illumina MiSeq	False		Microbiota recolonization after ileocecal resection differs in Crohn's disease patients developing postoperative recurrence	no repeat sampling detectable from metadata; subject/timepoint not encoded in sample titles
60	PRJNA703442	123	0	0	301	AMPLICON	Illumina MiSeq	False		Intestinal microbiota of CRC patients who developed prolonged postoperative ileus (PPOI)	no repeat sampling detectable from metadata; subject/timepoint not encoded in sample titles
60	PRJNA767241	68	0	0	245	AMPLICON	Illumina HiSeq 2500	False		Alterations in the gut microbiota and metabolites contribute to postoperative sleep loss	no repeat sampling detectable from metadata; subject/timepoint not encoded in sample titles
58	PRJNA1225466	97	0	0	247	AMPLICON	Illumina NovaSeq 6000	False	m1,m10,m11,m12,m13,m14,m15,m16	The roles of gut microbiota in postoperative patients of CRC	no repeat sampling detectable from metadata; timepoints present but no clear baseline token
57	PRJNA951705	47	0	0	151	AMPLICON	Illumina MiSeq	False		Microbiome before and after bariatric surgery	no repeat sampling detectable from metadata; subject/timepoint not encoded in sample titles
57	PRJNA1184804	58	0	0	150	AMPLICON	Illumina NovaSeq 6000	True		Intestinal flora can improve the emotional problems of postoperative constipation patients	no repeat sampling detectable from metadata; subject/timepoint not encoded in sample titles
57	PRJNA1363135	193	0	0	152	AMPLICON/OTHER	Illumina HiSeq X/Illumina NovaSeq 6000	False		The Gut Microbiota in Liver Transplantation Recipients During the Perioperative And Postoperative Recovery Period	no repeat sampling detectable from metadata; subject/timepoint not encoded in sample titles
57	PRJNA1427431	89	0	0	152	AMPLICON/RNA-Seq	Illumina HiSeq 2500/Illumina MiSeq	False		Intraoperative intestinal ischemia-reperfusion injury aggravates postoperative delirium by remodeling gut microbiota	no repeat sampling detectable from metadata; subject/timepoint not encoded in sample titles
57	PRJNA269954	703	0	0	175	AMPLICON	Illumina MiSeq	False		Paired mucosal j-pouch and afferent limb samples from postoperative ulcerative colitis and familial ademonatous polyposis patients from Mount Sinai Hospital, Toronto. Samples were collected during pouch endoscopy and 16S sequenced.	no repeat sampling detectable from metadata; subject/timepoint not encoded in sample titles
55	PRJNA592441	22	0	0	300	AMPLICON	Illumina MiSeq	False		Microbiome after subtotal gastrectomy with B2 reconstruction	no repeat sampling detectable from metadata; subject/timepoint not encoded in sample titles
55	PRJNA941111	40	0	0	301	AMPLICON	Illumina MiSeq	False		Clinical effect of sleeve gastrectomy caused by Helicobacter pylori infection in obese patients with Diabetes Mellitus	no repeat sampling detectable from metadata; subject/timepoint not encoded in sample titles
55	PRJNA1118203	38	0	0	300	AMPLICON	Illumina MiSeq	False		microbiota modulation after bariatric surgery in obese individuals in UAE	no repeat sampling detectable from metadata; subject/timepoint not encoded in sample titles
55	PRJNA1199984	39	0	0	301	AMPLICON	Illumina MiSeq	False		Genetic and Microbiome Predictors of Long-Term Weight Loss After Bariatric Surgery	no repeat sampling detectable from metadata; subject/timepoint not encoded in sample titles
55	PRJNA276465	76	19	4.0	76	RNA-Seq	Illumina HiSeq 2000	True	t0,t3	Impact of bariatric surgery on RNA-seq gene expression profiles of peripheral monocytes in humans	not Illumina amplicon (RNA-Seq; Illumina HiSeq 2000); reads ~76bp, too short for truncLen 150
55	PRJNA274360	88	22	4.0	76	RNA-Seq	Illumina HiSeq 2000	True	t0,t3	Impact of bariatric surgery on RNA-seq gene expression profiles of adipose tissue in humans	not Illumina amplicon (RNA-Seq; Illumina HiSeq 2000); reads ~76bp, too short for truncLen 150
55	PRJNA612771	23	0	0	301	AMPLICON	Illumina MiSeq	False		Clinical results and microbiota changes after faecal microbiota transplantation for chronic pouchitis: a pilot study	no repeat sampling detectable from metadata; subject/timepoint not encoded in sample titles
55	PRJNA1132758	22	0	0	301	AMPLICON	Illumina MiSeq	False		The intestinal microbiota after pancreaticoduodenectomy and their association with postoperative fatty liver	no repeat sampling detectable from metadata; subject/timepoint not encoded in sample titles
55	PRJDB8606	25	0	0	251	AMPLICON	Illumina MiSeq	False		Metagenomic analysis of appendectomy samples	no repeat sampling detectable from metadata; subject/timepoint not encoded in sample titles
55	PRJDB9292	20	0	0	301	AMPLICON	Illumina MiSeq	False		Gut metagenome analysis, Parkinsons disease and history of appendectomy	no repeat sampling detectable from metadata; subject/timepoint not encoded in sample titles
55	PRJNA800594	52	0	0	250	AMPLICON	Illumina NovaSeq 6000	False		Fecal microbiota predicts postoperative endoscopic recurrence in patients with Crohn's disease	no repeat sampling detectable from metadata; subject/timepoint not encoded in sample titles
52	PRJNA1261594	24	0	0	150	AMPLICON	Illumina NovaSeq 6000	False		Gut microbiota-associated nutritional-immune status predicts prognosis in postoperative NSCLC patients	no repeat sampling detectable from metadata; subject/timepoint not encoded in sample titles
50	PRJNA1190627	42	0	0	301	AMPLICON	Illumina MiSeq	False		microbiome between before and after gastrectomy	no repeat sampling detectable from metadata; subject/timepoint not encoded in sample titles
50	PRJEB28869	113	0	0	253	AMPLICON	Illumina MiSeq	False		Effect of bariatric surgery on microbiome composition and microbial metabolomics.	no repeat sampling detectable from metadata; subject/timepoint not encoded in sample titles
50	PRJEB40616	166	1	166.0	132	AMPLICON	Illumina MiSeq	False	after	The association between obesity and weight loss after bariatric surgery on the vaginal microbiota	reads ~132bp, too short for truncLen 150; subject/timepoint not encoded in sample titles
50	PRJEB47574	155	0	0	150	AMPLICON	Illumina MiSeq	False		Consistent gut bacterial and short-chain fatty acid signatures in hypoabsorptive bariatric surgeries correlate with metabolic benefits in rats	reads ~150bp, too short for truncLen 150; no repeat sampling detectable from metadata; subject/timepoint not encoded in sample titles
50	PRJNA1093424	96	0	0	102	AMPLICON/WGS	Illumina MiSeq/NextSeq 550	False		Pediatric Bariatric Surgery	reads ~102bp, too short for truncLen 150; no repeat sampling detectable from metadata; subject/timepoint not encoded in sample titles
50	PRJNA1364303	220	0	0	285	AMPLICON	Illumina MiSeq	False		Role of gut microbiota on the exercise-induced metabolic effects in women undergoing bariatric surgery: a translational study	no repeat sampling detectable from metadata; subject/timepoint not encoded in sample titles
50	PRJNA1287226	54	0	0	250	AMPLICON	Illumina NovaSeq 6000	False		Multi-omics Study of Small Intestine Adaptation After Total Colectomy	no repeat sampling detectable from metadata; subject/timepoint not encoded in sample titles
50	PRJEB33555	648	0	0	251	AMPLICON	Illumina MiSeq	False		Microbiota associated with the skin, gills, and gut of the fish Parachondrostoma toxostoma from five sites in the Durance and Ardeche rivers	no repeat sampling detectable from metadata; subject/timepoint not encoded in sample titles
50	PRJEB35781	237	0	0	300	AMPLICON	Illumina MiSeq	False		Different roles of environmental selection, dispersal, and drift in the assembly of intestinal microbial communities of freshwater fish with and without a stomach	no repeat sampling detectable from metadata; subject/timepoint not encoded in sample titles
50	PRJEB39417	56	0	0	294	AMPLICON	Illumina MiSeq	False		TP53 sequence of human glioblastoma stem cells sorted for p53-Ser15 induction and NS1 virus protein expression upon parvovirus MVMp infection	no repeat sampling detectable from metadata; subject/timepoint not encoded in sample titles
50	PRJEB52304	232	0	0	301	AMPLICON	Illumina MiSeq	False		Luminal and Mucosal Microbiota and Host Gene Expression in Chronic Pouchitis Patients after Fecal Microbiota Transplantation	no repeat sampling detectable from metadata; subject/timepoint not encoded in sample titles
50	PRJEB31684	288	0	0	381	AMPLICON	Illumina MiSeq	False		Ileal mucosa-associated microbiota to predict postoperative recurrence in Crohn's disease	no repeat sampling detectable from metadata; subject/timepoint not encoded in sample titles
50	PRJNA859507	75	0	0	301	AMPLICON	Illumina MiSeq	False		Dynamic changes of intestinal flora and metabolic function in patients with postoperative pneumonia after lung cancer surgery	no repeat sampling detectable from metadata; subject/timepoint not encoded in sample titles
47	PRJEB58719	64	0	0	150	AMPLICON	Illumina MiSeq	True		A specific tongue microbiota signature is found in patients displaying an improvement of orosensory lipid perception after a sleeve gastrectomy	no repeat sampling detectable from metadata; subject/timepoint not encoded in sample titles
47	PRJEB49286	61	0	0	150	AMPLICON	Illumina MiSeq	False		Effects of a sugar-rich diet combined with Roux-en-Y bariatric surgery on the metabolism, gut microbiota and brain activity in rats	no repeat sampling detectable from metadata; subject/timepoint not encoded in sample titles
47	PRJNA1314443	159	0	0	154	AMPLICON	Illumina NovaSeq 6000	False		Metagenomic profiling of gut microbiome in post-cholecystectomy patients with diarrhea: A nested case-control study	no repeat sampling detectable from metadata; subject/timepoint not encoded in sample titles
45	PRJNA300398	77	6	2.0	44	Bisulfite-Seq/MNase-Seq/ncRNA-Seq	Illumina HiSeq 2000/Illumina HiSeq 2500	True	1week,1year	Obesity and Bariatric Surgery Drive Epigenetic Variation of Spermatozoa in Humans	not Illumina amplicon (Bisulfite-Seq/MNase-Seq/ncRNA-Seq; Illumina HiSeq 2000/Illumina HiSeq 2500); reads ~44bp, too short for truncLen 150
45	PRJDB6623	24	0	0	276	AMPLICON	Illumina MiSeq	False		Forestomach microbiome in proboscis monkeys	no repeat sampling detectable from metadata; subject/timepoint not encoded in sample titles
45	PRJDB9235	23	0	0	301	AMPLICON	Illumina MiSeq	False		Meta-16S rDNA of stomach and colonic microbiome of Japanese macaques	no repeat sampling detectable from metadata; subject/timepoint not encoded in sample titles
45	PRJNA1225497	20	0	0	247	AMPLICON	Illumina NovaSeq 6000	False		The roles of gut microbiota in CRC postoperative metastasis and non-metastasis patients and health people	no repeat sampling detectable from metadata; subject/timepoint not encoded in sample titles
45	PRJNA532948	18	0	0	243	AMPLICON	Illumina MiniSeq	False		Gut microbiota analysis in postoperative Lynch syndrome patients	only 18 runs; no repeat sampling detectable from metadata; subject/timepoint not encoded in sample titles
40	PRJEB90497	208	0	0	125	AMPLICON	Illumina MiSeq	False		MedComm 2026 - colorectal surgery, pre-op + POD5-6, V3-V4	reads ~125bp, too short for truncLen 150; no repeat sampling detectable from metadata; subject/timepoint not encoded in sample titles
40	PRJEB74337	247	0	0	126	AMPLICON	Illumina NovaSeq 6000	False		Oral microbiome change in Obese following bariatric surgery	reads ~126bp, too short for truncLen 150; no repeat sampling detectable from metadata; subject/timepoint not encoded in sample titles
40	PRJNA1474458	56	0	0	0	AMPLICON	Illumina MiSeq	False		Dynamics of human gut microbiota response to resistant potato starch after bariatric surgery	no repeat sampling detectable from metadata; subject/timepoint not encoded in sample titles
40	PRJEB10881	91	0	0	84	AMPLICON/RNA-Seq/WGS/WXS	Illumina HiSeq 2000	False		Integrated Genomic Analysis of Survival Outliers in Glioblastoma	reads ~84bp, too short for truncLen 150; no repeat sampling detectable from metadata; subject/timepoint not encoded in sample titles
40	PRJEB111369	398	0	0	81	AMPLICON/RNA-Seq	Illumina MiSeq/Illumina NovaSeq 6000	False		Microbiota-gut–brain axis modulation by intestinal inflammation shapes glioblastoma outcomes	reads ~81bp, too short for truncLen 150; no repeat sampling detectable from metadata; subject/timepoint not encoded in sample titles
40	PRJEB89732	75	1	1.0	72	AMPLICON	Illumina MiSeq	False	t25	Stoma brushing - 16S rRNA gene-based amplicon profiling	reads ~72bp, too short for truncLen 150; no repeat sampling detectable from metadata; subject/timepoint not encoded in sample titles
35	PRJNA830313	59	0	0	244	RNA-Seq	454 GS	False		Preoperative oral probiotics relieve insulin resistance and gut dysbacteriosis in patients with gastric cancer after gastrectomy Raw sequence reads	not Illumina amplicon (RNA-Seq; 454 GS); no repeat sampling detectable from metadata; subject/timepoint not encoded in sample titles
35	PRJNA1041054	70	0	0	274	AMPLICON	Ion Torrent PGM	False		Bariatric surgery Targeted loci environmental	not Illumina amplicon (AMPLICON; Ion Torrent PGM); no repeat sampling detectable from metadata; subject/timepoint not encoded in sample titles
35	PRJNA1216567	50	0	0	269	AMPLICON	454 GS	False		Bariatric Surgery Gut Microbiome	not Illumina amplicon (AMPLICON; 454 GS); no repeat sampling detectable from metadata; subject/timepoint not encoded in sample titles
35	PRJDB12857	41	0	0	284	WGA	Illumina MiSeq	False		The gut microbiota composition in patients with right- and left-sided colorectal cancer and after curative colectomy, as analyzed by 16S rRNA gene amplicon sequencing	not Illumina amplicon (WGA; Illumina MiSeq); no repeat sampling detectable from metadata; subject/timepoint not encoded in sample titles
35	PRJEB44751	34	0	0	121	AMPLICON	Illumina HiSeq 2500/Illumina NovaSeq 600	False		Comparison of the upper and lower airway microbiota in early postoperative lung transplant recipients.	reads ~121bp, too short for truncLen 150; no repeat sampling detectable from metadata; subject/timepoint not encoded in sample titles
35	PRJNA1518412	24	0	0	0	AMPLICON	Illumina NovaSeq 6000	False		Exploratory Comparison of Early Postoperative Ocular Surface Inflammatory Responses and Microbiota Shifts Between SMILE and FS-LASIK in Moderate-to-High Myopia	no repeat sampling detectable from metadata; subject/timepoint not encoded in sample titles
35	PRJNA903224	150	0	0	248	RNA-Seq	Illumina NovaSeq 6000	False		Postoperative probiotics administration attenuates gastrointes-tinal complications and gut microbiota dysbiosis caused by chemotherapy in colorectal cancer patients	not Illumina amplicon (RNA-Seq; Illumina NovaSeq 6000); no repeat sampling detectable from metadata; subject/timepoint not encoded in sample titles
35	PRJNA967718	86	0	0	253	RNA-Seq	Illumina Genome Analyzer	False		The association between gut microbiota and postoperative delirium in patients	not Illumina amplicon (RNA-Seq; Illumina Genome Analyzer); no repeat sampling detectable from metadata; subject/timepoint not encoded in sample titles
32	PRJNA597839	76	0	0	150	OTHER	Illumina HiSeq 1500	False		A metagenome-wide association study of gut microbiota, visceral fat and sleeve gastrectomy	not Illumina amplicon (OTHER; Illumina HiSeq 1500); no repeat sampling detectable from metadata; subject/timepoint not encoded in sample titles
32	PRJNA1039781	240	0	0	153	WGS	NextSeq 500	False		Fecal metabolite profiling identifies liver transplant recipients at risk for postoperative infection	not Illumina amplicon (WGS; NextSeq 500); no repeat sampling detectable from metadata; subject/timepoint not encoded in sample titles
30	PRJNA478556	24	0	0	301	WGS	Illumina MiSeq	False		Primate Sleeve Gastrectomy	not Illumina amplicon (WGS; Illumina MiSeq); no repeat sampling detectable from metadata; subject/timepoint not encoded in sample titles
30	PRJDB3211	135	0	0	404	AMPLICON	454 GS FLX Titanium	False		16S amplicon sequence analysis of microbial communities in the oral cavity, stomach and gut	not Illumina amplicon (AMPLICON; 454 GS FLX Titanium); no repeat sampling detectable from metadata; subject/timepoint not encoded in sample titles
28	PRJEB115611	25	3	4.0	75	RNA-Seq	Illumina NovaSeq X Plus	False	t1,t2,t3,t4,t5	RNA-Seq of Glioblastoma Cell Lines Treated with Temozolomide	not Illumina amplicon (RNA-Seq; Illumina NovaSeq X Plus); reads ~75bp, too short for truncLen 150; timepoints present but no clear baseline token
27	PRJNA825696	31	0	0	151	WGA	Illumina NovaSeq 6000	False		Gut microbiota profile in ileostomy samples from CRC Patients	not Illumina amplicon (WGA; Illumina NovaSeq 6000); no repeat sampling detectable from metadata; subject/timepoint not encoded in sample titles
25	PRJNA673409	98	0	0	248	RNA-Seq	454 GS	False		Adjuvant Trentment and Molecular Mechanism of Probiotic compounds in patients with gastric cancer after gastrectomy Raw sequence reads	not Illumina amplicon (RNA-Seq; 454 GS); no repeat sampling detectable from metadata; subject/timepoint not encoded in sample titles
25	PRJEB36461	1308	0	0	38	WGS	AB 5500xl Genetic Analyzer	False		Impact of Laparoscopic Roux-en-Y gastric bypass and sleeve gastrectomy on gut microbiota: a metagenomic comparative analysis	not Illumina amplicon (WGS; AB 5500xl Genetic Analyzer); reads ~38bp, too short for truncLen 150; no repeat sampling detectable from metadata; subject/timepoint not encoded in sample titles
25	PRJNA473348	120	0	0	143	WGS	Illumina HiSeq 4000	True		Effect of bariatric surgery on the faecal metagenome	not Illumina amplicon (WGS; Illumina HiSeq 4000); reads ~143bp, too short for truncLen 150; no repeat sampling detectable from metadata; subject/timepoint not encoded in sample titles
25	PRJNA588805	87	0	0	118	WGS	Illumina HiSeq 2000	False		Gut microbiome changes after bariatric surgery	not Illumina amplicon (WGS; Illumina HiSeq 2000); reads ~118bp, too short for truncLen 150; no repeat sampling detectable from metadata; subject/timepoint not encoded in sample titles
25	PRJNA668357	135	0	0	70	WGS	Illumina HiSeq 4000	False		A metagenomic study of the gut microbiota following bariatric surgery	not Illumina amplicon (WGS; Illumina HiSeq 4000); reads ~70bp, too short for truncLen 150; no repeat sampling detectable from metadata; subject/timepoint not encoded in sample titles
25	PRJEB23292	867	0	0	36	WGS	AB 5500xl Genetic Analyzer	False		Dysbiosis, including decreased gut microbial richness (MGR) and composition modifications, associates with adverse metabolism in lean, overweight or moderate obesity, but lacks characterization in severe obesity. Bariatric surgery (BS) improves body composition and metabolism in severe obesity which featuresand is associated with gut microbiota modifications. Here, we characterized the importance of dysbiosis and functional alterations in severe obesity and assessed whether BS procedures would rescue this dysbiosis.	not Illumina amplicon (WGS; AB 5500xl Genetic Analyzer); reads ~36bp, too short for truncLen 150; no repeat sampling detectable from metadata; subject/timepoint not encoded in sample titles
25	PRJEB14082	50	0	0	125	WGS	Illumina MiSeq	True		Gut_microbiota_in_obesity_and_the_impact_of_bariatric_surgery	not Illumina amplicon (WGS; Illumina MiSeq); reads ~125bp, too short for truncLen 150; no repeat sampling detectable from metadata; subject/timepoint not encoded in sample titles
25	PRJDB6674	220	0	0	250	Targeted-Capture	Illumina HiSeq 2500	False		Cancer gene discovery for medulloblastoma by using SB transposon mutagenesis	not Illumina amplicon (Targeted-Capture; Illumina HiSeq 2500); no repeat sampling detectable from metadata; subject/timepoint not encoded in sample titles
25	PRJDB8538	82	0	0	273	WGS	Illumina MiSeq	False		Genomic characterization of Helicobacter pylori isolates from stomachs of Mongolian gerbils eight weeks post-infection	not Illumina amplicon (WGS; Illumina MiSeq); no repeat sampling detectable from metadata; subject/timepoint not encoded in sample titles
25	PRJEB63351	288	0	0	73	WGS	unspecified	False		Neuroblastoma is associated with alterations in gut microbiome composition subsequent to maternal seeding	not Illumina amplicon (WGS; unspecified); reads ~73bp, too short for truncLen 150; no repeat sampling detectable from metadata; subject/timepoint not encoded in sample titles
25	PRJEB66493	179	0	0	73	WGS	Illumina NovaSeq 6000	False		A Randomised Placebo-Controlled Trial of Faecal Microbiota Transplantation in Patients with Chronic Pouchitis – MicroPouch study	not Illumina amplicon (WGS; Illumina NovaSeq 6000); reads ~73bp, too short for truncLen 150; no repeat sampling detectable from metadata; subject/timepoint not encoded in sample titles
25	PRJNA1101429	62	0	0	250	RNA-Seq	Illumina HiSeq 2500	False		Effect of probiotics before cesarean section on postoperative recovery in pregnant women	not Illumina amplicon (RNA-Seq; Illumina HiSeq 2500); no repeat sampling detectable from metadata; subject/timepoint not encoded in sample titles
25	PRJNA1267986	101	0	0	300	WGS	Illumina Genome Analyzer	False		Renal pelvis urobiome dysbiosis is associated with postoperative systemic inflammatory response syndrome after percutaneous nephrolithotomy	not Illumina amplicon (WGS; Illumina Genome Analyzer); no repeat sampling detectable from metadata; subject/timepoint not encoded in sample titles
25	PRJNA848642	68	0	0	250	OTHER	Illumina HiSeq 2500	False		Biomarker Characteristics of Gut Bacteria from a Chinese Cohort of Colorectal Cancer, Colorectal Adenoma and Postoperative Patients	not Illumina amplicon (OTHER; Illumina HiSeq 2500); no repeat sampling detectable from metadata; subject/timepoint not encoded in sample titles
25	PRJEB38998	40	1	40.0	75	RNA-Seq	Illumina MiSeq	False	postoperative	Suppression of Activated Fibroblasts to Prevent Postoperative Fibrosis	not Illumina amplicon (RNA-Seq; Illumina MiSeq); reads ~75bp, too short for truncLen 150; subject/timepoint not encoded in sample titles
23	PRJEB115533	108	0	0	76	WGS	Illumina HiSeq 4000/Illumina NovaSeq 600	False	m2,m3,m4,m5,m6,m7,m8,m9	Whole-genome sequencing of 36 Branchiostoma lanceolatum individuals	not Illumina amplicon (WGS; Illumina HiSeq 4000/Illumina NovaSeq 6000); reads ~76bp, too short for truncLen 150; no repeat sampling detectable from metadata; timepoints present but no clear baseline token
23	PRJEB82511	7263	19	1.2	44	OTHER/RNA-Seq/WXS	Illumina HiSeq 4000/NextSeq 2000	False	t23,t25,t36	Asynchronous Transitions from Hepatoblastoma to Carcinoma in High-Risk Pediatric Tumors	not Illumina amplicon (OTHER/RNA-Seq/WXS; Illumina HiSeq 4000/NextSeq 2000); reads ~44bp, too short for truncLen 150; no repeat sampling detectable from metadata; timepoints present but no clear baseline token
23	PRJEB86524	40	0	0	76	RNA-Seq	Illumina NovaSeq 6000	False	t1,t2,t3,t4,t5,t6,t7	RNA-seq of subcutaneous patient-derived neuroblastoma xenografts (LU-NB-1) - Comparison of Prochlorperazine + Pitavastatin (PCZ+PIT) combination alone to one combined with standard-of-care COJEC protocol (PCZ+PIT+COJEC)	not Illumina amplicon (RNA-Seq; Illumina NovaSeq 6000); reads ~76bp, too short for truncLen 150; no repeat sampling detectable from metadata; timepoints present but no clear baseline token
22	PRJNA731481	76	0	0	150	RNA-Seq	Illumina NovaSeq 6000	False		Bariatric surgery reduces obesity associated breast cancer and enhances response to immunotherapy	not Illumina amplicon (RNA-Seq; Illumina NovaSeq 6000); no repeat sampling detectable from metadata; subject/timepoint not encoded in sample titles
22	PRJNA1135180	52	0	0	150	RNA-Seq	DNBSEQ-G400	False		Different effects of bariatric surgery on epigenetic plasticity in skeletal muscle of individuals with and without type 2 diabetes	not Illumina amplicon (RNA-Seq; DNBSEQ-G400); no repeat sampling detectable from metadata; subject/timepoint not encoded in sample titles
22	PRJDB12119	248	0	0	151	FL-cDNA/OTHER/WGS	HiSeq X Ten/Illumina HiSeq 4000/Sequel	False		De novo genome assembly of Eustoma grandiflorum, 10B-620	not Illumina amplicon (FL-cDNA/OTHER/WGS; HiSeq X Ten/Illumina HiSeq 4000/Sequel); no repeat sampling detectable from metadata; subject/timepoint not encoded in sample titles
22	PRJDB38804	106	0	0	150	WGS	BGISEQ-500	False		Germline de novo mutation rate of amphioxus species, Branchiostoma floridae (PRJCA042497)	not Illumina amplicon (WGS; BGISEQ-500); no repeat sampling detectable from metadata; subject/timepoint not encoded in sample titles
22	PRJEB25262	49	0	0	151	WXS	Illumina MiSeq	False		Targeted sequencing of 49 primary medulloblastoma samples using Illumina TruSight Tumor 15 assay	not Illumina amplicon (WXS; Illumina MiSeq); no repeat sampling detectable from metadata; subject/timepoint not encoded in sample titles
22	PRJNA762898	92	46	1.0	151	RNA-Seq	Illumina NovaSeq 6000	True	t0	Integrated methylomic and transcriptomic characterisation of postoperative systemic inflammatory dysregulation	not Illumina amplicon (RNA-Seq; Illumina NovaSeq 6000); no repeat sampling detectable from metadata; subject/timepoint not encoded in sample titles
22	PRJNA762882	92	46	1.0	151	RNA-Seq	Illumina NovaSeq 6000	True	t0	Integrated methylomic and transcriptomic characterisation of postoperative systemic inflammatory dysregulation (RNA EXPRESSION)	not Illumina amplicon (RNA-Seq; Illumina NovaSeq 6000); no repeat sampling detectable from metadata; subject/timepoint not encoded in sample titles
20	PRJEB11901	31	0	0	671	AMPLICON	454 GS FLX Titanium	False		Insulin resistance, microbiota and fat distribution changes by a new model of vertical sleeve gastrectomy in obese rats	not Illumina amplicon (AMPLICON; 454 GS FLX Titanium); no repeat sampling detectable from metadata; subject/timepoint not encoded in sample titles
20	PRJEB8249	21	1	21.0	101	WGS	Illumina HiSeq 2000	False	after	Bariatric surgery induces long-term changes on the gut metagenome contributing to fat mass regulation	not Illumina amplicon (WGS; Illumina HiSeq 2000); reads ~101bp, too short for truncLen 150; subject/timepoint not encoded in sample titles
20	PRJEB11527	21	6	3.0	101	RNA-Seq	Illumina HiSeq 2000	False	after	Transcriptome profiling using RNA-seq to unravel the aetiology of medulloblastoma	not Illumina amplicon (RNA-Seq; Illumina HiSeq 2000); reads ~101bp, too short for truncLen 150; subject/timepoint not encoded in sample titles
20	PRJNA1113720	30	2	15.0	0	RNA-Seq	Illumina NovaSeq 6000	False	postoperative	Left Atrial Cardiomyocyte Transcriptomic Analysis of Postoperative Atrial Fibrillation.	not Illumina amplicon (RNA-Seq; Illumina NovaSeq 6000); subject/timepoint not encoded in sample titles
20	PRJNA1113721	30	2	15.0	0	RNA-Seq	Illumina NovaSeq 6000	False	postoperative	Left Atrial Cardiomyocyte Transcriptomic Analysis of Postoperative Atrial Fibrillation.	not Illumina amplicon (RNA-Seq; Illumina NovaSeq 6000); subject/timepoint not encoded in sample titles
18	PRJDB14234	28	28	1.0	101	RNA-Seq	Illumina HiSeq 2000/Illumina HiSeq 2500	False	1 day,after	Transfection of favorable genes into neuroblastoma cell lines	not Illumina amplicon (RNA-Seq; Illumina HiSeq 2000/Illumina HiSeq 2500); reads ~101bp, too short for truncLen 150; no repeat sampling detectable from metadata; timepoints present but no clear baseline token
17	PRJNA731483	38	0	0	150	RNA-Seq	Illumina NovaSeq 6000	False		Bariatric surgery reduces obesity associated breast cancer and enhances response to immunotherapy [Tumor - breast cancer RNA-seq]	not Illumina amplicon (RNA-Seq; Illumina NovaSeq 6000); no repeat sampling detectable from metadata; subject/timepoint not encoded in sample titles
17	PRJNA731484	38	0	0	150	RNA-Seq	Illumina NovaSeq 6000	False		Bariatric surgery reduces obesity associated breast cancer and enhances response to immunotherapy [Mammary Fat Pad RNA-seq]	not Illumina amplicon (RNA-Seq; Illumina NovaSeq 6000); no repeat sampling detectable from metadata; subject/timepoint not encoded in sample titles
17	PRJEB38258	24	0	0	150	WGS	Illumina NovaSeq 6000	False		The long-term impact of distal feeding on patients with stoma	not Illumina amplicon (WGS; Illumina NovaSeq 6000); no repeat sampling detectable from metadata; subject/timepoint not encoded in sample titles
17	PRJEB55331	20	0	0	150	RNA-Seq	Illumina NovaSeq 6000	False		RNA-Seq data of neuroblastoma classical cell lines	not Illumina amplicon (RNA-Seq; Illumina NovaSeq 6000); no repeat sampling detectable from metadata; subject/timepoint not encoded in sample titles
17	PRJNA1032163	20	0	0	150	WGS	Illumina NovaSeq 6000	False		Metagenomic analysis of fecal microbiota and its antibiotic resistom of postoperative pancreatic cancer patients	not Illumina amplicon (WGS; Illumina NovaSeq 6000); no repeat sampling detectable from metadata; subject/timepoint not encoded in sample titles
17	PRJNA1111471	25	0	0	151	RNA-Seq	Illumina NovaSeq 6000	False		Extracellular Matrix Plays a Crucial Role in Postoperative Angiogenesis in Moyamoya Disease	not Illumina amplicon (RNA-Seq; Illumina NovaSeq 6000); no repeat sampling detectable from metadata; subject/timepoint not encoded in sample titles
15	PRJNA497455	48	0	0	50	RNA-Seq	Illumina HiSeq 4000	False		Transcriptomics analysis of enteroendocrine cells after vertical sleeve gastrectomy	not Illumina amplicon (RNA-Seq; Illumina HiSeq 4000); reads ~50bp, too short for truncLen 150; no repeat sampling detectable from metadata; subject/timepoint not encoded in sample titles
15	PRJNA497456	55	0	0	50	RNA-Seq	Illumina HiSeq 4000	True		Transcriptomics analysis of enteroendocrine cells following vertical sleeve gastrectomy	not Illumina amplicon (RNA-Seq; Illumina HiSeq 4000); reads ~50bp, too short for truncLen 150; no repeat sampling detectable from metadata; subject/timepoint not encoded in sample titles
15	PRJNA1095460	106	0	0	52	RNA-Seq	Illumina NovaSeq 6000/NextSeq 500	False		Sleeve Gastrectomy Reveals the Plasticity of the Human Gastric Epithelium	not Illumina amplicon (RNA-Seq; Illumina NovaSeq 6000/NextSeq 500); reads ~52bp, too short for truncLen 150; no repeat sampling detectable from metadata; subject/timepoint not encoded in sample titles
15	PRJEB59861	154	77	1.0	73	WGS	NextSeq 500	False	12m	Microbiota alterations after gastric bypass versus sleeve gastrectomy in patients with type 2 diabetes (Oseberg)	not Illumina amplicon (WGS; NextSeq 500); reads ~73bp, too short for truncLen 150; no repeat sampling detectable from metadata; subject/timepoint not encoded in sample titles
15	PRJEB42057	52	0	0	115	WGS	Illumina MiSeq	False		Gut Microbiota and Mycobiota Evolution is linked to Short-Term and Working Memory improvement after-Bariatric Surgery of Obese Patients	not Illumina amplicon (WGS; Illumina MiSeq); reads ~115bp, too short for truncLen 150; no repeat sampling detectable from metadata; subject/timepoint not encoded in sample titles
15	PRJNA1248464	40	0	0	101	RNA-Seq	Illumina NovaSeq 6000	False		Comprehensive analysis of gene expression in visceral fat of morbidly obese patients undergoing bariatric surgery [Human]	not Illumina amplicon (RNA-Seq; Illumina NovaSeq 6000); reads ~101bp, too short for truncLen 150; no repeat sampling detectable from metadata; subject/timepoint not encoded in sample titles
15	PRJNA523368	60	0	0	50	RNA-Seq	Illumina HiSeq 4000	True		Bariatric surgery mediated weight loss reduces breast cancer risk by reducing estrogen receptor alpha activity	not Illumina amplicon (RNA-Seq; Illumina HiSeq 4000); reads ~50bp, too short for truncLen 150; no repeat sampling detectable from metadata; subject/timepoint not encoded in sample titles
15	PRJNA548961	301	0	0	125	RNA-Seq	Illumina HiSeq 2500	False		transcriptional analysis of bulk monocytes isolated from patients post-bariatric surgery undergoing a standardized liquid mixed-meal test intended to provoque postprandial hypoglycemia, upon treatment with either placebo, anakinra or empagliflozin	not Illumina amplicon (RNA-Seq; Illumina HiSeq 2500); reads ~125bp, too short for truncLen 150; no repeat sampling detectable from metadata; subject/timepoint not encoded in sample titles
15	PRJEB61154	56	0	0	76	RNA-Seq	Illumina NovaSeq 6000	False		RNA-seq of ileal resection margins of ulcerative colitis patients that had total colectomy and ileal pouch anal anastomosis	not Illumina amplicon (RNA-Seq; Illumina NovaSeq 6000); reads ~76bp, too short for truncLen 150; no repeat sampling detectable from metadata; subject/timepoint not encoded in sample titles
15	PRJNA1475036	120	0	0	148	WGS	Illumina NovaSeq 6000	False		Comparison of the Effects of Stent-based Diversion Technique versus Prophylactic Double-lumen Ileostomy on Intestinal Flora in Postoperative Patients with Rectal Cancer	not Illumina amplicon (WGS; Illumina NovaSeq 6000); reads ~148bp, too short for truncLen 150; no repeat sampling detectable from metadata; subject/timepoint not encoded in sample titles
15	PRJDB36225	88	0	0	94	RNA-Seq/WGA	HiSeq X Ten/Illumina HiSeq 2500/Illumina	False		The Mechanism Study of Intermittent Fasting in Glioblastoma Suppression via Gut Microbiota-mediated m6A Modification (PRJCA024947)	not Illumina amplicon (RNA-Seq/WGA; HiSeq X Ten/Illumina HiSeq 2500/Illumina NovaSeq 6000); reads ~94bp, too short for truncLen 150; no repeat sampling detectable from metadata; subject/timepoint not encoded in sample titles
15	PRJEB10807	198	0	0	22	WGS	Illumina HiSeq 2500	False		CRISPR_Screening_in_Glioblastoma	not Illumina amplicon (WGS; Illumina HiSeq 2500); reads ~22bp, too short for truncLen 150; no repeat sampling detectable from metadata; subject/timepoint not encoded in sample titles
15	PRJEB110464	49	0	0	75	RNA-Seq	Illumina NovaSeq X	False		RNA-Seq of human bronchial cells (BEAS-2B) treated with 4-40 µg/mL Cu by CuO NP and ionic Cu, and human hepatoblastoma cells (HepG2) treated with 4-40 µg/mL ionic Cu compared to untreated controls	not Illumina amplicon (RNA-Seq; Illumina NovaSeq X); reads ~75bp, too short for truncLen 150; no repeat sampling detectable from metadata; subject/timepoint not encoded in sample titles
15	PRJEB11805	68	0	0	100	WXS	Illumina HiSeq 2000	False		WES sequencing of 34 hepatoblastoma tumors and controls	not Illumina amplicon (WXS; Illumina HiSeq 2000); reads ~100bp, too short for truncLen 150; no repeat sampling detectable from metadata; subject/timepoint not encoded in sample titles
15	PRJEB20874	72	0	0	51	RNA-Seq	Illumina HiSeq 2500	False		Amplification of N-Myc is associated with a T-cell-poor microenvironment in metastatic neuroblastoma restraining interferon pathway activity and chemokine expression	not Illumina amplicon (RNA-Seq; Illumina HiSeq 2500); reads ~51bp, too short for truncLen 150; no repeat sampling detectable from metadata; subject/timepoint not encoded in sample titles
15	PRJEB25334	144	0	0	75	ssRNA-seq	NextSeq 500	False		RNA-seq of IMR-5/75 neuroblastoma cell line upon TBX2 and/or MYCN knockdown	not Illumina amplicon (ssRNA-seq; NextSeq 500); reads ~75bp, too short for truncLen 150; no repeat sampling detectable from metadata; subject/timepoint not encoded in sample titles
15	PRJEB25363	66	0	0	39	ChIP-Seq	Illumina HiSeq 2000/NextSeq 500	False		ChIP-seq of neuroblastoma IMR-32, CLB-GA, NGP, IMR-5/75, GI-M-EN, CHP-212, and IMR-5 cell lines to identify TBX2, MYCN, H3K27ac, H3K4me1 and H3K4me3 binding sites	not Illumina amplicon (ChIP-Seq; Illumina HiSeq 2000/NextSeq 500); reads ~39bp, too short for truncLen 150; no repeat sampling detectable from metadata; subject/timepoint not encoded in sample titles
15	PRJEB27831	64	0	0	75	ssRNA-seq	NextSeq 500	False		RNA-seq of IMR-5/75 neuroblastoma cell line treated with JQ1, THZ1 or combination against untreated controls	not Illumina amplicon (ssRNA-seq; NextSeq 500); reads ~75bp, too short for truncLen 150; no repeat sampling detectable from metadata; subject/timepoint not encoded in sample titles
15	PRJEB36495	50	0	0	74	RNA-Seq	NextSeq 500	False		RNAseq of Human Glioblastoma with samples from core, rim and invasive (isolated based on 5ALA) tumour areas	not Illumina amplicon (RNA-Seq; NextSeq 500); reads ~74bp, too short for truncLen 150; no repeat sampling detectable from metadata; subject/timepoint not encoded in sample titles
15	PRJEB38380	56	0	0	51	Bisulfite-Seq	NextSeq 550	False		RRBS methylome data from Glioblastoma samples	not Illumina amplicon (Bisulfite-Seq; NextSeq 550); reads ~51bp, too short for truncLen 150; no repeat sampling detectable from metadata; subject/timepoint not encoded in sample titles
15	PRJEB38901	48	0	0	51	RNA-Seq	Illumina HiSeq 2500	False		Transcritpional response of human neuroblastoma cells treated with EHMT and EZH2 inhibitors	not Illumina amplicon (RNA-Seq; Illumina HiSeq 2500); reads ~51bp, too short for truncLen 150; no repeat sampling detectable from metadata; subject/timepoint not encoded in sample titles
15	PRJEB40483	60	0	0	75	RNA-Seq	Illumina NovaSeq 6000	False		RNA-seq of human neuroblastoma cell lines treated with ALKAL2 and/or lorlatinib	not Illumina amplicon (RNA-Seq; Illumina NovaSeq 6000); reads ~75bp, too short for truncLen 150; no repeat sampling detectable from metadata; subject/timepoint not encoded in sample titles
15	PRJEB41516	91	0	0	69	RNA-Seq	NextSeq 500	False		Tumor to normal single cell mRNA comparisons reveal a pan-neuroblastoma cancer cell	not Illumina amplicon (RNA-Seq; NextSeq 500); reads ~69bp, too short for truncLen 150; no repeat sampling detectable from metadata; subject/timepoint not encoded in sample titles
15	PRJEB42679	48	0	0	51	RNA-Seq	Illumina HiSeq 2500	False		IFN-gamma response of eight neuroblastoma cell lines treated with or without EHMT inhibitor	not Illumina amplicon (RNA-Seq; Illumina HiSeq 2500); reads ~51bp, too short for truncLen 150; no repeat sampling detectable from metadata; subject/timepoint not encoded in sample titles
15	PRJEB45762	52	0	0	101	ssRNA-seq	Illumina HiSeq 4000	False		RNA-seq of stomach and pyloric caeca from Atlantic salmon (Salmo salar) fed diets containing chitin from shrimp and black soldier fly larvae	not Illumina amplicon (ssRNA-seq; Illumina HiSeq 4000); reads ~101bp, too short for truncLen 150; no repeat sampling detectable from metadata; subject/timepoint not encoded in sample titles
15	PRJEB45940	62	0	0	30	RNA-Seq/WXS	Illumina NovaSeq 6000	False		Lineage tracing of patient-derived U3065MG glioblastoma cells to reconstruct plasticity	not Illumina amplicon (RNA-Seq/WXS; Illumina NovaSeq 6000); reads ~30bp, too short for truncLen 150; no repeat sampling detectable from metadata; subject/timepoint not encoded in sample titles
15	PRJEB47002	384	0	0	76	RNA-Seq	NextSeq 500	False		Culture media-induced transcriptional variation in lung cancer (A549), colorectal cancer (HCT116), ovarium cancer (SKOV3) and glioblastoma (U87MG) spheroids	not Illumina amplicon (RNA-Seq; NextSeq 500); reads ~76bp, too short for truncLen 150; no repeat sampling detectable from metadata; subject/timepoint not encoded in sample titles
15	PRJEB53945	291	0	0	112	AMPLICON	Ion Torrent Proton	False		Mutations of 1p genes do not consistently abrogate tumor suppressor functions in 1p-intact neuroblastoma	not Illumina amplicon (AMPLICON; Ion Torrent Proton); reads ~112bp, too short for truncLen 150; no repeat sampling detectable from metadata; subject/timepoint not encoded in sample titles
15	PRJEB54865	192	0	0	51	WGS	Illumina HiSeq 2500	False		Single-cell whole-genome sequencing of primary human medulloblastoma cells	not Illumina amplicon (WGS; Illumina HiSeq 2500); reads ~51bp, too short for truncLen 150; no repeat sampling detectable from metadata; subject/timepoint not encoded in sample titles
15	PRJEB55773	64	20	1.1	29	RNA-Seq/snRNA-seq	Illumina HiSeq 3000/Illumina NovaSeq 600	True	baseline	Role of radiation-induced circulating myeloid-derived suppressor cells on systemic lymphopenia after chemoradiotherapy for glioblastoma	not Illumina amplicon (RNA-Seq/snRNA-seq; Illumina HiSeq 3000/Illumina NovaSeq 6000); reads ~29bp, too short for truncLen 150; no repeat sampling detectable from metadata; subject/timepoint not encoded in sample titles
15	PRJEB59513	45	0	0	75	RNA-Seq	Illumina NovaSeq 6000	False		RNA-seq of various organs of Potentilla indica and Melastoma dodencadrum Lour.	not Illumina amplicon (RNA-Seq; Illumina NovaSeq 6000); reads ~75bp, too short for truncLen 150; no repeat sampling detectable from metadata; subject/timepoint not encoded in sample titles
15	PRJEB60341	96	0	0	76	OTHER	NextSeq 500	False		3'mRNA-Seq of drug-tolerant medulloblastoma cell lines.	not Illumina amplicon (OTHER; NextSeq 500); reads ~76bp, too short for truncLen 150; no repeat sampling detectable from metadata; subject/timepoint not encoded in sample titles
15	PRJEB72844	95	0	0	50	WXS	Illumina NovaSeq 6000	False		DERMfur__Feline_trichoblastoma_and_trichoepithelioma_WES	not Illumina amplicon (WXS; Illumina NovaSeq 6000); reads ~50bp, too short for truncLen 150; no repeat sampling detectable from metadata; subject/timepoint not encoded in sample titles
15	PRJEB75644	238	0	0	53	WXS	Illumina NovaSeq 6000	False		DERMfur__Canine_trichoblastoma_and_trichoepithelioma_WES	not Illumina amplicon (WXS; Illumina NovaSeq 6000); reads ~53bp, too short for truncLen 150; no repeat sampling detectable from metadata; subject/timepoint not encoded in sample titles
15	PRJEB77072	56	0	0	30	OTHER	Illumina NovaSeq 6000	False		SOX10 controls glioblastoma cell state plasticity and progression	not Illumina amplicon (OTHER; Illumina NovaSeq 6000); reads ~30bp, too short for truncLen 150; no repeat sampling detectable from metadata; subject/timepoint not encoded in sample titles
15	PRJEB81816	120	0	0	76	RNA-Seq	Illumina NovaSeq X	False		Synthetic super-enhancers capture glioblastoma stem cells identity	not Illumina amplicon (RNA-Seq; Illumina NovaSeq X); reads ~76bp, too short for truncLen 150; no repeat sampling detectable from metadata; subject/timepoint not encoded in sample titles
15	PRJEB85939	72	0	0	100	RNA-Seq	Illumina NovaSeq X	False		RNA-seq of four glioblastoma (GBM) cell lines treated with irradiation, PARP7i, diABZI alone or in combination with irradiation	not Illumina amplicon (RNA-Seq; Illumina NovaSeq X); reads ~100bp, too short for truncLen 150; no repeat sampling detectable from metadata; subject/timepoint not encoded in sample titles
15	PRJEB88123	84	0	0	76	RNA-Seq	Illumina NovaSeq 6000	False		RNA-Seq analysis of subcutaneous patient-derived neuroblastoma xenografts (LU-NB-3R): Comparison of BAY390, A967079, and vehicle controls	not Illumina amplicon (RNA-Seq; Illumina NovaSeq 6000); reads ~76bp, too short for truncLen 150; no repeat sampling detectable from metadata; subject/timepoint not encoded in sample titles
15	PRJEB48996	49	0	0	49	RNA-Seq	Illumina HiSeq 2500	False		Metatranscriptome analysis of fecal microbiota transplantation in chronic antibiotic resistant pouchitis	not Illumina amplicon (RNA-Seq; Illumina HiSeq 2500); reads ~49bp, too short for truncLen 150; no repeat sampling detectable from metadata; subject/timepoint not encoded in sample titles
15	PRJNA1496338	42	0	0	55	ATAC-seq/ChIP-Seq/RNA-Seq	Illumina NovaSeq 6000	False		Epigenetic Reprogramming Alters Human Intestinal Stem Cell Fate in Pouchitis	not Illumina amplicon (ATAC-seq/ChIP-Seq/RNA-Seq; Illumina NovaSeq 6000); reads ~55bp, too short for truncLen 150; no repeat sampling detectable from metadata; subject/timepoint not encoded in sample titles
15	PRJNA524170	234	0	0	149	WGS	NextSeq 500	False		Resistant microbiome underlies antibiotic therapy in pouchitis	not Illumina amplicon (WGS; NextSeq 500); reads ~149bp, too short for truncLen 150; no repeat sampling detectable from metadata; subject/timepoint not encoded in sample titles
15	PRJNA321131	77	0	0	64	RNA-Seq	Illumina HiSeq 2500	False		Ileal pouch transcriptomics reveal shared pathogenesis between pouchitis and ulcerative colitis	not Illumina amplicon (RNA-Seq; Illumina HiSeq 2500); reads ~64bp, too short for truncLen 150; no repeat sampling detectable from metadata; subject/timepoint not encoded in sample titles
15	PRJEB103004	87	0	0	50	RNA-Seq	BGISEQ-500	False		Transcriptional Subtypes on Immune Microenvironment and Predicting Postoperative Recurrence and Metastasis in Pheochromocytoma and Paraganglioma	not Illumina amplicon (RNA-Seq; BGISEQ-500); reads ~50bp, too short for truncLen 150; no repeat sampling detectable from metadata; subject/timepoint not encoded in sample titles
15	PRJEB46412	118	0	0	125	ssRNA-seq	Illumina MiSeq	False		The effects of postoperative antibiotics in endoscopic sinus surgery	not Illumina amplicon (ssRNA-seq; Illumina MiSeq); reads ~125bp, too short for truncLen 150; no repeat sampling detectable from metadata; subject/timepoint not encoded in sample titles
15	PRJNA1290281	219	0	0	138	Targeted-Capture	Illumina NovaSeq 6000	False		Postoperative Lymph ctDNA for Detection of Recurrence in HPV-negative Head and Neck Cancer	not Illumina amplicon (Targeted-Capture; Illumina NovaSeq 6000); reads ~138bp, too short for truncLen 150; no repeat sampling detectable from metadata; subject/timepoint not encoded in sample titles
15	PRJNA509364	48	0	0	26	miRNA-Seq	NextSeq 500	False		Predicting Postoperative Liver Dysfunction Based on Blood Derived MicroRNA Signatures	not Illumina amplicon (miRNA-Seq; NextSeq 500); reads ~26bp, too short for truncLen 150; no repeat sampling detectable from metadata; subject/timepoint not encoded in sample titles
15	PRJNA891321	192	0	0	100	Bisulfite-Seq	Illumina HiSeq 4000	False		Longitudinal Profiling in Patients Undergoing Cardiac Surgery Reveals Postoperative Changes in DNA Methylation	not Illumina amplicon (Bisulfite-Seq; Illumina HiSeq 4000); reads ~100bp, too short for truncLen 150; no repeat sampling detectable from metadata; subject/timepoint not encoded in sample titles
15	PRJNA1422650	72	0	0	0	RNA-Seq	Illumina NovaSeq 6000	False		Lipotoxic fingerprints in clinically relevant postoperative pancreatic fistula	not Illumina amplicon (RNA-Seq; Illumina NovaSeq 6000); no repeat sampling detectable from metadata; subject/timepoint not encoded in sample titles
15	PRJNA859845	57	0	0	100	RNA-Seq	Illumina NovaSeq 6000	False		EXCESSIVE INFLAMMATION DRIVES POSTOPERATIVE LIVER FAILURE IN HUMANS - mRNA datasets	not Illumina amplicon (RNA-Seq; Illumina NovaSeq 6000); reads ~100bp, too short for truncLen 150; no repeat sampling detectable from metadata; subject/timepoint not encoded in sample titles
10	PRJNA1290010	15	0	0	1500	AMPLICON	PacBio RS II	False		Impact of single-anastomosis duodenal-ileal bypass with sleeve gastrectomy and sleeve gastrectomy on gut microbiota composition and host metabolism	not Illumina amplicon (AMPLICON; PacBio RS II); only 15 runs; no repeat sampling detectable from metadata; subject/timepoint not encoded in sample titles
10	PRJNA680313	22	0	0	140	ncRNA-Seq	Illumina HiSeq 4000	False		Next generation sequencing of circular and lnc RNAs in diabetes mellitus rats after sleeve gastrectomy	not Illumina amplicon (ncRNA-Seq; Illumina HiSeq 4000); reads ~140bp, too short for truncLen 150; no repeat sampling detectable from metadata; subject/timepoint not encoded in sample titles
10	PRJEB66208	24	0	0	49	RNA-Seq	Illumina NovaSeq 6000	True		MYDIASECRET: RNA-Seq of human skeletal muscle biopsies before and after bariatric surgery	not Illumina amplicon (RNA-Seq; Illumina NovaSeq 6000); reads ~49bp, too short for truncLen 150; no repeat sampling detectable from metadata; subject/timepoint not encoded in sample titles
10	PRJNA1392439	32	0	0	125	RNA-Seq	Illumina HiSeq 2500	False		Bariatric surgery reverses ORG and exhibits a distinct transcriptomic profiel compared to weight loss through a low-fat diet	not Illumina amplicon (RNA-Seq; Illumina HiSeq 2500); reads ~125bp, too short for truncLen 150; no repeat sampling detectable from metadata; subject/timepoint not encoded in sample titles
10	PRJDB11702	35	0	0	75	RNA-Seq	DNBSEQ-G400	False		Comparative analysis of arbuscular mycorrhizal roots of Lotus japonicus, Daucus carota, and Eustoma grandiflorum	not Illumina amplicon (RNA-Seq; DNBSEQ-G400); reads ~75bp, too short for truncLen 150; no repeat sampling detectable from metadata; subject/timepoint not encoded in sample titles
10	PRJDB15933	20	0	0	118	RNA-Seq	NextSeq 500	False		"Exploring Neuroblastoma Cell Lines Using Short and Long-Read Sequencing following OCT4 Binding Inhibition at MYCN Locus"	not Illumina amplicon (RNA-Seq; NextSeq 500); reads ~118bp, too short for truncLen 150; no repeat sampling detectable from metadata; subject/timepoint not encoded in sample titles
10	PRJDB7927	24	8	1.2	103	ChIP-Seq/RNA-Seq	Illumina HiSeq 2000/Illumina MiSeq	False	t98	Aberrant active cis-regulatory elements associated with downregulation of RET finger protein overcome chemoresistance in glioblastoma	not Illumina amplicon (ChIP-Seq/RNA-Seq; Illumina HiSeq 2000/Illumina MiSeq); reads ~103bp, too short for truncLen 150; no repeat sampling detectable from metadata; subject/timepoint not encoded in sample titles
10	PRJEB2107	20	0	0	144	WGS	454 GS FLX Titanium/Illumina Genome Anal	False		The genome sequence of the cestode flatworm Hymenolepis microstoma	not Illumina amplicon (WGS; 454 GS FLX Titanium/Illumina Genome Analyzer II/Illumina HiSeq 2000/Sequel); reads ~144bp, too short for truncLen 150; no repeat sampling detectable from metadata; subject/timepoint not encoded in sample titles
10	PRJEB24136	30	0	0	89	RNA-Seq	Illumina HiSeq 2500	False		Tropomyosin isoforms regulate distinct cellular pathways in undifferentiated and differentiated B35 neuroblastoma cells	not Illumina amplicon (RNA-Seq; Illumina HiSeq 2500); reads ~89bp, too short for truncLen 150; no repeat sampling detectable from metadata; subject/timepoint not encoded in sample titles
10	PRJEB25184	21	0	0	125	RNA-Seq	Illumina HiSeq 2000	False		RNA seq data of human Neuroblastoma IMR-5/75 cell line grown under different medium conditions.	not Illumina amplicon (RNA-Seq; Illumina HiSeq 2000); reads ~125bp, too short for truncLen 150; no repeat sampling detectable from metadata; subject/timepoint not encoded in sample titles
10	PRJEB25333	36	0	0	75	ssRNA-seq	NextSeq 500	False		RNA-seq of CLB-GA neuroblastoma cell line upon TBX2 knockdown	not Illumina amplicon (ssRNA-seq; NextSeq 500); reads ~75bp, too short for truncLen 150; no repeat sampling detectable from metadata; subject/timepoint not encoded in sample titles
10	PRJEB27647	26	0	0	0	WGS	MinION	False		New tools for diet analyses: nanopore sequencing of metagenomic DNA from stomach contents to quantify diet in an invasive population of rats	not Illumina amplicon (WGS; MinION); no repeat sampling detectable from metadata; subject/timepoint not encoded in sample titles
10	PRJEB27945	20	0	0	51	RNA-Seq	Illumina HiSeq 2500	False		RNA-seq analysis of PROX1 overexpression and knockdown in glioblastoma cell lines	not Illumina amplicon (RNA-Seq; Illumina HiSeq 2500); reads ~51bp, too short for truncLen 150; no repeat sampling detectable from metadata; subject/timepoint not encoded in sample titles
10	PRJEB30789	36	0	0	51	RNA-Seq	Illumina NovaSeq 6000	False		RNA-seq of human glioblastoma cell lines with overexpression of SOX2, SFRP2	not Illumina amplicon (RNA-Seq; Illumina NovaSeq 6000); reads ~51bp, too short for truncLen 150; no repeat sampling detectable from metadata; subject/timepoint not encoded in sample titles
10	PRJEB32499	25	0	0	76	WGS	HiSeq X Ten	False		Mutational_signatures_in_carcinogen_induced_mouse_stomach_tumours	not Illumina amplicon (WGS; HiSeq X Ten); reads ~76bp, too short for truncLen 150; no repeat sampling detectable from metadata; subject/timepoint not encoded in sample titles
10	PRJEB39240	32	0	0	75	RNA-Seq	NextSeq 500	False		RNA-seq of CLB-GA neuroblastoma cell line treated with Celastrol against DMSO treated controls	not Illumina amplicon (RNA-Seq; NextSeq 500); reads ~75bp, too short for truncLen 150; no repeat sampling detectable from metadata; subject/timepoint not encoded in sample titles
10	PRJEB39368	24	0	0	76	ssRNA-seq	NextSeq 500	False		RNA-seq of human SH-EP neuroblastoma cell line with SOX11 overexpression as compared to control	not Illumina amplicon (ssRNA-seq; NextSeq 500); reads ~76bp, too short for truncLen 150; no repeat sampling detectable from metadata; subject/timepoint not encoded in sample titles
10	PRJEB39371	32	0	0	76	ssRNA-seq	NextSeq 500	False		RNA-seq of human IMR-32 neuroblastoma cell line with SOX11 knockdown as compared to control	not Illumina amplicon (ssRNA-seq; NextSeq 500); reads ~76bp, too short for truncLen 150; no repeat sampling detectable from metadata; subject/timepoint not encoded in sample titles
10	PRJEB40669	27	0	0	54	RNA-Seq/WXS	Illumina HiSeq 4000/NextSeq 500	False		WES and RNAseq of neuroblastoma cell lines.	not Illumina amplicon (RNA-Seq/WXS; Illumina HiSeq 4000/NextSeq 500); reads ~54bp, too short for truncLen 150; no repeat sampling detectable from metadata; subject/timepoint not encoded in sample titles
10	PRJEB40670	30	0	0	54	RNA-Seq/WXS	Illumina HiSeq 4000/Illumina NovaSeq 600	False		WES and mRNAseq of neuroblastoma cell lines.	not Illumina amplicon (RNA-Seq/WXS; Illumina HiSeq 4000/Illumina NovaSeq 6000/NextSeq 500); reads ~54bp, too short for truncLen 150; no repeat sampling detectable from metadata; subject/timepoint not encoded in sample titles
10	PRJEB42048	35	0	0	74	OTHER/RNA-Seq	Illumina HiSeq 4000	False		Riboseq and Quantseq of neuroblastoma cell line SH-SY5Y expressing MAPT-AS1 constructs	not Illumina amplicon (OTHER/RNA-Seq; Illumina HiSeq 4000); reads ~74bp, too short for truncLen 150; no repeat sampling detectable from metadata; subject/timepoint not encoded in sample titles
10	PRJEB45718	24	0	0	38	RNA-Seq	Illumina MiSeq	False		Metabolic symbiosis in glioblastoma rely on lactate dehydrogenase expression and activity	not Illumina amplicon (RNA-Seq; Illumina MiSeq); reads ~38bp, too short for truncLen 150; no repeat sampling detectable from metadata; subject/timepoint not encoded in sample titles
10	PRJEB48798	31	0	0	75	RNA-Seq	Illumina NovaSeq 6000	False		H. pylori-infected stomach in asymptomatic individuals	not Illumina amplicon (RNA-Seq; Illumina NovaSeq 6000); reads ~75bp, too short for truncLen 150; no repeat sampling detectable from metadata; subject/timepoint not encoded in sample titles
10	PRJEB54725	23	0	0	76	WGS	HiSeq X Ten/Illumina NovaSeq 6000	False		WGS data of neuroblastoma classical cell lines	not Illumina amplicon (WGS; HiSeq X Ten/Illumina NovaSeq 6000); reads ~76bp, too short for truncLen 150; no repeat sampling detectable from metadata; subject/timepoint not encoded in sample titles
10	PRJEB59936	21	0	0	75	RNA-Seq	Illumina NovaSeq 6000	False		RNA-seq of Pseudomonas aeruginosa treated with Melastoma dodecandrum Lour and antibiotics	not Illumina amplicon (RNA-Seq; Illumina NovaSeq 6000); reads ~75bp, too short for truncLen 150; no repeat sampling detectable from metadata; subject/timepoint not encoded in sample titles
10	PRJEB61461	24	0	0	70	RNA-Seq	Illumina NovaSeq 6000	False		Gene expression in Lepidostoma basale in response to chlorantraniliprole exposure	not Illumina amplicon (RNA-Seq; Illumina NovaSeq 6000); reads ~70bp, too short for truncLen 150; no repeat sampling detectable from metadata; subject/timepoint not encoded in sample titles
10	PRJEB63610	28	0	0	75	WXS	Illumina NovaSeq 6000	False		Genomic and mitochondrial DNA variants in (sequential) glioblastoma	not Illumina amplicon (WXS; Illumina NovaSeq 6000); reads ~75bp, too short for truncLen 150; no repeat sampling detectable from metadata; subject/timepoint not encoded in sample titles
10	PRJEB63991	24	0	0	75	RNA-Seq	Illumina NovaSeq 6000	False		RUVBL1 and RUVBL2 as novel druggable DNA Damage Response regulators in the MYCN regulatory network in neuroblastoma	not Illumina amplicon (RNA-Seq; Illumina NovaSeq 6000); reads ~75bp, too short for truncLen 150; no repeat sampling detectable from metadata; subject/timepoint not encoded in sample titles
10	PRJEB71672	36	0	0	113	Hi-C/WGS	Illumina NovaSeq 6000/PromethION	False		Mobula hypostoma (the lesser devil ray), genomic data.	not Illumina amplicon (Hi-C/WGS; Illumina NovaSeq 6000/PromethION); reads ~113bp, too short for truncLen 150; no repeat sampling detectable from metadata; subject/timepoint not encoded in sample titles
10	PRJEB71674	36	0	0	113	Hi-C/WGS	Illumina NovaSeq 6000/PromethION	False		Mobula hypostoma	not Illumina amplicon (Hi-C/WGS; Illumina NovaSeq 6000/PromethION); reads ~113bp, too short for truncLen 150; no repeat sampling detectable from metadata; subject/timepoint not encoded in sample titles
10	PRJEB78726	32	0	0	37	RNA-Seq	NextSeq 550	False		PP-Seq of An Integrated Signaling Network Controls P-Bodies Dynamics and mRNA Translation in Human Glioblastoma	not Illumina amplicon (RNA-Seq; NextSeq 550); reads ~37bp, too short for truncLen 150; no repeat sampling detectable from metadata; subject/timepoint not encoded in sample titles
10	PRJEB78729	26	0	0	37	RIP-Seq	NextSeq 550	False		RIP-Seq of An Integrated Signaling Network Controls P-Bodies Dynamics and mRNA Translation in Human Glioblastoma	not Illumina amplicon (RIP-Seq; NextSeq 550); reads ~37bp, too short for truncLen 150; no repeat sampling detectable from metadata; subject/timepoint not encoded in sample titles
10	PRJEB85872	32	0	0	68	RNA-Seq	Illumina NovaSeq 6000	False		RNA-seq of tumor organoids from patient-derived xenograft (PDX, LU-NB-2) of high-risk, MYCN-amplified neuroblastoma treated with prochlorperazine (PCZ), pitavastatin (PIT), the combination of both drugs, and untreated controls	not Illumina amplicon (RNA-Seq; Illumina NovaSeq 6000); reads ~68bp, too short for truncLen 150; no repeat sampling detectable from metadata; subject/timepoint not encoded in sample titles
10	PRJEB91360	24	0	0	0	RNA-Seq	Illumina NovaSeq 6000	False		Modelling group 3 medulloblastoma post radiotherapy	not Illumina amplicon (RNA-Seq; Illumina NovaSeq 6000); no repeat sampling detectable from metadata; subject/timepoint not encoded in sample titles
10	PRJNA1302166	38	0	0	101	OTHER	Illumina NovaSeq 6000	True		Metagenomic analysis of non-IBD, UC and pouchitis patients stool samples berfore and on antibiotics treatment	not Illumina amplicon (OTHER; Illumina NovaSeq 6000); reads ~101bp, too short for truncLen 150; no repeat sampling detectable from metadata; subject/timepoint not encoded in sample titles
10	PRJNA786801	33	0	0	51	RNA-Seq	Illumina HiSeq 4000	False		Hematopoietic somatic mosaicism is associated with an increased risk of postoperative atrial fibrillation	not Illumina amplicon (RNA-Seq; Illumina HiSeq 4000); reads ~51bp, too short for truncLen 150; no repeat sampling detectable from metadata; subject/timepoint not encoded in sample titles
10	PRJNA860167	25	0	0	70	WGS	Illumina HiSeq 4000	False		Delayed postoperative hemorrhage in Scottish deerhounds	not Illumina amplicon (WGS; Illumina HiSeq 4000); reads ~70bp, too short for truncLen 150; no repeat sampling detectable from metadata; subject/timepoint not encoded in sample titles
7	PRJNA980255	12	0	0	151	RNA-Seq	Illumina NovaSeq 6000	False		Intestinal epithelial adaptations to vertical sleeve gastrectomy defined at single-cell resolution	not Illumina amplicon (RNA-Seq; Illumina NovaSeq 6000); only 12 runs; no repeat sampling detectable from metadata; subject/timepoint not encoded in sample titles
7	PRJNA1231419	19	0	0	150	RNA-Seq	Illumina HiSeq 1500	False		The gut microbiome enhances breast cancer immunotherapy following bariatric surgery	not Illumina amplicon (RNA-Seq; Illumina HiSeq 1500); only 19 runs; no repeat sampling detectable from metadata; subject/timepoint not encoded in sample titles
7	PRJDB16095	13	0	0	150	RNA-Seq	Illumina NovaSeq 6000	False		Glioblastoma with high O6-methyl-guanine DNA methyltransferase (MGMT) expression are more immunologically active than tumors with low MGMT expression tumors	not Illumina amplicon (RNA-Seq; Illumina NovaSeq 6000); only 13 runs; no repeat sampling detectable from metadata; subject/timepoint not encoded in sample titles
7	PRJDB38190	14	0	0	150	RNA-Seq	Illumina HiSeq 2000/Illumina NovaSeq 600	False		MYC2 regulates stomatal density and water use efficiency via targeting EPF2/EPFL4/EPFL9 in poplar (PRJCA018931)	not Illumina amplicon (RNA-Seq; Illumina HiSeq 2000/Illumina NovaSeq 6000); only 14 runs; no repeat sampling detectable from metadata; subject/timepoint not encoded in sample titles
7	PRJDB40980	12	0	0	150	RNA-Seq	Illumina NovaSeq 6000	False		Rare variations within the serine/arginine-rich splicing factor PtoRSZ21 modulate stomatal size to determine drought tolerance in Populus (PRJCA022216)	not Illumina amplicon (RNA-Seq; Illumina NovaSeq 6000); only 12 runs; no repeat sampling detectable from metadata; subject/timepoint not encoded in sample titles
7	PRJNA1329232	15	0	0	150	RNA-Seq	Illumina NovaSeq 6000	False		A biohybrid chiral hydrogel enhances preclinical postoperative glioblastoma therapy by multi-pronged inhibition of tumor stemness	not Illumina amplicon (RNA-Seq; Illumina NovaSeq 6000); only 15 runs; no repeat sampling detectable from metadata; subject/timepoint not encoded in sample titles
7	PRJNA692435	15	0	0	150	RNA-Seq	Illumina NovaSeq 6000	False		Deep transcriptomics analysis reveals the development of postoperative ileus and the therapeutic effect of electroacupuncture	not Illumina amplicon (RNA-Seq; Illumina NovaSeq 6000); only 15 runs; no repeat sampling detectable from metadata; subject/timepoint not encoded in sample titles
0	PRJNA680322	12	0	0	139	ncRNA-Seq	Illumina HiSeq 4000	False		Next generation sequencing of circular RNAs in diabetes mellitus rats after sleeve gastrectomy	not Illumina amplicon (ncRNA-Seq; Illumina HiSeq 4000); reads ~139bp, too short for truncLen 150; only 12 runs; no repeat sampling detectable from metadata; subject/timepoint not encoded in sample titles
0	PRJNA374559	12	0	0	71	FAIRE-seq/RNA-Seq	Illumina HiSeq 2500	False		Vertical sleeve gastrectomy reverses diet-induced gene-regulatory changes impacting lipid metabolism	not Illumina amplicon (FAIRE-seq/RNA-Seq; Illumina HiSeq 2500); reads ~71bp, too short for truncLen 150; only 12 runs; no repeat sampling detectable from metadata; subject/timepoint not encoded in sample titles
0	PRJEB29060	12	0	0	100	WGS	Illumina HiSeq 2000/Illumina HiSeq 2500	False		Functional changes after bariatric surgery by shotgun metagenomic sequencing in obese Chilean subjects	not Illumina amplicon (WGS; Illumina HiSeq 2000/Illumina HiSeq 2500); reads ~100bp, too short for truncLen 150; only 12 runs; no repeat sampling detectable from metadata; subject/timepoint not encoded in sample titles
0	PRJEB62575	12	0	0	51	miRNA-Seq	NextSeq 500	False		Differential miRNA profile in the muscular and the visceral adipose tissue of morbidly obese patients undergoing bariatric surgery	not Illumina amplicon (miRNA-Seq; NextSeq 500); reads ~51bp, too short for truncLen 150; only 12 runs; no repeat sampling detectable from metadata; subject/timepoint not encoded in sample titles
0	PRJNA283828	14	14	1.0	51	RNA-Seq	Illumina HiSeq 2500	False	8wk	Bile diversion to the distal small intestine has comparable metabolic benefits to bariatric surgery	not Illumina amplicon (RNA-Seq; Illumina HiSeq 2500); reads ~51bp, too short for truncLen 150; only 14 runs; no repeat sampling detectable from metadata; subject/timepoint not encoded in sample titles
0	PRJNA675351	13	0	0	74	RNA-Seq	NextSeq 500	False		Increased Inflammatory Low-Density Neutrophils in Morbid Obesity: Gene Expression and Effect of Bariatric Surgery	not Illumina amplicon (RNA-Seq; NextSeq 500); reads ~74bp, too short for truncLen 150; only 13 runs; no repeat sampling detectable from metadata; subject/timepoint not encoded in sample titles
0	PRJNA725702	16	0	0	85	RNA-Seq	NextSeq 500	False		Gene expression profile chqnge of intestinal stem cells after VSG bariatric surgery	not Illumina amplicon (RNA-Seq; NextSeq 500); reads ~85bp, too short for truncLen 150; only 16 runs; no repeat sampling detectable from metadata; subject/timepoint not encoded in sample titles
0	PRJNA1299783	12	0	0	0	RNA-Seq	Illumina NovaSeq 6000	False		Multi-omics study of small Intestine adaptation after total colectomy.	not Illumina amplicon (RNA-Seq; Illumina NovaSeq 6000); only 12 runs; no repeat sampling detectable from metadata; subject/timepoint not encoded in sample titles
0	PRJDB15187	12	0	0	81	RNA-Seq	NextSeq 550	False		Identification and improvement of isothiocyanate-based inhibitors on stomatal opening to act as drought tolerance-conferring agrochemicals	not Illumina amplicon (RNA-Seq; NextSeq 550); reads ~81bp, too short for truncLen 150; only 12 runs; no repeat sampling detectable from metadata; subject/timepoint not encoded in sample titles
0	PRJDB18465	12	0	0	74	RNA-Seq	NextSeq 500	False		Analysis of the small compound kC9 that increases stomata	not Illumina amplicon (RNA-Seq; NextSeq 500); reads ~74bp, too short for truncLen 150; only 12 runs; no repeat sampling detectable from metadata; subject/timepoint not encoded in sample titles
0	PRJDB9734	19	0	0	101	RNA-Seq	Illumina NovaSeq 6000	False		Transcriptome analysis in Eustoma grandiflorum root	not Illumina amplicon (RNA-Seq; Illumina NovaSeq 6000); reads ~101bp, too short for truncLen 150; only 19 runs; no repeat sampling detectable from metadata; subject/timepoint not encoded in sample titles
0	PRJEB105556	15	0	0	75	RNA-Seq	Illumina NovaSeq X	False		siRNA-mediated knockdown of RUVBL1 and RUVBL2 in CLB-BAR neuroblastoma cells	not Illumina amplicon (RNA-Seq; Illumina NovaSeq X); reads ~75bp, too short for truncLen 150; only 15 runs; no repeat sampling detectable from metadata; subject/timepoint not encoded in sample titles
0	PRJEB1222	17	0	0	53	RNA-Seq	Illumina Genome Analyzer IIx/Illumina Hi	False		A significant number of human malignancies -- for instance, most cancers of the cervix and the liver -- are caused by infections with tumor viruses. Identification of these pathogens is now considered a critical contribution to cancer prevention. Deep sequencing enables us to systematically investigate transcription of both known and novel viruses in order to either verify or exclude the existence of viruses in idiopathic human cancers. We have developed a novel computational approach for identifying tumor viruses that addresses several important biological factors that may confound detection. We applied our method in the first systematic search, to our knowledge, for cancer-causing viruses in metastatic neuroblastoma, the most common form of cancer in infancy.	not Illumina amplicon (RNA-Seq; Illumina Genome Analyzer IIx/Illumina HiSeq 2000); reads ~53bp, too short for truncLen 150; only 17 runs; no repeat sampling detectable from metadata; subject/timepoint not encoded in sample titles
0	PRJEB12763	13	0	0	83	WXS	Illumina HiSeq 2000	False		MRI images could be indicative of Genetic variations in Glioblastoma	not Illumina amplicon (WXS; Illumina HiSeq 2000); reads ~83bp, too short for truncLen 150; only 13 runs; no repeat sampling detectable from metadata; subject/timepoint not encoded in sample titles
0	PRJEB23786	16	0	0	111	RNA-Seq	Illumina HiSeq 2500	False		Comparing angiogenic and invasive glioblastoma gene networks. Thrombospondin-1 as the highest connected invasive gene.	not Illumina amplicon (RNA-Seq; Illumina HiSeq 2500); reads ~111bp, too short for truncLen 150; only 16 runs; no repeat sampling detectable from metadata; subject/timepoint not encoded in sample titles
0	PRJEB26451	17	0	0	51	RNA-Seq	Illumina HiSeq 2500	False		Transcriptomic profiling of three different neuroblastoma cell lines (CLB-BAR, CLB-GE and SK-N-AS) in response to ALK inhibition	not Illumina amplicon (RNA-Seq; Illumina HiSeq 2500); reads ~51bp, too short for truncLen 150; only 17 runs; no repeat sampling detectable from metadata; subject/timepoint not encoded in sample titles
0	PRJEB31402	18	0	0	112	RNA-Seq	Ion Torrent Proton	False		Transcriptomic analysis by AmpliSeq Ion Torrent to to understand the role of LKB1 and PARD3 in Glioblastoma biology	not Illumina amplicon (RNA-Seq; Ion Torrent Proton); reads ~112bp, too short for truncLen 150; only 18 runs; no repeat sampling detectable from metadata; subject/timepoint not encoded in sample titles
0	PRJEB36530	16	0	0	75	RNA-Seq	Illumina HiSeq 2000	False		Growth suppressing Wnt/BMP4-Msx/Notch signalling in neuroblastoma	not Illumina amplicon (RNA-Seq; Illumina HiSeq 2000); reads ~75bp, too short for truncLen 150; only 16 runs; no repeat sampling detectable from metadata; subject/timepoint not encoded in sample titles
0	PRJEB39059	14	0	0	82	RNA-Seq/WXS	Illumina HiSeq 2500	False		Temporospatial genomic profiling in glioblastoma	not Illumina amplicon (RNA-Seq/WXS; Illumina HiSeq 2500); reads ~82bp, too short for truncLen 150; only 14 runs; no repeat sampling detectable from metadata; subject/timepoint not encoded in sample titles
0	PRJEB39950	16	0	0	76	ATAC-seq	NextSeq 500	False		ATAC-seq of human CLB-GA neuroblastoma cell line with SOX11 knockdown as compared to control	not Illumina amplicon (ATAC-seq; NextSeq 500); reads ~76bp, too short for truncLen 150; only 16 runs; no repeat sampling detectable from metadata; subject/timepoint not encoded in sample titles
0	PRJEB41529	18	0	0	117	AMPLICON	Ion Torrent Proton	False		Transcriptomic analysis by AmpliSeq Ion Torrent to study the involvement of CXXC5 in the regulation of TGFβ/BMP target genes in glioblastoma	not Illumina amplicon (AMPLICON; Ion Torrent Proton); reads ~117bp, too short for truncLen 150; only 18 runs; no repeat sampling detectable from metadata; subject/timepoint not encoded in sample titles
0	PRJEB41558	18	0	0	75	RNA-Seq	Illumina NovaSeq 6000	False		RNAseq of 6 medulloblastoma cell lines	not Illumina amplicon (RNA-Seq; Illumina NovaSeq 6000); reads ~75bp, too short for truncLen 150; only 18 runs; no repeat sampling detectable from metadata; subject/timepoint not encoded in sample titles
0	PRJEB42584	14	0	0	75	RNA-Seq	Illumina NovaSeq 6000	False		RNA-seq of human neuroblastoma cell lines where RET is knocked out	not Illumina amplicon (RNA-Seq; Illumina NovaSeq 6000); reads ~75bp, too short for truncLen 150; only 14 runs; no repeat sampling detectable from metadata; subject/timepoint not encoded in sample titles
0	PRJEB45783	18	0	0	75	RNA-Seq	Illumina NovaSeq 6000	False		RNA-seq of human neuroblastoma cell lines treated with the ATR inhibitor BAY 1895344	not Illumina amplicon (RNA-Seq; Illumina NovaSeq 6000); reads ~75bp, too short for truncLen 150; only 18 runs; no repeat sampling detectable from metadata; subject/timepoint not encoded in sample titles
0	PRJEB53588	16	0	0	0	ssRNA-seq	NextSeq 500	False		Spatial transcriptomic analysis of Sonic Hedgehog Medulloblastoma identified that loss of heterogeneity and promotion of differentiation underlies the response to CDK4/6 inhibition	not Illumina amplicon (ssRNA-seq; NextSeq 500); only 16 runs; no repeat sampling detectable from metadata; subject/timepoint not encoded in sample titles
0	PRJEB53949	16	0	0	29	RNA-Seq	NextSeq 500	False		RNA-seq of human CLB-GA and NGP neuroblastoma cell lines with SOX11 knockdown as compared to control	not Illumina amplicon (RNA-Seq; NextSeq 500); reads ~29bp, too short for truncLen 150; only 16 runs; no repeat sampling detectable from metadata; subject/timepoint not encoded in sample titles
0	PRJEB72851	12	0	0	100	RNA-Seq	BGISEQ-500	False		Transcriptome analysis following inhibition of PRMT5 using GSK3203591 in MYCN amplified neuroblastoma	not Illumina amplicon (RNA-Seq; BGISEQ-500); reads ~100bp, too short for truncLen 150; only 12 runs; no repeat sampling detectable from metadata; subject/timepoint not encoded in sample titles
0	PRJEB83888	18	0	0	75	ssRNA-seq	Illumina NovaSeq 6000	False		RNA-seq of neuroblastoma cell lines	not Illumina amplicon (ssRNA-seq; Illumina NovaSeq 6000); reads ~75bp, too short for truncLen 150; only 18 runs; no repeat sampling detectable from metadata; subject/timepoint not encoded in sample titles
0	PRJEB85259	18	0	0	26	RNA-Seq	Illumina HiSeq 2500	False		Cytomegalovirus-induced oncomodulation drives immune escape in glioblastoma	not Illumina amplicon (RNA-Seq; Illumina HiSeq 2500); reads ~26bp, too short for truncLen 150; only 18 runs; no repeat sampling detectable from metadata; subject/timepoint not encoded in sample titles
0	PRJEB89698	18	0	0	38	ssRNA-seq	NextSeq 550	False		Paired transcriptomics of glioblastoma peripheral and core areas reveals CNTN2 as a potential therapeutic target	not Illumina amplicon (ssRNA-seq; NextSeq 550); reads ~38bp, too short for truncLen 150; only 18 runs; no repeat sampling detectable from metadata; subject/timepoint not encoded in sample titles
