SAMPLE_ID	Acaryochloridaceae	Acetobacteraceae	Acholeplasmataceae	Acidaminococcaceae	Acidiferrobacteraceae	Acidimicrobiaceae	Acidithiobacillaceae	Acidobacteriaceae	Actinomycetaceae	Actinopolysporaceae	Aerococcaceae	Aeromonadaceae	Akkermansiaceae	Alcaligenaceae	Alicyclobacillaceae	Alteromonadaceae	Amoebophilaceae	Anaerolineaceae	Anaeromyxobacteraceae	Anaplasmataceae	Aquificaceae	Ardenticatenaceae	Atopobiaceae	Aurantimonadaceae	Bacillaceae	Bacteriovoracaceae	Bacteroidaceae	Baekduiaceae	Barnesiellaceae	Bdellovibrionaceae	Bifidobacteriaceae	Blattabacteriaceae	Borreliaceae	Brachyspiraceae	Bradyrhizobiaceae	Brevibacteriaceae	Brucellaceae	Burkholderiaceae	Caldilineaceae	Calotrichaceae	Campylobacteraceae	Candidatus Brocadiaceae	Candidatus Chazhemtobacteraceae	Candidatus Nanopelagicaceae	Candidatus Nanosynbacteraceae	Cardiobacteriaceae	Carnobacteriaceae	Caulobacteraceae	Cellulomonadaceae	Cellvibrionaceae	Chelatococcaceae	Chitinophagaceae	Chlorobiaceae	Chloroflexaceae	Christensenellaceae	Chromatiaceae	Chromobacteriaceae	Chroococcaceae	Chthonomonadaceae	Clostridiaceae	Clostridiales Family XIII. Incertae Sedis	Clostridiales Family XVII. Incertae Sedis	Coleofasciculaceae	Colwelliaceae	Comamonadaceae	Conexibacteraceae	Coprothermobacteraceae	Coriobacteriaceae	Corynebacteriaceae	Coxiellaceae	Cyclobacteriaceae	Cytophagaceae	Deferribacteraceae	Dehalococcoidaceae	Deinococcaceae	Dermatophilaceae	Desulfarculaceae	Desulfobacteraceae	Desulfobulbaceae	Desulfovibrionaceae	Desulfurobacteriaceae	Desulfuromonadaceae	Dictyoglomaceae	Dysgonomonadaceae	Ectothiorhodospiraceae	Eggerthellaceae	Egicoccaceae	Elusimicrobiaceae	Emcibacteraceae	Enterobacteriaceae	Enterococcaceae	Entomoplasmataceae	Erwiniaceae	Erysipelotrichaceae	Erythrobacteraceae	Eubacteriaceae	Fibrobacteraceae	Fimbriimonadaceae	Flammeovirgaceae	Flavobacteriaceae	Francisellaceae	Frankiaceae	Fulvivirgaceae	Fusobacteriaceae	Gemmataceae	Gemmatimonadaceae	Geobacteraceae	Gloeobacteraceae	Glycomycetaceae	Gottschalkiaceae	Granulosicoccaceae	Hafniaceae	Hahellaceae	Halanaerobiaceae	Halieaceae	Halobacteroidaceae	Halomonadaceae	Helicobacteraceae	Heliobacteriaceae	Holosporaceae	Hungateiclostridiaceae	Hydrogenothermaceae	Hymenobacteraceae	Hyphomicrobiaceae	Hyphomonadaceae	Iamiaceae	Ignavibacteriaceae	Isosphaeraceae	Kiritimatiellaceae	Kofleriaceae	Kosmotogaceae	Ktedonosporobacteraceae	Labilitrichaceae	Lachnospiraceae	Lactobacillaceae	Legionellaceae	Leptospiraceae	Leptotrichiaceae	Leuconostocaceae	Listeriaceae	Litoricolaceae	Magnetococcaceae	Marinifilaceae	Marinilabiliaceae	Mariprofundaceae	Marivirgaceae	Melioribacteraceae	Methanobacteriaceae	Methanomassiliicoccaceae	Methanosarcinaceae	Methylacidiphilaceae	Methylobacteriaceae	Methylococcaceae	Methylocystaceae	Methylophilaceae	Microbacteriaceae	Microbulbiferaceae	Micrococcaceae	Microcoleaceae	Microcystaceae	Micromonosporaceae	Moraxellaceae	Morganellaceae	Moritellaceae	Muribaculaceae	Mycobacteriaceae	Mycoplasmataceae	Myxococcaceae	Nakamurellaceae	Nautiliaceae	Neisseriaceae	Nitrosomonadaceae	Nitrospiraceae	Nocardiaceae	Nocardioidaceae	Nostocaceae	Oceanospirillaceae	Odoribacteraceae	Opitutaceae	Orbaceae	Oscillatoriaceae	Oscillospiraceae	Oxalobacteraceae	Paenibacillaceae	Paludibacteraceae	Parachlamydiaceae	Parvularculaceae	Pasteurellaceae	Pectobacteriaceae	Peptococcaceae	Peptoniphilaceae	Peptostreptococcaceae	Petrotogaceae	Phyllobacteriaceae	Pirellulaceae	Piscirickettsiaceae	Planctomycetaceae	Planococcaceae	Polyangiaceae	Porphyromonadaceae	Prevotellaceae	Prolixibacteraceae	Promicromonosporaceae	Propionibacteriaceae	Pseudanabaenaceae	Pseudoalteromonadaceae	Pseudomonadaceae	Pseudonocardiaceae	Puniceicoccaceae	Rhizobiaceae	Rhodanobacteraceae	Rhodobacteraceae	Rhodobiaceae	Rhodospirillaceae	Rhodothermaceae	Rickettsiaceae	Rikenellaceae	Roseivirgaceae	Rubrobacteraceae	Ruminococcaceae	Saccharospirillaceae	Sandaracinaceae	Sanguibacteraceae	Saprospiraceae	Scytonemataceae	Selenomonadaceae	Shewanellaceae	Sinobacteraceae	Solibacteraceae	Sphingobacteriaceae	Sphingomonadaceae	Spirochaetaceae	Spiroplasmataceae	Spongiibacteraceae	Sporolactobacillaceae	Sporomusaceae	Staphylococcaceae	Steroidobacteraceae	Streptococcaceae	Streptomycetaceae	Streptosporangiaceae	Succinivibrionaceae	Sulfuricellaceae	Sutterellaceae	Symbiobacteriaceae	Synechococcaceae	Synergistaceae	Syntrophaceae	Syntrophobacteraceae	Syntrophomonadaceae	Tannerellaceae	Tenuifilaceae	Tepidanaerobacteraceae	Tepidiformaceae	Thermoactinomycetaceae	Thermoanaerobacteraceae	Thermoanaerobacterales Family III. Incertae Sedis	Thermoanaerobacterales Family IV. Incertae Sedis	Thermodesulfobacteriaceae	Thermodesulfobiaceae	Thermomicrobiaceae	Thioalkalispiraceae	Thiobacillaceae	Thiotrichaceae	Tissierellaceae	Trueperaceae	Vallitaleaceae	Veillonellaceae	Verrucomicrobiaceae	Vibrionaceae	Vicinamibacteraceae	Weeksellaceae	Wenzhouxiangellaceae	Xanthobacteraceae	Xanthomonadaceae	Yersiniaceae	Zoogloeaceae
SRR31418681	0.0	0.34073986992564076	0.0	3.9422507431224623	0.0	0.0	0.34073986992564076	0.0	0.0	0.0	0.0	0.0	0.5292999182725111	0.8424506871568299	0.0	0.0	0.6603413251204557	0.0	0.0	0.0	0.0	0.0	0.0	0.0	1.1494165303117774	0.0	3.3871748380870526	0.0	1.3274685121982701	0.0	1.4712301662342813	0.34073986992564076	0.0	0.0	0.0	0.0	0.0	2.2309387588626364	0.0	0.0	0.5292999182725111	0.0	0.0	0.0	0.7608721978843935	0.0	0.8424506871568299	0.0	0.0	0.0	0.0	1.2758266383063508	0.0	0.0	0.6603413251204557	0.0	0.34073986992564076	0.0	0.0	2.1399469587369433	0.6603413251204557	0.0	0.0	0.0	2.2309387588626364	0.34073986992564076	0.0	2.2217202859249467	0.34073986992564076	0.0	0.0	2.3475592886740424	0.0	0.6603413251204557	0.0	0.0	0.0	0.0	0.0	2.986629743884449	0.0	0.0	0.0	2.889564853099561	0.0	0.5292999182725111	0.0	0.0	0.0	2.239965617774498	0.0	0.0	0.6603413251204557	1.6764026182994702	0.0	1.217204713894269	0.0	0.0	0.34073986992564076	0.9703674886742286	0.0	0.0	0.0	0.0	0.34073986992564076	0.0	0.0	0.0	0.0	0.0	0.0	0.0	0.0	0.34073986992564076	0.0	1.7467013415196362	0.0	0.34073986992564076	0.34073986992564076	0.0	2.736804148169483	0.0	0.0	0.34073986992564076	0.34073986992564076	0.0	0.0	0.0	0.0	0.0	0.34073986992564076	0.0	0.0	4.3272872357675265	1.5360755672464381	0.0	0.0	0.0	1.3024147141240239	0.0	0.0	0.0	0.0	0.0	0.0	0.0	0.0	0.0	0.0	0.0	0.0	0.0	0.0	0.0	0.0	0.0	0.0	0.0	0.0	0.0	0.0	0.5292999182725111	0.34073986992564076	0.0	1.565195379893411	0.34073986992564076	1.1494165303117774	0.0	0.0	0.34073986992564076	0.9703674886742286	0.34073986992564076	0.0	0.0	0.0	0.0	0.0	2.8416399104664305	0.34073986992564076	0.7608721978843935	0.0	2.4974305541212196	1.0225081785746948	0.5292999182725111	1.3274685121982701	0.0	0.0	0.34073986992564076	0.34073986992564076	0.8424506871568299	0.34073986992564076	0.9111017279138776	0.0	0.0	0.34073986992564076	0.0	0.0	0.0	0.0	3.4643414097575067	4.644525623514706	0.0	0.0	0.0	0.0	0.0	0.0	0.0	0.0	0.34073986992564076	0.0	0.34073986992564076	0.0	0.0	0.0	0.0	2.6187164808460537	0.0	0.0	3.1595361213348143	0.0	0.0	0.0	0.0	0.0	0.34073986992564076	0.0	0.0	0.0	1.8811791014822068	0.0	0.0	0.0	0.0	0.0	0.0	0.5292999182725111	0.0	1.453384300631146	1.111091686929758	0.0	0.0	0.0	3.4999657130398028	0.0	0.0	0.34073986992564076	0.0	0.0	0.0	3.5972081541878294	0.34073986992564076	0.0	0.0	0.34073986992564076	0.0	0.0	0.0	0.0	0.0	0.34073986992564076	0.0	0.0	0.0	0.34073986992564076	0.0	0.6603413251204557	2.7193851099709594	0.0	0.34073986992564076	0.0	0.7608721978843935	0.0	0.0	0.0	0.34073986992564076	0.0
SRR31418682	0.0	0.0	0.0	3.8829400918590347	0.0	0.0	0.0	0.2996237014894406	1.816769599481963	0.0	0.2996237014894406	0.2996237014894406	0.0	1.7048084335947569	0.0	0.0	0.0	0.696717742659126	0.0	0.0	0.47524518205480515	0.0	1.56546094732387	0.2996237014894406	1.803406976006723	0.2996237014894406	4.319278170606801	0.0	3.445735588479525	0.0	2.4037341069913385	0.0	0.0	0.0	0.0	0.0	0.47524518205480515	1.7454213370778588	0.2996237014894406	0.0	0.7758048905164256	0.0	0.0	0.0	1.47439829807683	0.0	1.860544418137089	0.2996237014894406	0.0	0.0	0.0	0.9517392739336711	0.0	0.0	1.926635018307034	0.0	0.0	0.0	0.2996237014894406	3.1451701739750755	0.696717742659126	0.0	0.0	0.0	0.7758048905164256	0.9517392739336711	0.0	1.339733973747474	0.7758048905164256	0.0	0.0	2.4968788696726323	0.2996237014894406	0.0	0.0	0.0	0.0	0.0	0.0	2.3194155962777767	0.0	1.5024211347605336	0.0	1.8360728929901557	0.2996237014894406	1.4444418025062937	0.0	0.0	0.2996237014894406	2.9821628953117187	1.2760851719545911	0.0	0.59994883871978	2.121055734042038	0.0	2.6346790848228117	0.47524518205480515	0.2996237014894406	0.0	1.4596782891759186	0.0	0.696717742659126	0.0	1.7531072804094916	0.0	0.0	0.0	0.0	0.0	0.0	0.0	0.0	0.0	0.0	0.0	1.620499421485164	0.2996237014894406	0.47524518205480515	0.0	0.2996237014894406	2.1818927461791393	0.0	0.2996237014894406	0.59994883871978	0.0	0.0	0.0	0.0	0.0	0.0	0.59994883871978	0.0	0.0	4.208917439565942	2.7247293928341416	0.0	0.0	1.9317141572291072	1.553563845503016	0.2996237014894406	0.0	0.0	0.0	0.2996237014894406	0.0	0.0	0.0	0.0	0.0	0.0	0.0	0.0	0.0	0.2996237014894406	0.0	0.0	0.0	1.7296289389285346	0.0	0.0	0.0	3.3717490968774095	2.3173426520483034	2.124308732861823	2.6057158380007825	0.47524518205480515	1.377511831936987	0.0	0.0	0.0	2.1077944622710545	0.0	0.0	0.0	0.0	0.2996237014894406	0.0	3.655481114181753	0.47524518205480515	0.0	0.2996237014894406	3.281615045172417	0.0	0.9517392739336711	1.588319913679802	0.0	0.0	1.9367345808841456	0.9517392739336711	1.0765995514676818	1.2760851719545911	1.737596917092644	0.0	0.0	0.0	0.2996237014894406	0.8426844546692072	0.0	0.0	3.6696507570151122	3.5317174245618728	0.2996237014894406	0.0	0.0	0.0	0.0	0.0	0.47524518205480515	1.298354131480965	0.0	0.2996237014894406	0.2996237014894406	0.0	1.5157824204209809	0.8426844546692072	0.8426844546692072	3.9790923078593585	0.0	0.47524518205480515	3.9769135699127616	0.0	0.0	0.0	0.0	0.0	1.038832389913389	0.2996237014894406	0.0	0.0	1.339733973747474	0.0	0.0	0.2996237014894406	0.2996237014894406	0.0	0.0	0.8426844546692072	0.0	2.5023416535760363	1.5287448790784903	0.2996237014894406	0.2996237014894406	0.0	3.3123145283093547	0.0	0.0	0.47524518205480515	0.0	0.0	0.0	3.03020690717299	0.0	0.0	0.0	1.298354131480965	0.2996237014894406	0.2996237014894406	0.0	0.0	0.0	0.47524518205480515	0.47524518205480515	0.0	0.0	0.0	0.0	1.2760851719545911	2.5959804689984414	0.0	0.696717742659126	0.0	0.9974653825655277	0.0	0.0	0.7758048905164256	0.47524518205480515	0.0
SRR31418683	0.0	0.0	0.0	3.742914253146624	0.0	0.0	0.0	0.0	0.6388608869392671	0.0	0.9457322250959831	0.0	1.3247421026721338	1.2496536910894822	0.0	0.32590708604596796	0.32590708604596796	0.32590708604596796	0.0	0.0	0.6388608869392671	0.0	0.8188550909175073	0.0	1.5655297143137008	0.0	3.9463570711747433	0.0	3.0196329630723113	0.0	2.639353195131661	0.0	0.0	0.0	0.0	0.0	0.0	2.2522396563859575	0.0	0.0	0.32590708604596796	0.0	0.0	0.0	0.6388608869392671	0.0	1.0438011373767861	0.0	0.0	0.32590708604596796	0.0	0.32590708604596796	0.32590708604596796	0.0	1.221432800569867	0.0	0.0	0.0	0.0	3.41162201247361	0.7381168733943465	0.0	0.0	0.0	0.6388608869392671	0.7381168733943465	0.5099838118605561	1.8865907842068972	0.32590708604596796	0.0	0.0	2.88592790980676	0.32590708604596796	0.32590708604596796	0.0	0.0	0.0	0.32590708604596796	0.0	2.4581609086864997	0.0	1.8400583105160142	0.0	1.700599465089152	0.5099838118605561	0.9975289622226298	0.0	0.0	0.0	2.7376212314396398	1.347139695200887	0.0	0.32590708604596796	1.8990187705162853	0.0	2.3470288899967637	0.9457322250959831	0.0	0.0	0.5099838118605561	0.0	0.7381168733943465	0.0	1.8257932019059266	0.0	0.0	0.0	0.0	0.0	0.0	0.0	0.0	0.32590708604596796	0.32590708604596796	0.0	3.368322567257127	0.0	0.7381168733943465	0.32590708604596796	0.0	2.663192077446595	0.32590708604596796	0.0	0.5099838118605561	0.0	0.0	0.0	0.0	0.0	0.0	0.0	0.0	0.0	4.212666524997512	3.333939629752631	0.0	0.32590708604596796	0.0	1.538287619733219	0.0	0.0	0.0	0.0	0.0	0.0	0.0	0.0	0.0	0.0	0.0	0.0	0.0	0.0	0.5099838118605561	0.0	0.0	0.0	0.7381168733943465	0.0	0.0	0.0	2.785514796028197	2.6153082681995246	2.386652378962026	2.851107639042784	0.5099838118605561	1.3247421026721338	0.0	0.0	0.0	0.0	0.0	0.0	0.0	0.0	0.32590708604596796	0.32590708604596796	2.6105734057196974	0.0	0.0	0.5099838118605561	2.7626473773799733	0.5099838118605561	1.6493193863683562	1.6808079484704683	0.0	0.0	0.886910595468235	0.9975289622226298	0.886910595468235	1.191249853686963	1.7718168012134266	0.0	0.0	0.0	0.32590708604596796	0.0	0.0	0.0	3.5604089345006384	4.419157682523281	0.32590708604596796	0.0	0.6388608869392671	0.0	0.0	0.5099838118605561	0.0	0.7381168733943465	0.32590708604596796	0.0	0.0	0.0	1.158811504982543	0.9975289622226298	1.2761521182738447	3.480556390343847	0.0	0.32590708604596796	3.8902592720720923	0.0	0.0	0.32590708604596796	0.0	0.0	0.886910595468235	0.6388608869392671	0.0	0.0	0.6388608869392671	0.0	0.0	0.5099838118605561	0.5099838118605561	0.0	0.32590708604596796	1.6034343020588118	0.0	2.533977763207785	1.6908164385367224	0.5099838118605561	0.0	0.0	3.6936213984154778	0.0	0.32590708604596796	1.0438011373767861	0.0	0.0	0.32590708604596796	3.2201016618538256	0.0	0.0	0.0	0.9457322250959831	0.0	0.0	0.0	0.0	0.0	0.6388608869392671	0.0	0.0	0.0	0.32590708604596796	0.0	1.0856144748976861	2.760966976446344	0.0	0.5099838118605561	0.32590708604596796	0.8188550909175073	0.0	0.0	0.6388608869392671	0.8188550909175073	0.0
SRR31418684	0.0	0.4564238200350743	0.0	2.797923857031323	0.0	0.0	0.4564238200350743	0.4564238200350743	1.0129174510554304	0.0	0.5787046199024068	0.0	3.149578866133545	0.6740120275416577	0.2856001259507103	0.5787046199024068	0.4564238200350743	0.5787046199024068	0.0	0.2856001259507103	0.0	0.0	0.7521215750903757	0.0	1.7752607464770644	0.0	4.324369450599391	0.4564238200350743	3.426616345454824	0.2856001259507103	2.194075046666367	0.5787046199024068	0.0	0.0	0.0	0.4564238200350743	0.0	2.2288222356600285	0.7521215750903757	0.0	0.8183012434054864	0.0	0.0	0.0	1.4609836205551094	0.0	2.6218567378073803	1.5492122697312052	0.2856001259507103	0.0	0.0	1.2712284112905095	0.2856001259507103	0.0	2.3247412168025705	0.0	0.0	0.0	0.0	2.4295824082183155	0.5787046199024068	0.0	0.0	0.0	0.2856001259507103	0.0	0.2856001259507103	2.048024572510467	0.4564238200350743	0.2856001259507103	0.0	2.10553020984215	0.0	0.6740120275416577	0.2856001259507103	0.2856001259507103	0.0	0.0	0.0	2.812473915899168	0.0	0.0	0.0	1.5821498891330819	0.0	2.523757028743076	0.4564238200350743	0.0	0.0	2.0827657981839667	1.5376535324528549	0.0	0.4564238200350743	2.599075999747035	0.0	1.4609836205551094	0.0	0.0	0.0	0.7521215750903757	0.0	0.2856001259507103	0.0	0.0	0.0	0.0	0.2856001259507103	0.0	0.0	0.0	0.0	0.0	0.4564238200350743	0.4564238200350743	0.0	3.174067144130482	0.0	0.7521215750903757	0.4564238200350743	0.2856001259507103	3.3274722687098475	0.0	0.0	0.0	0.2856001259507103	0.0	0.0	0.0	0.0	0.0	1.0129174510554304	0.0	0.0	4.225483686320868	3.261729879012568	0.0	0.0	0.0	1.3124734738405825	0.4564238200350743	0.0	0.0	0.0	0.0	0.0	0.0	0.0	0.926420772048988	0.0	0.0	0.0	0.0	0.0	0.2856001259507103	0.0	0.4564238200350743	0.4564238200350743	0.6740120275416577	0.0	0.0	0.0	0.6740120275416577	0.2856001259507103	0.0	1.732561384301534	0.4564238200350743	1.2009337553731025	0.0	0.0	0.2856001259507103	0.5787046199024068	0.0	0.0	0.0	0.0	0.0	0.2856001259507103	3.270702433174028	0.0	0.5787046199024068	0.0	3.1403202019612384	1.9941850409578175	0.9718189611118918	1.5714458609408632	0.0	0.0	0.8183012434054864	0.7521215750903757	1.5257787283805027	1.474739127002974	1.8263567459293568	0.0	0.0	0.0	0.0	0.7521215750903757	0.0	0.0	3.8076143954878034	3.6703189101062748	0.0	0.2856001259507103	0.2856001259507103	0.0	0.0	0.0	0.0	0.0	0.4564238200350743	0.0	0.7521215750903757	0.2856001259507103	0.0	0.0	0.0	3.9105339424004755	0.0	0.7521215750903757	4.170025599263357	0.0	0.4564238200350743	0.0	0.0	0.0	0.0	0.0	0.0	0.2856001259507103	0.5787046199024068	0.0	0.0	0.0	0.0	0.2856001259507103	0.2856001259507103	1.977491396951888	0.0	2.4697338685472183	1.4011410494037495	0.0	0.0	0.0	2.780866715212289	0.0	0.4564238200350743	1.8202889673731029	0.0	0.0	0.0	3.557299982531018	0.4564238200350743	0.0	0.2856001259507103	1.0850151206754421	0.2856001259507103	0.0	0.0	0.0	0.2856001259507103	0.926420772048988	0.0	0.0	0.0	0.0	0.0	1.5604713301542934	1.7015687209634516	0.0	0.5787046199024068	0.0	0.9718189611118918	0.0	0.0	0.0	0.2856001259507103	0.0
SRR31418685	0.0	0.0	0.24959164730595457	2.593740621715874	0.0	0.0	0.0	0.0	1.0136501400609752	0.0	0.0	0.0	0.24959164730595457	1.8646567523576902	0.0	0.0	0.0	0.7527894851017984	0.0	0.5224213334854491	0.0	0.0	1.7611185617558818	0.0	2.0896489708909116	0.0	3.830234435072328	0.24959164730595457	3.363876839946838	0.0	3.92938943674611	0.0	0.0	0.0	0.613464694266961	0.40708760451946097	0.24959164730595457	2.0372213799808745	0.9428054984831656	0.0	0.40708760451946097	0.0	0.40708760451946097	0.0	0.613464694266961	0.0	2.3560124041393466	0.8086333752274261	0.0	0.0	0.0	0.24959164730595457	0.24959164730595457	0.0	2.9237413490583086	0.0	0.24959164730595457	0.0	0.5224213334854491	2.806807284106398	1.102060384126364	0.0	0.0	0.0	1.1523598551341234	0.24959164730595457	0.40708760451946097	2.833838713901427	0.8086333752274261	0.0	0.0	2.6568286448776726	0.24959164730595457	0.40708760451946097	0.40708760451946097	0.0	0.0	0.0	0.24959164730595457	3.067244027382719	0.0	0.0	0.0	2.1084423444440445	1.1754812695421215	2.008425814525401	0.0	0.24959164730595457	0.24959164730595457	2.4420027070729473	1.2382662299571512	0.0	0.24959164730595457	3.128821946930819	0.0	2.1874976048493924	0.613464694266961	0.24959164730595457	0.0	0.613464694266961	0.0	2.5988672407599855	0.24959164730595457	0.5224213334854491	0.0	0.24959164730595457	0.24959164730595457	0.0	0.0	0.0	0.0	0.0	0.0	0.24959164730595457	0.0	1.8055366009476983	1.5364845805509935	0.0	0.0	0.24959164730595457	2.9368093291957145	0.0	0.24959164730595457	2.196171308219867	0.24959164730595457	0.0	0.0	0.0	0.24959164730595457	0.0	1.0136501400609752	0.40708760451946097	0.24959164730595457	4.463378688745156	2.891627404193599	0.0	0.5224213334854491	0.24959164730595457	1.473260656581975	0.24959164730595457	0.0	0.24959164730595457	0.0	0.0	0.0	0.0	0.24959164730595457	2.563487997516489	0.0	0.0	0.0	0.0	0.0	0.0	0.24959164730595457	0.24959164730595457	0.0	0.8581078103898998	0.40708760451946097	0.0	0.0	2.395742131492723	2.0896489708909116	2.1786471344184375	3.404123383405946	0.5224213334854491	1.7116345649299274	0.24959164730595457	0.0	0.0	0.7527894851017984	0.0	0.0	0.24959164730595457	0.0	0.0	0.0	3.2326813988285297	0.40708760451946097	0.0	0.0	3.482521694342758	1.7116345649299274	0.6886903435732046	1.326168084481659	0.0	0.0	0.8086333752274261	0.7527894851017984	1.5364845805509935	1.0451627612313927	1.9287730277694903	0.0	0.0	0.0	0.40708760451946097	1.102060384126364	0.5224213334854491	0.0	2.334695872051372	3.5448873602527557	0.0	0.24959164730595457	0.24959164730595457	0.0	0.0	0.40708760451946097	0.24959164730595457	1.1279379161119139	0.24959164730595457	0.0	0.0	0.24959164730595457	1.8361018980606163	0.8581078103898998	1.7611185617558818	3.671906173787467	0.0	0.24959164730595457	4.02291898560184	0.0	0.0	0.0	0.40708760451946097	0.0	1.4617669589754507	0.0	0.0	1.4253396667742984	0.8581078103898998	0.0	0.40708760451946097	0.0	0.0	0.0	1.6406150601635014	0.40708760451946097	0.0	2.601408033542595	1.2183296726743256	2.7846773142850987	0.0	0.0	3.065797137533216	0.0	0.40708760451946097	0.5224213334854491	0.0	0.0	0.5224213334854491	3.504602134537303	0.0	0.0	0.0	1.5265659539024703	0.5224213334854491	0.0	0.24959164730595457	0.24959164730595457	0.0	0.9428054984831656	0.0	0.0	0.0	0.6886903435732046	0.0	2.489307003204863	3.6601909552906906	0.0	0.0	0.0	0.40708760451946097	0.0	0.0	0.5224213334854491	0.24959164730595457	0.0
SRR31418686	0.0	0.0	0.0	1.9574149349688665	0.0	0.0	0.0	0.23197469157166087	0.382371170824169	0.0	0.4938689947749161	0.0	0.0	0.8665145741402611	0.0	0.23197469157166087	0.0	0.382371170824169	0.0	0.23197469157166087	0.6560900386729991	0.0	1.0076529998917065	0.0	1.3595598754244318	0.0	3.039242596876696	0.0	1.7903874641862731	0.0	1.7541392020214117	0.0	0.0	0.0	0.7189911627199593	0.23197469157166087	0.0	1.1369643840578507	0.0	0.0	0.4938689947749161	0.0	0.0	0.0	0.382371170824169	0.0	1.8957435993266003	1.089754230551122	0.0	0.23197469157166087	0.0	0.0	0.23197469157166087	0.0	1.8838894668487836	0.0	0.0	0.0	0.23197469157166087	3.2645046573566345	0.23197469157166087	0.0	0.0	0.0	0.7739239345874745	0.4938689947749161	0.23197469157166087	1.819217653014134	0.382371170824169	0.0	0.0	2.5926303443624805	0.382371170824169	1.3319029606931154	0.0	0.0	0.0	0.0	0.0	2.0513273990592986	0.0	0.0	0.0	1.3979994332771413	0.382371170824169	1.3023642723306614	0.0	0.382371170824169	0.0	1.9641266486043625	0.8226821106651496	0.0	0.0	1.8549026926928638	0.0	2.4392085349270007	1.317384703623936	0.0	0.0	0.0	0.0	1.819217653014134	0.0	1.584524548965251	0.0	0.0	0.0	0.0	0.0	0.0	0.0	0.0	0.0	0.23197469157166087	0.0	1.6644812953949244	0.0	0.5825101472209526	0.23197469157166087	0.23197469157166087	2.2150611160619094	0.0	0.4938689947749161	2.3177563186805266	0.0	0.0	0.0	0.0	0.0	0.0	0.8665145741402611	0.0	0.0	3.996607043661852	1.4100920081841337	0.0	0.4938689947749161	0.0	0.7739239345874745	0.0	0.0	0.0	0.0	0.0	0.0	0.0	0.0	0.0	0.0	0.0	0.0	0.0	0.0	0.0	0.23197469157166087	0.0	0.0	1.089754230551122	0.0	0.0	0.0	2.694150571659785	2.227948238818615	2.4335962055821923	2.4620190002578584	0.4938689947749161	1.1369643840578507	0.0	0.0	0.0	0.382371170824169	0.0	0.0	0.0	0.0	0.0	0.0	1.8957435993266003	0.0	0.0	0.23197469157166087	2.431330807475636	0.9427921854658478	0.4938689947749161	1.4553525481204272	0.0	0.0	0.6560900386729991	0.7739239345874745	0.4938689947749161	1.158774768591438	2.9160200392514475	0.0	0.0	0.0	0.0	0.0	0.0	0.0	2.227948238818615	4.716399678059479	0.0	0.0	0.4938689947749161	0.0	0.0	0.0	0.0	0.4938689947749161	0.23197469157166087	0.0	0.382371170824169	0.0	1.1140004915005521	0.8226821106651496	1.317384703623936	1.8957435993266003	0.0	0.23197469157166087	4.15158856811482	0.0	0.0	0.0	0.0	0.0	1.3855604829455253	0.0	0.0	0.23197469157166087	1.9641266486043625	0.0	0.0	0.0	0.0	0.0	0.4938689947749161	0.382371170824169	0.0	2.224305058980859	0.23197469157166087	1.922206316514942	0.0	0.0	3.4333986597108157	0.0	0.0	0.23197469157166087	0.0	0.0	0.4938689947749161	2.656610888252611	0.0	0.0	0.0	1.421856976569865	0.5825101472209526	0.23197469157166087	0.0	0.0	0.0	0.382371170824169	0.0	0.0	0.23197469157166087	0.0	0.23197469157166087	1.5060075506456965	3.799081973931267	0.0	0.382371170824169	0.23197469157166087	0.0	0.0	0.0	0.6560900386729991	0.23197469157166087	0.0
SRR31418687	0.0	0.5120915204692661	0.0	0.5120915204692661	0.0	0.0	0.0	0.0	0.7406086854477496	0.0	0.0	0.0	0.0	0.3275181241483574	0.3275181241483574	0.0	0.0	1.0002705878869662	0.3275181241483574	0.3275181241483574	0.0	0.0	1.6837917316559903	0.0	1.9699462603365072	0.0	3.628702275320234	0.5120915204692661	3.366139348806266	0.0	3.514732077683441	0.3275181241483574	0.0	0.0	0.0	0.5120915204692661	0.0	2.0147132580870566	0.7406086854477496	0.0	0.3275181241483574	0.3275181241483574	0.0	0.3275181241483574	0.3275181241483574	0.0	1.2525298795936493	0.6412100001531942	0.0	0.0	0.0	0.6412100001531942	0.0	0.0	2.5106771408496766	0.0	0.0	0.0	0.0	2.870264943727118	0.0	0.0	0.0	0.0	1.0465736468956974	0.3275181241483574	0.0	3.426730455415072	0.0	0.0	0.0	1.6064057343943192	0.0	0.6412100001531942	0.6412100001531942	0.0	0.3275181241483574	0.0	0.0	3.2971849666314634	0.0	0.0	0.0	1.0002705878869662	0.3275181241483574	1.5121747563373302	0.0	0.0	0.0	1.6522984070956004	0.5120915204692661	0.0	0.0	2.7805274192239757	0.0	1.7035860696187546	0.0	0.0	0.0	0.0	0.0	2.362970268671466	0.0	0.3275181241483574	0.0	0.3275181241483574	0.0	0.0	0.0	0.0	0.0	0.0	0.0	0.3275181241483574	0.3275181241483574	2.1154926590449574	0.0	0.6412100001531942	0.0	0.0	2.967848295165889	0.3275181241483574	0.0	0.0	0.0	0.0	0.0	0.0	0.0	0.0	0.0	0.0	0.0	4.22127121225504	2.000297637405511	0.0	0.0	0.0	1.4474479404857719	0.0	0.0	0.0	0.0	0.0	0.0	0.0	0.0	0.6412100001531942	0.3275181241483574	0.0	0.0	0.0	0.0	0.3275181241483574	0.0	0.3275181241483574	0.0	1.2790384256385128	0.0	0.3275181241483574	0.0	0.0	0.0	0.0	1.4110662046155358	0.5120915204692661	0.8895635643827315	0.0	0.0	0.0	0.5120915204692661	0.3275181241483574	0.0	0.0	0.0	0.0	0.0	2.7772735810350646	0.0	0.8895635643827315	0.0	3.100627862467266	0.5120915204692661	1.0002705878869662	0.9484351396873956	0.0	0.3275181241483574	0.0	0.7406086854477496	1.3916646771817658	0.3275181241483574	1.6064057343943192	0.0	0.0	0.0	0.0	0.5120915204692661	0.0	0.0	2.4578030212892474	4.442933239511405	0.0	0.5120915204692661	0.3275181241483574	0.0	0.0	0.0	0.3275181241483574	0.0	0.3275181241483574	0.0	0.0	0.3275181241483574	0.0	0.0	0.0	3.232406759304067	0.0	0.6412100001531942	4.0186681923821075	0.0	0.0	0.0	0.5120915204692661	0.0	0.0	0.0	0.0	0.3275181241483574	0.5120915204692661	0.0	0.0	0.0	0.0	0.0	0.0	1.0465736468956974	0.0	3.339677404476996	1.0002705878869662	0.0	0.0	0.7406086854477496	3.1670264936569006	0.0	0.0	0.6412100001531942	0.0	0.0	0.6412100001531942	3.6158692635611005	0.3275181241483574	0.0	0.0	1.6299579839840401	0.0	0.3275181241483574	0.0	0.0	1.4110662046155358	0.7406086854477496	0.0	0.3275181241483574	0.0	1.088412197034255	0.0	2.5454522119043896	3.9388953777674334	0.0	0.3275181241483574	0.3275181241483574	0.0	0.0	0.0	0.0	0.0	0.0
SRR31418688	0.0	0.2795086093914004	0.0	4.184160976945345	0.0	0.0	0.2795086093914004	0.0	0.44818236787239885	0.0	0.0	0.5693642993326206	0.0	3.165110441958812	0.0	0.5693642993326206	0.2795086093914004	0.0	0.0	0.2795086093914004	0.0	0.0	0.44818236787239885	0.0	2.234833089968624	0.0	4.477745464496301	0.0	1.6557336677050973	0.0	2.6583576460855345	0.2795086093914004	0.2795086093914004	0.0	0.0	0.0	0.2795086093914004	2.698644069452527	0.0	0.0	0.2795086093914004	0.0	0.0	0.0	0.2795086093914004	0.0	0.8646974421854928	1.488678968779965	0.0	0.0	0.0	0.8646974421854928	0.2795086093914004	0.2795086093914004	1.2370283970818292	0.0	0.0	0.0	0.0	3.1691153818215776	0.6640045307258449	0.0	0.0	0.0	1.7627406355608155	0.0	0.0	1.355630473758945	0.44818236787239885	0.0	0.0	2.319648063437211	0.0	0.0	0.44818236787239885	0.0	0.0	0.0	0.7416659717318121	3.4310856656510214	0.0	0.44818236787239885	0.0	2.016936783063414	0.2795086093914004	0.9604590620137466	0.0	0.0	0.0	2.8686450119159965	1.0733396570329303	0.0	0.5693642993326206	3.0023718109016277	0.44818236787239885	2.0701356915303606	0.2795086093914004	0.2795086093914004	0.0	0.44818236787239885	0.0	0.44818236787239885	0.0	1.8648934563756363	0.0	0.0	0.0	0.0	0.2795086093914004	0.0	0.0	0.2795086093914004	0.2795086093914004	0.2795086093914004	0.0	1.4486936315512908	0.0	0.2795086093914004	0.2795086093914004	0.0	2.0244179005513274	0.0	0.0	0.5693642993326206	0.0	0.0	0.0	0.0	0.0	0.0	0.0	0.0	0.2795086093914004	4.288659125503071	2.9290121866302457	0.0	0.0	0.0	1.4624352109995984	0.0	0.0	0.0	0.0	0.0	0.0	0.44818236787239885	0.0	0.5693642993326206	0.0	0.0	0.0	0.0	0.0	0.0	0.0	0.2795086093914004	0.0	0.44818236787239885	0.0	0.0	0.2795086093914004	1.5134268220838791	1.5697511338635333	1.1890098673921137	2.837850855675111	0.2795086093914004	1.038873022094796	0.0	0.0	0.2795086093914004	0.6640045307258449	0.6640045307258449	0.0	0.2795086093914004	0.0	0.0	0.0	2.690720315623873	0.44818236787239885	0.0	0.2795086093914004	2.5993931997748203	1.4486936315512908	0.2795086093914004	2.201611608483821	0.0	0.0	0.6640045307258449	1.038873022094796	0.9604590620137466	1.1052709191753054	2.009324534368219	0.0	0.0	0.0	0.2795086093914004	0.2795086093914004	0.2795086093914004	0.0	3.1336907194681016	3.772878190141051	0.0	0.0	0.6640045307258449	0.0	0.0	0.0	0.0	0.5693642993326206	0.2795086093914004	0.0	0.0	0.0	0.6640045307258449	0.915212343355409	0.5693642993326206	3.4767252721669735	0.2795086093914004	0.0	3.265700661209883	0.0	0.0	0.0	0.0	0.0	1.9430856164255637	0.6640045307258449	0.0	0.0	1.0733396570329303	0.2795086093914004	0.0	0.0	0.0	0.0	0.0	0.6640045307258449	0.0	1.6003428384311962	1.9340475660367131	1.038873022094796	0.0	0.0	3.313409006614579	0.0	0.6640045307258449	1.3725925907945218	0.0	0.0	0.2795086093914004	3.346965383121438	0.0	0.0	0.0	0.2795086093914004	0.0	0.0	0.44818236787239885	0.0	0.0	0.0	0.0	0.0	0.0	0.2795086093914004	0.0	1.3725925907945218	1.8315155528149691	0.0	1.0014333956118753	0.2795086093914004	1.3003655671308798	0.0	0.0	0.5693642993326206	0.9604590620137466	0.2795086093914004
SRR31418689	0.0	0.0	0.3164319107052896	3.044348279130788	0.0	0.0	0.0	0.0	0.3164319107052896	0.0	0.3164319107052896	0.3164319107052896	0.0	3.2823844560746234	0.0	0.49753810569380796	0.0	0.0	0.3164319107052896	0.0	0.8035257886760928	0.49753810569380796	0.6249627602308844	0.0	1.954207260556205	0.3164319107052896	4.392550079173744	0.3164319107052896	1.1743103338355416	0.0	2.244941757349425	0.3164319107052896	0.0	0.3164319107052896	0.8035257886760928	0.0	0.0	2.689176973391393	0.3164319107052896	0.0	0.3164319107052896	0.0	0.0	0.0	0.49753810569380796	0.0	1.8427394691019583	0.6249627602308844	0.0	0.0	0.0	0.8035257886760928	0.6249627602308844	0.0	1.307487923750418	0.0	0.0	0.0	0.0	3.060443772996944	0.49753810569380796	0.0	0.0	0.0	2.0122427596650723	0.6249627602308844	0.3164319107052896	1.6316045186234318	0.3164319107052896	0.0	0.0	2.7512064109806116	0.0	0.7233575223871157	0.7233575223871157	0.0	0.0	0.0	0.3164319107052896	3.061253319809185	0.0	0.3164319107052896	0.0	1.97442648428844	0.3164319107052896	1.0273418745619634	0.0	1.3713675917008992	0.0	2.4280992820835476	0.8035257886760928	0.0	0.0	2.8935590658935	0.0	1.9219957737023101	0.6249627602308844	0.0	0.0	0.6249627602308844	0.0	0.0	0.0	1.3907307169926548	0.0	0.3164319107052896	0.49753810569380796	0.0	0.0	0.0	0.0	0.0	0.0	0.3164319107052896	0.0	1.4763885770994323	0.6249627602308844	0.0	0.3164319107052896	0.0	2.668698291096293	0.0	0.49753810569380796	2.8929636791316335	0.0	0.0	0.0	0.0	0.0	0.0	0.6249627602308844	0.3164319107052896	0.3164319107052896	4.216693854616127	2.7536766542081477	0.0	0.0	0.0	0.9812571128858295	0.3164319107052896	0.0	0.0	0.0	0.0	0.0	0.0	0.0	0.0	0.0	0.0	0.3164319107052896	0.0	0.0	0.0	0.0	0.0	0.0	0.0	0.0	0.0	0.0	2.047028315262938	2.2314894236286134	2.4228548054745573	2.6834237892571395	0.0	1.822196008334638	0.3164319107052896	0.0	0.0	1.204413469831405	0.3164319107052896	0.3164319107052896	0.3164319107052896	0.0	0.0	0.0	2.5552337689601194	0.3164319107052896	0.0	0.0	2.9982605020419704	0.8035257886760928	0.49753810569380796	1.6528286905227971	0.0	0.0	0.929695154427357	0.7233575223871157	0.49753810569380796	0.929695154427357	1.7701069050982907	0.0	0.0	0.0	0.6249627602308844	0.0	0.49753810569380796	0.0	4.207435524164549	3.979223590262302	0.0	0.0	0.8035257886760928	0.0	0.0	0.49753810569380796	0.0	0.0	0.0	0.0	0.3164319107052896	0.0	1.259001478253017	1.4763885770994323	2.2972898876623957	2.6397988174685887	0.0	0.3164319107052896	3.9622897556632495	0.0	0.0	0.0	0.0	0.3164319107052896	1.8931983276090159	0.0	0.0	0.0	1.204413469831405	0.0	0.3164319107052896	0.3164319107052896	0.0	0.0	0.0	0.0	0.0	2.1128198778362774	0.7233575223871157	0.6249627602308844	0.0	0.0	3.477423855875367	0.0	0.0	0.9812571128858295	0.3164319107052896	0.0	0.3164319107052896	2.977186493516303	0.0	0.0	0.0	0.49753810569380796	0.0	0.3164319107052896	0.0	0.0	0.49753810569380796	0.3164319107052896	0.0	0.0	0.0	0.0	0.0	1.2839210034728068	2.397506657021947	0.0	0.3164319107052896	0.0	1.141964156798054	0.3164319107052896	0.0	0.0	0.6249627602308844	0.3164319107052896
SRR31418690	0.0	0.0	0.0	3.876414544282554	0.0	0.0	0.0	0.4609056502754905	0.679437337485472	0.0	0.0	0.0	0.0	3.6565997612155376	0.4609056502754905	0.0	0.0	0.4609056502754905	0.0	0.0	0.0	0.0	0.4609056502754905	0.0	1.8270577776442996	0.0	4.121418454931642	0.0	2.2656078967464603	0.0	2.3786641134114284	0.0	0.0	0.0	0.0	0.0	0.0	2.975903062206635	0.4609056502754905	0.0	0.679437337485472	0.0	0.0	0.4609056502754905	0.4609056502754905	0.0	1.6480787994169215	0.4609056502754905	0.0	0.0	0.0	1.520233013960454	0.0	0.0	2.6612375726502453	0.0	0.9324843084428838	0.0	0.0	2.786387073398002	1.2073762353061301	0.0	0.0	0.0	1.8622624490804067	0.679437337485472	0.0	0.0	0.0	0.0	0.0	1.814658824942575	0.0	1.0913261306765902	0.0	0.0	0.0	0.0	0.679437337485472	3.5925550782784907	0.0	0.0	0.0	1.8508417299626128	0.0	1.520233013960454	0.0	0.0	0.0	1.2988644149212734	1.153215999557903	0.0	0.4609056502754905	2.1186402628737295	0.0	1.5888433563315405	0.0	0.0	1.2555249883751625	1.4387120365741588	0.4609056502754905	0.0	0.679437337485472	1.2988644149212734	0.0	0.4609056502754905	0.679437337485472	0.0	0.0	0.4609056502754905	0.0	0.0	0.0	0.0	0.0	1.6094993348823137	0.0	0.4609056502754905	1.6835090086792213	0.0	3.1460158637056708	0.0	0.679437337485472	0.4609056502754905	0.0	0.0	0.0	0.0	0.0	0.4609056502754905	0.0	0.0	0.0	4.111182338692012	2.6258077848791554	0.0	0.0	0.0	1.2073762353061301	0.0	0.0	0.0	0.4609056502754905	0.0	0.0	0.0	0.0	0.0	0.0	0.0	0.0	0.4609056502754905	0.0	0.0	0.0	0.0	0.679437337485472	0.4609056502754905	0.0	0.0	0.0	0.8241359824932788	0.0	0.0	1.2073762353061301	0.0	1.7001960299481667	0.0	0.0	0.0	1.2555249883751625	0.0	0.0	0.0	0.0	0.0	0.0	3.233855485590862	0.679437337485472	1.153215999557903	0.0	3.1615685849142277	2.0050635704165662	0.0	1.8391125482136614	0.0	0.0	0.4609056502754905	0.8241359824932788	1.9624758543226104	0.9324843084428838	1.2988644149212734	0.0	0.4609056502754905	0.0	0.0	0.4609056502754905	0.0	0.0	4.162542889617898	3.9573102720288955	0.0	0.0	0.0	0.0	0.0	0.4609056502754905	0.0	2.7485410415228144	0.4609056502754905	0.4609056502754905	0.4609056502754905	0.0	0.0	0.0	0.0	3.778836544814092	0.0	0.679437337485472	4.010034433614256	0.0	0.0	0.0	0.0	0.4609056502754905	0.0	0.0	0.0	0.4609056502754905	0.4609056502754905	0.0	0.0	0.0	0.0	0.0	0.0	0.679437337485472	0.4609056502754905	1.3382686207925305	0.4609056502754905	0.0	0.0	0.0	1.4387120365741588	0.0	0.0	2.1369859470926564	0.0	0.0	1.0913261306765902	3.2630345850926683	0.0	0.0	0.0	0.8241359824932788	0.0	0.0	0.0	0.0	1.6480787994169215	0.4609056502754905	0.0	0.0	0.0	0.0	0.0	2.0994852994947113	1.6094993348823137	2.5893470334756414	0.4609056502754905	0.4609056502754905	1.3382686207925305	0.0	0.4609056502754905	0.0	0.0	0.679437337485472
SRR31418691	0.0	0.0	0.0	3.8381705538591397	0.0	0.0	0.0	0.0	0.0	0.0	0.5899680854268552	0.2930062478217744	0.0	1.239989918253072	0.2930062478217744	0.0	0.0	0.0	0.0	0.2930062478217744	0.4663896400765854	0.0	0.4663896400765854	0.0	1.617653577483642	0.0	4.457522499729064	0.0	0.0	0.0	0.5899680854268552	0.0	0.0	0.0	0.0	0.0	0.0	1.0643559084578702	0.0	0.0	0.0	0.0	0.0	0.0	0.5899680854268552	0.0	0.6860598738420738	0.5899680854268552	0.0	0.0	0.0	0.0	0.0	0.0	0.5899680854268552	0.0	0.0	0.0	0.0	3.9250662666102074	0.2930062478217744	0.0	0.0	0.0	1.674334242088848	0.2930062478217744	0.2930062478217744	2.874802278208598	0.8312509041702442	0.0	0.0	2.052128370044687	0.0	0.0	0.4663896400765854	0.0	0.0	0.0	0.0	2.7906852445085457	0.0	0.0	0.0	1.8165530247144215	0.0	0.7646947791480555	0.0	0.0	0.0	2.2716882637339544	1.2634228545847044	0.0	0.0	2.4917085924523397	0.0	3.087618184200487	0.8312509041702442	0.0	0.0	0.7646947791480555	0.0	0.2930062478217744	0.0	1.1609916296837701	0.0	0.0	0.0	0.0	0.0	0.0	0.0	0.0	0.0	0.0	0.0	1.3824011517962735	0.0	0.2930062478217744	0.0	0.0	2.682804479746742	0.0	0.5899680854268552	0.2930062478217744	0.0	0.0	0.0	0.0	0.0	0.0	0.2930062478217744	0.0	0.0	4.326619531991913	1.700122088122064	0.0	0.2930062478217744	0.5899680854268552	1.4467682108797322	0.0	0.0	0.0	0.0	0.2930062478217744	0.0	0.0	0.0	0.0	0.0	0.0	0.0	0.0	0.0	0.0	0.0	0.0	0.0	1.674334242088848	0.0	0.0	0.0	2.894446147946069	1.8228896871312184	0.0	1.5283408110458654	0.0	0.9854487810644901	0.7646947791480555	0.0	0.0	1.4894669030725731	0.2930062478217744	0.0	0.5899680854268552	0.0	0.0	0.0	1.2856559011631756	0.2930062478217744	0.0	0.0	2.506295261320062	0.2930062478217744	0.2930062478217744	0.7646947791480555	0.0	0.0	2.139252905450088	0.6860598738420738	0.9854487810644901	0.5899680854268552	1.7475139270745588	0.0	0.0	0.0	0.0	0.0	0.0	0.0	2.029273109589178	3.1317985269216067	0.0	0.0	0.2930062478217744	0.2930062478217744	0.0	0.0	0.0	0.0	0.0	0.0	0.4663896400765854	0.0	0.9398739401990134	1.2856559011631756	0.0	1.9382273209459056	0.0	0.0	3.649386023509104	0.0	0.0	0.0	0.0	0.0	4.163784983608736	0.0	0.0	0.0	1.3068059767654532	0.0	0.0	0.2930062478217744	0.0	0.0	0.0	0.8889496219006308	0.0	2.5473276449176816	0.8889496219006308	0.4663896400765854	0.0	0.0	1.8705064831694496	0.0	0.0	0.2930062478217744	0.0	0.0	0.0	3.294502850723927	0.0	0.4663896400765854	0.0	0.0	0.0	0.0	0.2930062478217744	0.0	0.0	0.0	0.2930062478217744	0.0	0.0	0.0	0.0	1.1889517532616036	1.346246294883953	0.0	0.2930062478217744	0.0	0.7646947791480555	0.0	0.0	0.0	0.2930062478217744	0.0
SRR31418692	0.0	0.0	0.0	1.0072177812973873	0.0	0.0	0.8519748239499323	0.0	0.0	0.0	0.0	1.0386817314155035	0.0	1.466374026172837	0.0	0.0	0.0	0.5174461156733934	0.0	0.0	0.0	0.0	0.40276516663574635	0.0	1.1457373384643752	0.0	4.7098240738765975	0.0	0.24649005171334354	0.0	2.176013787515464	0.0	0.0	0.0	0.0	0.0	0.0	2.636893308231827	0.0	0.0	0.6080831086421145	0.0	0.0	0.0	0.40276516663574635	0.0	0.5174461156733934	0.8519748239499323	0.0	0.24649005171334354	0.0	0.40276516663574635	0.0	0.40276516663574635	0.9732950215541205	0.0	0.0	0.0	0.0	3.277754509282224	0.24649005171334354	0.0	0.0	0.0	1.4309585899258779	0.0	0.24649005171334354	0.6830314309524801	0.40276516663574635	0.0	0.0	2.9748492569522558	0.0	0.9732950215541205	0.6830314309524801	0.0	0.0	0.0	0.5174461156733934	3.1001122848913703	0.0	0.8026203273317603	0.0	1.168832545623142	0.0	1.8089473969454142	0.0	0.9732950215541205	0.24649005171334354	3.611452527110093	1.1457373384643752	0.0	1.1457373384643752	2.1996917381924246	0.0	1.3349975784024488	0.0	0.5174461156733934	0.0	0.24649005171334354	0.0	0.24649005171334354	0.0	0.7469292433181027	0.0	0.24649005171334354	2.1143111621184256	0.9364963287574228	0.0	0.0	0.0	0.5174461156733934	0.6080831086421145	0.0	0.0	1.8388045058892395	0.40276516663574635	0.6080831086421145	0.24649005171334354	0.0	1.9597467251077272	0.0	2.1168537437410744	0.8519748239499323	0.40276516663574635	0.0	0.0	0.0	0.0	0.0	0.24649005171334354	0.0	0.40276516663574635	4.1234309072099755	1.5580170653821714	0.5174461156733934	0.0	0.24649005171334354	0.9732950215541205	0.40276516663574635	0.0	0.0	0.0	0.24649005171334354	0.0	0.0	0.0	0.0	0.0	0.0	0.0	0.0	0.24649005171334354	0.0	0.0	0.0	0.0	0.40276516663574635	0.0	0.0	0.0	1.4309585899258779	2.686741704106641	0.7469292433181027	1.9980479437903325	0.6080831086421145	0.24649005171334354	0.8962885148475324	0.0	0.0	0.0	0.24649005171334354	0.0	0.0	0.0	0.40276516663574635	0.6830314309524801	1.5487386921453952	0.24649005171334354	0.0	0.0	2.109180901647133	0.24649005171334354	0.6830314309524801	0.0	0.0	0.0	1.0680193503354567	1.633651170770652	1.0680193503354567	0.8519748239499323	1.9980479437903325	0.24649005171334354	0.0	0.0	1.0386817314155035	0.0	0.0	0.0	2.0542410546300065	3.984350077623904	0.0	0.0	0.0	0.0	0.0	0.5174461156733934	0.0	0.40276516663574635	1.0072177812973873	0.0	0.0	0.0	0.0	1.0680193503354567	0.7469292433181027	1.892987334957191	0.0	0.0	3.6504009112073077	0.0	0.0	0.0	0.0	0.0	1.6980464326778413	1.0386817314155035	0.0	0.0	1.3646446983087008	0.7469292433181027	0.0	0.0	0.6080831086421145	0.0	0.24649005171334354	0.6830314309524801	0.0	1.8800620988041445	1.7541148479275837	0.0	0.0	0.0	1.7541148479275837	0.0	0.24649005171334354	2.077057538699251	0.0	0.24649005171334354	0.40276516663574635	3.473280971484941	0.0	0.0	0.0	0.24649005171334354	0.24649005171334354	0.0	0.0	0.0	0.24649005171334354	0.24649005171334354	0.40276516663574635	0.0	0.0	0.0	0.0	1.0386817314155035	2.8960411421173973	0.0	1.190761347108472	0.6080831086421145	0.0	0.0	0.0	0.8519748239499323	1.956091301760013	0.0
SRR31418693	0.0	0.0	0.0	0.0	0.0	0.0	1.0016856196822803	0.0	0.0	0.0	0.0	0.0	0.0	0.6642239585950712	0.4483627126190747	0.9154584371340945	0.0	0.6642239585950712	0.4483627126190747	0.0	0.0	0.0	0.0	0.0	1.3198460026121799	0.0	4.783025882579194	0.0	0.4483627126190747	0.0	0.8077604338900982	0.0	0.0	0.0	0.0	0.4483627126190747	0.0	2.5658228729578925	0.0	0.0	0.0	0.0	0.0	0.0	0.4483627126190747	0.0	0.0	1.1892718817830794	0.0	0.0	0.0	0.0	0.0	0.0	0.4483627126190747	0.0	0.0	0.0	0.0	2.1523087026857564	0.0	0.0	0.0	0.0	0.4483627126190747	0.0	0.0	0.0	0.0	0.0	0.0	2.5784392380396204	0.0	0.0	0.0	0.0	0.0	0.0	0.0	1.0016856196822803	0.0	0.0	0.0	0.4483627126190747	0.0	1.448963802454415	0.0	0.0	0.0	2.7657463208475472	1.476026066539236	0.0	0.0	3.0356964730254075	0.0	1.7127992733353534	0.0	0.0	0.0	0.8077604338900982	0.4483627126190747	0.0	0.0	0.0	0.0	0.4483627126190747	0.0	0.0	0.0	0.0	0.0	0.0	0.0	0.0	0.0	2.446222916843195	0.0	0.4483627126190747	0.0	0.0	2.705160185695283	0.0	0.0	0.0	0.4483627126190747	0.4483627126190747	0.0	0.4483627126190747	0.0	0.0	0.0	0.0	0.0	4.238626250110235	1.7127992733353534	0.8077604338900982	0.0	0.0	1.448963802454415	0.4483627126190747	0.0	0.0	0.0	0.0	0.0	0.0	0.0	0.0	0.0	0.0	0.0	0.0	0.4483627126190747	0.0	0.0	0.0	0.4483627126190747	0.0	0.0	0.0	0.0	1.1352740061964859	1.0016856196822803	0.0	0.4483627126190747	0.0	0.6642239585950712	0.0	0.0	0.0	0.4483627126190747	0.0	0.4483627126190747	0.0	0.0	0.0	0.4483627126190747	0.4483627126190747	0.0	1.0735961405053607	0.0	0.9154584371340945	0.4483627126190747	0.4483627126190747	0.0	0.0	0.0	1.0016856196822803	1.4201024771096067	1.0735961405053607	0.0	1.7127992733353534	0.0	0.0	0.0	0.0	0.0	0.4483627126190747	0.0	1.8860768838488926	1.7127992733353534	0.0	0.0	0.4483627126190747	0.0	0.0	1.1352740061964859	0.0	0.0	0.0	0.4483627126190747	0.9154584371340945	0.0	0.4483627126190747	0.0	0.0	1.0016856196822803	0.0	0.0	3.526320001593799	0.0	0.0	0.0	0.0	0.0	0.0	0.0	0.0	0.0	0.0	0.0	0.0	0.0	0.0	0.0	0.0	0.6642239585950712	0.0	2.1353976769005136	2.2373900910817506	0.0	0.0	0.4483627126190747	0.4483627126190747	0.0	0.0	0.0	0.0	0.0	0.0	2.5113380784325363	0.0	0.0	0.0	0.0	0.0	0.0	0.0	0.0	0.0	0.0	0.0	0.0	0.0	0.0	0.0	1.1352740061964859	3.8968857452900147	0.0	1.0735961405053607	0.0	0.0	0.0	0.0	0.4483627126190747	0.0	0.0
SRR31418694	0.0	0.0	0.0	3.101636788298823	0.2969069699483138	0.0	0.0	0.0	0.8958487998220337	0.0	0.7712576332315361	0.0	0.0	1.7078786120465719	0.0	0.0	0.0	0.0	0.0	0.2969069699483138	0.5958606808320938	0.0	1.2709080776312809	0.0	1.7771813770097022	0.0	4.312380297103405	0.0	0.2969069699483138	0.0	1.4391711132808185	0.2969069699483138	0.0	0.2969069699483138	0.0	0.2969069699483138	0.0	2.1253148428586432	0.0	0.2969069699483138	1.1063007768563242	0.0	0.0	0.0	0.2969069699483138	0.0	1.5482492335038023	0.9468854037551848	0.0	0.0	0.0	0.0	0.5958606808320938	0.0	0.47161514266334315	0.0	0.2969069699483138	0.0	0.0	2.375564361852651	0.2969069699483138	0.0	0.0	0.0	3.7037761964777864	0.47161514266334315	0.0	1.87831378006872	0.8958487998220337	0.0	0.0	2.7669747256071	0.5958606808320938	0.0	0.0	0.0	0.0	0.0	0.2969069699483138	2.3262069074636185	0.0	0.0	0.2969069699483138	1.6994485975955373	0.0	0.47161514266334315	0.0	0.0	0.0	2.41004764872404	1.3722740789005512	0.0	0.47161514266334315	3.2312689700981916	0.2969069699483138	2.3077251854147875	0.6923542430591698	0.0	0.6923542430591698	0.2969069699483138	0.0	0.0	0.0	2.1985922608094284	0.0	0.2969069699483138	0.0	0.0	0.0	0.0	0.0	0.0	0.0	0.0	0.0	3.042101635766518	0.0	0.6923542430591698	0.0	0.47161514266334315	1.2474514157135683	0.0	0.0	0.0	0.2969069699483138	0.0	0.0	0.0	0.0	0.0	0.6923542430591698	0.0	0.0	4.390869098300184	3.2686399840214	0.0	0.8380058454855515	0.2969069699483138	2.3221672915674683	0.6923542430591698	0.0	0.0	0.0	0.0	0.0	0.0	0.0	0.0	0.0	0.0	0.0	0.0	0.0	0.0	0.0	0.0	0.0	1.469114432961945	0.0	0.0	0.0	3.544384989946237	2.5154859420049247	2.375564361852651	3.0584201552306456	0.2969069699483138	1.2931624806283886	0.0	0.0	0.0	0.47161514266334315	2.4247145880189933	0.0	0.47161514266334315	0.0	0.0	0.0	2.745312242597054	0.47161514266334315	0.0	0.0	2.609782683811087	0.47161514266334315	0.47161514266334315	0.2969069699483138	0.0	0.0	1.4971257400796028	0.6923542430591698	0.5958606808320938	0.7712576332315361	2.5062877639591115	0.0	0.2969069699483138	0.0	0.0	0.47161514266334315	0.0	0.2969069699483138	1.8179140678379806	3.700646601563681	0.0	0.0	0.9468854037551848	0.0	0.0	0.0	0.0	0.47161514266334315	0.0	0.0	0.47161514266334315	0.0	1.7322291864741117	0.6923542430591698	0.2969069699483138	1.5939834994487978	0.0	0.0	4.263091750376862	0.0	0.0	0.0	0.0	0.0	1.9602873173464876	0.0	0.0	0.0	0.8380058454855515	0.0	0.0	0.5958606808320938	0.0	0.0	0.0	0.7712576332315361	0.0	2.476041695747325	0.7712576332315361	0.0	0.0	0.0	1.978572394638485	0.2969069699483138	0.2969069699483138	0.9925501372224707	0.0	0.0	0.6923542430591698	3.3198940212194543	0.0	0.0	0.0	0.6923542430591698	0.6923542430591698	0.0	1.6353571817249128	0.0	0.0	0.0	0.2969069699483138	0.0	0.0	0.0	0.0	0.5958606808320938	3.358327737399997	0.0	0.5958606808320938	0.0	0.0	0.0	0.0	0.0	0.47161514266334315	0.0
SRR31418695	0.0	0.0	0.0	2.6972988393477153	0.0	0.0	0.0	0.0	0.0	0.0	0.0	0.0	0.0	1.9532796501214478	0.0	0.30550131066030267	0.0	0.0	0.0	0.0	0.0	0.0	0.30550131066030267	0.0	0.910884834749372	0.0	4.458899381634458	0.0	1.3509192624571817	0.0	1.786901513680598	0.0	0.0	0.0	0.0	0.0	0.0	2.1391655938239627	0.0	0.0	1.0873438101011326	0.0	0.0	0.0	0.48307283627705644	0.0	1.008015514894327	0.0	0.0	0.0	0.0	0.0	0.30550131066030267	0.0	0.962159963892553	0.0	0.48307283627705644	0.0	0.0	2.184929608685524	0.0	0.0	0.0	0.0	3.6591054479974257	0.8527351997137882	0.0	1.049488414857064	0.48307283627705644	0.0	0.0	2.432109704331197	0.30550131066030267	0.48307283627705644	0.48307283627705644	0.0	0.0	0.0	0.0	2.9965542685234547	0.0	0.48307283627705644	0.0	2.158053714294566	0.30550131066030267	0.962159963892553	0.0	1.2124662881690846	0.0	2.0131312353981636	0.8527351997137882	0.0	0.0	1.9226035060866506	0.0	1.2636800404987647	0.608749818430326	0.0	0.0	0.608749818430326	0.0	0.30550131066030267	0.0	2.173189596691659	0.0	0.48307283627705644	0.0	0.0	0.0	0.0	0.30550131066030267	0.0	0.0	0.0	0.0	1.9064126656004863	0.7855780702364603	0.608749818430326	0.0	0.0	1.9172733463634077	0.0	0.0	0.7855780702364603	0.0	0.0	0.0	0.0	0.0	0.0	0.48307283627705644	0.0	0.0	3.694726523140862	1.9581881093056344	0.0	0.608749818430326	0.0	0.910884834749372	0.30550131066030267	0.0	0.0	0.0	0.0	0.0	0.0	0.0	0.0	0.0	0.0	0.0	0.0	0.0	0.0	0.0	0.0	0.0	1.008015514894327	0.0	0.0	0.0	1.406484667685866	2.151848503089754	2.017410888387062	4.034857144228856	0.30550131066030267	0.910884834749372	0.608749818430326	0.0	0.0	0.910884834749372	2.3799274499043546	0.0	0.0	0.0	0.0	0.0	3.229522784577261	0.0	0.0	0.0	3.469791859424599	0.48307283627705644	0.0	0.8527351997137882	0.0	0.0	0.608749818430326	0.608749818430326	0.30550131066030267	0.608749818430326	1.540116887542073	0.0	0.0	0.30550131066030267	0.0	0.0	0.30550131066030267	0.30550131066030267	2.480159022111511	4.342081863076972	0.0	0.0	0.706102177151848	0.0	0.0	0.48307283627705644	0.0	0.30550131066030267	0.0	0.0	0.0	0.0	1.4557404617060477	1.049488414857064	0.48307283627705644	1.9330714974598608	0.0	0.48307283627705644	3.998301479525389	0.0	0.0	0.0	0.0	0.0	1.3702418376075782	0.0	0.0	0.0	1.008015514894327	0.0	0.0	0.0	0.0	0.0	0.0	0.0	0.0	2.021648779736177	0.608749818430326	0.48307283627705644	0.30550131066030267	0.0	2.08800491586264	0.0	0.30550131066030267	0.7855780702364603	0.0	0.0	0.0	3.550224109514121	0.0	0.0	0.0	0.0	0.48307283627705644	0.0	0.7855780702364603	0.0	0.48307283627705644	0.0	0.0	0.0	0.0	0.0	0.0	0.48307283627705644	2.307705884065616	0.0	0.0	0.0	0.48307283627705644	0.0	0.0	0.0	0.608749818430326	0.0
SRR31418696	0.0	0.5636178611316864	0.0	2.6942926176244604	0.0	0.0	0.0	0.0	0.0	0.0	0.800875491803664	0.36746334937654834	0.36746334937654834	0.9534435688425497	0.0	0.0	0.0	0.36746334937654834	0.0	0.36746334937654834	0.0	0.0	0.5636178611316864	0.0	1.8930591831588492	0.0	4.427403335577726	0.0	0.36746334937654834	0.0	2.4045079096721	0.883825024612461	0.0	0.0	0.0	0.36746334937654834	0.0	1.4196410948690237	0.0	0.0	1.0661250005492513	0.0	0.0	0.0	0.6982510239703079	0.0	2.0866532535384046	0.9534435688425497	0.0	0.0	0.0	0.0	0.0	0.0	0.0	0.0	0.0	0.0	0.0	1.6650140545692316	0.6982510239703079	0.0	0.0	0.0	3.613400781388807	0.5636178611316864	0.5636178611316864	2.0365358417054744	0.5636178611316864	0.0	0.0	1.9146877160712341	0.36746334937654834	0.0	0.5636178611316864	0.0	0.0	0.0	0.36746334937654834	2.7827679831560763	0.0	0.36746334937654834	0.0	1.321363230671634	0.0	0.6982510239703079	0.0	0.0	0.0	2.1006261663613515	1.551388839869789	0.0	0.5636178611316864	1.7233939358371073	0.0	1.1941351245826632	0.0	0.0	0.5636178611316864	0.6982510239703079	0.0	0.0	0.0	2.681248035551567	0.0	0.36746334937654834	0.0	0.0	0.0	0.0	0.0	0.0	0.0	0.0	0.0	2.8364803702034322	0.0	0.0	0.6982510239703079	0.0	0.6982510239703079	0.0	0.0	0.0	0.0	0.0	0.0	0.0	0.0	0.0	0.6982510239703079	0.0	0.0	4.189311412011305	3.365275303675075	0.0	0.0	0.0	1.1131136538545794	0.800875491803664	0.0	0.0	0.36746334937654834	0.0	0.0	0.0	0.0	0.0	0.0	0.0	0.0	0.0	0.0	0.0	0.0	0.0	0.5636178611316864	1.4196410948690237	0.0	0.0	0.0	0.36746334937654834	0.6982510239703079	0.0	0.883825024612461	0.36746334937654834	0.6982510239703079	0.0	0.0	0.0	0.5636178611316864	0.0	0.36746334937654834	0.0	0.36746334937654834	0.0	0.0	3.3364276260574592	0.0	0.36746334937654834	0.0	1.582701147559744	0.0	0.5636178611316864	0.36746334937654834	0.0	0.0	0.5636178611316864	0.5636178611316864	1.0661250005492513	0.0	1.2623916027282125	0.0	0.0	0.36746334937654834	0.0	0.36746334937654834	0.5636178611316864	0.0	0.36746334937654834	4.018452903677572	0.0	0.0	0.0	0.0	0.0	0.0	0.0	0.0	0.0	0.0	0.5636178611316864	0.0	0.0	0.0	0.0	0.0	0.0	0.36746334937654834	4.272202767135232	0.0	0.36746334937654834	0.0	0.0	0.0	0.0	0.0	0.0	0.36746334937654834	0.0	0.0	0.5636178611316864	0.0	0.0	0.0	0.0	0.9534435688425497	0.0	2.5267336594262777	1.0134286003275195	0.0	0.0	0.0	0.0	0.0	0.0	0.36746334937654834	0.0	0.0	0.5636178611316864	3.477331090238104	0.0	0.5636178611316864	0.0	0.36746334937654834	0.36746334937654834	0.36746334937654834	0.0	0.0	0.36746334937654834	0.0	0.0	0.0	0.0	0.36746334937654834	0.0	0.9534435688425497	3.847803380176887	0.0	0.36746334937654834	0.0	0.0	0.0	0.0	0.0	0.0	0.0
SRR31418697	0.0	0.0	0.2757643333139967	2.7217871310583197	0.0	0.0	0.0	0.2757643333139967	1.6211813481782802	0.0	0.5635880282131325	0.6578078977661223	0.0	3.2956525903109934	0.0	0.5635880282131325	0.0	0.6578078977661223	0.0	0.44309616207788916	0.8578611607352821	0.0	1.4410508918492932	0.0	1.3813162936406356	0.0	4.129640448958311	0.0	0.9082563900537608	0.0	3.6131251142445047	0.2757643333139967	0.0	0.0	0.0	0.0	1.5057446804359431	2.7582257055352084	0.8578611607352821	0.0	1.0660874814470618	0.2757643333139967	0.5635880282131325	0.0	0.9943026858397058	0.6578078977661223	0.6578078977661223	0.0	0.0	0.0	0.2757643333139967	0.2757643333139967	0.2757643333139967	0.0	1.7812295760057582	0.0	0.0	0.0	0.0	2.7992438149867795	0.9082563900537608	0.2757643333139967	0.0	0.0	1.1276728894361658	0.5635880282131325	0.2757643333139967	2.7849448125735434	1.1554728896462227	0.0	0.0	2.5576378937248623	0.2757643333139967	0.6578078977661223	0.0	0.2757643333139967	0.0	0.0	0.0	2.32288933015284	0.2757643333139967	0.0	0.0	1.8060080251325483	0.0	1.5291451398853388	0.0	0.0	0.2757643333139967	3.3266918343986966	0.9082563900537608	0.0	0.8578611607352821	1.8676519150913093	0.0	1.935249452966345	0.8008409400203964	0.0	0.0	0.9943026858397058	0.0	2.034720766756006	0.0	1.1554728896462227	0.0	0.0	0.0	0.0	0.0	0.0	0.0	0.0	0.0	0.2757643333139967	0.0	1.1554728896462227	2.5712885671723615	0.6578078977661223	0.0	0.0	2.3529590792609767	0.0	0.2757643333139967	0.44309616207788916	0.0	0.0	0.0	0.0	0.0	0.0	0.0	0.0	0.0	4.241560115892003	3.1750554103352826	0.2757643333139967	0.44309616207788916	1.2727543477323011	1.3304187213792027	0.0	0.0	0.0	0.0	0.2757643333139967	0.0	0.0	0.0	0.44309616207788916	0.0	0.0	0.0	0.0	0.2757643333139967	0.0	0.0	0.2757643333139967	0.0	2.130115071889015	0.0	0.0	0.0	2.3580559437155295	2.7181167716453225	2.155077022323459	3.203933943911964	0.7351864125076281	1.2295643136675072	0.2757643333139967	0.2757643333139967	0.0	1.8676519150913093	0.0	0.0	1.5291451398853388	0.0	0.0	0.2757643333139967	1.5291451398853388	0.2757643333139967	0.0	0.0	3.0871969012762333	0.2757643333139967	0.2757643333139967	0.953407093900511	0.0	0.0	1.6303002607296484	1.3480557235133983	0.8578611607352821	0.5635880282131325	1.7682892157362429	0.0	1.0660874814470618	0.0	0.2757643333139967	2.4858870089043137	0.0	0.44309616207788916	1.7269802175848583	4.166735104583095	0.0	0.0	0.8008409400203964	0.0	0.0	0.2757643333139967	0.0	0.8578611607352821	0.0	0.0	0.5635880282131325	0.0	1.493553991795644	0.9082563900537608	1.2516960088443412	2.802290963052455	0.0	0.2757643333139967	4.192064049010394	0.0	0.0	0.0	0.0	0.0	0.9082563900537608	0.2757643333139967	0.2757643333139967	0.0	0.2757643333139967	0.0	0.0	0.2757643333139967	0.44309616207788916	0.0	0.0	0.9943026858397058	0.0	2.816038871110467	1.7196965797222452	2.170955276363317	0.0	0.0	3.584708983833076	0.0	0.0	0.0	0.0	0.0	0.0	3.4756826922951287	0.0	0.0	0.0	1.1276728894361658	0.44309616207788916	0.0	0.0	0.0	0.0	0.0	0.0	0.0	0.0	0.0	0.2757643333139967	1.8351164245190066	3.756194637518976	0.0	0.2757643333139967	0.0	0.2757643333139967	0.0	0.0	0.953407093900511	1.3650043396056017	0.2757643333139967
SRR31418698	0.0	0.0	0.0	3.7850689781489604	0.24766392641349144	0.0	0.0	0.0	0.7491515768048179	0.0	0.8543010418796443	0.24766392641349144	0.6851771070216968	1.2889140916062873	0.0	0.24766392641349144	0.0	0.0	0.0	0.24766392641349144	0.0	0.0	0.61012322664495	0.0	1.6588400909117582	0.0	3.98770848148607	0.24766392641349144	1.5017380997911132	0.0	1.89565847494052	0.40440252881511696	0.0	0.0	0.5193316346269696	0.0	0.0	1.4689875060860091	0.24766392641349144	0.0	0.0	0.0	0.0	0.0	0.61012322664495	0.0	1.3949930035757534	0.0	0.0	0.0	0.0	0.5193316346269696	0.24766392641349144	0.0	1.620585787140003	0.0	0.0	0.0	0.0	3.293900653453111	1.0096580722615311	0.0	0.0	0.24766392641349144	1.2889140916062873	0.24766392641349144	0.0	1.6042879004007318	1.1932931192495149	0.0	0.0	2.1583190187341854	0.0	1.4801810428959514	0.0	0.0	0.0	0.0	0.0	2.141777042837051	0.0	0.24766392641349144	0.0	2.899585592563816	0.0	1.5017380997911132	0.0	0.0	0.0	2.7981612560455944	1.0704943177071573	0.0	0.24766392641349144	1.878336502513282	0.0	2.4125072555697944	0.8049008574517559	0.0	0.0	1.0411405726304213	0.0	1.6042879004007318	0.0	1.5121282090750559	0.0	0.40440252881511696	0.0	0.0	0.0	0.0	0.0	0.0	0.0	1.1238462651093801	0.0	1.2141758507314357	0.7491515768048179	0.40440252881511696	0.24766392641349144	0.0	2.25740277574395	0.0	0.0	1.8648760008117264	0.0	0.0	0.0	0.0	0.0	0.0	0.8049008574517559	0.0	0.0	4.116133725254174	2.591900135078454	0.0	0.40440252881511696	0.8543010418796443	0.9757137471661947	0.0	0.0	0.0	0.0	0.0	0.0	0.0	0.0	0.24766392641349144	0.0	0.0	0.0	0.0	0.0	0.0	0.0	0.0	0.24766392641349144	1.7567729835182453	0.0	0.0	0.0	3.511739722998062	1.8556648250409142	0.40440252881511696	1.9244027774006054	0.24766392641349144	1.1713553108152095	0.0	0.0	0.0	1.6588400909117582	0.5193316346269696	0.0	0.24766392641349144	0.0	0.0	0.0	2.6804770213611	0.0	0.0	0.0	2.8440090271060523	0.0	0.8049008574517559	1.6042879004007318	0.0	0.0	2.226819592070625	0.8543010418796443	0.8049008574517559	0.5193316346269696	2.116996081531656	0.0	0.24766392641349144	0.0	0.24766392641349144	0.61012322664495	0.0	0.0	3.3940801559358373	4.613493774922758	0.0	0.0	0.6851771070216968	0.0	0.0	0.5193316346269696	0.0	0.8543010418796443	0.24766392641349144	0.0	0.61012322664495	0.0	1.5321911830129764	0.9757137471661947	0.0	2.3334037002643586	0.0	0.0	3.5585512695993877	0.0	0.0	0.0	0.0	0.0	2.0106121707919544	0.24766392641349144	0.24766392641349144	0.0	2.7890325833941256	0.0	0.0	0.0	0.0	0.0	1.1482501126046545	1.0411405726304213	0.0	2.6901238002383057	1.0096580722615311	1.785057051030443	0.24766392641349144	0.0	3.7057376620886266	0.0	0.0	0.8049008574517559	0.0	0.0	0.40440252881511696	2.825448713776705	0.24766392641349144	0.0	0.0	1.1238462651093801	0.0	0.24766392641349144	0.24766392641349144	0.0	0.24766392641349144	0.0	0.24766392641349144	0.0	0.0	0.0	0.0	1.0979890452549936	2.2086203034586793	0.0	0.24766392641349144	0.0	0.61012322664495	0.0	0.0	0.40440252881511696	0.5193316346269696	0.0
SRR31418699	0.0	0.24261284342700146	0.0	2.3473165261401827	0.0	0.0	0.0	0.0	0.6013156087001184	0.0	0.0	0.24261284342700146	0.7950462230013061	2.7035886180720343	0.0	0.0	0.0	1.1373821839713063	0.0	0.5111962838724163	0.928543048900014	0.24261284342700146	0.8442472127813822	0.0	1.3108095487515015	0.0	3.5038180700279407	0.39734460467475763	1.2778131159178898	0.0	1.8623436814124301	0.24261284342700146	0.0	0.0	0.0	0.0	0.0	2.230737418819989	0.0	0.0	0.39734460467475763	0.0	0.0	0.0	0.7395505724091391	0.0	1.326412911056651	0.0	0.0	0.24261284342700146	0.0	0.0	0.8442472127813822	0.0	1.9245889127985574	0.0	0.24261284342700146	0.0	0.0	3.143659949586296	0.39734460467475763	0.0	0.0	0.0	1.6170792521939272	0.6013156087001184	0.24261284342700146	2.315506541027556	0.6013156087001184	0.0	0.24261284342700146	3.068676149560337	0.6013156087001184	0.7395505724091391	0.6759100135988493	0.0	0.0	0.0	0.24261284342700146	2.335471520176598	0.0	0.39734460467475763	0.0	1.6617866443406786	0.6013156087001184	1.2778131159178898	0.0	1.2778131159178898	0.0	3.308531403024189	0.7950462230013061	0.0	0.8442472127813822	1.5759504904593977	0.0	1.7334252694484678	1.3414750631218575	0.0	0.0	0.24261284342700146	0.0	1.592872189421508	0.0	0.6013156087001184	0.0	0.24261284342700146	0.0	0.0	0.0	0.0	0.0	0.0	0.0	0.0	0.0	1.087224424263458	2.515875990878785	0.39734460467475763	0.0	0.0	2.8077259920463176	0.24261284342700146	0.0	0.39734460467475763	0.0	0.0	0.0	0.0	0.0	0.0	0.5111962838724163	0.0	0.24261284342700146	3.6910607730427056	2.4426648521340635	0.0	0.5111962838724163	0.24261284342700146	1.2778131159178898	0.24261284342700146	0.0	0.24261284342700146	0.24261284342700146	0.0	0.0	0.0	0.0	0.0	0.0	0.0	0.0	0.0	0.24261284342700146	0.0	0.0	0.0	0.0	1.182342220535312	0.0	0.0	0.0	2.7724296040107124	2.7917505936837657	0.7950462230013061	2.9088317989786643	0.7950462230013061	1.3108095487515015	0.24261284342700146	0.0	0.0	0.6759100135988493	0.24261284342700146	0.0	0.24261284342700146	0.0	0.0	0.0	2.7974867848951552	0.39734460467475763	0.0	0.0	3.000309130007525	0.24261284342700146	0.6013156087001184	0.39734460467475763	0.0	0.0	2.219121281557967	0.8884371385851266	0.7950462230013061	0.39734460467475763	1.2603245333049804	0.0	0.0	0.0	0.39734460467475763	0.39734460467475763	0.0	0.24261284342700146	2.2051643706605466	4.688211717932684	0.0	0.0	1.0305081190094474	0.0	0.0	0.39734460467475763	0.24261284342700146	0.39734460467475763	0.0	0.0	0.0	0.0	1.3414750631218575	1.1373821839713063	1.182342220535312	2.635497397828221	0.0	0.39734460467475763	4.302370732460561	0.0	0.0	0.0	0.0	0.39734460467475763	1.6170792521939272	0.39734460467475763	0.0	0.0	0.5111962838724163	0.0	0.24261284342700146	0.5111962838724163	0.8442472127813822	0.0	0.24261284342700146	0.965256377327976	0.0	2.812256034873539	0.39734460467475763	1.815263680255811	0.0	0.0	2.8899880805637888	0.24261284342700146	0.0	0.7950462230013061	0.0	0.0	0.0	3.251071553082294	0.0	0.0	0.24261284342700146	0.6759100135988493	0.39734460467475763	0.24261284342700146	0.0	0.0	0.0	0.0	0.0	0.0	0.0	0.0	0.0	1.558342634820442	3.0747374406557713	0.0	0.24261284342700146	0.0	0.0	0.0	0.0	0.39734460467475763	1.326412911056651	0.0
SRR31418700	0.0	0.43895745742725667	0.0	4.10216114981043	0.0	0.0	0.0	0.0	0.43895745742725667	0.0	0.0	0.0	3.8167773033037085	2.6396444621481012	0.43895745742725667	0.0	0.0	0.6527538474582412	0.0	0.43895745742725667	0.0	0.0	0.0	0.0	1.3750986610671225	0.0	3.984196271049076	0.43895745742725667	0.9884753423182455	0.43895745742725667	0.43895745742725667	0.795384636786723	0.0	0.0	0.0	0.43895745742725667	0.0	2.184814531561919	0.0	0.0	0.43895745742725667	0.0	0.0	0.0	0.43895745742725667	0.43895745742725667	0.795384636786723	0.0	0.0	0.0	0.0	0.43895745742725667	0.0	0.0	1.7684281139872025	0.0	0.0	0.0	0.0	2.137717187676401	0.43895745742725667	0.0	0.0	0.0	0.6527538474582412	0.0	0.0	1.12167061679377	0.0	0.0	0.0	2.1091620189361486	0.0	0.9884753423182455	0.0	0.0	0.0	0.0	0.0	0.0	0.0	0.0	0.0	1.266613827267134	0.0	1.2234602431175292	0.0	0.0	0.0	2.9242068947271163	1.1755408013177933	0.0	1.2234602431175292	0.43895745742725667	0.0	1.682919746847174	0.0	0.0	0.0	0.6527538474582412	0.0	0.0	0.43895745742725667	0.43895745742725667	0.0	0.43895745742725667	0.0	0.0	0.43895745742725667	0.0	0.0	0.0	0.0	0.0	0.0	1.1755408013177933	0.0	0.0	0.0	0.0	3.2195186407261835	0.0	0.0	0.0	0.0	0.0	0.0	0.0	0.0	0.0	0.0	0.0	0.0	4.192061305684787	1.8715743920131334	0.0	0.0	0.0	0.43895745742725667	0.0	0.0	0.0	0.43895745742725667	0.6527538474582412	0.0	0.0	0.0	0.0	0.0	0.0	0.0	0.0	0.0	0.0	0.0	0.0	0.43895745742725667	1.12167061679377	0.0	0.0	0.0	0.795384636786723	0.9025739533104227	0.0	1.4872745104402372	0.0	0.795384636786723	0.0	0.0	0.0	0.6527538474582412	0.0	0.0	0.0	0.0	0.0	0.0	2.9010054653555395	0.0	0.795384636786723	0.0	2.8148228018133636	0.0	0.0	0.795384636786723	0.0	0.0	1.7811753271152346	1.4059735221959295	1.1755408013177933	0.43895745742725667	1.2234602431175292	0.0	0.0	0.0	0.0	0.0	0.0	0.0	0.0	4.273799024069468	0.0	0.0	0.0	0.0	0.0	0.0	0.0	0.0	0.0	0.0	0.0	0.0	0.43895745742725667	0.43895745742725667	0.43895745742725667	2.806607777888637	0.0	0.43895745742725667	4.279778001076118	0.0	0.0	0.0	0.0	0.0	0.0	0.0	0.0	0.0	0.6527538474582412	0.0	0.0	0.0	0.0	0.0	0.0	0.9884753423182455	0.0	3.1131869351561727	0.795384636786723	0.0	0.0	0.0	0.43895745742725667	0.0	0.43895745742725667	2.348204308383366	0.0	0.0	0.0	3.583600180341959	0.0	0.0	0.0	1.0601593565100316	0.0	0.0	0.0	0.0	0.6527538474582412	0.0	0.0	0.0	0.0	0.0	0.0	2.0101398205788596	2.0785963615245544	0.43895745742725667	0.43895745742725667	0.43895745742725667	0.0	0.0	0.0	0.43895745742725667	0.9025739533104227	0.0
SRR31418701	0.0	0.0	0.0	3.6905609667808297	0.0	0.0	0.0	0.0	1.6988977042671964	0.2528987231795891	0.2528987231795891	0.0	0.2528987231795891	2.0774705626148657	0.0	0.0	0.0	0.41168310702518074	0.0	0.2528987231795891	0.2528987231795891	0.2528987231795891	1.663142249645398	0.0	2.480095742877335	0.0	3.8551111439016914	0.0	1.4917419800808165	0.0	2.2766107347432256	0.0	0.0	0.0	0.0	0.0	0.0	1.5990008039117842	0.2528987231795891	0.0	1.2827202367334531	0.0	0.0	0.0	1.3171166360621185	0.2528987231795891	1.5133179484003096	0.0	0.0	0.2528987231795891	0.0	0.41168310702518074	0.0	0.0	1.3640868761315923	0.0	0.0	0.0	0.0	2.388062119575612	1.182511374916901	0.0	0.0	0.0	1.1593626812352158	0.2528987231795891	0.0	2.292647024099014	0.9091116141548825	0.0	0.0	1.7800588567494047	0.0	0.41168310702518074	0.0	0.0	0.0	0.0	0.0	2.4383922805247447	0.0	0.41168310702518074	0.0	1.4805382465767556	0.0	1.1089985957806305	0.0	0.0	0.0	2.359027285958928	0.9091116141548825	0.0	0.0	3.1433087972092393	0.0	1.134910304990814	0.41168310702518074	0.0	0.0	0.9494818995517155	0.0	0.9864166181834226	0.0	1.2254066438354672	0.0	0.0	0.0	0.0	0.0	0.0	0.0	0.0	0.0	0.0	0.0	3.295716746783946	0.0	0.2528987231795891	0.0	0.0	2.2523489949231696	0.0	0.2528987231795891	0.2528987231795891	0.41168310702518074	0.0	0.0	0.0	0.0	0.0	0.0	0.0	0.2528987231795891	4.403141980390331	3.718671618810574	0.0	0.41168310702518074	0.41168310702518074	1.134910304990814	0.6191719709488032	0.0	0.0	0.0	0.0	0.0	0.0	0.0	0.2528987231795891	0.0	0.0	0.0	0.0	0.0	0.0	0.0	0.41168310702518074	0.0	2.0352920778933483	0.0	0.0	0.0	3.198383809765608	1.6849467465121164	0.9864166181834226	2.722029299409036	0.0	1.0520182548160917	0.2528987231795891	0.0	0.0	1.9479770113178096	0.2528987231795891	0.0	0.0	0.0	0.0	0.0	2.96452805136593	0.0	0.0	0.0	2.736117169283707	0.0	0.6191719709488032	1.264443398817681	1.134910304990814	0.0	0.864600463488386	0.5277027078305916	1.1089985957806305	0.9091116141548825	2.3131472531811443	0.0	0.0	0.0	0.2528987231795891	0.41168310702518074	0.0	0.0	1.9322207853288647	4.480387776514623	0.0	0.0	0.0	0.0	0.0	0.0	0.0	0.864600463488386	0.2528987231795891	0.0	0.0	0.0	1.3171166360621185	0.864600463488386	1.3333444169357023	3.393866400019345	0.2528987231795891	0.0	3.491488999475456	0.0	0.0	0.0	0.0	0.0	1.3489876110591905	0.41168310702518074	0.0	0.0	1.0814422482354207	0.0	0.2528987231795891	0.0	0.0	0.0	0.0	1.691978241774474	0.0	2.695873841317977	0.7589973822481235	0.41168310702518074	0.0	0.2528987231795891	3.014758345903916	0.0	0.0	0.41168310702518074	0.0	0.41168310702518074	0.6191719709488032	3.4870395246290395	0.0	0.0	0.0	0.5277027078305916	0.2528987231795891	0.0	0.2528987231795891	0.0	0.0	0.2528987231795891	0.0	0.0	0.0	0.0	0.0	0.864600463488386	2.973739186961865	0.0	0.0	0.0	0.0	0.0	0.2528987231795891	0.0	0.2528987231795891	0.0
SRR31418702	0.3233749117396357	0.0	0.3233749117396357	2.751935920827464	0.0	0.0	0.0	0.0	0.0	0.0	0.0	0.506666095934605	0.0	2.2474568601012366	0.0	0.0	0.0	0.0	0.0	0.0	0.0	0.0	0.3233749117396357	0.0	1.9003522120062128	0.0	3.842033063999404	0.0	0.7341900600605806	0.0	2.7799165878946974	0.3233749117396357	0.0	0.0	0.3233749117396357	0.3233749117396357	0.0	2.150481991914652	0.3233749117396357	0.0	0.3233749117396357	0.0	0.0	0.0	0.7341900600605806	0.0	0.9932052548164783	0.0	0.0	0.0	0.0	0.0	0.0	0.0	1.245115950397823	0.0	0.0	0.0	0.0	2.389762291274879	0.6351605229329721	0.0	0.0	0.0	1.6446179666802299	0.3233749117396357	0.0	2.346585844354856	0.3233749117396357	0.0	0.0	2.5812950495193028	0.3233749117396357	0.9932052548164783	0.0	0.0	0.0	0.0	0.3233749117396357	2.4396289323950375	0.0	0.3233749117396357	0.0	2.107696461910975	0.3233749117396357	0.8147785971962249	0.0	1.3638357792802394	0.0	2.7978715037394264	1.320161168320007	0.506666095934605	0.3233749117396357	3.660586523168569	0.0	1.0394283218432816	0.6351605229329721	0.3233749117396357	0.0	0.0	0.0	0.0	0.0	2.1366832460092575	0.0	0.3233749117396357	0.0	0.0	0.0	0.0	0.0	0.3233749117396357	0.0	0.0	0.0	2.5526702853742216	0.506666095934605	0.3233749117396357	0.0	0.0	2.4199988400682257	0.0	0.0	1.714810620081286	0.0	0.0	0.0	0.0	0.0	0.0	0.3233749117396357	0.0	0.0	4.030139736308959	3.5494112929106945	0.0	0.3233749117396357	0.0	1.4734209663241389	0.9414700590316053	0.0	0.0	0.0	0.3233749117396357	0.0	0.0	0.0	0.0	0.0	0.0	0.0	0.0	0.0	0.0	0.0	0.0	0.0	0.3233749117396357	0.0	0.0	0.0	2.970403819432475	2.260828682234894	1.0394283218432816	3.4655133143312598	0.0	1.245115950397823	0.6351605229329721	0.0	0.0	0.0	0.506666095934605	0.0	0.0	0.0	0.0	0.0	2.4617391453350823	0.0	0.0	0.0	2.9719431364198043	0.3233749117396357	0.6351605229329721	1.245115950397823	0.0	0.0	0.506666095934605	0.9414700590316053	0.3233749117396357	0.3233749117396357	1.7329449361173905	0.0	0.0	0.0	0.0	0.0	0.0	0.3233749117396357	2.260828682234894	4.450441208948931	0.0	0.0	0.3233749117396357	0.0	0.0	0.0	0.0	0.0	0.0	0.3233749117396357	0.0	0.0	1.3638357792802394	0.8147785971962249	1.9238636682977517	3.3869859832107165	0.0	0.0	3.928952020380801	0.0	0.0	0.0	0.0	0.0	3.877119697469041	0.506666095934605	0.0	0.0	1.4398738549785697	0.0	0.0	0.0	0.3233749117396357	0.0	0.0	1.3638357792802394	0.0	1.296558157688617	1.296558157688617	0.0	0.0	0.0	3.7689282100314028	0.0	0.0	1.3638357792802394	0.0	0.3233749117396357	0.8147785971962249	3.70596719615662	0.0	0.3233749117396357	0.0	0.0	0.3233749117396357	0.3233749117396357	0.0	0.0	0.0	0.7341900600605806	0.0	0.0	0.0	0.3233749117396357	0.0	0.6351605229329721	2.210631271332607	0.0	0.7341900600605806	0.0	0.0	0.0	0.0	0.7341900600605806	1.1543370487931186	0.0
SRR31418703	0.0	0.0	0.0	3.116344436607232	0.0	0.32404252853236454	0.7352266036530893	0.32404252853236454	0.0	0.0	0.0	0.0	1.3437601871226268	2.690192605705672	0.0	0.32404252853236454	0.0	0.32404252853236454	0.0	0.0	0.0	0.0	0.9425954441860744	0.0	2.4596761552697544	0.0	4.049914324798975	0.0	2.947903488209073	0.0	2.8265516993239617	0.0	0.0	0.0	0.32404252853236454	0.5075414065307408	0.0	2.4596761552697544	0.0	0.0	0.32404252853236454	0.0	0.0	0.0	0.6361371041445314	0.0	2.2432540002502313	0.5075414065307408	0.0	0.0	0.0	0.8838321611795343	0.0	0.0	2.2059407116534877	0.0	0.0	0.0	0.0	2.309452880982463	0.6361371041445314	0.0	0.0	0.0	1.68734958723581	0.0	0.32404252853236454	3.3656156496325647	0.32404252853236454	0.0	0.0	2.514544281879072	0.0	0.0	0.5075414065307408	0.32404252853236454	0.0	0.0	0.0	2.839983060047636	0.0	0.0	0.0	1.4581975340111435	0.0	1.68734958723581	0.0	0.0	0.0	2.400704820699209	1.3650514676037497	0.0	0.32404252853236454	3.00576634360899	0.0	1.1204811775541146	0.0	0.0	0.0	0.9943469489645147	0.32404252853236454	0.0	0.32404252853236454	1.7160567405143785	0.0	0.0	0.32404252853236454	0.0	0.32404252853236454	0.0	0.0	0.0	0.0	0.7352266036530893	0.0	2.45294020991743	0.0	0.32404252853236454	0.32404252853236454	0.0	2.8171164839245106	0.0	0.0	0.0	0.7352266036530893	0.0	0.0	0.0	0.0	0.0	0.8158547878489513	0.0	0.0	4.07921050810077	3.1013530857659997	0.0	0.0	0.32404252853236454	1.1555186998635287	0.32404252853236454	0.0	0.0	0.5075414065307408	0.32404252853236454	0.0	0.0	0.0	0.0	0.0	0.0	0.0	0.0	0.0	0.0	0.0	0.32404252853236454	0.5075414065307408	0.9943469489645147	0.0	0.0	0.0	0.8158547878489513	0.7352266036530893	0.0	1.8075592110555436	0.0	0.0	0.0	0.0	0.0	0.9425954441860744	0.0	0.0	0.0	0.0	0.0	0.0	2.5041112403659467	0.0	0.7352266036530893	0.0	2.8669706655713463	0.0	0.5075414065307408	1.1204811775541146	0.0	0.0	1.040583031292922	1.3437601871226268	1.4581975340111435	0.32404252853236454	2.9696120949876303	0.32404252853236454	0.0	0.0	0.0	0.32404252853236454	0.0	0.0	0.5075414065307408	4.404093107720648	0.0	0.32404252853236454	0.0	0.0	0.0	0.5075414065307408	0.32404252853236454	0.0	0.0	0.0	0.5075414065307408	0.0	0.0	0.0	0.0	3.393736421317148	0.0	0.5075414065307408	4.181330565405286	0.0	0.0	0.0	0.0	0.0	3.2861397185429158	0.0	0.0	0.32404252853236454	0.32404252853236454	0.0	0.0	0.0	0.0	0.0	0.0	1.1204811775541146	0.0	2.6782360999487738	1.9634309984617029	0.0	0.0	0.0	2.717797182754621	0.0	0.0	0.5075414065307408	0.0	0.0	0.0	3.9790571774598402	0.0	0.0	0.0	0.9425954441860744	0.32404252853236454	0.32404252853236454	0.0	0.0	0.8158547878489513	0.7352266036530893	0.0	0.0	0.0	0.32404252853236454	0.0	0.32404252853236454	3.105527560048791	0.0	1.040583031292922	0.32404252853236454	0.0	0.0	0.0	0.0	0.5075414065307408	0.32404252853236454
SRR31418704	0.0	0.0	0.0	3.9432006060598686	0.0	0.0	0.0	0.0	0.6832388253114398	0.35679867324231884	0.35679867324231884	0.35679867324231884	2.001627091207175	1.3034260009723972	0.0	0.35679867324231884	0.5499941388166557	0.0	0.0	0.0	0.0	0.0	1.1380003251526158	0.0	1.1380003251526158	0.0	4.374388360378519	0.0	1.9426772156255039	0.0	1.996079401019936	0.0	0.0	0.0	0.0	0.0	0.0	2.3059932950119175	0.0	0.0	0.7850572129419948	0.0	0.0	0.0	0.6832388253114398	0.0	1.095740605950746	0.0	0.0	0.0	0.0	0.35679867324231884	0.0	0.0	1.5643488555370666	0.0	0.5499941388166557	0.0	0.0	3.132037909880836	0.6832388253114398	0.0	0.0	0.0	1.7844747948245443	0.5499941388166557	0.0	2.238035573257253	0.35679867324231884	0.0	0.0	2.0998746644512054	0.0	0.0	0.0	0.0	0.0	0.0	0.35679867324231884	3.0864520744896127	0.0	1.422932086497666	0.0	1.9030393139881505	0.0	1.0489210510211437	0.0	0.0	0.0	2.3141220798149997	0.9964372852461592	0.0	0.0	1.9166578992460868	0.0	1.0489210510211437	1.095740605950746	0.0	0.0	0.35679867324231884	0.0	0.7850572129419948	0.0	2.179945334191236	0.0	0.0	0.35679867324231884	0.0	0.0	0.0	0.0	0.0	0.0	0.5499941388166557	0.0	1.422932086497666	0.35679867324231884	0.0	0.0	0.0	2.4100727574024328	0.0	0.6832388253114398	0.0	0.0	0.0	0.0	0.0	0.0	0.0	0.0	0.0	0.0	4.148655805663525	2.565758572702818	0.0	0.0	0.35679867324231884	0.9964372852461592	0.0	0.0	0.0	0.0	0.0	0.0	0.0	0.0	0.5499941388166557	0.0	0.0	0.0	0.0	0.0	0.0	0.0	0.35679867324231884	0.0	1.422932086497666	0.0	0.0	0.0	3.5780552955418288	2.043628269017632	1.4814854694133015	2.458878986720762	0.0	1.211881519984248	0.0	0.0	0.0	1.0489210510211437	1.095740605950746	0.0	0.0	0.0	0.0	0.35679867324231884	3.0425940958463253	0.0	0.0	0.0	3.1072571883818156	0.7850572129419948	0.35679867324231884	3.403553475150918	0.0	0.0	1.6708537008578483	0.7850572129419948	0.6832388253114398	0.5499941388166557	1.4814854694133015	0.0	0.0	0.0	0.35679867324231884	0.6832388253114398	0.0	0.0	2.204812606035308	4.104566294291898	0.0	0.0	0.6832388253114398	0.0	0.0	0.35679867324231884	0.0	0.35679867324231884	0.5499941388166557	0.0	0.0	0.0	1.211881519984248	1.3301029195527168	1.2445877974332766	3.4381847264483536	0.0	0.0	3.958686694976844	0.0	0.0	0.0	0.0	0.0	0.5499941388166557	0.0	0.0	0.0	0.7850572129419948	0.0	0.0	0.35679867324231884	0.0	0.0	0.0	0.6832388253114398	0.0	3.245310117255839	1.3301029195527168	0.5499941388166557	1.1380003251526158	0.0	3.6336874848002396	0.0	0.0	0.35679867324231884	0.0	0.0	0.35679867324231884	3.1562535658282243	0.0	0.0	0.0	0.35679867324231884	0.0	0.0	0.0	0.35679867324231884	0.0	0.0	0.0	0.0	0.0	0.0	0.0	0.8674801581557876	2.9581425798736576	0.0	0.0	0.0	0.6832388253114398	0.0	0.0	0.0	0.35679867324231884	0.0
SRR31418705	0.0	0.0	0.0	3.8114361514031363	0.0	0.0	0.0	0.0	0.0	0.0	0.2913384582146973	0.0	0.5874403576361986	1.023607621807401	0.2913384582146973	0.2913384582146973	0.0	0.0	0.0	0.2913384582146973	0.0	0.0	1.095878902966502	0.0	1.212022646693995	0.0	4.399658114420819	0.0	1.2824272217657826	0.0	1.379137115579323	0.2913384582146973	0.0	0.0	0.0	0.0	0.0	2.104398099724926	0.0	0.0	0.4641505410189606	0.0	0.0	0.0	0.2913384582146973	0.0	1.6143302725765742	0.2913384582146973	0.0	0.0	0.0	0.0	0.0	0.0	0.5874403576361986	0.0	0.0	0.0	0.0	2.021970658183082	0.0	0.0	0.0	0.0	0.4641505410189606	0.0	0.0	1.6435892654263653	0.5874403576361986	0.0	0.0	1.6243039056214383	0.0	0.2913384582146973	0.2913384582146973	0.0	0.0	0.0	0.0	1.7366222357809373	0.0	0.0	0.0	1.780054449124732	0.0	0.4641505410189606	0.0	0.0	0.0	2.5932284716647516	1.0612448709300057	0.0	0.4641505410189606	1.9891924369486833	0.0	1.0612448709300057	0.4641505410189606	0.0	0.0	0.0	0.0	0.0	0.0	4.119331103292983	0.0	0.0	0.0	0.0	0.0	0.0	0.0	0.0	0.0	0.9368606865889718	0.0	1.3429945600606867	0.0	0.0	0.2913384582146973	0.0	1.396139659123467	0.0	0.0	0.0	0.0	0.0	0.0	0.0	0.0	0.0	0.5874403576361986	0.0	0.2913384582146973	4.314025249406455	1.5124640324803276	0.0	0.2913384582146973	0.0	1.6143302725765742	0.0	0.0	0.0	0.0	0.2913384582146973	0.0	0.0	0.0	0.0	0.0	0.0	0.0	0.0	0.0	0.0	0.0	0.0	0.0	1.4125015587768013	0.0	0.0	0.0	3.7073710506534283	1.7731107194038553	0.8283491253210714	2.4488112409646483	0.2913384582146973	0.6833580051777026	0.0	0.0	0.0	0.8859851749598641	0.2913384582146973	0.0	0.0	0.0	0.0	0.0	1.8727473295122816	0.0	0.0	0.0	2.296462918191552	0.7618764122484452	0.5874403576361986	3.3202536590718967	0.0	0.0	1.1279537783634008	0.6833580051777026	0.5874403576361986	1.023607621807401	1.9583303502126368	0.0	0.0	0.0	0.0	0.0	0.0	0.2913384582146973	2.0374764303471458	3.4341796199944543	0.2913384582146973	0.0	0.0	0.0	0.0	0.0	0.0	0.4641505410189606	0.0	0.0	0.2913384582146973	0.0	0.8283491253210714	1.095878902966502	0.0	2.0374764303471458	0.0	0.0	3.4794014263557957	0.0	0.0	0.0	0.0	0.0	0.6833580051777026	0.0	0.0	0.0	0.6833580051777026	0.0	0.0	0.0	0.0	0.0	0.0	1.4724038063968377	0.0	2.338418498768629	0.9823964412086886	0.0	0.0	0.0	3.7732806828817305	0.0	0.0	0.5874403576361986	0.0	0.0	0.0	3.812907568460854	0.0	0.0	0.0	0.5874403576361986	0.2913384582146973	0.0	0.0	0.0	0.0	0.2913384582146973	0.0	0.0	0.0	0.0	0.0	0.4641505410189606	2.8199027741108447	0.0	0.2913384582146973	0.0	0.5874403576361986	0.0	0.0	0.0	0.5874403576361986	0.0
SRR31418706	0.0	0.6371944297745813	0.0	3.8046914987859535	0.0	0.0	0.6371944297745813	0.42627127648505114	0.0	0.0	0.42627127648505114	0.0	2.646559697241112	1.2045737199758224	0.0	0.0	0.0	0.42627127648505114	0.0	0.42627127648505114	0.0	0.0	1.286765688779903	0.0	1.1031081229972	0.0	4.21007043723599	0.0	0.42627127648505114	0.0	1.322680230412845	0.0	0.0	0.0	0.0	0.42627127648505114	0.0	2.526821807430013	0.0	0.0	0.0	0.0	0.0	0.0	0.42627127648505114	0.0	1.6936146254596876	0.42627127648505114	0.0	0.0	0.0	0.6371944297745813	0.0	0.42627127648505114	1.2045737199758224	0.0	0.42627127648505114	0.0	0.0	1.9595200465293348	0.0	0.42627127648505114	0.42627127648505114	0.0	1.4154387133498438	0.0	0.0	2.704633530535845	0.7785545958493403	0.0	0.0	2.258159872111	0.0	0.42627127648505114	0.0	0.0	0.0	0.0	0.0	2.433451475625733	0.0	0.0	0.0	1.8089125051952764	0.0	0.8850274550282768	0.0	0.0	0.0	2.3545902685024376	1.2045737199758224	0.0	0.42627127648505114	1.851735505614774	0.0	0.9704689181494717	0.0	0.0	0.0	0.8850274550282768	0.0	0.0	0.0	2.9050185948754246	0.0	0.0	0.0	0.0	0.0	0.0	0.0	0.0	0.0	1.1031081229972	0.0	0.6371944297745813	0.0	0.42627127648505114	0.0	0.0	1.9514920943485061	0.0	0.0	0.0	0.0	0.0	0.42627127648505114	0.0	0.0	0.0	0.0	0.0	0.0	4.428688961677339	1.8308516044840055	0.0	0.0	0.0	0.9704689181494717	0.0	0.0	0.0	0.42627127648505114	0.0	0.0	0.0	0.0	0.0	0.0	0.0	0.0	0.0	0.0	0.0	0.0	0.0	0.0	1.2045737199758224	0.0	0.0	0.0	0.42627127648505114	0.0	0.0	1.247611204395288	0.42627127648505114	0.6371944297745813	0.0	0.0	0.0	0.7785545958493403	0.0	0.42627127648505114	0.0	0.0	0.0	0.0	1.7486633590452583	0.0	0.42627127648505114	0.0	2.704633530535845	0.6371944297745813	0.0	3.874250006564159	0.0	0.0	1.7486633590452583	0.8850274550282768	0.7785545958493403	0.42627127648505114	2.502454092876605	0.0	0.0	0.0	0.0	0.0	0.0	0.0	0.7785545958493403	3.1821367173872948	0.0	0.0	0.0	0.0	0.0	0.42627127648505114	0.0	0.0	0.0	0.0	0.42627127648505114	0.0	0.42627127648505114	0.0	0.0	2.7323403353336637	0.0	0.0	4.238764283085015	0.0	0.0	0.0	0.0	0.0	0.0	0.0	0.0	0.7785545958493403	0.0	0.0	0.0	0.0	0.0	0.0	0.0	0.6371944297745813	0.42627127648505114	2.3315714310593147	1.5764283166053836	0.0	0.0	0.0	3.277557847530803	0.0	0.0	0.0	0.0	0.0	0.0	3.839710473598952	0.0	0.0	0.0	0.0	0.0	0.0	0.42627127648505114	0.0	0.42627127648505114	0.0	0.0	0.0	0.0	0.42627127648505114	0.0	0.9704689181494717	3.6076885904222613	0.0	0.42627127648505114	0.6371944297745813	1.1567974226587934	0.0	0.0	0.42627127648505114	0.0	0.0
SRR31418707	0.0	0.0	0.0	3.8175495397201353	0.0	0.0	0.0	0.0	0.6585805950040667	0.0	0.0	0.0	0.0	1.413161754843066	0.27623007643218667	0.27623007643218667	0.0	0.0	0.0	0.0	0.6585805950040667	0.0	0.7359946204190676	0.0	1.5413506677861832	0.0	3.808103624216425	0.0	1.6902453393587815	0.0	1.830424325607271	0.0	0.0	0.0	0.0	0.27623007643218667	0.27623007643218667	2.429084239241693	0.27623007643218667	0.0	0.27623007643218667	0.0	0.0	0.0	0.0	0.0	0.7359946204190676	0.27623007643218667	0.0	0.0	0.0	0.564308002293729	0.4437296826278643	0.0	1.3659518968939908	0.4437296826278643	0.0	0.0	0.27623007643218667	3.211378485791159	0.4437296826278643	0.0	0.0	0.0	2.1478979438374814	0.6585805950040667	0.0	1.573436334078201	0.7359946204190676	0.0	0.27623007643218667	2.60607304936563	0.0	0.0	0.564308002293729	0.0	0.0	0.4437296826278643	0.4437296826278643	2.8427287791641658	0.0	0.0	0.0	2.610828581204754	0.4437296826278643	1.0325748449132774	0.0	0.0	0.0	1.9179634413746935	0.4437296826278643	0.0	0.0	2.0796330513866814	0.27623007643218667	2.2140102156844663	1.4278229408651013	0.0	0.0	0.6585805950040667	0.0	0.9091244369196488	0.0	0.6585805950040667	0.0	0.27623007643218667	0.0	0.0	0.0	0.0	0.0	0.0	0.0	0.0	0.0	1.4557391385261909	0.27623007643218667	0.7359946204190676	0.0	0.0	2.431949698996155	0.0	0.6585805950040667	1.0988822147240183	0.0	0.0	0.0	0.0	0.0	0.0	0.0	0.0	0.0	4.183418206831243	2.4501280649119144	0.0	0.27623007643218667	0.0	0.8587141704490542	0.0	0.0	0.0	0.0	0.0	0.0	0.0	0.0	0.4437296826278643	0.0	0.27623007643218667	0.0	0.0	0.0	0.0	0.0	0.0	0.0	0.27623007643218667	0.0	0.0	0.0	3.1027506820471515	2.1533565525386162	2.3884276130128095	2.8354589114080766	0.0	1.0988822147240183	0.27623007643218667	0.0	0.0	0.9091244369196488	0.8587141704490542	0.0	0.0	0.0	0.0	0.0	2.8348946176071936	0.0	0.0	0.0	2.690935072871044	1.0669927651793478	0.0	1.5413506677861832	0.0	0.0	0.6585805950040667	0.6585805950040667	0.564308002293729	0.801674692310266	1.3490015820227188	0.0	0.27623007643218667	0.0	0.0	0.0	0.0	0.0	3.1571038675259766	4.662993753041734	0.4437296826278643	0.0	0.8587141704490542	0.0	0.0	0.0	0.0	0.6585805950040667	0.27623007643218667	0.0	0.0	0.0	1.3490015820227188	1.1825250399752032	0.801674692310266	2.5924736726108035	0.0	0.0	3.679205516264281	0.0	0.0	0.0	0.0	0.27623007643218667	1.3129770582833677	0.0	0.0	0.27623007643218667	2.4362127483622897	0.0	0.27623007643218667	0.27623007643218667	0.0	0.0	0.27623007643218667	0.6585805950040667	0.0	2.24583675710494	0.564308002293729	0.6585805950040667	0.0	0.0	3.413405920335782	0.0	0.27623007643218667	0.564308002293729	0.0	0.0	0.0	2.9997123191593023	0.27623007643218667	0.0	0.0	0.4437296826278643	0.4437296826278643	0.0	0.0	0.0	0.0	0.0	0.0	0.0	0.0	0.27623007643218667	0.0	1.7885320890290801	2.51252699324476	0.0	0.0	0.0	0.801674692310266	0.0	0.0	0.0	0.0	0.0
SRR31418708	0.2751484214214921	0.0	0.0	3.9566046860823905	0.0	0.0	0.0	0.0	0.2751484214214921	0.0	0.0	0.0	0.2751484214214921	0.4422580003027341	0.0	0.0	0.2751484214214921	0.0	0.0	0.4422580003027341	0.734116635217226	0.0	0.4422580003027341	0.0	1.0648888989769227	0.0	3.6630278100805302	0.0	1.3468032844900706	0.0	1.030487283163789	0.0	0.0	0.0	0.2751484214214921	0.0	0.0	1.8611024602927253	0.0	0.0	0.0	0.0	0.0	0.0	0.0	0.0	0.9931243710141869	0.2751484214214921	0.0	0.0	0.0	0.5626352660008814	0.2751484214214921	0.0	0.8567319464393224	0.0	0.0	0.2751484214214921	0.0	3.149936656492902	0.5626352660008814	0.0	0.0	0.0	1.6636909397913051	0.6567852211278428	0.0	1.866358364091765	0.9522419142834982	0.0	0.0	2.7528649144897948	0.2751484214214921	0.5626352660008814	0.0	0.0	0.0	0.0	0.2751484214214921	2.365114289533986	0.0	0.2751484214214921	0.0	2.3601152733151207	0.2751484214214921	0.734116635217226	0.0	1.42560749860921	0.0	2.184970612422321	0.6567852211278428	0.0	0.0	1.7399034327865475	0.0	1.8817548766855516	1.2283303566632833	0.0	0.0	0.5626352660008814	0.0	0.2751484214214921	0.0	1.7862680365682664	0.0	0.2751484214214921	0.0	0.2751484214214921	0.0	0.0	0.0	0.0	0.0	0.0	0.0	1.6800409812481547	0.2751484214214921	0.8567319464393224	0.2751484214214921	0.0	2.1644243672246124	0.0	0.5626352660008814	1.773518285395507	0.2751484214214921	0.0	0.0	0.0	0.0	0.0	0.2751484214214921	0.0	0.0	3.9711692860054537	1.4922847791788076	0.0	0.4422580003027341	0.0	0.907107223288865	0.0	0.2751484214214921	0.0	0.0	0.0	0.0	0.0	0.0	0.0	0.0	0.0	0.0	0.0	0.0	0.0	0.0	0.0	0.0	0.2751484214214921	0.0	0.0	0.0	2.855151327685283	2.4652822648798827	2.451923682417085	2.619737699078299	0.2751484214214921	0.907107223288865	0.2751484214214921	0.0	0.0	0.6567852211278428	0.5626352660008814	0.0	0.0	0.0	0.0	0.0	2.01154375225693	0.2751484214214921	0.0	0.0	2.536691818101818	0.5626352660008814	0.0	1.5813841454014919	1.5044743011542192	0.0	0.0	0.5626352660008814	0.734116635217226	0.5626352660008814	2.5042607452282106	0.0	0.0	0.0	0.0	0.0	0.0	0.0	2.859418926468882	4.696356667784472	0.2751484214214921	0.0	0.4422580003027341	0.0	0.0	0.4422580003027341	0.0	0.0	0.0	0.0	0.0	0.0	1.1803749944808601	0.9522419142834982	0.6567852211278428	1.9014696110016154	0.0	0.4422580003027341	3.8138355878703756	0.0	0.0	0.0	0.0	0.5626352660008814	1.4668286973535007	0.0	0.0	0.0	2.192431582302939	0.0	0.0	0.0	0.0	0.0	0.0	0.907107223288865	0.0	1.5711963488129814	0.799737275632524	0.0	0.0	0.0	3.8024259841194397	0.0	0.2751484214214921	0.0	0.0	0.2751484214214921	0.2751484214214921	2.9911872032450546	0.0	0.0	0.0	0.734116635217226	0.2751484214214921	0.0	0.0	0.0	0.0	0.0	0.0	0.0	0.0	0.0	0.0	1.5813841454014919	2.3270441114590064	0.0	0.5626352660008814	0.0	0.734116635217226	0.0	0.0	0.0	0.0	0.0
SRR31418709	0.0	0.22290679179715403	0.0	3.8757085307221333	0.0	0.0	0.0	0.0	1.310719392701891	0.0	0.22290679179715403	0.6388545115205032	0.0	1.310719392701891	0.22290679179715403	0.22290679179715403	0.0	0.0	0.0	0.22290679179715403	0.4788832290421549	0.0	1.0693613951609633	0.0	1.2496458804492505	0.0	3.6434853669517384	0.0	1.4939170613507773	0.0	0.9565902235532688	0.4788832290421549	0.0	0.0	0.22290679179715403	0.0	0.0	1.1785560263879722	0.0	0.0	0.3694874862401576	0.0	0.0	0.0	1.0693613951609633	0.0	1.1785560263879722	0.4788832290421549	0.0	0.0	0.0	0.4788832290421549	0.22290679179715403	0.22290679179715403	0.8038568123403929	0.0	0.0	0.0	0.0	2.905907904374355	0.7555031863546741	0.0	0.0	0.0	1.6868325711936176	0.3694874862401576	0.22290679179715403	1.773447682488199	0.6388545115205032	0.0	0.0	2.169939715749887	0.0	0.22290679179715403	0.0	0.0	0.0	0.0	0.0	1.7101588477545695	0.0	0.0	0.0	2.590344451239623	0.22290679179715403	0.9876446411335441	0.0	0.0	0.0	3.114012797468158	0.8869033928662391	0.0	0.8869033928662391	1.454845045137462	0.0	2.39179562826501	0.9231430536363213	0.0	0.0	1.093507276930332	0.0	0.3694874862401576	0.0	1.4004749927949205	0.0	0.22290679179715403	0.0	0.0	0.22290679179715403	0.0	0.0	0.0	0.22290679179715403	0.8038568123403929	0.0	1.1785560263879722	0.0	0.22290679179715403	0.0	0.0	2.023804517054742	0.0	0.0	1.2329343418863008	0.0	0.0	0.0	0.0	0.22290679179715403	0.0	0.0	0.0	0.3694874862401576	4.203882439144483	1.3766661447481394	0.0	0.22290679179715403	1.5382795829396334	2.7490102540795864	0.22290679179715403	0.0	0.0	0.0	0.0	0.0	0.0	0.0	0.0	0.0	0.0	0.0	0.22290679179715403	0.22290679179715403	0.0	0.0	0.0	0.0	1.3642536620724521	0.0	0.0	0.0	3.374875897859469	2.1873145140695103	1.8538615608190379	1.7635194875898468	0.3694874862401576	0.8473621253667367	0.0	0.0	0.0	1.75846896092018	0.3694874862401576	0.0	0.0	0.0	0.0	0.0	2.145636150613168	0.0	0.0	0.0	2.2851731441531506	0.22290679179715403	0.0	0.7555031863546741	0.0	0.0	1.3642536620724521	1.1163811101580219	0.3694874862401576	0.6388545115205032	2.1777477863479646	0.0	0.0	0.0	0.0	0.22290679179715403	0.0	0.22290679179715403	2.9554297965256606	4.702694621141073	0.0	0.0	0.4788832290421549	0.0	0.22290679179715403	0.22290679179715403	0.0	0.4788832290421549	0.0	0.0	0.6388545115205032	0.0	0.7010835173244272	1.0437936091915447	0.0	2.0346971065435633	0.0	0.0	3.6162348409672287	0.4788832290421549	0.0	0.0	0.0	0.0	1.6746821364264763	0.0	0.0	0.0	2.5609414932417094	0.0	0.22290679179715403	0.0	0.7010835173244272	0.0	0.0	0.22290679179715403	0.0	1.9038838918463379	0.8038568123403929	0.8038568123403929	0.0	0.3694874862401576	3.3448643203519426	0.0	0.22290679179715403	0.22290679179715403	0.0	0.0	0.22290679179715403	2.3599281748506016	0.0	0.0	0.0	0.3694874862401576	0.22290679179715403	0.0	0.22290679179715403	0.0	0.4788832290421549	0.0	0.22290679179715403	0.0	0.0	0.0	0.0	0.3694874862401576	1.7101588477545695	0.0	0.4788832290421549	0.0	0.22290679179715403	0.22290679179715403	0.0	0.6388545115205032	1.0693613951609633	0.0
SRR31418710	0.0	0.3561393885666679	0.5491488590334488	3.707019611264634	0.0	0.0	0.0	0.0	0.3561393885666679	0.0	0.3561393885666679	0.0	0.9953786849743713	0.5491488590334488	0.7840731184830487	0.0	0.0	0.5491488590334488	0.0	0.3561393885666679	0.0	0.0	0.0	0.0	1.0946577135876705	0.0	3.7756225226948477	0.3561393885666679	1.0946577135876705	0.0	1.4217991480665952	0.3561393885666679	0.0	0.0	0.3561393885666679	0.0	0.0	0.9953786849743713	0.0	0.0	0.0	0.0	0.0	0.0	0.0	0.0	1.5632035436726304	0.3561393885666679	0.0	0.0	0.0	0.8664626437706058	0.0	0.3561393885666679	1.5923744744591941	0.0	0.0	0.0	0.0	1.8878175779104762	1.1754111544462964	0.0	0.0	0.0	0.8664626437706058	0.6823058054052623	0.0	1.5478488152867387	0.0	0.0	0.3561393885666679	1.6327566922624146	0.0	1.0478489222669243	0.0	0.0	0.0	0.0	0.0	2.2706943207361263	0.0	0.3561393885666679	0.0	3.463801718023501	0.0	0.9356866370654018	0.0	0.0	0.0	1.3541101561170126	0.6823058054052623	0.0	0.0	2.1445576777327897	0.0	1.2738876912670054	0.0	0.0	0.0	0.8664626437706058	0.0	1.4982311848904457	0.0	0.5491488590334488	0.0	0.3561393885666679	0.3561393885666679	0.0	0.0	0.0	0.0	0.0	0.0	0.3561393885666679	0.0	0.0	0.0	0.0	0.0	0.0	2.5169491389613716	0.0	0.0	0.3561393885666679	0.0	0.0	0.0	0.0	0.0	0.0	0.3561393885666679	0.0	0.0	4.089468445766303	1.6327566922624146	0.0	0.3561393885666679	0.0	1.0478489222669243	0.0	0.0	0.0	0.0	0.0	0.3561393885666679	0.0	0.0	0.0	0.0	0.0	0.0	0.0	0.0	0.3561393885666679	0.0	0.0	0.0	0.7840731184830487	0.0	0.0	0.0	0.3561393885666679	0.0	0.0	0.7840731184830487	0.3561393885666679	1.0946577135876705	0.0	0.0	0.0	0.3561393885666679	0.0	0.0	0.0	0.0	0.0	0.0	2.998204700882914	0.3561393885666679	1.0478489222669243	0.0	2.393566670434309	0.3561393885666679	0.3561393885666679	1.5632035436726304	0.0	0.0	0.7840731184830487	0.3561393885666679	0.7840731184830487	0.0	0.9953786849743713	0.0	0.0	0.0	0.0	0.3561393885666679	0.3561393885666679	0.0	3.408451273578776	4.675456749131632	0.0	0.3561393885666679	0.0	0.0	0.0	0.0	0.0	0.3561393885666679	0.0	0.0	0.0	0.0	0.0	0.0	0.0	2.6672349330116267	0.0	0.0	4.017279234798195	0.0	0.0	0.0	0.0	0.0	0.3561393885666679	0.0	0.0	0.0	0.6823058054052623	0.0	0.3561393885666679	0.0	0.0	0.0	0.0	0.3561393885666679	0.0	1.3541101561170126	0.0	0.0	0.0	0.0	3.519778847596574	0.0	0.0	0.9356866370654018	0.0	0.0	0.0	2.950830366520394	0.5491488590334488	0.0	0.0	1.0946577135876705	0.0	0.0	0.0	0.3561393885666679	0.9953786849743713	0.0	0.0	0.0	0.0	0.3561393885666679	0.0	1.3778648425197297	1.2434774659454901	0.0	0.0	0.0	0.5491488590334488	0.0	0.0	0.0	0.0	0.3561393885666679
