SAMPLE_ID	Acidimicrobiia	Acidithiobacillia	Acidobacteriia	Actinobacteria	Alphaproteobacteria	Anaerolineae	Aquificae	Ardenticatenia	Bacilli	Bacteroidia	Betaproteobacteria	Blastocatellia	Caldilineae	Candidatus Brocadiae	Candidatus Saccharimonia	Chitinophagia	Chlamydiia	Chlorobia	Chloroflexia	Chthonomonadetes	Clostridia	Coprothermobacteria	Coriobacteriia	Cytophagia	Deferribacteres	Dehalococcoidia	Deinococci	Deltaproteobacteria	Dictyoglomia	Elusimicrobia	Epsilonproteobacteria	Erysipelotrichia	Fibrobacteria	Fimbriimonadia	Flavobacteriia	Fusobacteriia	Gammaproteobacteria	Gemmatimonadetes	Gloeobacteria	Ignavibacteria	Kiritimatiellae	Ktedonobacteria	Methanobacteria	Methanomicrobia	Methylacidiphilae	Mollicutes	Negativicutes	Nitriliruptoria	Nitrospira	Oligoflexia	Opitutae	Planctomycetia	Rubrobacteria	Saprospiria	Spartobacteria	Sphingobacteriia	Spirochaetia	Synergistia	Tepidiformia	Thermodesulfobacteria	Thermoleophilia	Thermomicrobia	Thermoplasmata	Thermotogae	Tissierellia	Verrucomicrobiae	Vicinamibacteria	Zetaproteobacteria
SRR31418681	0.0	0.35353444308156545	0.0	1.688122206482782	1.1325846444042105	0.0	0.0	0.0	2.111314709152446	4.8727889523188415	3.636629960003225	0.35353444308156545	0.0	0.0	0.7801775629430775	1.2978748089380623	0.0	0.0	0.0	0.0	4.429851539719664	0.0	2.2510030130098055	2.388919455050878	0.0	0.6786135095294928	0.0	3.024547074129489	0.0	0.0	0.7801775629430775	1.6991748086895337	0.0	0.0	1.206398920821177	0.0	2.4393789119748672	0.0	0.0	0.0	0.0	0.0	0.0	0.0	0.0	1.1710581166550857	3.9907549968517695	0.0	0.0	0.0	0.35353444308156545	0.5458054618777929	0.0	0.0	0.0	1.9041307430309116	0.0	0.35353444308156545	0.0	0.0	0.35353444308156545	0.35353444308156545	0.0	0.35353444308156545	0.5458054618777929	0.5458054618777929	0.0	0.0
SRR31418682	0.0	0.0	0.2835162018041708	2.5947515133459067	1.7052762795574485	0.6705985734968065	0.4536089825777445	0.0	3.06943503342397	4.848476941634915	3.3410113975771885	0.0	0.2835162018041708	0.0	1.4425984090153516	0.922601170123532	0.0	0.0	0.0	0.2835162018041708	4.492755650206819	0.0	1.9041838642715148	2.4654131870692284	0.2835162018041708	0.0	0.0	2.3623254391858666	0.0	0.0	0.8719611965734768	2.088368178513152	0.4536089825777445	0.2835162018041708	1.5562557354893958	2.116787128689153	3.5826072532817763	0.0	0.0	0.0	0.0	0.0	0.0	0.0	0.0	1.3636648997387126	3.872350492736146	0.0	0.0	0.2835162018041708	1.308350160550904	1.2215748996581328	0.4536089825777445	0.0	0.0	1.308350160550904	0.2835162018041708	0.4536089825777445	0.0	0.0	0.922601170123532	0.4536089825777445	0.0	0.575517122082833	1.308350160550904	0.0	0.0	0.0
SRR31418683	0.0	0.0	0.0	2.689358905704124	1.6327158261381756	0.3170210302499566	0.8721611678463375	0.0	3.50078397070642	4.816522693099228	3.732889727829809	0.0	0.0	0.0	0.6258310290850904	0.3170210302499566	0.0	0.3170210302499566	0.0	0.0	4.5286746199941605	0.49831441289266176	1.9755522802428847	2.8695893541021253	0.3170210302499566	0.3170210302499566	0.0	2.544538748654419	0.0	0.0	0.8044849562283203	1.8822454278912117	0.9306993784628715	0.0	1.0283730080723503	2.3472380386902105	3.272195482452376	0.0	0.0	0.0	0.0	0.0	0.0	0.0	0.0	1.3521879208460468	3.769475293833008	0.0	0.0	0.0	0.724280456832658	0.0	0.3170210302499566	0.0	0.0	0.6258310290850904	0.3170210302499566	1.0283730080723503	0.0	0.0	0.724280456832658	0.6258310290850904	0.0	0.0	1.2336359040275917	1.3085697897470225	0.3170210302499566	0.0
SRR31418684	0.0	0.4987938125578841	0.724850248997226	2.4048971185821975	1.7874477124786938	0.6263671268723688	0.0	0.0	3.5149797115362658	4.786739272350866	3.232673730808078	0.0	0.8050770777127852	0.0	1.5224782250171978	1.3315956650715945	0.0	0.31738496108769054	0.0	0.0	4.667207092515127	0.31738496108769054	2.715999343181847	2.174908338452415	0.0	0.931319262636048	0.31738496108769054	2.8942051645845708	0.0	0.0	1.143671761688955	2.6624716803249613	0.0	0.0	1.3092375040525948	0.0	2.306109461714168	0.0	0.0	0.0	0.0	0.0	0.9829053999599409	0.0	0.0	1.2607403724181516	2.8948013719273087	0.4987938125578841	0.0	0.31738496108769054	0.0	0.8050770777127852	0.931319262636048	0.0	0.0	0.6263671268723688	0.0	1.8829384194360028	0.31738496108769054	0.0	0.0	0.9829053999599409	0.0	1.0706855163854945	1.575298952691762	3.2130814846753193	0.0	0.0
SRR31418685	0.0	0.0	1.4511121106892133	4.0084833475964	2.508248878745924	0.7749294054527283	0.633848937233091	0.0	3.3793792181471036	4.616234074872801	3.2524498342220203	0.0	0.9665838827221704	0.0	0.633848937233091	0.2614870284662284	0.0	0.2614870284662284	0.0	0.5413079289239285	4.705501307259247	0.42355459210793484	2.952463744469205	2.6857436509196466	0.2614870284662284	0.42355459210793484	0.42355459210793484	3.0977092300703406	0.0	0.2614870284662284	0.5413079289239285	3.155550388480577	0.633848937233091	0.2614870284662284	0.7749294054527283	0.633848937233091	2.9929382617099445	0.2614870284662284	0.0	0.2614870284662284	0.2614870284662284	0.42355459210793484	2.59016484095846	0.0	0.0	1.7443883290123512	3.728739800582745	0.0	0.0	0.0	1.200493721326181	1.1267524609224044	0.42355459210793484	0.42355459210793484	0.0	0.8812441125033297	0.7100929029379307	0.5413079289239285	0.0	0.2614870284662284	0.2614870284662284	0.9665838827221704	0.0	1.0378767565633977	1.222531843939973	0.2614870284662284	0.0	0.0
SRR31418686	0.0	0.0	0.4197240693380718	2.4135221923771217	2.498750543802824	0.4197240693380718	0.9981409615690202	0.0	2.6795905266555065	4.844459418418198	3.509161415643572	0.0	0.0	0.0	0.4197240693380718	0.0	0.0	0.25870878601314246	0.0	0.25870878601314246	4.530661718950117	0.25870878601314246	2.0576186306547766	2.6568167044384197	0.4197240693380718	1.3911938746546757	0.25870878601314246	2.1314880458016052	0.0	0.4197240693380718	0.8260806884144198	1.9160846074981484	1.376583584661116	0.0	0.0	1.7572943473992133	3.081991664142762	0.0	0.0	0.0	0.0	0.0	0.0	0.0	0.0	1.1947189905627122	3.8689283158957024	0.0	0.0	0.0	0.5369239113978016	0.0	0.25870878601314246	0.0	0.0	2.025488273585166	0.7051358671670527	0.25870878601314246	0.0	0.0	0.5369239113978016	0.4197240693380718	0.0	0.920576602368208	1.2767964976084398	0.0	0.25870878601314246	0.0
SRR31418687	0.0	0.0	0.36360452175121116	3.6162249354129967	1.2232239082205478	1.059929882211252	0.36360452175121116	0.0	3.4755287504149246	4.730664009232993	3.3822561105651423	0.0	0.7951735458512208	0.36360452175121116	0.36360452175121116	0.6928364354847947	0.0	0.0	0.0	0.0	4.578317703456801	0.0	3.50549497619489	1.670696724477757	0.0	0.6928364354847947	0.6928364354847947	3.3712653443418996	0.0	0.0	0.7951735458512208	2.846231171521939	0.0	0.0	0.36360452175121116	0.36360452175121116	1.8636072488422515	0.36360452175121116	0.0	0.0	0.0	0.0	0.6928364354847947	0.0	0.0	0.9474220548064374	4.0048058720610085	0.0	0.0	0.0	0.0	0.5586990521097288	0.8779355421034064	0.5586990521097288	0.0	0.5586990521097288	0.0	0.6928364354847947	0.0	0.0	0.36360452175121116	0.7951735458512208	0.36360452175121116	0.0	1.2232239082205478	0.0	0.36360452175121116	0.0
SRR31418688	0.0	0.2359172973522276	0.0	2.6612984289181583	1.6319443521963866	0.0	0.0	0.0	2.988718742098757	4.835249573301562	3.5287280454793684	0.0	0.0	0.0	0.2359172973522276	0.781811719938272	0.0	0.2359172973522276	0.2359172973522276	0.0	4.446043462450959	0.0	1.4191942383342868	2.2300413271193995	0.0	0.0	0.3879379411901672	3.339328627207915	0.0	0.0	0.5003218611505736	2.904906566117886	0.2359172973522276	0.2359172973522276	1.2796331337804303	2.3029081110381364	2.8926429754769973	0.0	0.0	0.0	0.0	0.0	0.5003218611505736	0.0	0.0	0.9511892222680284	4.090936468204817	0.0	0.0	0.0	0.6634845301741511	0.2359172973522276	0.0	0.0	0.0	0.984909168473577	0.2359172973522276	1.2796331337804303	0.0	0.0	0.0	0.0	0.0	0.0	1.045384399865398	0.0	0.2359172973522276	0.0
SRR31418689	0.0	0.0	0.0	2.1514913697843023	2.874467853125629	0.0	0.8648300238168908	0.4118459569492505	2.9331318157267456	4.911311015818017	3.6275066819909085	0.0	0.25301609522926133	0.0	0.4118459569492505	0.6948999875603509	0.0	0.5278897102139206	0.0	0.0	4.422915058949224	0.25301609522926133	1.632514257573991	2.620848107519892	0.0	0.6193739513011915	0.6193739513011915	2.936324395025319	0.0	1.245614234981748	0.4118459569492505	2.7614768138804693	0.5278897102139206	0.0	1.1351566867661305	1.2646948048373374	2.8280611265622526	0.25301609522926133	0.0	0.0	0.0	0.25301609522926133	0.0	0.0	0.25301609522926133	1.7059692776729523	3.024213873968063	0.0	0.25301609522926133	0.25301609522926133	0.25301609522926133	0.0	0.4118459569492505	0.0	0.0	1.0816860775772361	0.4118459569492505	0.8648300238168908	0.0	0.0	0.5278897102139206	0.25301609522926133	0.0	0.5278897102139206	0.8152260208958861	0.0	0.0	0.0
SRR31418690	0.0	0.0	0.6935303645868166	2.419726705738799	1.3157357635476004	0.4725929662164819	0.0	0.0	2.8401548261901355	4.80838891228257	3.8088349359995446	0.0	0.4725929662164819	0.0	0.4725929662164819	1.5374538501329662	0.0	0.0	0.0	0.0	4.510134963384981	0.0	1.5615769338267396	1.9709855887691121	0.0	1.2240422324388591	0.0	3.6142637511214972	0.0	0.0	0.8392672349580165	2.136253915802365	0.0	0.0	1.7491849964654274	1.3157357635476004	1.8445447506590458	0.4725929662164819	0.0	0.0	0.0	0.0	0.0	0.0	0.0	1.7175950960803417	3.8964434120611964	0.0	0.0	0.0	2.7691755658602166	0.4725929662164819	0.6935303645868166	0.0	0.0	0.4725929662164819	0.0	2.154605074664894	0.0	0.0	0.6935303645868166	0.4725929662164819	0.0	0.0	1.0352059692869247	2.607048259634468	0.4725929662164819	0.0
SRR31418691	0.0	0.0	0.0	1.721079442204211	1.1201135025202733	0.0	0.38625786944043144	0.0	2.6725780108994917	4.828704072266797	2.1763791132437036	0.0	0.0	0.0	0.49837574795888817	0.0	0.0	0.0	0.0	0.0	4.496434402467182	0.23472585152913764	2.751053485625075	1.9360213214455675	0.0	0.0	0.38625786944043144	2.675873653894988	0.0	0.0	0.23472585152913764	2.3638010732147188	0.724353363459342	0.0	0.9121286489222654	1.2601616542291807	2.9657987148214753	0.0	0.0	0.0	0.0	0.0	0.0	0.0	0.0	0.9121286489222654	4.20386157717441	0.0	0.0	0.0	0.23472585152913764	0.23472585152913764	0.0	0.0	0.0	1.1857258621520397	0.23472585152913764	0.23472585152913764	0.0	0.0	0.23472585152913764	0.0	0.0	0.23472585152913764	0.49837574795888817	0.0	0.0	0.0
SRR31418692	0.0	0.9000379891816341	0.0	2.3874595963772935	1.7030835341420116	0.5567837521339598	0.0	0.0	2.453267981935896	4.870464868281656	2.809011206904781	0.0	0.0	0.0	0.43711518838355823	0.43711518838355823	0.0	0.0	0.43711518838355823	0.0	4.480685590072957	0.27137620937762974	1.9077108445409021	3.0862416292202792	0.0	1.0231688305072753	0.7929505121340117	3.2120177578142255	0.0	1.0231688305072753	0.9000379891816341	2.254807592558816	0.0	0.5567837521339598	0.5567837521339598	0.8497865999484493	3.891753626543489	0.27137620937762974	0.9858740788150087	0.0	0.0	0.0	0.0	0.0	0.0	0.27137620937762974	2.9827255787063316	0.0	0.0	0.0	0.5567837521339598	0.27137620937762974	0.0	0.0	0.0	1.4178355403184337	0.0	2.1320660660378294	0.0	0.0	0.0	0.27137620937762974	0.0	0.43711518838355823	0.9450732244939157	0.0	0.6505006879183023	0.0
SRR31418693	0.49190273100452764	1.06142690648457	0.0	2.3336369973879325	1.6936291755842006	0.7166483491866358	0.0	0.0	2.7337533314674984	4.853556474277832	2.654395047950104	0.0	0.0	0.0	0.49190273100452764	0.0	0.0	0.0	0.0	0.0	4.5219077173826925	0.0	1.565442765123278	2.644150585808994	0.0	0.0	0.0	1.251173622392409	0.0	0.0	0.49190273100452764	3.1015128911875225	0.0	0.0	0.9738414204217853	0.0	2.9639712852892175	0.49190273100452764	0.0	0.0	0.0	0.0	0.0	0.0	0.0	0.7166483491866358	3.962750714551939	0.0	0.49190273100452764	0.0	0.0	0.49190273100452764	0.0	0.0	0.0	0.0	0.0	0.0	0.0	0.0	0.0	0.0	0.0	0.0	0.0	0.0	0.0	0.0
SRR31418694	0.0	0.0	0.0	1.9633089872282188	1.7878196833477988	0.0	0.5999139086031944	0.0	3.2915487610707164	4.777044634041438	3.911783758438957	0.24181301457028734	0.0	0.0	0.24181301457028734	0.0	0.0	0.509902738572914	0.0	0.0	4.593944959842488	0.0	1.8736808787985126	2.6505962961674947	0.509902738572914	0.0	0.0	2.232681344867207	0.24181301457028734	0.0	1.111300510060228	3.111832765712058	0.5999139086031944	0.0	0.509902738572914	2.111101647043714	3.5394955446695286	0.24181301457028734	0.0	0.0	0.0	0.0	0.0	0.0	0.0	1.2403383977261127	3.4410257739224974	0.0	0.0	0.0	0.5999139086031944	0.3962239917267299	0.0	0.0	0.0	0.7380209814492917	0.7934756905815078	0.8868084820591535	0.0	0.0	0.3962239917267299	0.0	0.0	0.5999139086031944	0.6744342808762095	0.0	0.0	0.0
SRR31418695	0.0	0.0	0.0	1.8635581572037436	1.5363587605448266	0.0	0.5605753437782414	0.0	2.3942191972023332	4.953667389979502	3.9201135279715045	0.0	0.0	0.0	0.4404466074194836	0.0	0.0	0.27381842127422995	0.0	0.0	4.225475317159061	0.0	1.3440924816389628	2.3672296157522137	0.27381842127422995	0.4404466074194836	0.4404466074194836	2.940329407489629	0.0	1.1516140091731435	1.1238332672839368	1.858302725113991	0.5605753437782414	0.0	0.7318027325489853	2.108521150607514	2.6038047824383863	0.4404466074194836	0.0	0.0	0.0	0.0	0.0	0.0	0.0	0.8542889530161584	2.7938752698818528	0.0	0.0	0.0	0.27381842127422995	0.27381842127422995	0.4404466074194836	0.0	0.0	0.9497207808475581	0.5605753437782414	0.7318027325489853	0.0	0.0	0.7973497807165977	0.0	0.0	0.4404466074194836	0.5605753437782414	0.0	0.0	0.0
SRR31418696	0.0	0.0	0.3624170681197034	2.4610590885358543	1.2540037064405969	0.3624170681197034	0.0	0.0	3.468648756755913	4.810974256423549	3.609701611385835	0.0	0.0	0.0	0.6911663173148475	0.0	0.0	0.0	0.0	0.0	4.565823159138423	0.5571829922710502	2.053516978192478	1.9197585177815066	0.3624170681197034	0.0	0.5571829922710502	2.8051516058291384	0.0	0.0	1.0580167547415358	1.7146856709191582	0.0	0.0	1.0580167547415358	2.672388915235336	2.2112620143034807	0.3624170681197034	0.0	0.0	0.0	0.0	0.0	0.0	0.0	0.6911663173148475	3.868344076811983	0.0	0.3624170681197034	0.0	0.0	0.6911663173148475	0.3624170681197034	0.0	0.0	0.0	0.5571829922710502	0.3624170681197034	0.0	0.0	0.5571829922710502	0.0	0.0	0.6911663173148475	0.3624170681197034	0.3624170681197034	0.0	0.0
SRR31418697	0.0	0.0	0.27357926637227187	3.664242942249384	2.1395313286977715	0.6541754107082932	1.0274502258732137	0.0	3.365694269830477	4.718871697271937	3.883220923917394	0.0	0.8538489991061884	0.27357926637227187	0.9901154613169533	0.27357926637227187	0.0	0.27357926637227187	0.0	0.0	4.5691971519927215	0.27357926637227187	2.822994856324374	2.554054411479406	0.27357926637227187	0.6541754107082932	0.27357926637227187	2.3466057697085754	0.0	0.0	1.1772464794533561	1.863053628276572	0.7969198538834658	0.0	1.9350899771570509	1.5012290726208883	3.7516011335884496	0.0	0.0	0.0	0.0	0.0	0.4401206773123059	0.0	0.0	1.2683425388630236	3.7903331556426614	0.0	0.0	0.0	0.9041730960706902	2.481240469371215	0.27357926637227187	0.0	0.0	0.27357926637227187	0.5602045696511172	0.0	0.0	0.0	0.5602045696511172	0.0	0.0	0.0	0.5602045696511172	0.0	0.0	0.0
SRR31418698	0.0	0.0	0.0	2.4789029629245554	2.209242832186991	0.0	0.0	0.0	3.1091396102066087	4.852754588084623	3.7514000354377877	0.0	0.2623024371252787	0.0	0.6352318332896753	0.5425915636749428	0.0	0.2623024371252787	0.0	0.0	4.420113649981268	0.0	1.9064421345281535	2.1910694079602036	0.0	1.512099806912121	0.0	2.1887433115821437	0.0	0.0	0.4246770864254809	1.9108870967348972	0.8328674456725359	0.0	1.2452034808305348	1.6195035506633004	3.670430046245858	0.4246770864254809	0.0	0.0	0.0	0.0	0.2623024371252787	0.0	0.0	1.2021810704552642	3.8372631911251234	0.0	0.0	0.0	0.8828084612585765	0.7115430829844164	0.2623024371252787	0.0	0.0	2.8219519290163144	0.4246770864254809	0.8328674456725359	0.0	0.0	0.2623024371252787	0.0	0.0	0.8328674456725359	0.6352318332896753	0.7115430829844164	0.0	0.0
SRR31418699	0.0	0.0	0.0	2.382175202293277	1.7367050918709084	1.1824496779811473	1.1824496779811473	0.2640010529354406	3.2459868226905852	4.8543892328608385	3.2445410287888063	0.0	0.0	0.0	0.7795428703227837	0.0	0.0	0.8860586054152635	0.0	0.0	4.520174525293271	0.2640010529354406	2.43596599072528	3.1176113107512418	0.6381068280104848	0.7795428703227837	0.7145572419569932	2.4099028662711675	0.0	1.3238093540044433	0.6381068280104848	1.6231520492874676	1.3878025354395105	0.0	2.2939169798485355	0.7145572419569932	3.7381452859799507	0.2640010529354406	0.0	0.0	0.0	0.0	0.0	0.0	0.0	1.4024288946569743	3.209885721207876	0.0	0.0	0.0	0.6381068280104848	0.42701286505335223	0.6381068280104848	0.0	0.0	0.5452611342449979	0.6381068280104848	0.8360581125804716	0.2640010529354406	0.0	0.6381068280104848	0.0	0.0	0.5452611342449979	0.42701286505335223	0.8360581125804716	0.0	0.0
SRR31418700	0.0	0.0	0.46109703586011175	1.4389939953275666	1.0193917055426942	0.6796687503596185	0.0	0.0	3.1955977853409725	4.674906590561339	2.846758756088174	0.0	0.0	0.0	0.46109703586011175	0.46109703586011175	0.0	0.0	0.0	0.0	4.650900916289299	0.0	1.4950058291486767	2.149090072071418	0.0	1.0193917055426942	0.0	0.0	0.0	0.0	0.46109703586011175	0.46109703586011175	0.0	0.0	1.0193917055426942	0.46109703586011175	3.2985874963856823	0.46109703586011175	0.0	0.0	0.0	0.0	0.0	0.0	0.0	0.8243847372869227	4.1405368849731286	0.0	0.0	0.46109703586011175	0.0	0.0	0.6796687503596185	0.0	0.0	0.6796687503596185	0.0	2.382374387005949	0.0	0.0	0.0	0.0	0.0	0.0	0.46109703586011175	3.853514014332541	0.46109703586011175	0.0
SRR31418701	0.0	0.0	0.0	2.61650828801875	1.727869761506171	0.4390188753499652	0.5589508893176887	0.27277116068642066	3.837718169203232	4.77571381949648	3.174547528433635	0.0	0.27277116068642066	0.0	1.3588894318924554	0.4390188753499652	1.4486168331437135	0.0	0.0	0.0	4.583337246941172	0.0	2.4468603861528826	1.83441131201236	0.0	0.4390188753499652	0.0	2.494358355767648	0.0	0.0	1.3419518680245477	3.187063045835438	0.4390188753499652	0.0	1.0258821404967302	1.3059561533005162	3.3275041203081823	0.0	0.0	0.0	0.0	0.0	0.27277116068642066	0.0	0.0	1.0920918414238339	3.812102702371758	0.0	0.0	0.0	0.9026584280944749	0.4390188753499652	0.0	0.0	0.0	1.1217598786845109	0.5589508893176887	0.4390188753499652	0.0	0.0	0.27277116068642066	0.27277116068642066	0.0	0.0	0.9477307214717502	0.27277116068642066	0.0	0.0
SRR31418702	0.0	0.0	0.0	2.8132815383543845	2.2191736312732466	0.0	0.32790900587156196	0.0	3.652933780400671	4.809267125890473	3.8070655430725413	0.0	0.32790900587156196	0.0	0.7412125065744946	0.0	0.0	0.0	0.0	0.0	4.4049114166872725	0.0	2.370017805347917	2.5898674920988993	0.32790900587156196	1.0009347074002155	0.0	2.4653008125272455	0.0	1.372062163599782	0.5126025451571987	3.669179424634941	0.6417793582332364	0.32790900587156196	0.5126025451571987	2.145215878247268	3.284395673351767	0.32790900587156196	0.0	0.0	0.0	0.0	0.0	0.0	0.0	1.3283485619763433	3.9256212438357254	0.0	0.0	0.0	0.0	0.0	0.0	0.0	0.0	1.4481594266408118	0.32790900587156196	1.372062163599782	0.0	0.0	0.32790900587156196	0.7412125065744946	0.0	0.32790900587156196	0.5126025451571987	0.0	0.0	0.0
SRR31418703	0.35177286802441	0.777536630260477	0.5435412803740611	2.946083757158817	1.203428473822082	0.35177286802441	0.0	0.0	3.4185573542988976	4.821019826482898	3.2026357104253482	0.0	0.0	0.0	0.6761113596236461	0.9287681243641353	0.0	0.0	0.0	0.0	4.554338674160712	0.35177286802441	3.4271542777438144	2.5671725307572246	0.0	0.0	0.5435412803740611	2.9001763466231925	0.0	0.0	0.5435412803740611	3.057024164466458	0.0	0.0	1.129650803523496	1.7756126169228654	2.611783115413999	0.0	0.0	0.0	0.0	0.0	0.0	0.0	0.0	0.0	3.705745576984245	0.0	0.0	0.0	0.0	0.35177286802441	0.5435412803740611	0.0	0.0	0.35177286802441	0.0	0.5435412803740611	0.0	0.0	0.0	0.777536630260477	0.0	0.9287681243641353	0.6761113596236461	1.3928673829590785	0.35177286802441	0.0
SRR31418704	0.0	0.0	0.0	2.2118057048955575	1.5616150638532829	0.0	0.0	0.0	3.3572572915748062	4.841572134971665	3.7038383750678827	0.0	0.0	0.0	0.6574677504563852	0.3387424700964377	0.0	0.0	0.0	0.0	4.4153230783244	0.0	2.262311379773353	2.0888017504353082	0.0	0.0	0.0	3.067978009457834	0.0	0.0	0.7578319177070849	1.8842962450833607	1.0656888808600329	0.0	1.272341559878461	2.1510352824388237	3.598082834001662	0.0	0.0	0.0	0.0	0.0	0.5267103295829985	0.0	0.0	1.2137479282798649	3.9532721472850643	0.0	0.0	0.0	0.3387424700964377	0.6574677504563852	0.0	0.0	0.3387424700964377	0.7578319177070849	0.0	0.3387424700964377	0.0	0.3387424700964377	0.5267103295829985	0.0	0.0	0.0	0.6574677504563852	1.9746656795589637	0.0	0.0
SRR31418705	0.0	0.0	0.0	1.7787951416358594	1.063825127006555	0.0	0.0	0.0	2.5997374513319276	4.795515154276329	3.821715324925963	0.0	0.0	0.0	0.27460247636125007	0.0	0.0	0.0	0.0	0.0	4.377344465620396	0.0	1.7387604961253011	1.5902041383225705	0.0	0.27460247636125007	0.27460247636125007	1.7245512489439045	0.0	0.0	0.44151469366003815	1.9546018461559431	0.44151469366003815	0.0	0.6558779172617328	4.084811488051491	3.730771372150801	0.0	0.0	0.0	0.0	0.0	0.0	0.0	0.0	0.6558779172617328	3.8188185243959305	0.0	0.0	0.0	0.44151469366003815	0.0	0.0	0.0	0.0	0.6558779172617328	0.27460247636125007	0.5617901177195628	0.0	0.0	0.0	0.27460247636125007	0.0	0.5617901177195628	0.9920786332030049	0.5617901177195628	0.0	0.0
SRR31418706	0.0	0.6142665909411887	0.8590207661730282	1.8881431680037037	1.1764703252170086	0.40773258116345945	0.0	0.0	2.5790442685448394	4.768306209132762	3.517323138736859	0.0	0.0	0.0	0.40773258116345945	0.6142665909411887	0.0	0.0	0.40773258116345945	0.0	4.634859878075733	0.0	2.6955950244834836	2.228290432255659	0.0	0.40773258116345945	0.0	2.4140767930194174	0.0	0.0	0.40773258116345945	1.822131831610519	0.0	0.0	1.294116245083427	2.8750162380814124	2.4747829311834435	0.0	0.0	0.40773258116345945	0.0	0.0	0.0	0.0	0.0	0.6142665909411887	3.9882162994852806	0.0	0.40773258116345945	0.0	0.0	0.0	0.0	0.0	0.0	0.0	0.0	0.0	0.0	0.0	0.0	0.0	0.0	0.0	0.6142665909411887	2.616588816201397	0.6142665909411887	0.0
SRR31418707	0.0	0.0	0.29261538212733723	2.0400613735022413	1.7157191219916677	0.0	0.9391685863176107	0.0	2.916511998352773	4.863349496748625	3.720518372794318	0.0	0.29261538212733723	0.0	0.0	0.5893761320575106	0.0	0.465865145549351	0.0	0.29261538212733723	4.436812530091154	0.0	1.7826200901113909	2.6467430312185103	0.0	0.0	0.5893761320575106	2.8941833850103165	0.0	0.0	0.8305715779938417	2.11346664782145	1.4607031280454974	0.0	1.0636277276963577	0.6854272365594034	3.2809924813924654	0.29261538212733723	0.0	0.0	0.0	0.0	0.465865145549351	0.29261538212733723	0.0	1.1602497291424374	3.8738746772166013	0.0	0.0	0.0	0.6854272365594034	0.0	0.0	0.0	0.0	2.470199339215316	0.465865145549351	0.5893761320575106	0.0	0.0	0.6854272365594034	0.0	0.0	0.0	0.8882556630231443	0.0	0.0	0.0
SRR31418708	0.0	0.0	0.0	1.5101632481094842	1.9957932504981968	0.0	1.0335686422593573	0.0	2.1761340356233694	4.86567629115823	3.877369686691061	0.29674422540215645	0.0	0.0	0.0	0.5956153708239541	1.625056484101999	0.29674422540215645	0.0	0.0	4.365309064294189	0.0	1.9871088111896769	2.800285120975494	0.29674422540215645	0.5956153708239541	0.0	2.433896920906018	0.0	1.4687969105680212	0.8955619036694833	1.7839177376488866	1.2705970120251364	0.0	0.9465938743385673	1.925985349338211	3.2104513303066824	0.29674422540215645	0.29674422540215645	0.0	0.0	0.0	0.0	0.0	0.0	0.9465938743385673	4.012782629054594	0.0	0.0	0.0	0.29674422540215645	0.0	0.4713974440105081	0.0	0.0	2.236947842383931	0.4713974440105081	0.0	0.0	0.0	0.6920923230088668	0.0	0.0	0.29674422540215645	0.5956153708239541	0.29674422540215645	0.0	0.0
SRR31418709	0.0	0.0	0.0	2.003737896101098	1.6282063254927452	0.0	0.519114036633409	0.0	2.9178047027423357	4.849605765391978	3.434507612901864	0.0	0.0	0.0	1.1235577460942776	0.519114036633409	0.0	0.24752835743357068	0.24752835743357068	0.0	4.441894092035356	0.24752835743357068	1.9584585562542514	2.228485308353751	0.0	0.24752835743357068	0.0	1.7955673064260838	0.0	0.0	0.519114036633409	1.511825821944151	0.9754347659950746	0.0	1.2338065710500747	1.9240945071780138	3.783165979891759	0.24752835743357068	0.0	0.0	0.24752835743357068	0.0	0.0	0.0	0.0	0.8983789798320343	3.9401685289088304	0.0	0.0	0.0	0.519114036633409	0.6849295512015308	0.0	0.0	0.0	2.619708349373967	0.40421352157570345	0.24752835743357068	0.0	0.0	0.40421352157570345	0.0	0.0	0.0	0.8046377790546843	0.0	0.0	0.0
SRR31418710	0.0	0.0	0.0	1.851173325098557	1.1177013686196569	0.5672350046190784	0.0	0.0	2.2454269194889607	4.905918336473624	3.548921766539812	0.0	0.0	0.0	0.0	0.8881476272610321	0.0	0.0	0.37030700810524964	0.0	4.438569281910239	0.0	1.6698758326931917	1.682199515856713	0.0	1.0706691682549383	0.0	2.3297030543336317	0.0	0.0	0.0	2.1693853046412293	0.0	0.0	1.1177013686196569	0.5672350046190784	1.7390615117025277	0.37030700810524964	0.0	0.0	0.0	0.0	0.0	0.0	0.0	1.1987876915166933	3.73353074631106	0.0	0.0	0.0	0.5672350046190784	0.37030700810524964	0.37030700810524964	0.0	0.0	0.702228826694052	0.5672350046190784	0.9578619183111763	0.0	0.37030700810524964	0.702228826694052	0.0	0.0	0.37030700810524964	0.37030700810524964	1.0179179790734183	0.0	0.37030700810524964
