SAMPLE_ID	Acholeplasmatales	Acidaminococcales	Acidimicrobiales	Acidithiobacillales	Acidobacteriales	Actinomycetales	Aeromonadales	Alteromonadales	Anaerolineales	Aquificales	Ardenticatenales	Bacillales	Bacteriovoracales	Bacteroidales	Bacteroidetes Order II. Incertae sedis	Bdellovibrionales	Bifidobacteriales	Bradymonadales	Bryobacterales	Burkholderiales	Caldilineales	Calditrichales	Campylobacterales	Candidatus Brocadiales	Candidatus Nanosynbacterales	Cardiobacteriales	Caulobacterales	Cellvibrionales	Chitinophagales	Chlamydiales	Chlorobiales	Chromatiales	Chthonomonadales	Clostridiales	Coprothermobacterales	Coriobacteriales	Corynebacteriales	Cytophagales	Deferribacterales	Deinococcales	Desulfarculales	Desulfobacterales	Desulfovibrionales	Desulfurellales	Desulfuromonadales	Eggerthellales	Egicoccales	Emcibacterales	Endomicrobiales	Enterobacterales	Entomoplasmatales	Erysipelotrichales	Fibrobacterales	Fimbriimonadales	Flavobacteriales	Fusobacteriales	Gemmatimonadales	Glycomycetales	Halanaerobiales	Holosporales	Hydrogenophilales	Ignavibacteriales	Immundisolibacterales	Kiritimatiellales	Ktedonobacterales	Lactobacillales	Legionellales	Leptospirales	Limnochordales	Marinilabiliales	Mariprofundales	Methanobacteriales	Methylococcales	Micrococcales	Mycoplasmatales	Myxococcales	Nautiliales	Neisseriales	Nevskiales	Nitrosomonadales	Nitrospirales	Nostocales	Oceanospirillales	Opitutales	Orbales	Oscillatoriales	Parachlamydiales	Pasteurellales	Pelagibacterales	Petrotogales	Pirellulales	Planctomycetales	Pleurocapsales	Propionibacteriales	Pseudomonadales	Pseudonocardiales	Puniceicoccales	Rhizobiales	Rhodobacterales	Rhodocyclales	Rhodospirillales	Rickettsiales	Rubrobacterales	Selenomonadales	Silvanigrellales	Sphaerobacterales	Sphingobacteriales	Sphingomonadales	Spirochaetales	Streptomycetales	Streptosporangiales	Synechococcales	Synergistales	Syntrophobacterales	Thermales	Thermoanaerobacterales	Thermodesulfobacteriales	Thiotrichales	Tissierellales	Veillonellales	Verrucomicrobiales	Vibrionales	Xanthomonadales
SRR20283897	0.0	3.1982711048181582	0.0	0.0	0.0	0.8486627759959868	0.0	0.0	0.0	0.0	0.0	0.9439129136141179	0.0	4.042622520261044	0.0	0.0	1.3202262618855307	0.0	0.0	2.726899603183323	0.0	0.0	0.43628504164158133	0.0	1.0881361479541418	0.0	0.0	2.265905890626791	0.9439129136141179	0.0	0.2707684205636729	0.5558383094807262	0.0	3.6881151436701147	0.0	1.744443503604367	0.0	0.2707684205636729	0.0	0.0	0.0	0.0	2.2450379374720937	0.0	0.0	0.9439129136141179	0.0	0.0	0.0	3.564078601064368	0.2707684205636729	1.9201836153091212	0.0	0.0	2.561651768423456	1.601433215805532	0.0	0.0	0.0	0.0	0.0	1.662757894799529	0.0	0.0	0.0	2.750226512476935	0.0	0.0	0.5558383094807262	0.0	0.0	0.5558383094807262	0.0	0.43628504164158133	0.43628504164158133	0.0	0.0	0.8486627759959868	0.0	0.2707684205636729	0.0	0.0	0.7264764778380604	0.0	0.0	0.0	0.0	2.4273862896392693	0.0	0.0	0.0	0.0	0.2707684205636729	0.0	2.650830428980612	0.0	0.0	0.7264764778380604	0.0	0.0	0.7264764778380604	0.0	0.0	0.0	0.0	0.0	0.0	0.0	0.0	0.0	0.2707684205636729	0.0	0.0	0.0	0.0	0.0	0.0	0.2707684205636729	0.43628504164158133	3.0768224878092894	2.8441664748784063	0.43628504164158133	0.0
SRR20283898	0.0	2.5811733769527723	0.0	0.0	0.0	1.0552304235282275	0.3943548988995531	0.0	0.0	0.0	0.3943548988995531	1.8833878129770387	0.0	4.074689360052341	0.7354665307578852	0.0	2.0978594933028507	0.0	0.0	2.7235892407443383	0.0	0.0	0.7354665307578852	0.0	1.525664598457371	0.0	0.0	0.3943548988995531	0.8399673483446537	0.0	0.0	0.8399673483446537	0.0	3.737087750905213	1.5060772289095592	2.56222629886021	0.3943548988995531	0.7354665307578852	0.0	0.0	0.0	0.0	2.1899463480864005	0.0	0.0	2.1981659578643056	0.0	0.0	0.0	3.0597798420343625	0.5975739607071244	1.8662455174823946	0.0	0.0	0.8399673483446537	2.7585683632771887	0.0	0.0	0.3943548988995531	0.0	0.0	1.2730792936195345	0.0	0.0	0.0	2.6259731749777013	0.0	0.0	0.5975739607071244	1.155792158538096	0.0	2.7024409757408776	0.0	1.1985051664389457	0.3943548988995531	0.0	0.0	1.336705102103363	0.0	0.9241364099218838	0.0	0.0	0.5975739607071244	0.0	0.0	0.0	0.0	2.0714266588389267	0.0	0.0	0.0	0.0	0.0	0.0	2.0714266588389267	0.0	0.0	1.93855949545201	0.5975739607071244	0.0	0.7354665307578852	0.3943548988995531	0.0	1.6276170101617127	0.0	0.0	0.7354665307578852	0.0	0.0	0.0	0.0	2.8916429972609605	0.3943548988995531	0.0	0.0	0.7354665307578852	0.0	0.8399673483446537	1.155792158538096	3.408816869877151	2.076843498065644	0.3943548988995531	0.0
SRR20283899	0.0	1.8238850374637774	0.415230052356778	0.0	0.0	0.415230052356778	0.0	0.0	0.0	0.0	0.0	2.3909972501943404	0.415230052356778	4.033237178395063	1.2308414666825676	0.415230052356778	1.8913913063727095	0.415230052356778	0.0	2.3647786207196693	0.0	0.0	0.415230052356778	0.0	0.7637731815323563	0.0	0.415230052356778	1.2699075990222102	0.7637731815323563	0.0	0.0	1.3388544384343184	0.0	3.979537266426303	1.6761866145229352	2.9333974031055607	0.7637731815323563	0.7637731815323563	0.0	1.1402659451762294	0.0	0.0	2.8762877035484196	0.0	0.0	2.5521098124162753	0.0	0.415230052356778	0.7637731815323563	1.64582990546631	0.0	2.5259788829810312	0.0	0.0	0.8695924502521739	0.0	0.0	0.0	0.0	0.0	0.0	1.9575406640759054	0.0	0.0	0.0	1.6906046400560188	0.0	0.0	2.0945353070162316	0.0	0.0	3.143868767027693	0.0	0.0	0.415230052356778	0.0	0.0	0.0	0.0	0.0	0.0	0.0	0.0	0.0	0.0	0.0	0.0	0.415230052356778	0.0	0.0	0.0	0.0	0.0	0.0	1.7311915947413954	0.0	0.0	1.768307569790501	0.415230052356778	0.0	0.7637731815323563	0.0	0.0	2.175926098137042	0.0	0.0	0.0	0.415230052356778	0.0	0.0	0.0	0.0	0.0	0.0	0.0	0.0	0.0	0.0	1.4973334394471114	2.684003521386043	0.415230052356778	0.415230052356778	0.0
SRR20283906	0.0	2.6700792061169825	0.0	0.0	0.0	0.0	0.23122557595127738	0.0	0.0	0.0	0.0	1.2521981469041206	0.0	4.222561696631918	0.7175254739290475	1.2689538696226514	0.9047387209976054	0.0	0.0	3.080846234629517	0.0	0.0	0.0	0.0	0.23122557595127738	0.0	0.0	0.23122557595127738	0.6546783639045469	0.23122557595127738	0.0	0.5811724199625659	0.23122557595127738	3.7889611804278274	0.0	2.533101600092062	0.0	0.6546783639045469	0.0	0.0	0.0	0.0	0.5811724199625659	0.0	0.0	1.4536037680467366	0.0	0.0	0.0	0.974811599138236	0.0	1.7523587640631928	0.49263867979240006	0.0	0.7724170625838048	0.23122557595127738	0.0	0.0	0.0	0.0	0.49263867979240006	2.1266998053884723	0.0	0.38131109288528986	0.0	1.6946925475770405	0.0	0.0	0.38131109288528986	0.0	0.0	0.0	0.0	0.0	0.23122557595127738	0.23122557595127738	0.0	0.23122557595127738	0.0	1.0351334336746694	0.0	0.0	0.0	0.0	0.0	0.0	0.0	0.49263867979240006	0.38131109288528986	0.0	0.0	0.0	0.0	0.23122557595127738	1.408350218634915	0.0	0.0	0.974811599138236	0.0	0.0	0.5811724199625659	0.23122557595127738	0.0	0.0	0.0	0.0	0.23122557595127738	0.49263867979240006	0.0	0.0	0.0	0.0	0.0	0.23122557595127738	0.0	0.9047387209976054	0.0	0.23122557595127738	0.0	2.7931501986294998	0.38131109288528986	0.23122557595127738	0.38131109288528986
SRR20283907	0.0	3.4387353141328045	0.0	0.0	0.0	0.444452394952943	0.444452394952943	0.444452394952943	0.0	0.0	0.0	0.910114122329467	0.0	4.175674789231811	0.9962073716658336	0.0	1.6413020265235436	0.0	0.0	2.0934220830769816	0.0	0.0	0.0	0.0	0.0	0.0	0.0	1.584724819708153	0.8026253577218576	0.0	0.0	0.0	0.0	3.690161797809738	0.0	1.8800679911400708	0.0	0.0	0.0	0.0	0.0	0.0	2.9124535140611227	0.0	0.0	1.8140741918254462	0.6594617763312871	0.0	0.0	2.546757582871814	0.0	1.068024810835598	0.444452394952943	0.0	0.444452394952943	1.6586338389760824	0.0	0.0	0.0	0.0	0.0	1.4142468808069237	0.0	0.0	0.0	2.5171962978804987	0.0	0.0	0.0	0.0	0.0	2.6322815973203846	0.0	0.0	1.6413020265235436	0.0	0.0	0.444452394952943	0.0	0.0	0.0	0.0	0.0	0.0	0.0	0.0	0.0	1.7502068343347414	0.0	0.0	0.0	0.0	0.0	0.0	2.1350638778929802	0.0	0.0	0.444452394952943	0.0	0.0	1.9000111074347188	0.0	0.0	0.8026253577218576	0.0	0.0	0.444452394952943	0.0	0.0	0.0	0.0	0.0	0.0	0.0	0.0	0.0	0.0	0.6594617763312871	0.0	2.4879990080244685	2.3958204169890247	0.0	0.0
SRR20283908	0.0	3.222302920199456	0.0	0.0	0.0	0.7068717600293515	0.0	0.0	0.0	0.0	0.0	1.6628508607319157	0.0	3.968752057016776	0.48371599471396887	0.0	1.1230481027103538	0.0	0.7068717600293515	0.48371599471396887	0.0	0.0	0.48371599471396887	0.0	1.1230481027103538	0.0	0.48371599471396887	0.0	0.0	0.0	0.48371599471396887	0.0	0.7068717600293515	4.029593234999144	0.0	2.922065063280966	0.0	0.8535587434044742	0.0	0.0	0.0	0.0	2.482578573553195	0.0	0.0	2.482578573553195	0.0	0.0	1.2880953912810806	3.0197210421443623	0.0	1.5536444896141977	0.0	0.0	0.48371599471396887	1.939159209170132	0.0	0.0	0.0	0.0	0.0	1.2880953912810806	0.0	0.0	0.0	2.9123895173726826	0.0	0.0	1.2880953912810806	0.0	0.0	0.0	0.0	0.48371599471396887	0.7068717600293515	0.0	0.0	0.0	0.0	0.0	0.0	0.0	0.0	0.0	0.0	0.0	0.48371599471396887	1.1230481027103538	0.0	0.48371599471396887	0.0	0.0	0.0	0.0	1.6430967261176546	0.0	0.0	0.0	0.0	0.0	2.4554242107025663	0.7068717600293515	0.0	1.2397303020499661	0.0	0.0	0.0	0.48371599471396887	0.0	0.48371599471396887	0.0	0.0	0.0	0.0	0.0	0.48371599471396887	0.0	0.48371599471396887	0.0	2.4094898326087684	0.0	0.0	0.0
SRR20283909	0.0	3.1300766067846237	0.0	0.0	0.4052718771441509	1.382709533342801	0.8555346383112276	0.6112056484811114	0.8555346383112276	0.0	0.0	1.6602425415749313	0.0	3.82137296792531	1.6139122067772937	0.0	1.4815675121339629	0.0	0.0	2.203805227991036	0.0	0.0	1.0109519022163642	0.4052718771441509	0.0	0.0	0.750330298515909	0.6112056484811114	1.4815675121339629	0.0	0.0	1.1726926742488977	0.750330298515909	4.031017621330614	1.125172472819667	2.35154849916944	0.4052718771441509	1.1726926742488977	0.0	1.5973012645321718	0.0	0.4052718771441509	2.7513066892324014	0.0	0.4052718771441509	1.7522966591282618	0.0	0.0	1.125172472819667	2.74652955819633	0.0	2.4126422443685756	1.21552227478778	0.0	1.9096272808804264	1.9258195934929818	0.750330298515909	0.0	0.4052718771441509	0.4052718771441509	0.0	1.580029631250069	0.0	0.4052718771441509	0.0	2.8293683820531492	0.4052718771441509	0.0	1.1726926742488977	0.8555346383112276	0.0	2.5416751754772084	0.0	0.4052718771441509	0.0	1.3233208133547776	0.0	0.6112056484811114	0.4052718771441509	0.6112056484811114	0.0	0.0	0.6112056484811114	0.0	0.0	0.0	0.0	0.9401587180065818	0.0	0.0	0.4052718771441509	0.4052718771441509	0.0	0.6112056484811114	1.3233208133547776	0.0	0.0	0.750330298515909	0.0	0.0	0.6112056484811114	0.0	0.0	1.9988000813448896	0.0	0.0	1.580029631250069	0.0	0.0	0.0	0.0	0.0	2.886037482470422	0.4052718771441509	0.0	0.4052718771441509	0.0	1.2545046441224565	1.2545046441224565	3.211350809792815	3.0531386938936365	1.21552227478778	0.6112056484811114
SRR20283910	0.0	3.1096421732990036	0.0	0.0	0.0	0.0	1.3261202759926405	0.9098607000820926	0.33997117138724986	0.0	0.0	1.7453118282640112	0.0	3.7837630638091233	1.3722621305032845	0.0	2.849077829577295	0.0	0.0	2.366582073862151	0.0	0.0	0.9098607000820926	0.0	0.0	0.0	1.1481020779596118	2.631993296451776	2.0826032042531435	0.0	0.0	1.2744868197437638	0.7597030111254587	4.014935706725192	1.6639780258278285	2.745702718782217	0.6592361170461074	0.9691042842644538	0.0	1.7453118282640112	0.0	0.5283037339402048	2.545736051003265	0.0	0.0	2.267360764249884	0.0	0.0	1.2158757457047173	2.8020889452149684	0.0	2.5809674334831922	0.33997117138724986	0.0	1.8516824525503623	0.0	0.7597030111254587	0.0	0.0	0.33997117138724986	0.0	1.5193769714263061	0.5283037339402048	0.0	0.33997117138724986	2.6122963716797853	0.5283037339402048	0.0	0.6592361170461074	0.0	0.0	2.63915526725944	0.33997117138724986	0.7597030111254587	0.7597030111254587	1.1481020779596118	0.0	0.5283037339402048	0.0	0.33997117138724986	0.0	0.5283037339402048	1.0212278145416236	0.0	0.0	0.0	0.0	0.9691042842644538	0.0	0.0	0.0	0.33997117138724986	0.0	2.6531343345735174	1.6526505300001928	0.0	0.5283037339402048	1.0677605512639774	0.33997117138724986	0.0	0.9098607000820926	0.33997117138724986	0.0	1.675017566668129	0.0	0.0	0.33997117138724986	0.5283037339402048	0.0	0.0	0.0	0.0	1.0677605512639774	0.0	0.0	0.8412394297723549	0.0	1.3010704368195904	1.629068698672652	1.9981379351331878	3.4044486036790906	1.3498037110612249	0.33997117138724986
SRR20283913	0.0	2.8869583489937134	0.0	0.0	0.0	1.0782815621122528	0.7561523196885047	0.40957488293357414	0.616555524898528	0.0	0.0	1.9484194819288294	0.0	4.073699153973136	0.616555524898528	0.40957488293357414	2.6196029598166874	0.0	0.0	2.3761205643291645	0.0	0.616555524898528	0.0	0.0	0.9464230167211817	0.0	0.0	0.0	0.40957488293357414	0.0	0.0	1.2611841005215338	0.0	3.896417840761673	0.0	2.5370201712040847	0.40957488293357414	0.7561523196885047	0.0	0.0	0.0	0.0	2.9393225465741972	0.0	0.0	2.704028331667313	0.0	0.0	0.0	3.001247202539548	0.40957488293357414	1.9166108380376912	0.0	0.0	0.40957488293357414	1.296984678820157	0.0	0.0	0.0	0.0	0.0	1.5869150670135275	0.0	0.0	0.0	2.7523843285661855	0.40957488293357414	0.0	0.0	0.0	0.0	2.5978114161317825	0.0	1.0782815621122528	0.40957488293357414	0.0	0.0	0.0	0.0	0.40957488293357414	0.0	0.40957488293357414	1.3607889930789678	0.0	0.0	0.0	0.0	0.40957488293357414	0.0	0.0	0.0	0.0	0.0	0.40957488293357414	2.0057996694572653	0.0	0.40957488293357414	0.616555524898528	0.40957488293357414	0.0	0.0	0.0	0.0	1.56892019793243	0.0	0.0	0.0	0.0	0.0	0.0	0.0	0.0	0.7561523196885047	0.0	0.0	0.0	0.0	0.7561523196885047	0.616555524898528	2.7389314625477295	1.416409070908658	0.616555524898528	0.0
SRR20283914	0.0	3.0042418872384915	0.0	0.0	0.0	0.0	0.0	0.0	0.0	0.0	0.0	1.3053278152070773	0.4385985031179174	4.042846295474474	0.4385985031179174	0.0	1.8501203413914038	0.0	0.0	2.637337627808634	0.0	0.0	0.0	0.0	0.0	0.0	0.0	0.0	0.7949106232248759	0.0	0.0	0.9879688591197268	0.4385985031179174	3.9802340096579534	0.0	2.6046921173393174	0.0	0.6523150008792622	0.0	0.0	0.0	0.0	2.3708415331853367	0.0	0.0	2.319516704070599	0.0	0.4385985031179174	0.0	1.6142976856987492	0.0	2.508051814512314	0.0	0.0	0.6523150008792622	1.8281666095763291	0.0	0.0	0.0	0.0	0.0	1.8811007198704028	0.0	0.0	0.0	2.7804235020694366	0.0	0.4385985031179174	0.0	0.0	0.0	0.4385985031179174	0.0	0.0	0.0	0.0	0.0	0.6523150008792622	0.0	0.7949106232248759	0.0	0.0	0.0	0.0	0.0	0.0	0.0	1.059644048745407	0.0	0.0	0.0	0.0	0.0	0.4385985031179174	1.222929523962129	0.0	0.0	0.0	0.4385985031179174	0.0	0.4385985031179174	0.0	0.0	0.0	0.0	0.0	0.0	0.0	0.0	0.0	0.0	0.0	0.6523150008792622	0.4385985031179174	0.0	0.0	0.0	0.6523150008792622	0.0	3.2403928571389096	0.4385985031179174	0.0	0.0
SRR20283918	0.0	2.7999847794969956	0.0	0.0	0.0	1.1428995512219475	0.9968712122318957	0.2992945637796551	0.4748058010562578	0.0	0.0	1.6198545939191349	0.0	3.767742666925942	1.0382321781990482	0.0	2.3104063441187574	0.2992945637796551	0.2992945637796551	1.8996558058080664	0.0	0.0	0.9000484150559662	0.0	1.172846156259401	0.2992945637796551	0.0	1.3189077122179187	0.4748058010562578	0.2992945637796551	0.0	0.9000484150559662	0.9968712122318957	3.9678447919064856	0.0	1.2754595140865679	0.2992945637796551	0.5994542360232114	0.0	0.0	0.0	0.0	2.369448972082649	0.2992945637796551	0.0	2.5909236088926404	0.0	0.0	0.2992945637796551	3.3251072619286197	0.0	1.7889701786703212	0.2992945637796551	0.0	0.5994542360232114	1.5648182601343643	0.2992945637796551	0.0	0.0	0.2992945637796551	0.0	1.6593559071499362	0.0	0.0	0.0	2.5920272577925916	0.2992945637796551	0.2992945637796551	1.0382321781990482	0.0	0.0	2.7710450078908266	0.0	0.2992945637796551	0.5994542360232114	0.0	0.0	0.0	0.0	0.4748058010562578	0.0	0.0	0.4748058010562578	0.0	0.0	0.0	0.0	1.3391035431486513	0.0	0.0	0.0	0.2992945637796551	0.4748058010562578	0.0	1.8416700934961663	0.0	0.0	1.7819092473272902	0.5994542360232114	0.0	2.8322178426137303	0.0	0.0	1.7819092473272902	0.0	0.2992945637796551	1.358401800041918	0.0	0.2992945637796551	0.0	0.0	2.244515167183412	1.4737598057347592	0.0	0.0	0.2992945637796551	0.0	0.5994542360232114	0.4748058010562578	3.0871357157126385	3.536226420327237	0.9511524864256199	0.2992945637796551
SRR20283919	0.0	2.135088749663347	0.2822702105259246	0.0	0.0	0.2822702105259246	0.0	0.0	0.0	0.0	0.0	1.1944354402364734	0.0	3.8365262153576136	0.9656261805042189	0.0	2.079210743182989	0.2822702105259246	0.5736074139648248	2.329161397115364	0.0	0.0	0.4519237038561062	0.0	1.2191286265474883	0.0	0.8124242578773778	1.987317473211037	1.078651364177445	0.0	0.0	0.869708664517779	1.3781467518861854	4.111470891613885	0.0	1.6157363404345042	0.0	0.2822702105259246	0.0	0.0	0.0	0.0	1.0066573945594022	0.0	0.0	2.2383073412059207	0.0	0.2822702105259246	0.7464190658294576	0.9656261805042189	0.7464190658294576	1.8863899060784641	0.2822702105259246	0.0	0.9656261805042189	0.2822702105259246	0.8124242578773778	0.0	0.4519237038561062	0.0	0.0	1.9351877255683816	0.0	0.2822702105259246	0.0	2.7456029026501816	0.5736074139648248	0.2822702105259246	0.5736074139648248	0.0	0.0	2.446064689507636	0.0	0.2822702105259246	0.0	0.0	0.0	1.0066573945594022	0.0	0.5736074139648248	0.0	0.0	0.2822702105259246	0.0	0.0	0.0	0.0	2.793562200012809	0.2822702105259246	0.0	0.0	0.0	0.0	0.0	2.069156588653303	0.0	0.0	2.4120246815813853	0.2822702105259246	0.0	3.200955952123484	0.8124242578773778	0.0	1.6437094629577274	0.0	0.0	1.4254123393301659	0.2822702105259246	0.0	0.0	0.0	0.2822702105259246	0.0	0.2822702105259246	0.0	0.0	0.0	0.2822702105259246	2.498308386748236	3.0739340962070636	1.078651364177445	0.2822702105259246	0.2822702105259246
SRR20283924	0.0	2.4690972347845954	0.2781996980861168	0.0	0.2781996980861168	0.6618423068386764	1.3529901035676704	0.0	0.2781996980861168	0.0	0.2781996980861168	1.811092571060941	0.0	3.9275432207518617	0.2781996980861168	0.0	0.567348119844667	0.0	0.0	2.338882492824307	0.0	0.0	0.73940550399329	0.2781996980861168	1.070811117300267	0.8623131650838434	0.44640613469166257	2.594659568617211	0.2781996980861168	0.0	0.2781996980861168	1.8513262704132485	0.73940550399329	4.070314254632201	0.998946979816498	1.9663904225505078	0.73940550399329	0.0	0.0	1.1324548783199868	0.0	0.0	2.241129432001425	0.0	0.0	2.9107342511277388	0.0	0.0	0.44640613469166257	2.117764483253898	0.2781996980861168	3.0430177289807805	0.8623131650838434	0.0	0.998946979816498	0.6618423068386764	0.0	0.2781996980861168	0.2781996980861168	0.2781996980861168	0.0	1.811092571060941	0.0	0.2781996980861168	0.0	1.3529901035676704	0.2781996980861168	0.0	1.186426622171515	0.44640613469166257	0.0	2.8457868116249325	0.0	0.2781996980861168	0.73940550399329	1.070811117300267	0.0	0.2781996980861168	0.0	0.567348119844667	0.2781996980861168	0.0	0.44640613469166257	0.0	0.0	0.2781996980861168	0.0	1.9578840884043789	0.44640613469166257	0.0	0.0	0.2781996980861168	0.0	0.0	2.1655638573216596	0.0	0.2781996980861168	1.160278625432202	0.2781996980861168	0.0	2.6716687628418136	0.2781996980861168	0.0	1.7173539126534605	0.0	0.0	1.3699475412677713	0.567348119844667	0.0	0.0	0.0	0.0	0.0	0.0	0.0	0.0	0.44640613469166257	0.0	0.0	2.2228516266988256	2.6178215575708315	0.44640613469166257	0.0
SRR20283925	0.0	2.9153166196595235	0.0	0.0	0.0	0.42059620724408475	1.0335559580675315	0.0	0.0	0.0	0.0	1.0947215515488462	0.0	3.9375465343532556	0.6302002635081555	0.7709730121747917	2.0367732468960567	0.0	0.0	2.8159445126402995	0.0	0.0	0.42059620724408475	0.0	0.9623412383670616	0.0	0.42059620724408475	0.0	0.7709730121747917	0.0	0.0	0.8771135381874813	0.0	4.025171481897395	0.0	2.1655868775483866	0.0	0.6302002635081555	0.0	0.0	0.0	0.0	2.5817157367192314	0.0	0.0	2.1557843062048128	0.42059620724408475	0.6302002635081555	0.6302002635081555	1.1483265310971007	0.0	3.494393025771278	0.42059620724408475	0.0	0.7709730121747917	0.0	0.0	0.0	0.0	0.0	0.42059620724408475	1.8909373013319712	0.0	0.42059620724408475	0.0	2.329203726831928	0.0	0.0	0.9623412383670616	0.0	0.0	0.42059620724408475	0.0	0.0	0.7709730121747917	0.0	0.0	0.42059620724408475	0.0	0.7709730121747917	0.0	0.0	0.0	0.0	0.0	0.0	0.0	1.2781290218824	0.0	0.0	0.0	0.0	0.0	0.6302002635081555	2.455294700806725	0.0	0.0	1.7768444384735917	0.0	0.0	2.5835708106533573	0.0	0.7709730121747917	1.5863540176022652	0.0	0.0	0.6302002635081555	0.42059620724408475	0.0	0.0	0.0	0.0	0.0	0.0	0.0	0.42059620724408475	0.0	0.0	0.9623412383670616	0.9623412383670616	1.6991127813847333	0.42059620724408475	0.0
SRR20283926	0.35315317502559035	3.1279569272717933	0.0	0.21152558956134473	0.21152558956134473	0.35315317502559035	3.3845046553345033	0.35315317502559035	0.0	0.0	0.0	1.652499731322128	0.21152558956134473	3.9388744816688632	0.6167470387649385	0.8618432711338624	1.7092816390096497	0.21152558956134473	0.0	2.322143246840576	0.35315317502559035	0.0	0.9617875373677964	0.0	0.0	0.21152558956134473	0.0	0.21152558956134473	0.6780723160481971	0.21152558956134473	0.21152558956134473	0.7796064234261525	0.4597770946052768	3.8679810207008094	0.0	1.936223817032234	0.21152558956134473	0.9309595455192097	0.0	0.0	0.0	0.35315317502559035	2.561497871401284	0.0	0.0	2.528886814604316	0.0	0.0	0.8226684649348627	3.192706169667177	0.21152558956134473	2.6607066456789394	0.21152558956134473	0.21152558956134473	2.8308859348159774	0.0	0.21152558956134473	0.0	0.21152558956134473	0.0	0.0	0.731799855714413	0.0	0.0	0.0	2.977060680053922	0.0	0.21152558956134473	1.978306455230487	0.35315317502559035	0.0	1.2384337186740788	0.0	2.426620710728366	0.6167470387649385	0.8226684649348627	0.21152558956134473	0.35315317502559035	0.0	0.21152558956134473	0.0	0.0	0.4597770946052768	1.6010389273338617	0.0	0.21152558956134473	0.0	1.0175657812088201	0.0	0.0	0.0	0.0	0.0	0.0	1.8896215592666108	0.0	0.0	1.8529794345950499	0.4597770946052768	0.0	1.089739475007522	0.0	0.0	1.3841407272557018	0.0	0.0	0.6167470387649385	0.4597770946052768	0.0	0.35315317502559035	0.21152558956134473	0.0	0.4597770946052768	0.0	0.0	0.4597770946052768	0.0	0.5453156338092326	0.9905715234331234	2.7922038996750413	0.35315317502559035	0.8977749079888364	0.0
SRR20283927	0.0	2.8155509167243777	0.0	0.2337162860120074	0.0	0.384832786478537	2.8376994084870293	0.0	0.0	0.0	0.0	2.463014890579724	0.0	3.8466211469703064	0.6593637087734825	0.6593637087734825	3.2938059423744646	0.0	0.0	2.1862422665860657	0.0	0.0	0.4967240647203901	0.0	0.0	0.0	0.4967240647203901	2.820727296764308	0.870142891968726	0.0	0.2337162860120074	0.5856132074107536	0.8262500339082832	4.02411449794219	0.0	2.495853697763469	0.4967240647203901	1.0936110448383152	0.0	0.0	0.0	0.2337162860120074	2.781592950243328	0.0	0.0	2.066250444166956	0.0	0.0	1.4594027641347134	1.8633028503086968	0.2337162860120074	2.7947023960622217	0.2337162860120074	0.0	1.7303785575781876	0.0	0.0	0.0	0.0	0.384832786478537	0.384832786478537	2.0003667377307806	0.0	0.4967240647203901	0.0	1.6880649893811912	0.0	0.0	1.668587464074899	0.2337162860120074	0.0	2.8430644329925663	0.0	2.7557565235379444	0.0	1.306352652836464	0.2337162860120074	0.2337162860120074	0.0	0.5856132074107536	0.0	0.2337162860120074	1.2222594597790322	1.9813992912854985	0.0	0.384832786478537	0.0	0.8262500339082832	0.2337162860120074	0.0	0.0	0.0	0.0	0.2337162860120074	1.4803858139619805	0.0	0.384832786478537	2.339283625993326	0.0	0.0	0.2337162860120074	0.0	0.0	2.173973409226779	0.0	0.0	0.8262500339082832	0.4967240647203901	0.0	0.384832786478537	0.0	0.0	0.2337162860120074	0.0	0.2337162860120074	0.384832786478537	0.2337162860120074	0.384832786478537	1.0936110448383152	0.7223893919764561	0.2337162860120074	0.384832786478537	0.0
SRR20283937	0.2701301756724636	2.7725735513278646	0.0	0.0	0.0	0.3605873638899878	0.4992213969470414	0.0	0.0	0.0	0.0	1.5396176145997216	0.0	4.049446766774688	0.7253583559430052	0.2701301756724636	0.6885892470221894	0.0	0.4992213969470414	2.9138571591912403	0.0	0.0	0.4354128384590029	0.0	0.6885892470221894	0.0	0.0	0.15573755344996004	0.9207745712027379	0.2701301756724636	0.2701301756724636	0.4354128384590029	0.4354128384590029	3.934773897308561	0.0	2.167962061236526	0.8976910162139857	0.9834663233663413	0.0	1.7564227010045743	0.15573755344996004	0.0	2.3375071532544993	0.0	0.0	1.8980084728417916	0.0	0.7253583559430052	0.15573755344996004	2.671558288364077	0.4354128384590029	1.4693403002310848	0.3605873638899878	0.15573755344996004	0.6041459682571919	0.15573755344996004	0.0	0.0	0.0	0.0	0.3605873638899878	1.7850011615855155	0.0	0.0	0.0	2.236121673206929	0.0	0.2701301756724636	0.0	1.0382394084423914	0.15573755344996004	0.0	0.15573755344996004	0.3605873638899878	0.15573755344996004	0.0	0.0	0.0	0.0	1.0025019726958275	0.0	0.0	0.15573755344996004	0.0	0.0	0.0	0.15573755344996004	0.554844698596141	0.4354128384590029	0.0	0.0	0.0	0.0	0.0	2.3349159847897902	0.0	0.15573755344996004	1.4693403002310848	0.6885892470221894	0.554844698596141	3.2620983379052944	0.8474811974312118	0.0	1.0550626023122418	0.15573755344996004	0.0	0.2701301756724636	0.6041459682571919	0.2701301756724636	0.0	0.0	0.0	0.3605873638899878	0.0	0.0	0.2701301756724636	0.0	0.554844698596141	0.15573755344996004	2.3626024671887094	2.9937490224989665	0.15573755344996004	0.15573755344996004
SRR20283938	0.27542249128605345	2.9524159608064666	0.0	0.0	0.0	0.44263102039116187	0.27542249128605345	0.27542249128605345	0.0	0.27542249128605345	0.0	1.5284391013011587	0.0	4.083111393687044	0.9936488886469682	0.0	1.993008639161322	0.0	0.0	2.7188624581358702	0.0	0.0	0.44263102039116187	0.0	0.7345928051962974	0.0	0.0	0.44263102039116187	0.8572345915882519	0.44263102039116187	0.0	0.563059319541255	0.27542249128605345	3.8856561113165204	0.0	2.914788447591747	0.44263102039116187	0.9076187563650189	0.0	0.0	0.0	0.27542249128605345	2.5190393372957405	0.0	0.0	1.8229894550341803	0.0	0.44263102039116187	0.0	0.9936488886469682	0.0	1.516897039072342	0.27542249128605345	0.0	0.6572404123760355	0.27542249128605345	0.0	0.0	0.0	0.0	0.0	2.4171923202452734	0.0	0.0	0.0	2.90818759404184	0.0	0.0	0.0	1.0973014546919417	0.0	0.0	0.0	0.0	0.44263102039116187	0.27542249128605345	0.0	0.0	0.0	0.9527605805286192	0.0	0.0	0.27542249128605345	0.0	0.0	0.0	0.0	1.4540815919762733	0.27542249128605345	0.0	0.0	0.0	0.0	0.0	3.089609881397738	0.0	0.27542249128605345	0.6572404123760355	0.27542249128605345	0.27542249128605345	2.9171217908122635	0.7345928051962974	0.0	0.7345928051962974	0.0	0.0	0.27542249128605345	0.7345928051962974	0.27542249128605345	0.0	0.0	0.0	0.0	0.27542249128605345	0.0	0.27542249128605345	0.0	0.44263102039116187	0.27542249128605345	0.8002285397775576	1.561331563925074	0.44263102039116187	0.0
SRR20283939	0.0	2.9365568717207435	0.0	0.0	0.0	0.6743292499194767	0.5790009276080976	0.6743292499194767	0.0	0.0	0.0	2.0066956923006236	0.0	3.8115256987335946	0.5790009276080976	0.0	0.9267755578930402	0.0	0.0	1.94244409649151	0.0	0.0	0.6743292499194767	0.0	0.45668560804294533	0.6743292499194767	0.2857941150600643	1.9945834044531907	0.2857941150600643	0.0	0.0	1.0132808430147162	0.2857941150600643	4.0424386856581	1.7403710099394227	1.7476611749862077	0.5790009276080976	0.7524528261425404	0.0	1.085384485813577	0.0	0.2857941150600643	2.191883249244839	0.0	0.0	2.8475385750232176	0.0	0.5790009276080976	1.050827322832801	3.043817752018003	0.6743292499194767	2.2723302730149206	0.45668560804294533	0.0	2.6484694143196377	0.5790009276080976	0.0	0.0	0.0	0.0	0.0	1.7476611749862077	0.0	0.0	0.0	2.83942148737865	0.45668560804294533	0.2857941150600643	0.5790009276080976	1.2013108689168879	0.0	2.963763735630975	0.0	0.0	1.147204282021725	0.8186425571772779	0.0	0.2857941150600643	0.0	0.0	0.0	0.0	0.45668560804294533	0.0	0.5790009276080976	0.2857941150600643	0.2857941150600643	1.9470362495607003	0.0	0.0	0.0	0.0	0.0	0.45668560804294533	2.3055821560774388	0.0	0.6743292499194767	1.147204282021725	0.0	0.0	2.3906999720106192	0.45668560804294533	0.0	1.5929885916649629	0.0	0.0	1.0132808430147162	0.6743292499194767	0.0	0.0	0.0	0.2857941150600643	0.45668560804294533	0.0	0.0	0.0	0.0	0.2857941150600643	1.2013108689168879	2.726426491218549	3.197906631524815	1.050827322832801	0.0
SRR20283940	0.29546754973647993	2.9905479490908866	0.0	0.0	0.0	0.29546754973647993	0.0	0.0	0.0	0.0	0.0	1.737193466110933	0.0	3.9267231501787823	0.9443039179459605	0.0	0.6900355694203599	0.0	0.0	0.7688405287808975	0.0	0.0	0.6900355694203599	0.0	0.29546754973647993	0.0	0.0	1.808518698876128	0.4696887147334483	0.0	0.0	0.593689375847855	0.4696887147334483	4.059063481205659	2.0994805679004784	1.8581879107349712	0.0	0.835518342458051	0.29546754973647993	1.0312255520973588	0.0	0.0	2.0892634958026997	0.0	0.0	1.7598471564078346	0.593689375847855	0.4696887147334483	1.3317408890839437	1.4663021176006998	0.29546754973647993	2.2721632399646925	0.7688405287808975	0.4696887147334483	2.8301787529929245	0.4696887147334483	0.0	0.29546754973647993	0.0	0.0	0.0	1.1936312594006817	0.0	0.0	0.0	1.5331949382314372	0.0	0.593689375847855	0.4696887147334483	1.9132172356112482	0.0	2.4313236543027434	0.0	0.0	2.5593763687781146	0.893308448091094	0.0	0.0	0.0	0.0	0.29546754973647993	0.4696887147334483	0.0	0.0	0.0	0.29546754973647993	0.0	0.6900355694203599	0.0	0.0	0.29546754973647993	0.29546754973647993	0.29546754973647993	0.0	1.98014474058525	0.29546754973647993	0.0	1.4663021176006998	0.29546754973647993	0.0	3.059219905711951	0.29546754973647993	0.0	1.8640154113908773	0.0	0.0	0.0	0.0	0.0	0.0	0.0	0.0	0.0	0.0	0.29546754973647993	0.4696887147334483	0.0	0.29546754973647993	1.5206153353519174	0.9899357255277985	3.137721982144812	0.593689375847855	0.29546754973647993
