BS	Assal	Ilhan	Afshar	RYGB_SaoPaulo	Lazaro_GB	LOSO
SAMPLE-1	0.516335797811414	0.905558350562086	0.437105449939725	0.728774038655866	0.908778407005513	0.461719940844255	0.947462599770559
SAMPLE-2	0.112351464414627	0.0052700883554666	0.26644372700955	0.256706338795718	0.178899583919315	0.266687964270715	0.267148362165768
SAMPLE-3	0.809449221669894	0.464822070941118	0.352058374557115	0.846728192779554	0.849537459947857	0.496432785832062	0.991363391798244
SAMPLE-4	0.833777099087264	0.226222891243144	0.183275962374331	0.805590211948736	0.784642578150222	0.390557188533376	0.961565122803752
SAMPLE-5	0.112796863011818	0.0323143990563407	0.213339541718128	0.426256243377606	0.258476140305584	0.259549437864559	0.234160339516066
SAMPLE-6	0.513431159015866	0.110323003831498	0.346619813609311	0.568542168864299	0.772072726012289	0.384368129488258	0.897691373375398
SAMPLE-7	0.722602798169719	0.577802752063748	0.299125008407655	0.857601685217699	0.8763216093321	0.434409381119349	0.994628083719283
SAMPLE-8	0.149362978201062	0.0362645709926283	0.453102530698089	0.453628847135259	0.272382276002531	0.323530507993691	0.581329659586671
SAMPLE-9	0.433689001842102	0.0334616725310703	0.281027320534237	0.778841531170805	0.448269079109147	0.282871985141692	0.850802930312722
SAMPLE-10	0.830014881096746	0.0235067170133014	0.36153665489393	0.758726524978248	0.411104877876565	0.282785655209103	0.769483608639789
SAMPLE-11	0.775425020050629	0.207888795348573	0.495935455200815	0.739021413146905	0.642171519070027	0.337939230244071	0.971093642359689
SAMPLE-12	0.100458549886385	0.0146387045146873	0.214566326850236	0.230104230845864	0.0957002223787882	0.290786975483524	0.00878888810136583
SAMPLE-13	0.730024740809461	0.901572940096056	0.412221206220373	0.571505566937629	0.938084358750706	0.454076768756969	0.989367464478904
SAMPLE-14	0.162859690769818	0.176769164926303	0.323348235947853	0.325959933572491	0.507155282954419	0.366884251789291	0.240704190169178
SAMPLE-15	0.1099789395256	0.0195247460060957	0.348292892621465	0.295208282637154	0.227449672831173	0.280769359961629	0.444671169458255
SAMPLE-16	0.925821799881426	0.70652453496584	0.232265980389674	0.746265712286917	0.972458898270532	0.609521189677168	0.999681338621307
SAMPLE-17	0.829526639364712	0.844744820780669	0.190906949473748	0.69099319491275	0.899296998312991	0.467515081994428	0.999233245031307
SAMPLE-18	0.340451771840201	0.262693000016287	0.333243962040544	0.522811418005299	0.65729244918865	0.416963733618043	0.403648705789329
SAMPLE-19	0.625392026651676	0.925631221666675	0.356797407548711	0.603643348727486	0.969963855618037	0.544157785840634	0.990655216194975
SAMPLE-20	0.538599464456703	0.803654802292841	0.351518262402391	0.672820807145885	0.89395387989042	0.445127887811261	0.917226109188702
SAMPLE-21	0.160731315546168	0.160505044628777	0.244922720883491	0.259696897101886	0.229884596506594	0.30006929034392	0.138379204840474
SAMPLE-22	0.732227299036735	0.315299032487996	0.380476411970179	0.710636127119169	0.786357772653983	0.391487811345484	0.910953418958046
SAMPLE-23	0.71310679427036	0.195089677692467	0.182963299759045	0.554687819988924	0.399753167052251	0.276075112068066	0.569229638769341
SAMPLE-24	0.130003837732828	0.0103744807165235	0.356111038731455	0.233477640825655	0.109713009630452	0.266544234718921	0.0570545542447009
SAMPLE-25	0.531030759947522	0.0111433179085555	0.43984649433973	0.371768290364856	0.186687787849151	0.275060187323952	0.0292391694851486
SAMPLE-26	0.905251852399219	0.450813833777583	0.336296864731108	0.712818986948299	0.735179745907594	0.493215208878265	0.961290832060956
SAMPLE-27	0.867712788405565	0.955094402752285	0.378592250708069	0.610145642300207	0.873345046603362	0.503392642841158	0.997031901392257
SAMPLE-28	0.704717279102929	0.420465066990272	0.229582662559732	0.767135362359403	0.784047704079693	0.432564186495023	0.873648874813564
SAMPLE-29	0.781829676356646	0.496659425772079	0.250085172288235	0.62590674698138	0.500025365929649	0.383428166911561	0.681728466853816
SAMPLE-30	0.310336313010212	0.0509433264980427	0.267195532643331	0.30577361925753	0.291579876640861	0.303733748050624	0.456166099027373
SAMPLE-31	0.232825457959589	0.058455133564191	0.161448184966928	0.529302432800884	0.361683356813626	0.3062578427329	0.557737627370675
SAMPLE-32	0.748024180722888	0.158562711729923	0.343660650605558	0.823330677796576	0.835717631596239	0.42133672043427	0.974487355668347
SAMPLE-33	0.155827071109026	0.0265223670401478	0.296704638267763	0.336633730155263	0.191569621669659	0.257860637069222	0.0952977813938759
SAMPLE-34	0.144729007164698	0.0336153703558634	0.248420891860492	0.323883870741051	0.219808830587116	0.259420768765394	0.201659618974258
SAMPLE-35	0.897571872737254	0.337736693877731	0.278122109575034	0.845898989602136	0.966559018928726	0.49462334434004	0.987962709110794
SAMPLE-36	0.204904196331813	0.00756979910118141	0.235338505387018	0.350011988673421	0.250358754413516	0.270133033882348	0.0227820889724041
SAMPLE-37	0.234875466792723	0.0380334931399961	0.199830490868973	0.420058341812964	0.269804144058502	0.286038317143243	0.0363503160023661
SAMPLE-38	0.650949376725732	0.017727951851202	0.141199440945598	0.661090516732228	0.481962096993959	0.28205886354573	0.780997060687825
SAMPLE-39	0.890763994731894	0.924531998673884	0.385310198201606	0.727207863129878	0.981462007529447	0.538623227986005	0.981507360719459
SAMPLE-40	0.126512111611755	0.0264433364107463	0.407871611691401	0.242682404011881	0.161576037009463	0.247366252003495	0.0245237984064048
SAMPLE-41	0.0359979423235668	0.00617921679690262	0.355939421924596	0.121794085579106	0.0978872632490148	0.259529414598473	0.0141207267888745
SAMPLE-42	0.453444100668892	0.0705072219727856	0.218548940833729	0.581163961515477	0.409029001957765	0.268097613448496	0.733033819725063
SAMPLE-43	0.178534196315154	0.108359407766933	0.373560188590277	0.34766926742164	0.352946744654721	0.357009626873772	0.11972799390767
SAMPLE-44	0.953833169397211	0.919689170103009	0.249663516673574	0.662614061158717	0.890213610527442	0.46761683676982	0.980259481590558
SAMPLE-45	0.76193885916647	0.465690197620184	0.163723841057727	0.433009315506074	0.72050771792749	0.469267806399523	0.7105946869188
SAMPLE-46	0.411299316969955	0.279139819777007	0.25428034663761	0.44789785452649	0.351921258136633	0.287065266643925	0.24409487133664
SAMPLE-47	0.687125397769971	0.0963032393130564	0.404366994575629	0.346714460549541	0.730093359871178	0.34862578123086	0.930062271791122
SAMPLE-48	0.914998303076465	0.717882020333081	0.346060513866746	0.565232272140687	0.881649282540662	0.488553682164539	0.982420482028791
SAMPLE-49	0.189164142726852	0.0253326928021258	0.19951620396806	0.334984390095737	0.295460699412806	0.280943213994781	0.263921677627415
SAMPLE-50	0.843380545619166	0.141031747768187	0.261726284262949	0.728181199684121	0.849653232640972	0.385793509417111	0.961378360382167
SAMPLE-51	0.891620081121375	0.852523957801281	0.298036483629748	0.561595899415169	0.968300600199182	0.599678687121063	0.993413898588331
SAMPLE-52	0.442072496372436	0.106391636950813	0.43142008589238	0.298614656979075	0.453121243167363	0.365376163058588	0.0890295727284939
SAMPLE-53	0.697101768374684	0.00944860362983521	0.218052508921153	0.668625344508573	0.334138217857201	0.295632952509905	0.677321991461703
SAMPLE-54	0.141718554985221	0.00516328508785059	0.236662092564834	0.247940709725742	0.169871717133885	0.282023530347124	0.0243090684466454
SAMPLE-55	0.0678427931446235	0.110478720909264	0.150023199357718	0.252776633301322	0.222428468797035	0.265333101514717	0.155247577317398
SAMPLE-56	0.953881692773304	0.758190854652136	0.33877422551281	0.867621681581506	0.989938508136795	0.490297885697395	0.999921751740755
SAMPLE-57	0.228837994918495	0.0341708676615007	0.511260556560958	0.408991450397999	0.240129701180783	0.318096180367085	0.461311551214584
SAMPLE-58	0.950383007686922	0.762278804674117	0.536599320362084	0.802663795067679	0.880079824076681	0.539969853917384	0.991446782665573
SAMPLE-59	0.206483932068919	0.00874739848604897	0.194649749664279	0.274041923621868	0.154126255989657	0.25234299009653	0.00632427748553392
SAMPLE-60	0.0667808794684186	0.00388564363098403	0.198650264107712	0.198783942606944	0.102073584448046	0.260954707938547	0.00518132952873699
SAMPLE-61	0.617289587272427	0.321019779494952	0.245120592350679	0.56118258610793	0.916840051941808	0.376697165134452	0.996084059064287
SRR5865065	0.711737427937418	0.924551217990162	0.37516281585508	0.599175475153607	0.977983642586886	0.601777889060819	0.997890376585238
SRR5865066	0.590865948548172	0.696373553248228	0.464592231282448	0.449235248097197	0.937868136507525	0.507713519838341	0.969159249171611
SRR5865067	0.0973943485076993	0.0889236113346103	0.459258671441405	0.164838774812502	0.328790758915121	0.383661475104218	0.139067602107822
SRR5865068	0.755456205459713	0.864923290534979	0.411896711063097	0.587882886914662	0.949816969101972	0.508819671393083	0.914101432250469
SRR5865069	0.108085343663282	0.368835170259458	0.312785172317267	0.385934429337955	0.634508175680257	0.406716480335119	0.762827592332597
SRR5865070	0.370461866707329	0.382373484868848	0.355522205701574	0.271880630736428	0.757998458698204	0.420466702773859	0.227859573076622
SRR5865071	0.689375817713543	0.844970444897514	0.425885725183266	0.612736409708707	0.891115545857914	0.535454684496174	0.994755709311595
SRR5865072	0.22718466280017	0.124188138878716	0.333940248605916	0.43894717403215	0.554810404393776	0.397755154027837	0.470825145806045
SRR5865073	0.585914751354618	0.809777227488929	0.34125181584971	0.155290471750638	0.873897711681407	0.6120505739384	0.741675718228338
SRR5865074	0.702059070051912	0.787677778966378	0.440742085161088	0.558329831105757	0.885931886240518	0.537669515139481	0.973031541963422
SRR5865075	0.281829739502305	0.670181600715439	0.355699923016986	0.404270240433163	0.891229412346129	0.47120408246392	0.795609832753911
SRR5865077	0.242711242563655	0.196829021762909	0.423561853227679	0.383351316501813	0.69739958225535	0.423344613444846	0.777773320628255
SRR5865085	0.268976329241746	0.671152971474638	0.454022404966689	0.309075506269115	0.915577883088029	0.560838115973346	0.948720218895873
SRR5865086	0.536561141893115	0.779783848763988	0.42508288903532	0.517001878396086	0.900365658764676	0.482482876906113	0.946775459577617
SRR5865087	0.591470934598028	0.400579187292348	0.395928797727233	0.407538114806718	0.895778879969963	0.540538743861372	0.916793633056818
SRR5865096	0.702206203401253	0.900358058836819	0.410236071651767	0.531673172624847	0.971202524465274	0.701435094575409	0.997063240572359
SRR5865097	0.709041734859383	0.923240061037432	0.390181082428835	0.622264747229384	0.941407814243994	0.624314227488403	0.966748624064047
SRR5865098	0.697020083290826	0.908103726570277	0.418190817970872	0.521272088826484	0.946840241159521	0.611799984840483	0.971896089773937
SRR5865110	0.280227271591926	0.193395642680329	0.385483666336181	0.114902744130529	0.574880739478211	0.383537573219289	0.233544578843583
SRR5865111	0.242807117988406	0.261109760848457	0.377145175901103	0.194348569895768	0.58815973787338	0.381742737790938	0.134292964771046
SRR5865112	0.729295418540552	0.924844633153273	0.430235683482423	0.478195407865488	0.971590786373364	0.651492177010803	0.988309034639676
SRR5865114	0.25642441019571	0.0283406751286171	0.414812185005788	0.225635603835316	0.458389236952659	0.340751257536967	0.211087931470168
SRR5865115	0.24667280676637	0.889389005695408	0.402502268702969	0.390820581561252	0.914946781384242	0.589254956893366	0.98145283780301
SRR5865116	0.825458398000014	0.94793994606427	0.415265168427975	0.647804873700517	0.985324236821466	0.724873708278096	0.999535710988686
SRR5865120	0.126363100820353	0.212839349431787	0.313358636994425	0.13054271769081	0.629949361886668	0.431693163928829	0.338132950497864
SRR5865121	0.178105863889961	0.248934638463435	0.399145470833341	0.213631623239879	0.560279602417553	0.425003816508528	0.562256261701298
SRR5865122	0.471219708213125	0.702595456894367	0.45937485884194	0.451485101189626	0.931342343598117	0.662739777972702	0.996866397484604
SRR5865123	0.258289066855458	0.731055659033417	0.45567351243341	0.206863061119851	0.838718384280247	0.581834723057073	0.776935216727348
SRR5865124	0.400388321800123	0.62649627118237	0.422513493764401	0.240908528378808	0.857509940283031	0.582041306328354	0.779075946299108
SRR5865125	0.387264790434927	0.787994197868991	0.533056436692444	0.307016014780005	0.919852806849686	0.507206813274369	0.794405937659028
SRR5865126	0.262915731799145	0.854903894446306	0.506313291973245	0.233814958439238	0.788311827533287	0.510929674163305	0.798830805036871
SRR5865127	0.78737151998655	0.802633210251571	0.404545268528114	0.541635837572664	0.847240430756391	0.729145552392582	0.957122159490816
SRR5865128	0.167585346256194	0.50935213556816	0.425261519568508	0.295599416833238	0.82920671387096	0.528125287266336	0.854013944977095
SRR5865129	0.193116583605543	0.378471273919833	0.393858177732048	0.254877471264079	0.559058086495556	0.414330630615607	0.490436871695522
SRR5865130	0.353901090816298	0.338911085309594	0.455205673164107	0.262119563799117	0.715797146051969	0.442817783248032	0.585429576925055
SRR5865078	0.775963807227012	0.79393622081468	0.410632490979552	0.372761106104257	0.963263544363647	0.568009480109262	0.998925483558712
SRR5865079	0.617222513936224	0.713525617057609	0.473471512886168	0.422919228544222	0.93908873800078	0.539124359834261	0.989845113656107
SRR5865080	0.594562759467367	0.840358037114824	0.47424056808166	0.570602226084747	0.954168216210452	0.676961413855023	0.99057952710122
SRR5865081	0.129357681617013	0.159926698457027	0.426328703597995	0.269843040034205	0.392347472394565	0.384013601232333	0.116872810694531
SRR5865082	0.797225071684034	0.93912256854451	0.41950187389177	0.65051974982531	0.990138152694466	0.64938966832547	0.999457482611836
SRR5865083	0.741579379354411	0.895750837080465	0.420525457572381	0.603241901012269	0.978003008906807	0.652822571150787	0.996472552393788
SRR5865084	0.176204867582035	0.845548423947164	0.373811442232423	0.170277024069513	0.805528559644396	0.594740247188376	0.336198016670388
SRR5865088	0.75769092061788	0.54133882828364	0.342311826244367	0.566962514357808	0.935014325184737	0.557030011572969	0.898908831596453
SRR5865090	0.553089932955055	0.809049059337315	0.413340975799667	0.379872549019556	0.918342287546082	0.582595352562377	0.758913436909696
SRR5865091	0.396146928007447	0.880943735228555	0.455267137780144	0.287480313454077	0.883522154120023	0.622839205332833	0.91010576077566
SRR5865092	0.575737827176779	0.930434544349073	0.516503907421723	0.565425216841843	0.971645767473637	0.675386589136063	0.99614285355334
SRR5865093	0.572066934830067	0.857502250281119	0.339169334837148	0.364159024491722	0.931335285784222	0.619110471619923	0.876827075087622
SRR5865094	0.634065074746252	0.867025630557505	0.357161737381625	0.369125537363409	0.924283738712076	0.609247778143771	0.912937042282149
SRR5865095	0.519387059757883	0.857407880826883	0.430975104440157	0.261860055049174	0.862295992127586	0.548413992375784	0.848553519788656
SRR5865099	0.46613630104048	0.713289500538745	0.416539884953243	0.527141275424611	0.943379559687777	0.574076031731446	0.980119436676314
SRR5865100	0.239222446086295	0.577439421979879	0.381403566942449	0.243529930865121	0.833791389201105	0.468888586402837	0.448223010993845
SRR5865101	0.734537246885021	0.771028210914876	0.403947270509185	0.591580836502825	0.960211542099829	0.610687767590071	0.993026774061224
SRR5865102	0.218159070853438	0.154160399495885	0.290760826607284	0.1676821603854	0.500997768284283	0.416827569360278	0.452822240105527
SRR5865103	0.150328217558478	0.57586200800622	0.451397659866524	0.313072517593152	0.879107480050985	0.539974882756731	0.922425331197128
SRR5865104	0.589807212658042	0.923152892504112	0.482582250386016	0.578867116235783	0.978452631946785	0.658389944454737	0.996937087303575
SRR5865105	0.212963206925586	0.233521816351233	0.374737375450222	0.160350036319516	0.682141084832546	0.399831651910773	0.564800573242206
SRR5865107	0.679229445554486	0.815949907743955	0.399195876371554	0.419641580322465	0.932313914079171	0.651643728587163	0.994254169412776
SRR5865108	0.468561320266065	0.833942562061087	0.382931848095365	0.245740194186355	0.888341448138124	0.542191133336153	0.565828297058681
SRR5865109	0.497451352161473	0.817565355143828	0.38096019366128	0.184530436554029	0.908121224994508	0.687945463688513	0.889878143594641
SRR5865117	0.330055150980225	0.356223510755094	0.425397056974822	0.370144689515594	0.644740920110123	0.492831416567896	0.702001689746828
SRR5865118	0.594160083438321	0.756397911942694	0.468784106187112	0.65401486358546	0.914974859482304	0.581588612155933	0.968828858379421
SRR5865119	0.320726575392266	0.524625347666808	0.431114117832673	0.20694664676703	0.752613304301998	0.589103338599387	0.578442450702662
SRR5865131	0.271229420641139	0.821216821187415	0.43810313110098	0.358276232840316	0.942951927085647	0.628973892578919	0.988695216616763
SRR5865132	0.556019115294997	0.72541622771016	0.434241914544208	0.661778097360606	0.966119978324554	0.576067304486168	0.961325890495796
SRR5865133	0.246832880370827	0.21750979977044	0.43356108676754	0.229449931698814	0.524620800254307	0.378094268550005	0.532053450755431
SRR5865134	0.597799031687115	0.652838065179843	0.39392881027266	0.465368252501713	0.899693207620132	0.532012400280096	0.714142417982653
SRR5865135	0.156152606557486	0.407790298598502	0.463620316941329	0.10842754500798	0.383254021608211	0.468550228387461	0.120793176186608
SRR11292125	0.642014055299703	0.539054717687252	0.747231787508517	0.701402925560959	0.951056873687021	0.496638335345607	0.925788185243333
SRR11292126	0.456018197260463	0.343050101574656	0.452176615043623	0.547731487160097	0.708372372775568	0.522092476760961	0.882092773320731
SRR11292127	0.330110664701761	0.0483825881836186	0.65820233213181	0.677250617191343	0.573328831901966	0.292303853640911	0.606661977844739
SRR11292131	0.745506255706762	0.66291887120108	0.866607723531829	0.646072950572822	0.847204925533795	0.503350444138613	0.978483749877384
SRR11292132	0.0398244713423273	0.0122316500305145	0.309790653886056	0.187871891106191	0.173480518507884	0.26128822594265	0.0215469029664276
SRR11292136	0.147867159287893	0.0160542637826471	0.472577359567365	0.203343836153501	0.102120430488361	0.338850106571222	0.00602071529551158
SRR11292137	0.604555213868194	0.329257974431159	0.620491100406487	0.663482955021895	0.802694745074389	0.456660558715198	0.60367492295625
SRR11292138	0.0547270014817556	0.00843528718657321	0.490973935156472	0.201730230735906	0.178020459259128	0.25769789779583	0.0246443537032693
SRR11292140	0.263764650544032	0.0426552970291941	0.830360118283973	0.616490590966322	0.704835352311912	0.273422768548481	0.449937545872224
SRR11292141	0.347068932820311	0.665008340225075	0.711771955941182	0.333733706184031	0.698151327868878	0.530142341282955	0.80188892431349
SRR11292142	0.474642020253075	0.0260085214327821	0.49167533706612	0.563414387865478	0.29873527598895	0.28305587552314	0.0862982294807933
SRR11292143	0.320373623284861	0.703669634692118	0.701370055700034	0.254724322133619	0.53087520960888	0.481439402358025	0.21959146461844
SRR11292144	0.286377439708192	0.0212065773661648	0.226175582534037	0.313051558177306	0.171373750213242	0.366699831747291	0.0626966050026805
SRR11292145	0.505920089585458	0.125032398061523	0.421588068763784	0.410905674254377	0.512105165016452	0.39372267793043	0.668904364151953
SRR11292146	0.659578104184487	0.487366272084139	0.825514760686248	0.525357389060437	0.649948456871698	0.449793058915811	0.934393662574236
SRR11292147	0.453521598029581	0.600718146016229	0.537589626852526	0.470341832185181	0.739143028705825	0.567361450929348	0.810730246581147
SRR11292148	0.551555113312144	0.841958508560483	0.74552801995345	0.336117086106727	0.804930557424977	0.67449360414579	0.843920113133856
SRR11292129	0.666310348877709	0.8957833950601	0.68992138977074	0.329171716658208	0.891346028020269	0.689891447606952	0.97236734497011
SRR11292130	0.773025366341543	0.442767507739923	0.230030534343565	0.60057302512579	0.720659449693986	0.5010445685105	0.849721954897336
SRR11292133	0.37376243379208	0.252393332021155	0.814125827811863	0.678806105325463	0.858339416740951	0.405817979704725	0.864572967625036
SRR11292134	0.105236812990818	0.00834610757357985	0.523934891506016	0.130031478607647	0.271186174492247	0.319816238609269	0.0402519369346414
SRR11292135	0.0986336585464179	0.0265120396535382	0.137890177341724	0.233710271081989	0.118868500859239	0.288072368271985	0.0178455079482179
ERR1624539	0.155794338852715	0.0363197127613648	0.318853835350542	0.399840268324703	0.270371035507971	0.351708725458759	0.00683801785137756
ERR1624542	0.438618055158017	0.0166030774426328	0.2672406318805	0.530609167234564	0.298414731781139	0.288348067335241	0.0285734480605546
ERR1624545	0.94740638676918	0.257537782977502	0.384506135811931	0.930102952462699	0.505126686203145	0.309034624829999	0.944350483536903
ERR1624547	0.450438893368023	0.109976809709738	0.382495636268683	0.593693280199085	0.554778537393398	0.400129749064107	0.0182653515429353
ERR1624549	0.200871309499808	0.0835473260080359	0.35062446246662	0.465648176132263	0.316473422724752	0.265788615991045	0.470906693700408
ERR1624550	0.188766683552065	0.193184997602224	0.332950783250869	0.187463880420921	0.418071139229636	0.399179043534672	0.0758028172318463
ERR1624552	0.586791238558242	0.328826270156433	0.359831227298881	0.746988142142138	0.635255340018573	0.408517795938424	0.436253564850881
ERR1624553	0.126362852096673	0.0180477073615116	0.362074587036493	0.262177312326495	0.135915823815174	0.292699512183147	0.000924374912166857
ERR1624554	0.240047920022219	0.459768823483677	0.43627661998296	0.335253472892817	0.222338482676735	0.25877613275144	0.034433027805106
ERR1624555	0.180308564571785	0.00905056512667121	0.15418353635282	0.352602536483584	0.485470995769032	0.289549206819934	0.0361907628613422
ERR1624556	0.771615454149372	0.492754702951249	0.346896208199496	0.82307267376384	0.762875220134614	0.480863713844085	0.668262760017394
ERR1624559	0.720208158710567	0.753543584886787	0.326376632201676	0.665321698143749	0.866349638104141	0.490373785027367	0.866899701015415
ERR1624560	0.831515740750971	0.776013045059486	0.427117455638537	0.699596312151597	0.730891983426369	0.461941453839422	0.700601172466053
ERR1624562	0.829318645635726	0.608544591420312	0.345023683155642	0.774560781120571	0.85491039908245	0.468047719624647	0.75170662960357
ERR1624564	0.69308184111917	0.386567338881937	0.427381406720588	0.720592794499487	0.933163407920515	0.472187098944541	0.926147296315155
ERR1624565	0.28118933716654	0.0318397988307929	0.257830347107567	0.475995197168996	0.571030013704481	0.282295472636174	0.019951755782409
ERR1624567	0.671959234909733	0.385988918052835	0.365857946675605	0.596259617404082	0.717990501056741	0.409633341713073	0.520083622705018
ERR1624570	0.467933006081491	0.357901835794135	0.361220216957468	0.395267019099419	0.635750561918325	0.451583012227995	0.20528944109897
ERR1624536	0.18264718026086	0.00904482503406726	0.213224257951288	0.241467897938571	0.217782004238394	0.277520872921794	0.0043255307529193
ERR1624537	0.412525201723819	0.0170607536602409	0.329582623150469	0.350329308992955	0.339498282570174	0.287003776630856	0.0315604392303158
ERR1624538	0.160196887913938	0.0086175131405943	0.129412793650383	0.364630098129237	0.151602065955431	0.258781327327796	0.00378276444425849
ERR1624540	0.365050638314484	0.0480749851276857	0.192291636104055	0.439768628226691	0.630362637613484	0.418297234179123	0.116091512535715
ERR1624541	0.179862041704614	0.00444244789272036	0.21109761077332	0.176140022939012	0.0672445671698081	0.254111602129493	0.0107477459862607
ERR1624543	0.26159772493784	0.18555310984218	0.335853559315334	0.421201452678809	0.464903539761132	0.36331162786599	0.115073019880139
ERR1624544	0.745566829045073	0.420855013645553	0.334320771148827	0.767875860139605	0.701486832811444	0.44129711593994	0.145876486019377
ERR1624546	0.146430118881355	0.0275519248218786	0.24783601520276	0.476938659916506	0.410224705113958	0.284488437312279	0.502717526691323
ERR1624548	0.39732561560638	0.0334085396622263	0.338357080752287	0.309762307788216	0.153120297536002	0.275474282867843	0.0217064065294482
ERR1624551	0.154761092554744	0.0107810130087247	0.35730113772788	0.349867415174092	0.12400322322972	0.277723130256151	0.00179850353020291
ERR1624557	0.495618693128251	0.279265341186224	0.191239383438086	0.26569045426742	0.60696259687173	0.401250142919417	0.0769238428092744
ERR1624558	0.750439122836514	0.0475992944328581	0.352471319192215	0.815085007108507	0.626174019791511	0.27277933784477	0.412192806086125
ERR1624561	0.736796705916113	0.0775889065112259	0.359976150330909	0.641358747658938	0.323959235883413	0.274438888519235	0.109323829597705
ERR1624563	0.781765568667221	0.361142169739352	0.262050688756104	0.50350537661553	0.665076632265886	0.29696937526481	0.451603573679486
ERR1624566	0.364203064060295	0.0140651275614327	0.277478298461998	0.475652475589414	0.302371482034549	0.257684719766116	0.0132027759472822
ERR1624568	0.267364077021461	0.0609511737396326	0.318007385984511	0.176105978172358	0.485039531525476	0.271706357615228	0.313269071285902
ERR1624569	0.946489158342638	0.79541058725242	0.408592751724263	0.529292926593349	0.919689441709002	0.565292750076305	0.994739087713063
ERR1624571	0.62878442138695	0.598120678596568	0.399301613321053	0.733684341693512	0.924912215280973	0.487602952403911	0.864854914256681
ERR1624572	0.812002679474332	0.0169835788617431	0.364959388667675	0.520944879484381	0.440690388950686	0.301860039594147	0.388768120369711
ERR1624573	0.839933029282383	0.117062897211612	0.376932990676574	0.694417534262364	0.376066915294943	0.257525316205881	0.495283420236185
SRR36103410	0.187383259039177	0.860339256760721	0.397492956590209	0.204695482672621	0.764154286307934	0.475672992132825	0.36299611213777
SRR36103409	0.873527431120468	0.979438007916668	0.536397435258781	0.336846371713517	0.871058892498789	0.56620336255295	0.931006631250507
SRR36103388	0.862335424041635	0.965243592432125	0.492470909300773	0.350809088510105	0.711034067430014	0.533198373411761	0.98357233452019
SRR36103348	0.232039157923168	0.259069918522468	0.301641486353484	0.192922048183505	0.397749622338086	0.254077312364867	0.0728705773465968
SRR36103347	0.67258657053433	0.98430589238997	0.278205383144964	0.404315030469827	0.987433447558432	0.51467421115038	0.996539203936486
SRR36103352	0.160466694137854	0.194048135428669	0.313896589500509	0.18717448572046	0.0892194136746379	0.285579764890527	0.00939451660824161
SRR36103351	0.763042582989214	0.875580051452011	0.371359017970134	0.233274140327526	0.806789877661285	0.483020980512245	0.648809031657328
SRR36103339	0.539068219046809	0.524489579572684	0.361863421354866	0.15873324015446	0.596093433827609	0.393536692579546	0.517195736558586
SRR36103338	0.465665649476161	0.958226273528738	0.468587623789205	0.202624775834996	0.697139877187166	0.483080113366097	0.966691605682672
SRR36103337	0.987929477045715	0.991621882017078	0.387673107484178	0.479518123042111	0.957347905894839	0.63267560066819	0.99567633790376
SRR36103344	0.494625460981464	0.259440686809181	0.359540503253531	0.0479181649276824	0.358307321131923	0.275812342766028	0.0654129898724065
SRR36103343	0.854337533731423	0.987687278315847	0.51503472559754	0.459730878894553	0.964122761930417	0.583377157750929	0.99562578660485
SRR36103444	0.589991657847872	0.909730757663967	0.347825704592231	0.448266393147137	0.720814526652612	0.504462122631169	0.931515826513812
SRR36103389	0.185459056360431	0.731015047894534	0.38064527497428	0.122796150775621	0.321792581320798	0.457668261550494	0.124059466228307
SRR36103390	0.759916857070398	0.888022862287186	0.369165359925872	0.406995148275115	0.881839073524688	0.599926810780618	0.937351321533997
SRR36103407	0.756656278448816	0.921512104888274	0.337440169704978	0.533963706398827	0.92454656345772	0.497072152724433	0.95477955416425
SRR36103459	0.0968501502725894	0.349175377215098	0.331533472607496	0.154277667373846	0.350783937294583	0.277743431601005	0.06264074247953
SRR36103458	0.565214205247191	0.896544431853424	0.442996400129353	0.281799098908418	0.876118365536662	0.438207423984761	0.797915303460807
SRR36103456	0.448639620256289	0.368561620872637	0.356953596110972	0.224011930747935	0.625856096535539	0.307802879035012	0.708219243338054
SRR36103397	0.236209172854672	0.328345016925266	0.392289138739976	0.183501140307134	0.108515432514821	0.30705503873701	0.240199639193308
SRR36103398	0.873118962866148	0.529395358210826	0.361481748593101	0.336555316795448	0.724762887188181	0.326086526141959	0.975344729242149
SRR36103399	0.890150115512129	0.28310748688785	0.350800285103213	0.271080201896901	0.358069633659827	0.291042503633536	0.761497285185116
SRR36103462	0.306997696833086	0.193729875567135	0.316180838826271	0.134769095606008	0.164179690544316	0.291703961129608	0.0114379677542581
SRR36103461	0.492464512833992	0.95921421872218	0.461373248253337	0.2028165770797	0.931064518384075	0.535176134682563	0.774194964822088
SRR36103460	0.742832261205837	0.98299763797813	0.441213288348416	0.339977201995986	0.935065486212235	0.572457542205154	0.973773752129673
SRR36103400	0.361362785307618	0.229986923806109	0.335886695590609	0.211687384747644	0.686814875526932	0.274173586972803	0.743906152334607
SRR36103401	0.916228827008288	0.492773965067864	0.375512313959736	0.273291703539777	0.742093740653235	0.311754545946574	0.989216649407573
SRR36103402	0.792468449155423	0.489701286293727	0.318373310783855	0.548163042863024	0.511457589391168	0.289298341618321	0.987975915342544
SRR36103350	0.112184403651306	0.387376784155694	0.347319067654535	0.193909755539715	0.369768848961501	0.286884584400514	0.109780256261297
SRR36103349	0.922635731288587	0.988851463533281	0.321360295682526	0.795085442313649	0.978308673299266	0.546060174339686	0.999279199126153
SRR36103447	0.0411916655683126	0.331005454920445	0.346835402699605	0.073207466363976	0.0737475188782204	0.283986101842652	0.0105854203292548
SRR36103446	0.695315601023266	0.986448649878777	0.36210172944335	0.26043283401678	0.984360633140867	0.593345722515513	0.995901193680437
SRR36103463	0.853165531431652	0.945455932292842	0.3789616771473	0.185971809043209	0.965328555685075	0.50294046746118	0.99240730487855
SRR36103346	0.086601983248953	0.287363484205258	0.307361710793548	0.0718917251768909	0.228376167903732	0.300093488903916	0.0239145979390415
SRR36103297	0.340939023680321	0.923038246102048	0.364640603845104	0.294526839744082	0.922744354603436	0.468639926857653	0.505398702851138
SRR36103296	0.464528812290531	0.944908460235301	0.337272959841505	0.277913202046504	0.98235614975457	0.491815465380984	0.972154684728503
SRR36103355	0.028642930066207	0.334996195671642	0.372471430280607	0.11918334483346	0.11288167546827	0.277470906574218	0.0163644328123999
SRR36103354	0.712669475492052	0.945273180037624	0.42755324729433	0.446632527599393	0.972907713615023	0.485931957872238	0.979143819325103
SRR36103353	0.614384306373979	0.971344576073995	0.369650688268255	0.472494881915971	0.978554004606358	0.527289571230566	0.982149639393834
SRR36103472	0.631705955307837	0.919039061224119	0.378135148544093	0.153071921992307	0.878333484869323	0.456084270390519	0.557813082378728
SRR36103470	0.982905065507452	0.98548430588168	0.399031236328344	0.458993465845722	0.969258566376689	0.620048147346998	0.998822070266633
SRR36103469	0.876952957295012	0.972834515891043	0.463254351741511	0.442744742914918	0.935885142985799	0.578734663433514	0.977838220211779
SRR36103342	0.153654299506441	0.302460087415722	0.438768793071522	0.0943906210460145	0.263907478483372	0.268554535595276	0.0389481080976972
SRR36103341	0.677854905417397	0.962469710577771	0.458432293669554	0.234020864398142	0.89051921844452	0.542846352688339	0.981042006408786
SRR36103340	0.843306589487544	0.981407887076699	0.452004625587206	0.285865500221002	0.9524338017822	0.679673544636029	0.996376363861644
SRR36103475	0.118675382566745	0.166260505398539	0.198108029682029	0.158155865066264	0.0595873857008461	0.278024031127432	0.0190996507797475
SRR36103474	0.726150739624677	0.971160550632516	0.321570715462377	0.475204517674245	0.981881619842251	0.492402030477597	0.989615236240018
SRR36103473	0.537510764315923	0.968335625608984	0.314189380307753	0.356889751587119	0.945543803826818	0.494571650247433	0.966070276212617
SRR36103449	0.0914283879958802	0.185463592170709	0.235226898413312	0.146737191800303	0.0916567235399961	0.30303031232661	0.0810016023044847
SRR36103448	0.424662546879703	0.973410426162433	0.428835085940417	0.231002605145198	0.914799634812153	0.559532463786124	0.970266487040775
SRR36103445	0.953616816394428	0.859704270906524	0.359970100180632	0.266516729749128	0.768882880874454	0.477362834658546	0.975043474739888
SRR36103406	0.148972424248438	0.280133968242195	0.289389105833571	0.111188580383689	0.536512161736736	0.287002199945711	0.0507637941127666
SRR36103465	0.435918228763269	0.970121753468241	0.362548885557014	0.225262167761955	0.96750724632953	0.603230582453217	0.909579703278349
SRR36103466	0.596415364312624	0.975054582307811	0.337038956255997	0.386113456922494	0.936998084189483	0.510791362199967	0.876734937512222
SRR36103303	0.0196217433645557	0.365390765839874	0.380116609423375	0.0515136207846021	0.0559307591365384	0.266574457351043	0.00901900420276246
SRR36103302	0.311421984973078	0.590035482926703	0.390385631663736	0.307859479143889	0.424953794978187	0.293653062906102	0.555290002515177
SRR36103301	0.284020644618837	0.439029156375793	0.388843850753646	0.350107534551557	0.678333389693584	0.289422291233213	0.617586161223948
SRR36103358	0.126975987241677	0.446239933906118	0.34029517270376	0.198328468995278	0.250158534233464	0.275030672657114	0.149659784790274
SRR36103357	0.77278060188114	0.976143414977326	0.444636647641613	0.48449689640561	0.939719907213456	0.542233595685064	0.99330642598634
SRR36103403	0.0871952758605666	0.165209921613679	0.327356857005629	0.168607626239656	0.258461774649142	0.29747546271578	0.00978751318227143
SRR36103404	0.880932384693771	0.892567591919461	0.287665142928517	0.481538864369829	0.808128390722274	0.617513557570823	0.794409159376292
SRR36103405	0.62556686387419	0.308474808498614	0.320970710704535	0.438740325952001	0.493460151236433	0.284848864984197	0.394478471217283
SRR36103468	0.538219153780597	0.336094590339024	0.40391954993851	0.425309261848243	0.843039781079649	0.280578238529336	0.54621394856355
SRR36103415	0.0303121714096234	0.257560515212135	0.340691465823114	0.074675148853227	0.0476375752191293	0.303563528354877	0.00914684540418696
SRR36103414	0.359768548500144	0.201690521101475	0.289353382141282	0.368042534873253	0.652821792077665	0.30508772363625	0.0955896029436188
SRR36103408	0.0342666398505	0.440967478021532	0.401478373499654	0.059746258294513	0.0411317976910053	0.301592005514609	0.0285827205467221
SRR36103391	0.935190900239484	0.976712858382086	0.349710365096433	0.428088692683862	0.951597700260676	0.570448317509649	0.947789402277142
SRR36103392	0.871059901938822	0.99047901370335	0.322502264468782	0.691016056575953	0.995327827100484	0.578467313405091	0.999238291762248
SRR36103441	0.0775192426672276	0.163508250340649	0.395966237575554	0.120403199958823	0.124029286161623	0.254126932414855	0.00975515876984658
SRR36103440	0.0510184875171228	0.927897555593684	0.425840928538293	0.107262673683982	0.618362929981677	0.487969460750466	0.118644774199986
SRR36103359	0.597606653307194	0.970801425759381	0.328582354441125	0.313514331214643	0.858688432097719	0.527024715262049	0.970659615160163
SRR36103393	0.0159115082505164	0.427320117171563	0.348862778269293	0.0448633867146506	0.0977490046607218	0.323158820611905	0.00123976177899471
SRR36103394	0.877836737535326	0.702999309083378	0.33021221896257	0.77571161894529	0.613375002332971	0.329629836570867	0.995226055453571
SRR36103395	0.916726668541772	0.944887151105225	0.396810134386236	0.653267914624323	0.994559077999856	0.51336696623237	0.994865996645582
SRR36103451	0.254189134870875	0.545559956915005	0.387796702638807	0.194763069380169	0.603998776566062	0.330571790961235	0.153345826798176
SRR36103450	0.966820196706938	0.974673254354778	0.35386925560072	0.520841358909853	0.942213471807512	0.540453618133053	0.989433929841668
SRR36103443	0.665981128163405	0.31627511272197	0.327763698084301	0.129995581821149	0.113436249267166	0.277183026001495	0.278652268282317
SRR36103442	0.781225399669467	0.983758841407949	0.478209799505572	0.201686733418084	0.966328234889904	0.570136652543608	0.982612321464368
SRR36103336	0.0223170742145826	0.277572010573243	0.367096958519844	0.0393438869595684	0.0436165473773952	0.29571542124159	0.00851432005262473
SRR36103335	0.983260877339782	0.987911999705558	0.495149894595966	0.485096885222693	0.966144300596403	0.696831440552995	0.999252359889401
SRR36103332	0.375481901478682	0.975800947002897	0.370286621911537	0.232076017482862	0.935147369483619	0.540842107664912	0.958727906821591
SRR36103455	0.0595820124015401	0.301356658346666	0.299220400628771	0.0622040864601586	0.224491570748871	0.334352450233747	0.0303409965723879
SRR36103454	0.391930759928782	0.990677698435264	0.392984500710055	0.37502693627995	0.919215864028106	0.657976648768902	0.995638975778392
SRR36103453	0.274250076721938	0.919601201931875	0.348131302286578	0.183533909212183	0.691394549822534	0.453521441122392	0.660430287423589
SRR36103413	0.108411312838162	0.827670297289815	0.408911223474516	0.10679637775195	0.339867141589475	0.485354677827283	0.0815826418346314
SRR36103412	0.992756273310753	0.946917304953447	0.413331311179189	0.319416029798656	0.975211477782948	0.56609158341778	0.872396472855667
SRR36103411	0.724886008131575	0.979961528109578	0.527178170888571	0.316039889324018	0.98389463236933	0.54749642283495	0.994481957507955
SRR20283940	0.308494607067634	0.378995753561741	0.437988881254246	0.251094558845001	0.36542491423826	0.442803329983916	0.167579942392237
SRR20283939	0.648987968864283	0.945931330852792	0.425731650335138	0.433719014771698	0.903390967290498	0.632984017751601	0.933777894492685
SRR20283906	0.279155695504523	0.361442002690857	0.444739687601511	0.127257984293551	0.28926359556876	0.50484709533115	0.0474220793154541
SRR20283897	0.794143836327438	0.85486178143586	0.480558956960612	0.479766953627412	0.912958269718879	0.541585805449171	0.959604494863153
SRR20283938	0.553705252526457	0.0773571745799432	0.329766044338904	0.232731493253506	0.354222940005554	0.42090505031434	0.0202345414407738
SRR20283937	0.53947073833455	0.624980618939406	0.36550377268124	0.409106077155013	0.821543126547548	0.470877306688795	0.564640926996421
SRR20283927	0.23618248296243	0.0206536327873622	0.416096691638616	0.164981247878444	0.167158227149987	0.29508653888224	0.00532546243906992
SRR20283926	0.767295599357268	0.304032856488932	0.409601360546985	0.386005828816598	0.820367576989874	0.446289535575372	0.486582773492388
SRR20283925	0.374975404275236	0.0118105278079121	0.434220885040404	0.343896996293053	0.297493501321202	0.292125134942478	0.0900876214076962
SRR20283924	0.596792517517343	0.72358609787595	0.414392740665971	0.251434536342679	0.810665906527179	0.505254962245012	0.649520844908488
SRR20283919	0.549285258422261	0.716463184967282	0.331234249649308	0.342985096186514	0.856363509125592	0.661831148888597	0.57807531797755
SRR20283918	0.773850219167698	0.932711575377211	0.445445638551855	0.528046151518532	0.949551427091242	0.673645969625916	0.937934791671986
SRR20283914	0.557787952963817	0.069217681238057	0.440598038049006	0.221569648335325	0.417369882298874	0.390056557681688	0.0141533981454824
SRR20283913	0.906476053256546	0.747962086495314	0.528458075744583	0.582991204481798	0.894928962229997	0.517103944154822	0.987466744347464
SRR20283910	0.669593657273318	0.0461600300426414	0.328732375326002	0.489531221845827	0.481831552748472	0.42737172223806	0.123383810773702
SRR20283909	0.751638431276669	0.975040194751515	0.532010875259417	0.367140524328029	0.980097492355586	0.596722430303026	0.942743441617539
SRR20283908	0.449686620077859	0.841000881677259	0.498401423200051	0.231961784081923	0.873659679319259	0.593235596699383	0.431003074710937
SRR20283907	0.489930140440391	0.906657593448353	0.432823269404894	0.3689376686903	0.972003573051128	0.521376362140515	0.979741947261716
SRR20283899	0.140966119546804	0.0999026506974302	0.416333676583977	0.135851187097614	0.27661758968787	0.297742652162262	0.0155169763836226
SRR20283898	0.923289273057121	0.935033736220619	0.411527027816809	0.500393749516894	0.992615046172053	0.620095964582055	0.998815699567172
