BS	Assal	Ilhan	Afshar	Cholecystectomy	IleocecalResection	Ileostomy	SDT	LOSO
SAMPLE-1	0.516335797811414	0.905188207065814	0.450452543205229	0.710226405851615	0.84703444999659	0.832884568168191	0.113910287400699	0.287605332009238	0.999740361765729
SAMPLE-2	0.112351464414627	0.00482080841921728	0.264883228918464	0.254874020675914	0.884465912087923	0.532870083435245	0.13895010332004	0.296886402195093	0.977170110807136
SAMPLE-3	0.809449221669894	0.45364263577573	0.363706699270768	0.83125960984878	0.792706239680091	0.222246951934192	0.0870915742275814	0.2122516491337	0.64674420242265
SAMPLE-4	0.833777099087264	0.213994861089005	0.1827181053338	0.805299770249725	0.730784143688565	0.00176313787362601	0.301248551823972	0.512423436431137	0.0330696564924623
SAMPLE-5	0.112796863011818	0.0309832555748299	0.200763361215873	0.43957796880767	0.769136395140861	0.235157578919413	0.593238010236284	0.509871724372195	0.507039143494708
SAMPLE-6	0.513431159015866	0.108601475391323	0.335474539280237	0.577247401343926	0.762589611772124	0.0401825997275753	0.508357243417923	0.320286269771376	0.180313733296522
SAMPLE-7	0.722602798169719	0.578826480710476	0.300274944102934	0.858045576189998	0.853942095140688	0.528195042789305	0.191131226512293	0.358875132494516	0.986684460373426
SAMPLE-8	0.149362978201062	0.0343186204010646	0.443109178865416	0.448611690557191	0.806652458554092	0.0709313485385848	0.318875423753225	0.338648460317456	0.639260141503107
SAMPLE-9	0.433689001842102	0.0304551466786925	0.281905918131066	0.781116845443127	0.788442719188985	0.0513549163081916	0.324451452240381	0.387618561058781	0.992966962364713
SAMPLE-10	0.830014881096746	0.0246168910641377	0.347919956305185	0.752061767836186	0.811551186805435	0.0942398022077202	0.431069376949644	0.174737175242483	0.608342426163485
SAMPLE-11	0.775425020050629	0.202519589608224	0.493152072861893	0.741965637985585	0.721235542424779	0.0134891541848833	0.353515701013177	0.237189062668524	0.038835915476964
SAMPLE-12	0.100458549886385	0.0137033312061896	0.200955521785219	0.232650327433778	0.811810670958828	0.124292344437123	0.43571769122639	0.256830819394562	0.684072588796616
SAMPLE-13	0.730024740809461	0.900269865856728	0.408480054301563	0.578806087954142	0.881977656175967	0.0578892352686759	0.448679339840996	0.0732635277631296	0.387874143297914
SAMPLE-14	0.162859690769818	0.170722686610804	0.321410336500377	0.327870752892087	0.81290827154653	0.0452975110694993	0.385856223630558	0.319913934871611	0.0373974909755569
SAMPLE-15	0.1099789395256	0.0189552204463493	0.337892520993444	0.299915001293534	0.813602667402528	0.41134195945408	0.276125264802728	0.329345785945422	0.653869696378998
SAMPLE-16	0.925821799881426	0.691887239054158	0.228702610041527	0.739271376559531	0.704017607165525	0.144238701787893	0.176017304755265	0.298853226779458	0.949850089329701
SAMPLE-17	0.829526639364712	0.831560179699539	0.183081287396053	0.698980150645959	0.78137004620087	0.517155408098852	0.55502625745621	0.316297244998586	0.999930672653457
SAMPLE-18	0.340451771840201	0.251066045319862	0.340753405502788	0.507013743581267	0.815647959431626	0.0190269397316005	0.273528663390192	0.181816250912394	0.312912807550541
SAMPLE-19	0.625392026651676	0.924813912502159	0.361308011517217	0.59175334768894	0.832427449815952	0.0120612685483147	0.326231869045716	0.123166108535922	0.783846806247786
SAMPLE-20	0.538599464456703	0.801564994085752	0.347908686128983	0.665102129769899	0.870035742940088	0.00824244757622217	0.429958919937795	0.15193546868642	0.847543890320354
SAMPLE-21	0.160731315546168	0.169851659433918	0.232011665872213	0.263235678487656	0.826059808345928	0.719901822646014	0.695468960131065	0.6204609126971	0.94195218214177
SAMPLE-22	0.732227299036735	0.310080145807693	0.365674945992294	0.710198415752247	0.808786731232486	0.916772781939641	0.62847912205127	0.491478862133776	0.9999943600229
SAMPLE-23	0.71310679427036	0.197795920818284	0.175381924974254	0.560058513066813	0.687701839627085	0.0219098744717707	0.436781090788954	0.148247938807667	0.615229375297642
SAMPLE-24	0.130003837732828	0.00952787538583392	0.351959286857488	0.235604878462382	0.812675621732697	0.0280405538722737	0.2923639777621	0.39151205467481	0.106908240267723
SAMPLE-25	0.531030759947522	0.0105320538380985	0.432101951883569	0.369330601912576	0.825725512078338	0.0963364112374541	0.312835781035086	0.250404428671751	0.19677688388777
SAMPLE-26	0.905251852399219	0.446483767874778	0.326172055413273	0.708138602089434	0.782469242277296	0.0355228972565207	0.321336810612583	0.209518067168806	0.510468704895114
SAMPLE-27	0.867712788405565	0.952159318716235	0.373164256807194	0.623681071038056	0.806729926543159	0.0427481501843328	0.274363611208813	0.146632683112377	0.515392210767982
SAMPLE-28	0.704717279102929	0.410962585780256	0.219985701854629	0.772279526784821	0.673233308667823	0.0593540265948502	0.488495252437064	0.405278260949784	0.127927344452966
SAMPLE-29	0.781829676356646	0.49557876300448	0.241888528626657	0.650398033862409	0.699255810787815	0.0214885238015828	0.333149777550771	0.264159289034808	0.923105764903097
SAMPLE-30	0.310336313010212	0.0469357160585659	0.253459005724544	0.305233743679096	0.754797439529561	0.29030594847829	0.486925554743004	0.193121192099012	0.994767486553519
SAMPLE-31	0.232825457959589	0.0539692818639946	0.151386144612429	0.541705533674439	0.802145975577181	0.0353280541031778	0.617189325207169	0.36671931076954	0.923920691579642
SAMPLE-32	0.748024180722888	0.153796220923913	0.336071909070583	0.819950021169381	0.754729191178137	0.26053807570254	0.241560948917877	0.247430329857807	0.825356402992042
SAMPLE-33	0.155827071109026	0.0262339893919704	0.285993394562206	0.336500398568814	0.804844112513373	0.0492006800558065	0.401501256929183	0.177597506760108	0.594018057069606
SAMPLE-34	0.144729007164698	0.0325723006931674	0.231143041673833	0.326345879138157	0.795835647254409	0.0140629965305852	0.437060299927997	0.280228934271143	0.558180140936711
SAMPLE-35	0.897571872737254	0.3153152194827	0.281681930724735	0.833448123619494	0.759366185285343	0.0238867370851455	0.375986597882193	0.42155211129102	0.119840376394995
SAMPLE-36	0.204904196331813	0.0068795114499418	0.232044319650245	0.340179097907601	0.849998724805544	0.0284490915224446	0.343652066078356	0.424910363685691	0.00246234011465154
SAMPLE-37	0.234875466792723	0.0360405812805871	0.190891639361867	0.420811827027318	0.725079613862055	0.000659192099136668	0.496482030810743	0.194293602367449	0.0111611599979689
SAMPLE-38	0.650949376725732	0.0162812270687623	0.133464375804071	0.658986153818497	0.750050726365731	0.000131205042858502	0.623745952414694	0.0928342412876794	0.210344197726923
SAMPLE-39	0.890763994731894	0.922329793105577	0.377005998862819	0.724155333621598	0.780281881143153	0.031400126269213	0.234083484210314	0.0785741245826076	0.158591896761507
SAMPLE-40	0.126512111611755	0.0250342464774257	0.400152955189826	0.243770218159176	0.775907685103652	0.0899868428825982	0.276991995231494	0.252094925428718	0.489969512993787
SAMPLE-41	0.0359979423235668	0.005968878729205	0.349600785205375	0.12106390971507	0.857470646869507	0.0551159209952522	0.284619488740411	0.287057967809984	0.248341968611125
SAMPLE-42	0.453444100668892	0.0709110916967319	0.208746157220287	0.576428854972112	0.802669030528099	0.0722991819819018	0.461817757578254	0.119549198429537	0.429916424697432
SAMPLE-43	0.178534196315154	0.105457357573373	0.365171438688144	0.342281375350545	0.793540224973792	0.567106646598366	0.221842461990165	0.418236140490119	0.746115438112062
SAMPLE-44	0.953833169397211	0.910720687766623	0.239213352336408	0.673120154458285	0.771260472501026	0.751637524617118	0.682040942643843	0.169739436813259	0.998870099440343
SAMPLE-45	0.76193885916647	0.468814121083865	0.158596389618185	0.446683124524776	0.832958645582888	0.38488229984343	0.453214563650762	0.271150182724456	0.632375071645397
SAMPLE-46	0.411299316969955	0.282764640360663	0.241828639791251	0.463930106446668	0.801805056576984	0.247795296969206	0.716657574071875	0.219454514884206	0.73075293371415
SAMPLE-47	0.687125397769971	0.0916263223094647	0.392589066011228	0.343264226890961	0.756308079665939	0.140113032889966	0.261575938408461	0.278206361513825	0.657372618795721
SAMPLE-48	0.914998303076465	0.716247372934255	0.33567499924568	0.56364781887616	0.740115416878372	0.0872280681127578	0.256879391034036	0.141499153131965	0.0668872381486557
SAMPLE-49	0.189164142726852	0.0227523153807198	0.187757358918419	0.33905175797965	0.835182472579983	0.0465506994756358	0.458025166993777	0.247231256672954	0.882032662005749
SAMPLE-50	0.843380545619166	0.13740004195383	0.260991222756971	0.719745266367407	0.847231906088058	0.546923214918661	0.273452561647657	0.210705605321038	0.735447189203873
SAMPLE-51	0.891620081121375	0.849117436432249	0.293916685658557	0.561716527504444	0.738971256989894	0.902890192552046	0.234893201803012	0.138038638917248	0.876306323451104
SAMPLE-52	0.442072496372436	0.10165375124248	0.424969285938773	0.29456325608763	0.809967756088139	0.76338912154373	0.210381149263443	0.171069913290496	0.753072035522282
SAMPLE-53	0.697101768374684	0.00792145250765703	0.205593276220384	0.66783719994454	0.738913243082385	0.000633605079166445	0.48165854059408	0.303481666262506	0.0244072905633865
SAMPLE-54	0.141718554985221	0.00444179206103506	0.227923021436505	0.252479698127613	0.791911044074654	0.196723240593967	0.46400575967539	0.424366008640487	0.101439905000745
SAMPLE-55	0.0678427931446235	0.120051988664171	0.143823975207426	0.269986396538034	0.757803517036327	0.0240828051651029	0.559175504751807	0.14667789614176	0.00076728996611918
SAMPLE-56	0.953881692773304	0.754646425522518	0.350629549277985	0.87063580300911	0.835526278141666	0.201078532780191	0.347058181435282	0.228437401203241	0.999839533840497
SAMPLE-57	0.228837994918495	0.0330747538782843	0.503894729196969	0.406397902460728	0.817908743669459	0.0489049787540285	0.265168050767149	0.289020249992287	0.861108328279861
SAMPLE-58	0.950383007686922	0.754026832222402	0.526123884890021	0.809642614698023	0.809584059746772	0.252144306943124	0.315459948551925	0.246600866180374	0.99966938342333
SAMPLE-59	0.206483932068919	0.00827811716639871	0.188450960611365	0.284506779123944	0.811612814215113	0.504159421023985	0.444849477527196	0.243326067373091	0.297386789115525
SAMPLE-60	0.0667808794684186	0.00354224949719465	0.197511574593816	0.194227461026304	0.811440214185105	0.749980354305677	0.14271508195917	0.258908075170869	0.871491062314843
SAMPLE-61	0.617289587272427	0.328501938845976	0.243657668847981	0.567998877736899	0.732812171843777	0.131179490455534	0.422424042267737	0.129132445546583	0.907565866895913
SRR5865065	0.711737427937418	0.9263021984998	0.37005844536929	0.591438765145275	0.810085989363203	0.174096868447242	0.287277634401613	0.46578741700585	0.895371877164789
SRR5865066	0.590865948548172	0.688267659756329	0.471210841087964	0.434877710295886	0.777297639284485	0.0677282569623289	0.288718066589947	0.407342541474163	0.347067069700669
SRR5865067	0.0973943485076993	0.0862161106559052	0.459827539398229	0.164093290751993	0.86535700764055	0.288129996419253	0.234124606360995	0.328504735591347	0.329059616587147
SRR5865068	0.755456205459713	0.85162491853562	0.418047605513739	0.581678349906031	0.804150458245519	0.00205584078077616	0.247729801408786	0.313875139031784	0.0182086334749138
SRR5865069	0.108085343663282	0.360263039606704	0.315256041353427	0.379101666681441	0.724227125412811	0.227314518010896	0.300543987632454	0.264820106875915	0.0485317445085284
SRR5865070	0.370461866707329	0.391098752762292	0.364569227542588	0.261425438518289	0.787265658032599	0.0262519610230637	0.139519771844571	0.315510218583966	0.000801405670256936
SRR5865071	0.689375817713543	0.787342703162978	0.423101796540205	0.613047399391063	0.662014925051507	0.68097777538542	0.537143596713352	0.242029860114544	0.900089430945804
SRR5865072	0.22718466280017	0.114847445449446	0.343929899806914	0.430124000110303	0.339357629269858	0.0737879625598638	0.335993884014009	0.26090590129102	0.0589449730589991
SRR5865073	0.585914751354618	0.791187830742061	0.345629879370201	0.154084107087634	0.776469577531255	0.979811462639355	0.168360997572794	0.258344638879896	0.538814358098911
SRR5865074	0.702059070051912	0.795835227472045	0.440579840562485	0.546382861497993	0.786041004417244	0.011600953991827	0.220727952874302	0.237860591003931	0.0340652024916942
SRR5865075	0.281829739502305	0.589821448786705	0.355154293870566	0.393898209385793	0.741886245157789	0.0357482276454563	0.194596568241065	0.533860249599526	0.989695451002313
SRR5865077	0.242711242563655	0.211711599223623	0.425080499540429	0.376490796421248	0.781901921635606	0.0100359991105061	0.33874767680853	0.495334489701677	0.357360947173441
SRR5865085	0.268976329241746	0.685564346281347	0.458045510403094	0.300781142962942	0.77341841337885	0.016549770511574	0.218327525150114	0.439478217808266	0.229867105671991
SRR5865086	0.536561141893115	0.789093971316563	0.426506519262982	0.502661167281239	0.805164353126238	0.0817175169768061	0.284527175855943	0.334292796579404	0.783719650735825
SRR5865087	0.591470934598028	0.40480073989012	0.395543488764695	0.402966732214533	0.823276593353474	0.0614040503261273	0.394480895077957	0.430506590710727	0.444872728150115
SRR5865096	0.702206203401253	0.881947072415801	0.420273974817395	0.511450247608126	0.812063563620891	0.375872383965747	0.22153817253371	0.203373276250752	0.412307113555573
SRR5865097	0.709041734859383	0.893510481677516	0.394208213613871	0.615822748069395	0.33649594595027	0.0484865491909398	0.241469966008531	0.230093581640527	0.115551761399125
SRR5865098	0.697020083290826	0.901825865529486	0.426323521425137	0.506417502546424	0.783417857671612	0.248015076723089	0.176660633045991	0.320162456816465	0.434750641043974
SRR5865110	0.280227271591926	0.197549484704113	0.390628124603331	0.116017029942942	0.863773742629293	0.133557239972543	0.345968286977215	0.292298940919047	0.0376521648897602
SRR5865111	0.242807117988406	0.248760279122368	0.376611866677657	0.192078990184693	0.841690531346506	0.0613908747497299	0.16167300240168	0.25953299411516	0.182822436822512
SRR5865112	0.729295418540552	0.927728787663408	0.437135215633306	0.469980764428609	0.26675513842831	0.216227053417029	0.189734640417328	0.219188479421859	0.415171678869349
SRR5865114	0.25642441019571	0.0403778437229724	0.417343358512351	0.22079659565188	0.780084908901575	0.593193153239227	0.217111987297254	0.36042213835841	0.0661814353233491
SRR5865115	0.24667280676637	0.905165844301655	0.407966555159461	0.374549357522058	0.791074169022887	0.0248344241765099	0.238523498532369	0.330892939451896	0.59421566966538
SRR5865116	0.825458398000014	0.937127973119366	0.427545990256601	0.634670245976821	0.738947404956639	0.193572634867646	0.179231953510353	0.145124005841841	0.355498130923301
SRR5865120	0.126363100820353	0.172184206255398	0.31276774903768	0.133113478759516	0.73443985176852	0.571457506552863	0.385633708986247	0.351014383304664	0.0885469617475387
SRR5865121	0.178105863889961	0.267975415485318	0.40025043788024	0.211538996984557	0.799134016273385	0.0567243811070978	0.200816873601028	0.320329022821747	0.229814155720701
SRR5865122	0.471219708213125	0.697337807193749	0.460673656205222	0.423214893532088	0.756641544213467	0.0530091344727462	0.189459674317485	0.187318762975478	0.987251337066973
SRR5865123	0.258289066855458	0.701305351476022	0.458756128251337	0.195016690521972	0.784182184339736	0.0193493941722111	0.307078119122617	0.248257429274754	0.427456455835181
SRR5865124	0.400388321800123	0.624470834124599	0.430057543444846	0.228505849314371	0.752801813786829	0.996284624044229	0.179991320815317	0.209465428797224	0.863830668660117
SRR5865125	0.387264790434927	0.794402259853223	0.535071852299924	0.294971678300876	0.78379802624983	0.781305733650533	0.281483050552153	0.307651135686684	0.250951229595828
SRR5865126	0.262915731799145	0.867935075943823	0.50905151233686	0.234304171863511	0.80790896258549	0.626899775129845	0.31474247887143	0.342686321859442	0.993315829035005
SRR5865127	0.78737151998655	0.807970393245902	0.404180585988366	0.522505995465569	0.695400252681714	0.298891780466596	0.0814054563937253	0.205584757328086	0.0845253000073607
SRR5865128	0.167585346256194	0.550693094194537	0.429733376681327	0.282809493769225	0.804298812610011	0.160300764642911	0.192132325142038	0.233534915235761	0.269562841424599
SRR5865129	0.193116583605543	0.345245941017698	0.392342066388302	0.247459422590148	0.844262214435159	0.0210571063937394	0.241478511189468	0.27357035771367	0.0487663358561049
SRR5865130	0.353901090816298	0.361931322890365	0.458309463406372	0.249007218472438	0.851083167668063	0.351191651095259	0.226676289616073	0.334439605128073	0.679564169897778
SRR5865078	0.775963807227012	0.772812435381744	0.419676448353823	0.367464297432819	0.112162017042817	0.292968592543899	0.316612086166025	0.37362431883699	0.458864335481411
SRR5865079	0.617222513936224	0.727038920019211	0.482412369668573	0.413723573596859	0.774675024850762	0.198017895153922	0.234102639905382	0.268266870576217	0.999119826098273
SRR5865080	0.594562759467367	0.854908847104422	0.476587433026618	0.560710440644348	0.753919514329874	0.802660908787952	0.254445430635242	0.278028179157101	0.986805927995787
SRR5865081	0.129357681617013	0.13958609980815	0.429265554335295	0.260784400556893	0.2719364631294	0.00461457690326069	0.314705700801368	0.273996666260391	0.0188713559383579
SRR5865082	0.797225071684034	0.938483546994608	0.433193308066171	0.64182600688087	0.80105878167328	0.0575643959881763	0.227991483399284	0.10294251602205	0.400694553065661
SRR5865083	0.741579379354411	0.881129236832009	0.429113176777876	0.597016670694906	0.814460744136384	0.0678540103475423	0.213570224196734	0.301588445228975	0.12750237915096
SRR5865084	0.176204867582035	0.820186685492022	0.371064648957196	0.167820068005991	0.789053102032535	0.533003097860025	0.376673846108452	0.270497057805869	0.200926725662728
SRR5865088	0.75769092061788	0.4815678225393	0.347456416983167	0.552579517886877	0.781734915707875	0.180001347489907	0.189652275157975	0.204883751028098	0.010894857536927
SRR5865090	0.553089932955055	0.820418889514369	0.423543486588409	0.368223151985171	0.837443452724735	0.131694831982769	0.25086599236398	0.225640928471301	0.689611416343934
SRR5865091	0.396146928007447	0.892445789776567	0.455602303547312	0.276063500062507	0.833920154443812	0.997843327585243	0.33876899669368	0.214177128844773	0.943186528600407
SRR5865092	0.575737827176779	0.929468301699231	0.523276271340535	0.560746182142175	0.814996554521519	0.811934814259141	0.27306876877912	0.159417564458654	0.99992808156971
SRR5865093	0.572066934830067	0.845127644157819	0.336117520572731	0.349034632092416	0.832115825983344	0.99561100314271	0.275942018282386	0.218128606746882	0.994473315873892
SRR5865094	0.634065074746252	0.866455640587563	0.36094208167009	0.355112598182521	0.8485358156262	0.697973876222531	0.113274193298117	0.182237956496572	0.783173867397148
SRR5865095	0.519387059757883	0.880698086603989	0.435435058738441	0.253293524492929	0.830154212811107	0.431725839826452	0.247372457359058	0.283203934951417	0.974892093682697
SRR5865099	0.46613630104048	0.742258105406447	0.416895631996959	0.499234148179169	0.775683966501495	0.0635950431679879	0.18108353408097	0.253130393839838	0.913217296169696
SRR5865100	0.239222446086295	0.488993564519962	0.385907846686059	0.242767716453983	0.819079138105808	0.384407316756829	0.191794268140328	0.374247328780509	0.113796016337452
SRR5865101	0.734537246885021	0.756861396985744	0.414021362398287	0.573444321376851	0.733509449393812	0.0129044661065762	0.1871154013624	0.391009214715061	0.108172417618173
SRR5865102	0.218159070853438	0.164115356360153	0.289649890689554	0.16408038413323	0.84111482043833	0.7276016044184	0.265077623616674	0.293671928577591	0.984719117763345
SRR5865103	0.150328217558478	0.637227203100854	0.443716048044292	0.301356053824387	0.86134927442843	0.237398725548891	0.411814835668958	0.213283293548052	0.919650541206108
SRR5865104	0.589807212658042	0.929223949327139	0.48690385446416	0.558556555509656	0.796509296364295	0.601154886190688	0.181412426701424	0.307381969736547	0.421509436555558
SRR5865105	0.212963206925586	0.265077001549086	0.375892489024075	0.161458808143595	0.189186320662672	0.0769760321245962	0.290642693244324	0.236323787433446	0.179673571037907
SRR5865107	0.679229445554486	0.82781054073372	0.407258821926897	0.406174000945408	0.782865059406631	0.285376713614308	0.267149124843215	0.211816363140559	0.743061444620937
SRR5865108	0.468561320266065	0.884641524204444	0.382967736900951	0.235511982159184	0.838187916726276	0.983588744227498	0.192133329972142	0.283805864253881	0.871597608347494
SRR5865109	0.497451352161473	0.826518306806112	0.386258887928293	0.184505645392506	0.849898202538158	0.920057669567431	0.16354523010927	0.251742355173327	0.426755292102761
SRR5865117	0.330055150980225	0.310535006823389	0.425560741838968	0.361321368196095	0.849844046495457	0.534444798341067	0.211892404463812	0.257599553025925	0.0237914380270661
SRR5865118	0.594160083438321	0.746766323116334	0.468150526299436	0.644211093538272	0.842907666208706	0.836586479761489	0.356704313964116	0.291310176520835	0.999978763360649
SRR5865119	0.320726575392266	0.468149432098615	0.433114280613771	0.20158589703824	0.802279862282021	0.823052793862779	0.245594805797118	0.285194956640343	0.930081703338299
SRR5865131	0.271229420641139	0.834594616248924	0.444429258411793	0.342585665006188	0.757810164477009	0.0463078496325499	0.246644904155501	0.24480504578516	0.274799979327847
SRR5865132	0.556019115294997	0.722419723963817	0.438596727012398	0.64585144089002	0.765056846817416	0.262314477745021	0.198855488641602	0.215899455457809	0.742514153239714
SRR5865133	0.246832880370827	0.177593065578505	0.437072878038416	0.22439515450251	0.353033006169152	0.0379620472503855	0.237621504202355	0.472168258133576	0.0681050248531894
SRR5865134	0.597799031687115	0.644705722484414	0.402961660277061	0.450687271470321	0.77737287623385	0.0390829728618389	0.259509318682063	0.232092433748262	0.0041240909620154
SRR5865135	0.156152606557486	0.423513716677229	0.463553747189874	0.107691680768829	0.862780473877355	0.892396727180981	0.244971442844435	0.288109185895526	0.617756545372567
SRR11292125	0.642014055299703	0.528939881583444	0.762875709583484	0.700941727305822	0.835509941839665	0.537551872449597	0.302512255188699	0.455432520993378	0.998431589205086
SRR11292126	0.456018197260463	0.323689433288344	0.434938315173282	0.539805594974781	0.774263274176701	0.129979897287363	0.197396696002561	0.403885709140188	0.907524197979035
SRR11292127	0.330110664701761	0.0467001242219588	0.593242857161979	0.673157932530557	0.816957072798925	0.0415754273096346	0.377070150848544	0.357756709593748	0.300360591708386
SRR11292131	0.745506255706762	0.65417164475385	0.905010442284624	0.648568076640286	0.812063108111665	0.126964355870766	0.28843919011021	0.563690591440257	0.994705242363353
SRR11292132	0.0398244713423273	0.0122418257391184	0.313099782966521	0.207991881773541	0.802367420919774	0.539177335561708	0.653382872478464	0.550832878051343	0.547847042369478
SRR11292136	0.147867159287893	0.0157193893258669	0.476573776795043	0.205039601192822	0.842958065251527	0.644928617931749	0.299014758522768	0.358186500666292	0.561704210750456
SRR11292137	0.604555213868194	0.328392617616124	0.640888294128355	0.670333796269133	0.791419103358219	0.0306722948665928	0.256065047734924	0.328434975556327	0.868037992645958
SRR11292138	0.0547270014817556	0.00840939405983655	0.495848189658428	0.221013735464192	0.797364272875563	0.38709363490412	0.652860114623473	0.530760869238039	0.543680999122155
SRR11292140	0.263764650544032	0.0396918392358326	0.838367646905455	0.608722977127135	0.825296645962181	0.182648592542344	0.245775657388362	0.542753335679777	0.999680219354024
SRR11292141	0.347068932820311	0.659742896603386	0.771910468524224	0.31572518106299	0.825114688265183	0.533173762339046	0.446741317662344	0.354048088596027	0.401037632792342
SRR11292142	0.474642020253075	0.0244454305679637	0.483611004974157	0.560371725566879	0.655198347231652	0.0123969854604306	0.418490378044703	0.231364875994543	0.165115336486818
SRR11292143	0.320373623284861	0.700375226532341	0.787626634159555	0.261520294558191	0.876496066379584	0.560314604731643	0.219996637906982	0.50056646126643	0.715550073237779
SRR11292144	0.286377439708192	0.0183176062058002	0.268539546741466	0.303297835042396	0.764599346923363	0.143286707457654	0.226186043803337	0.336597639258107	0.303686286376652
SRR11292145	0.505920089585458	0.124095418432397	0.41662981584273	0.396753667276014	0.827326080055089	0.720517447943465	0.366611716655637	0.225705066780198	0.964078410086933
SRR11292146	0.659578104184487	0.484485748911224	0.825892279211774	0.516704128710375	0.847917435662612	0.362719903819021	0.346326178794206	0.300291279235393	0.993438168874865
SRR11292147	0.453521598029581	0.59080945275237	0.601302528314763	0.465026560383037	0.843323152291325	0.555681217505549	0.617048137826782	0.246669698283299	0.918340903019761
SRR11292148	0.551555113312144	0.839210331664185	0.739450945809307	0.314977741374639	0.816697731379695	0.86701895314323	0.376548077556787	0.261956506403919	0.593828789526925
SRR11292129	0.666310348877709	0.895478218057914	0.671543867662835	0.31707457568089	0.850708810790329	0.996342400625357	0.434000333767198	0.204790277305835	0.999523632256731
SRR11292130	0.773025366341543	0.438332641521376	0.316475925674069	0.58464810706637	0.840198517204203	0.595669523972141	0.249502989120526	0.287083163106092	0.998257783508941
SRR11292133	0.37376243379208	0.251992172739117	0.852288531361832	0.667457162076265	0.84141204973963	0.498993609341539	0.3429630439148	0.413199714990054	0.998600616906702
SRR11292134	0.105236812990818	0.00719806122647212	0.520515970870171	0.141914292962366	0.826426760116215	0.694888027768763	0.555498038666924	0.484051201446413	0.743196696831413
SRR11292135	0.0986336585464179	0.0228332108408311	0.0971225801462118	0.241384069476529	0.79917968635188	0.246778047299015	0.511752898533135	0.414323980452808	0.866958481338352
ERR1624539	0.155794338852715	0.0373382096334087	0.305986550899615	0.452249079574387	0.859450163008389	0.027859983288659	0.487618351601802	0.193155401939133	0.00712471679131221
ERR1624542	0.438618055158017	0.0160146423286666	0.250018556066193	0.589415082785808	0.837888426473013	0.148360234308075	0.481813263715733	0.228310422748232	0.00988506516037661
ERR1624545	0.94740638676918	0.255886828046115	0.36615838483749	0.937316923248368	0.789086302165095	0.343939937367443	0.595666931164434	0.232506210818651	0.0101754752477744
ERR1624547	0.450438893368023	0.103931224865244	0.370801317932229	0.566817762077461	0.852852284036446	0.163570069805149	0.34698647370883	0.193016553508553	0.068809815197555
ERR1624549	0.200871309499808	0.0852141083117455	0.343819393989079	0.482687869358062	0.837075526570535	0.187674341436201	0.443236951363547	0.318053275377517	0.220641007434493
ERR1624550	0.188766683552065	0.188141095821725	0.330039077390343	0.161556380801002	0.734143708577952	0.214873191497004	0.291968775784584	0.204428191539032	0.575709360014425
ERR1624552	0.586791238558242	0.327258933835197	0.354547749152168	0.731388479325389	0.661766514462489	0.184430589811744	0.387601942384344	0.153093467655494	0.000371871797215371
ERR1624553	0.126362852096673	0.0175837384009626	0.347632517358398	0.245684219095369	0.829724522712482	0.0151200862221384	0.405941530093925	0.247393214038819	0.01435663735344
ERR1624554	0.240047920022219	0.473401690356589	0.427651035856234	0.421761897295709	0.856218012815044	0.381794007198702	0.51935503245822	0.416865843081177	0.125039620864515
ERR1624555	0.180308564571785	0.0083501708278811	0.146873177648075	0.378320876248642	0.833355105565406	0.17807390498097	0.482578243483125	0.235551032796701	0.0528565282688099
ERR1624556	0.771615454149372	0.491027173514062	0.334473226165535	0.829065585511739	0.813371900057586	0.0703529607118403	0.363644477559406	0.2381183463964	0.281694827975582
ERR1624559	0.720208158710567	0.751052657441615	0.332207107628071	0.673954920573961	0.834813056424259	0.596452560467071	0.370167798488041	0.192000214034947	0.648705677401005
ERR1624560	0.831515740750971	0.766120856658704	0.430956083769489	0.633235274873269	0.809154342297231	0.679663736487993	0.446610843937314	0.147338115062059	0.0876069499785255
ERR1624562	0.829318645635726	0.600900935594427	0.347695024476737	0.800979250809955	0.837901862595875	0.276371518106642	0.403450368985948	0.13069912825657	0.522525346152335
ERR1624564	0.69308184111917	0.375742205794406	0.415010951286303	0.736941258326624	0.864402938371394	0.0375928182715346	0.382152767563685	0.283862185204348	0.901201507503558
ERR1624565	0.28118933716654	0.0289415911546527	0.247894163605051	0.512383657031594	0.768266577683347	0.0110879384039599	0.460859723220864	0.264083653481075	0.00385821874212949
ERR1624567	0.671959234909733	0.380713324673882	0.353062301985837	0.533885896613327	0.405709173966399	0.622947118166603	0.404918785727308	0.247490427841577	0.448766527884985
ERR1624570	0.467933006081491	0.345082600506858	0.360217249251525	0.414097671055864	0.761913076377745	0.204372036914318	0.327241538118799	0.243433265202802	0.0209260822648332
ERR1624536	0.18264718026086	0.00853424146395952	0.21189333809487	0.239942159747971	0.852989142620327	0.417783250546247	0.387568765974077	0.281436543897624	0.121179806991739
ERR1624537	0.412525201723819	0.0163926945427285	0.321423541202566	0.413648000586575	0.851977909324809	0.0214073615824677	0.334564684732911	0.190501375790016	3.31601357032804e-05
ERR1624538	0.160196887913938	0.0078816815697991	0.121848567330688	0.353321172580949	0.728903170085033	0.0669551355172337	0.432940324308207	0.231188109163426	0.0591562439120252
ERR1624540	0.365050638314484	0.0370936162844938	0.192236469837561	0.426323454404441	0.269327403159886	0.880370415957534	0.376884625145188	0.194171072195679	0.197184158031354
ERR1624541	0.179862041704614	0.00404002575569175	0.208536506268656	0.15516471463793	0.842280925144192	0.34288187256751	0.272792496567764	0.249002423932364	0.220045408568977
ERR1624543	0.26159772493784	0.183193893157641	0.33261569971289	0.361236090656076	0.731053689275483	0.0401250530645963	0.371296207393744	0.159940339283537	0.0204768653674346
ERR1624544	0.745566829045073	0.417827553777008	0.328132672390319	0.75494822230003	0.766701652156547	0.0128006895112988	0.334155814744985	0.18901192829397	0.095488834720371
ERR1624546	0.146430118881355	0.0247402421449529	0.243471547229161	0.480078523133629	0.751013089631312	0.00424664736235298	0.483981668115398	0.39962079006799	0.25994469455954
ERR1624548	0.39732561560638	0.0330988795771693	0.323630275060407	0.266656766529273	0.771921048647922	0.4469312926491	0.425182317300134	0.261267942599823	0.110213275188063
ERR1624551	0.154761092554744	0.0107087520491668	0.353930239776426	0.297531013917165	0.861566559935532	0.677950781764754	0.36487396735859	0.182934328729265	0.0144554355853407
ERR1624557	0.495618693128251	0.272204269733228	0.185689592625218	0.278691382697868	0.875794686615443	0.00974805250272349	0.363390028673124	0.222909041943476	0.0756074543565172
ERR1624558	0.750439122836514	0.0473257437933872	0.344313387438013	0.818665510441389	0.865598914116535	0.420363535224687	0.477813988200546	0.142831798554676	0.111480939548257
ERR1624561	0.736796705916113	0.0770039550281514	0.348766412775399	0.637148607534015	0.769866143086849	0.0736427370697751	0.476748702729261	0.207528409023661	0.0894524632880112
ERR1624563	0.781765568667221	0.375674660278357	0.241794260054959	0.497730474363913	0.858678877088632	0.00635439912655239	0.561572887901369	0.218806491106156	0.0100084888757543
ERR1624566	0.364203064060295	0.0130781992743788	0.263787795037617	0.463445876901941	0.863719262681589	0.0406084074416487	0.391735912019242	0.270970334044646	0.00373441152510569
ERR1624568	0.267364077021461	0.0591267335605156	0.317594134304988	0.186636308933853	0.857487124461557	0.165463407445326	0.485529981354657	0.245630866942344	0.110330935175871
ERR1624569	0.946489158342638	0.79191988700515	0.411744073124234	0.493291418657082	0.795859820336329	0.172115108307304	0.307763687974013	0.225923739249038	0.431341595458717
ERR1624571	0.62878442138695	0.598318271266161	0.394170415203121	0.715339763214317	0.787757456098384	0.85337305156748	0.349335924034044	0.154973034134545	0.179980965901891
ERR1624572	0.812002679474332	0.0197829677322803	0.354173263894402	0.562922718216814	0.835707956943612	0.0543206698694861	0.412557721026644	0.180608409079288	0.398468938842889
ERR1624573	0.839933029282383	0.107276638882107	0.374350023671903	0.770704245760802	0.841780900133797	0.00941850649233907	0.49249381201702	0.16889651738018	0.341827889994733
SRR31418698	0.911230569740473	0.825058842141144	0.336459682476965	0.260731773897553	0.409298345442076	0.879740655134848	0.199944330092637	0.236207951883191	0.979552175368225
SRR31418709	0.847539092509431	0.659068409166471	0.337172259077185	0.106306880243252	0.610389807058309	0.520537590541893	0.232948410083892	0.298650939706277	0.0348330585072649
SRR31418710	0.742373421406705	0.619550909053729	0.342101082262812	0.100694386992493	0.788685046082091	0.874780095762703	0.21218254642822	0.322405328822782	0.541865679367174
SRR31418685	0.86297660443059	0.258073653299794	0.343970986803834	0.152831780765091	0.44333737616843	0.0105738491343559	0.265267668807254	0.315863736356569	0.199928607006376
SRR31418686	0.908315973771939	0.693663267526452	0.342571162329848	0.19858644713066	0.776896000410726	0.199843561285155	0.245766513518754	0.238769153434295	0.593048861694737
SRR31418687	0.931708139512582	0.245288387508535	0.4326301235623	0.342931776314033	0.730666937351164	0.0649213157525172	0.204463855629007	0.307178737665902	0.769648865917982
SRR31418682	0.90967921241713	0.887291236684461	0.502586781027407	0.336969519428772	0.339570834598319	0.743660349130462	0.190342223192618	0.190467596093969	0.988735085276835
SRR31418683	0.798380350401698	0.379867181073262	0.36347780459833	0.147692505451488	0.810994372712842	0.280918119594758	0.279858059366898	0.289034735117856	0.133358846317194
SRR31418684	0.854122439013537	0.836265551746144	0.485397280254975	0.313790527701174	0.740556316367084	0.206858655888394	0.177761021795022	0.530269202743248	0.962302995956489
SRR31418707	0.417721838992378	0.211160952208674	0.339896965800288	0.133204870518	0.441639767932828	0.333691782560262	0.308722307235329	0.372355982777401	0.253862317278785
SRR31418708	0.692291538254899	0.27825508365642	0.440060784879419	0.0586979293679803	0.779570464568262	0.431637881474646	0.342177240490143	0.215353020380722	0.0559908088400819
SRR31418681	0.21773982149167	0.323222474640108	0.343457572716859	0.0425686062109972	0.810953620309693	0.486899355363993	0.560193963148639	0.344944769464789	0.257227984330519
SRR31418704	0.705278791174061	0.819193114479542	0.387418294860081	0.251545892527175	0.368520558992393	0.331043746975835	0.389087443550664	0.288453452708007	0.756220920457478
SRR31418705	0.933070713337152	0.701011978023272	0.385082965142055	0.157690852270713	0.788592199067876	0.826092788074933	0.334932331376093	0.321484985195087	0.892590302081458
SRR31418706	0.85482247337182	0.842667245729432	0.420780937287604	0.1622567862532	0.762966785744541	0.89990927922296	0.229666901700081	0.341127447276879	0.916975059148748
SRR31418701	0.954435115865805	0.784633635096381	0.433419876381378	0.214692791439437	0.0140803317697767	0.872307534156221	0.274695385178279	0.247702111825657	0.998493593040426
SRR31418702	0.606750230502976	0.380799562758233	0.424888841093073	0.0557810205082532	0.769502279919276	0.830042847706489	0.341980072771812	0.339370400528288	0.785762089616675
SRR31418703	0.498568125237541	0.891207250387673	0.441610360516566	0.182588122719221	0.894191800084329	0.305711620833928	0.0978394916953414	0.182929888523909	0.63779060878802
SRR31418697	0.975117624484584	0.856910853931789	0.484688055647197	0.312713141250361	0.434394318157325	0.498110302199275	0.247117362560968	0.282993626694512	0.999495278011912
SRR31418699	0.952918815963919	0.627872827464658	0.375745084521197	0.235494791531762	0.595359244949178	0.483120956313378	0.214317464590512	0.314302246142261	0.968840708529822
SRR31418700	0.783673082802104	0.936720730813208	0.380396010275654	0.258418567178113	0.686192762145894	0.373135950961528	0.175475468271393	0.558294637201722	0.992177431688907
SRR31418694	0.931747241246251	0.792424893337368	0.411064093888033	0.158907264859454	0.784131748304755	0.910072334254105	0.317667455646576	0.296317158846417	0.867100203174513
SRR31418695	0.603284157990022	0.298544140414042	0.431254261937043	0.0495449641251384	0.776461375295717	0.923511325235394	0.483135278244893	0.266669965233715	0.980582609067985
SRR31418696	0.560152171921996	0.903589308268983	0.392502619817014	0.204893200101934	0.830714942054855	0.944699949285871	0.223652741772382	0.22450275666473	0.998058648241439
SRR31418691	0.843261175100864	0.143483843692282	0.19318066306783	0.140498307006614	0.857471689864615	0.789403601634881	0.311787681022152	0.272267991027181	0.632332939582578
SRR31418692	0.777552269518812	0.872366438135778	0.412563143649974	0.0995692835410885	0.786215531459647	0.999125832079352	0.616516161664738	0.256308053388935	0.998305043397696
SRR31418693	0.629203883692784	0.982934025111548	0.403950140499422	0.0781427111741437	0.606709819576845	0.351542621955612	0.525172433170759	0.239768985350809	0.963861478489709
SRR31418688	0.479114766152949	0.247724045133285	0.217642005266175	0.0387574478886722	0.831798160747432	0.919152134804844	0.352808815260902	0.455232852754993	0.22131734367814
SRR31418689	0.478961541818098	0.302596849265191	0.350601878898143	0.0273344247056308	0.769251322933971	0.799733219989648	0.260700303820987	0.313950006727515	0.483649423388606
SRR31418690	0.180929896217573	0.147822236699254	0.311206547880812	0.0982844815403844	0.713048350007086	0.638840650386967	0.276756505134822	0.604209929030268	0.757072284917336
SRR13357893	0.176589658881585	0.361629529126649	0.354656815632858	0.213706507351156	0.928129905256644	0.529925974443964	0.779574422759979	0.260465231197112	0.942059002583924
SRR13358121	0.70004135585963	0.996191419033474	0.392252353198219	0.233496900537085	0.824674959463144	0.97166682253665	0.6110522497241	0.263046980282405	0.885199349867596
SRR13358010	0.108258391594486	0.74863266620727	0.361515289561841	0.207121556751575	0.855889061667876	0.564523349307367	0.607439403866196	0.225192523663616	0.22369165222045
SRR13357899	0.138357921782684	0.11567384497884	0.362622510566715	0.206307801363146	0.895640849030627	0.504674338137688	0.762281456179755	0.280179491733511	0.472276192811973
SRR13357647	0.97227989911873	0.872020752642219	0.381522097720519	0.768922313270065	0.796661580670402	0.0369777940492292	0.690326586891566	0.145565420590331	0.990662020500551
SRR13358145	0.976940882647931	0.998413881679022	0.432279246482197	0.849341194445794	0.806787293278528	0.542425719131647	0.460710344794152	0.065915368320277	0.998699181336184
SRR13357892	0.91077090706894	0.924490462781145	0.363406846301517	0.27063525973101	0.777112271780363	0.545121541240988	0.594833824457128	0.143379346802412	0.858881203978961
SRR13357761	0.928914617101728	0.989879219670585	0.367924763937934	0.657503355495551	0.69418106401923	0.789431886235764	0.566424664067365	0.100372113732893	0.995339187551295
SRR13357693	0.0739487200380801	0.864440528533095	0.22232402349788	0.220986763325833	0.832432609308428	0.579302643167721	0.588336510290742	0.296670499408688	0.404865876026634
SRR13357682	0.969252294723294	0.995076492336758	0.381429790039961	0.454990533892006	0.618774849712977	0.853984308829957	0.631291731717053	0.217836920416583	0.993071529914889
SRR13357671	0.993111743040959	0.976394639974919	0.373634069973021	0.721196750419329	0.762958021121824	0.982728137691113	0.663889895908095	0.263086085754668	0.987605989843145
SRR13357660	0.618072037086885	0.984726952500386	0.355965737274946	0.35028609508322	0.880240072969832	0.79899384832957	0.658691047816914	0.263169937958656	0.928069957664676
SRR13358098	0.877271759077831	0.36040288933992	0.359635094002007	0.275091181214294	0.896835612369252	0.753305025262579	0.771614844612483	0.248980764526313	0.727015483400503
SRR13358087	0.854773467490194	0.990647513423859	0.391987665724306	0.114167540036691	0.813476649542078	0.98923186834508	0.797316647691694	0.250367862684339	0.987225163981381
SRR13358076	0.0951510870044765	0.982797104446518	0.384444377571996	0.162769041800119	0.854978836876656	0.998107690059978	0.889268334100006	0.238564439196537	0.99399353531147
SRR13358065	0.176237742336175	0.590914796943811	0.375365487175906	0.159819285107537	0.879634199700877	0.997105070534637	0.924743185930564	0.265187237344121	0.995517592639631
SRR13358021	0.0941056514666096	0.803655044666661	0.383232354224131	0.206734850830444	0.805221935922005	0.853788790281019	0.698596566643047	0.284517512018777	0.0757272521613275
SRR13358009	0.948471794808715	0.989854489912751	0.39929389592337	0.369696850697145	0.865561904307546	0.592677578878393	0.573923818077158	0.325983961541184	0.92592100509344
SRR13357998	0.966533775096722	0.983403033194228	0.387576940259107	0.260620595201144	0.874102146322696	0.827505791224509	0.646898218909008	0.293509011089512	0.917699557662153
SRR13357987	0.913680599931524	0.924643169533278	0.381684376516732	0.367746838524956	0.899173439729115	0.924941316350822	0.720830125044008	0.266616328401004	0.988908078495157
SRR13357943	0.0910335552755973	0.880469490857098	0.378373905232057	0.0813117484260606	0.824127415554812	0.973709972477349	0.762814862993527	0.258756902228578	0.173348474814462
SRR13357932	0.0307155761396436	0.94844838038563	0.400653545962655	0.0519366623897649	0.818118066082091	0.828537614499057	0.84241723933689	0.263609178969827	0.669716111107793
SRR13357921	0.142678520234901	0.896483046200543	0.38135686062595	0.0935657686527232	0.811002312617391	0.990773669610392	0.848684812559979	0.257662840278045	0.727666281654258
SRR13357910	0.28286053855871	0.830324949020258	0.360164882133609	0.170793404975934	0.849326239727403	0.958903064589002	0.717271952375016	0.264983126971658	0.489339131288721
SRR13357862	0.940720597787529	0.851651929155614	0.371269547463166	0.475037621768481	0.901165399383516	0.941493532325336	0.729524456692539	0.26058450568525	0.993647376569932
SRR13357851	0.953032484807853	0.994001233130464	0.370603001855244	0.279988592366025	0.75901051096405	0.947109020082917	0.599533618355882	0.248455796199721	0.515808517752683
SRR13357840	0.413148565556311	0.996426748002987	0.394692067619792	0.181951046490139	0.612263095057884	0.771933412164487	0.6169219570488	0.247030330961276	0.511423932954688
SRR13357829	0.439092098027633	0.280099256848685	0.365595947889022	0.187297929265911	0.817777558920585	0.419909321099352	0.716847790114349	0.246391531834366	0.617107195989824
SRR13357784	0.0709392039026335	0.329401938166114	0.364128967843252	0.0798020858215826	0.786256395843586	0.961495443201195	0.298118078814374	0.209041578018489	0.090910338040402
SRR13357774	0.0270925038071115	0.108245080604007	0.37678954880078	0.089952673379338	0.87757593375815	0.394050050092513	0.541378480608004	0.302328368961568	0.346797042868973
SRR13357773	0.116557820881482	0.161615838195893	0.37076084605596	0.127871061901432	0.876490431732062	0.899661258980676	0.460816603929243	0.24328474538309	0.0353811058584053
SRR13357772	0.349042149224096	0.757517525702736	0.381480450106405	0.190417871983055	0.727824044541366	0.693736762261176	0.444789082905235	0.219924901364876	0.117362001013472
SRR13357744	0.159536670722493	0.912584208163331	0.355677361099527	0.225616472075616	0.859743020034463	0.991155694012152	0.631578224653538	0.214514270304757	0.442959029895133
SRR13357743	0.670371911876668	0.992024762530178	0.389549299402183	0.18102765567969	0.873475299562437	0.96882449430095	0.597024452343278	0.244309204412637	0.223616555576446
SRR13357742	0.0877854040555744	0.960379153210789	0.383063099303753	0.202573569176932	0.848700074417437	0.825789857084116	0.658788887749297	0.251599524259578	0.277427954348883
SRR13357740	0.309968453983085	0.940555016435058	0.375396381462231	0.144362391153103	0.841852059180802	0.81478980850381	0.682934984336564	0.211935284170544	0.279033823892798
SRR13358144	0.0409605497213859	0.0238585321655485	0.205149413798441	0.111887844776577	0.884561734383179	0.949202952517826	0.48625422413798	0.343012279191638	0.111401462478216
SRR13358143	0.0774166620811728	0.207564823848402	0.1845995913818	0.0906990221827766	0.872864217464604	0.715830443423844	0.487957944707552	0.214764719082695	0.461373742076127
SRR13358142	0.92265522711784	0.977356113616812	0.392104125961977	0.396532199942376	0.901275980833605	0.818729789818104	0.649982681221787	0.185639234685	0.824131732283671
SRR13358141	0.706046631086815	0.808186094330201	0.425389641416138	0.33812851991485	0.829790074859077	0.443320426870645	0.281635398528846	0.0904700223171585	0.852906271611348
SRR13357755	0.183570676404709	0.263250912361056	0.21338787731196	0.314405998997409	0.750519256490849	0.238206837566565	0.35882603058909	0.361415505261112	0.00533549901756293
SRR13357754	0.0451721671061905	0.00812554174836375	0.317837133351319	0.103582265379332	0.827314438322342	0.179270914962353	0.3063986759322	0.344823534660994	0.00915305948944982
SRR13357721	0.0840202920772367	0.342835745978297	0.384850254294002	0.15818364085734	0.85562965029832	0.99308913952771	0.77848576669579	0.350861693656664	0.836667354539408
SRR13357720	0.162390446105746	0.291134880254665	0.368396893940596	0.074244543824788	0.84352854826773	0.675199872002027	0.776641631980535	0.276552097733693	0.653023394762402
SRR13357719	0.286173851009787	0.98328214506013	0.404799918892731	0.170117038847996	0.878521681177428	0.9972708494474	0.838096257174176	0.271352190380632	0.989345846425081
SRR13357718	0.28672345683114	0.97002375319456	0.397678422011509	0.16967069434028	0.860496990648234	0.995566669058473	0.862580072901118	0.275862405231002	0.990719973672785
SRR13357713	0.138644299307967	0.0575152193119065	0.252966991131726	0.0616809258600799	0.836040438353554	0.883366917323914	0.440308366020373	0.267513181963042	0.0308441559901467
SRR13357712	0.547247544504386	0.919986814272847	0.384690396290276	0.153886822630871	0.853644896811715	0.995710117358084	0.760123420799365	0.277943276703497	0.900966388229936
SRR13357711	0.295577957851691	0.966600654630523	0.392268780911902	0.139994061586429	0.875391836550919	0.998904760359389	0.827470176762204	0.280354928754338	0.982586903655294
SRR13357710	0.295250794889748	0.872405724451709	0.258179615605702	0.154510563177791	0.876909647518776	0.94232208966555	0.66962340097727	0.233549701482646	0.685045323021476
SRR13357706	0.0807658049584476	0.00664817649116729	0.184831825329994	0.292853761274373	0.829303552754888	0.0439547225353434	0.16748593257736	0.282155708870631	0.0269784404840582
SRR13357705	0.10688492963843	0.0175365549132328	0.208543771516481	0.28555456705353	0.810679595189269	0.763818200344623	0.330018608731242	0.434731319314991	0.136084479883519
SRR13357700	0.137144908059456	0.98610977106234	0.387057480699659	0.235300848945014	0.778949517619951	0.636552281431166	0.643415814968936	0.420886122766694	0.765866088404846
SRR13357699	0.13723415490861	0.9411773420437	0.384848286319546	0.131730667921526	0.817747463407458	0.514024490052176	0.688496099725409	0.319561526600338	0.430664949202195
SRR13357698	0.165954421865713	0.964621705282293	0.398007141786332	0.140323241818636	0.873526239152512	0.943368404909735	0.667085537908712	0.304406227013551	0.491135445831619
SRR13357697	0.281149302570173	0.97825092527853	0.363225136409619	0.261975543120916	0.792088545840271	0.235288362308524	0.807302189475066	0.196408941044676	0.968403429585831
SRR13357692	0.0482713956813962	0.0546352617103153	0.417497639592964	0.175583059744659	0.777102078686281	0.498758185628594	0.592402820434245	0.175889452353935	0.496980480100966
SRR13357691	0.794736995415731	0.985495159102784	0.36581260202853	0.15495449075694	0.826121046957033	0.603117234799002	0.601205114870481	0.266638377942837	0.72478788630463
SRR13357690	0.851670865351463	0.908197206993753	0.370503729262661	0.194838233891055	0.85547946328983	0.996340767102941	0.853554012945266	0.27210323267697	0.982886888820497
SRR13357689	0.181092353256564	0.948282752563672	0.379168111665445	0.354225381687385	0.766601333509548	0.989651754675815	0.880322719681883	0.195291452721285	0.987616389352227
SRR13357685	0.124285018898428	0.0979469220898067	0.266657610706713	0.280173179423296	0.827188022577172	0.98541591337508	0.24954496894043	0.326185421978082	0.166408607478119
SRR13357684	0.0740896169076664	0.0455347843838416	0.231102481523626	0.326044735328943	0.836303446755062	0.73372984406074	0.355264232160083	0.345319410135625	0.183309677250448
SRR13357683	0.108985320033391	0.0646979933166818	0.438024623988365	0.23369382642761	0.835171467441962	0.730879388910649	0.335013482211463	0.295283644682072	0.328547406444654
SRR13357681	0.0311693500429287	0.0468786697667793	0.450771738086883	0.0882989380282606	0.835082894424287	0.920695506976146	0.262043749760277	0.363476678204088	0.215629493587458
SRR13357679	0.14528276665471	0.674031142530044	0.482659031935061	0.20621624312454	0.848202086599152	0.663258683436128	0.358360211783891	0.32983592158467	0.843483278263459
SRR13357678	0.205335035685659	0.842358536479461	0.542386267696713	0.241577607985761	0.866551635438244	0.641547841663278	0.540644160097486	0.371662753074217	0.886207768979768
SRR13357677	0.115832745304506	0.713384184903829	0.521969405649676	0.136398057534135	0.845232758320186	0.103057020533579	0.327358857482322	0.37122706317431	0.64611779288474
SRR13357676	0.0956018899006083	0.331482434008614	0.300183281086166	0.117057782645193	0.849739742458535	0.596775667942967	0.381429638356191	0.468791065361796	0.378477243132121
SRR13357672	0.389992517535054	0.921333532465425	0.375778545595279	0.162458253797438	0.849078863776573	0.97612703354522	0.702393834109704	0.271970228016732	0.755559996962376
SRR13357670	0.261509034971839	0.711341622773779	0.3588921689907	0.257577113609599	0.91304695800495	0.495566217976397	0.702114343546688	0.229830910724864	0.564439372265343
SRR13357669	0.927400940767318	0.989711878570458	0.362887277496998	0.216545674695879	0.926697018089512	0.997400585941321	0.87535645077427	0.259623754406651	0.998962584455705
SRR13357668	0.177140786546872	0.507299361275403	0.352603425050438	0.0939990910683632	0.850041290392431	0.349625989474755	0.754742969729301	0.306474995124636	0.485131696102604
SRR13357664	0.76708272928149	0.838774044441587	0.33809713715873	0.547054182370326	0.905799629107903	0.836661084092001	0.698826187718191	0.12680902313241	0.869704372322038
SRR13357663	0.0994749377097138	0.248901223165151	0.327500392190669	0.117732331770784	0.882164572490349	0.912381913954554	0.780183562368041	0.245059079888252	0.495995536649771
SRR13357662	0.123418651621793	0.0306370717633322	0.332423366588001	0.144933459908784	0.429918461572182	0.97346086932938	0.774101037167609	0.321596176927873	0.175451585877387
SRR13357661	0.405478207825572	0.638617966615507	0.366346461711402	0.280235879931462	0.248396011586861	0.992401564197559	0.690482753325278	0.302828917236798	0.331178645112861
SRR13357656	0.777849239884358	0.528820517769816	0.368726982628071	0.124180734032245	0.827012600641301	0.796910920040647	0.771304948336519	0.246298162042417	0.528279188096959
SRR13357655	0.798697332975627	0.993042293237468	0.387262126620688	0.161362504456005	0.165450061136479	0.900198426673421	0.620567528669729	0.242040645903715	0.154121192493072
SRR13358134	0.247402892341894	0.803644131633656	0.427912092118976	0.245876772448308	0.865229789926608	0.817339896783368	0.645905864949914	0.512339030378324	0.899683083858956
SRR13358133	0.245201387184371	0.78549395733133	0.468842105945956	0.29512652856126	0.846405528644114	0.661142362816297	0.650568712301719	0.318381829058488	0.606596954643708
SRR13358131	0.133071837448286	0.277929062857875	0.387867574322189	0.149682908329909	0.787474638815895	0.113678031168604	0.612255690903849	0.292343930811316	0.0927975583508616
SRR13358130	0.116550491843246	0.617088966418735	0.377976174651172	0.0852514889052893	0.819685769859163	0.429908090273704	0.525523169325628	0.193210885145398	0.232719269250905
SRR13358125	0.749620433161783	0.923367421506098	0.359331290107795	0.252548172421047	0.697416147262692	0.538400513806241	0.6661077952033	0.253910699493454	0.616235135064503
SRR13358124	0.376596570324527	0.996128388118078	0.388167789154723	0.162329116779929	0.80656482380327	0.854532971426172	0.637370916566934	0.255476715428231	0.945232423840565
SRR13358123	0.181119488566026	0.561595781054378	0.382630409328437	0.155100774456107	0.851060475173155	0.99407341882917	0.899756855277873	0.355790015190539	0.996055254292537
SRR13358117	0.215612143783146	0.247900405369871	0.396575462056663	0.189191005888621	0.822693226651239	0.992319975221793	0.359922842999177	0.381838451050897	0.132000952873399
SRR13358116	0.316062729167902	0.178852766667863	0.305466858446492	0.224455926078882	0.841056394819864	0.965272256006754	0.471245385468532	0.307558055379591	0.18241218516835
SRR13358115	0.0995402741148495	0.0148485514312779	0.408928074257724	0.219718707324853	0.851948708295044	0.462248582658637	0.615482362501488	0.51595090683194	0.323616989219336
SRR13358114	0.0905671922683204	0.0521992345612479	0.385765959188335	0.110200006600708	0.884833532708735	0.96231668406887	0.507909302226314	0.427324216913543	0.466154693224243
SRR13358110	0.14134532775779	0.655174137140318	0.360651223899694	0.136093849309123	0.79583327171191	0.966924632461922	0.364907464660054	0.348292529743263	0.139619230640294
SRR13358108	0.0937779336452055	0.616666959755258	0.416076871275119	0.101511078372749	0.824428853625654	0.921789097057488	0.428908736515203	0.263416358570051	0.113489365208631
SRR13358107	0.0823327884315099	0.336637685433203	0.470659920308332	0.105713275132412	0.82442464304599	0.83047044585336	0.383963856688597	0.346019829827293	0.0680299680340033
SRR13358106	0.0811636895111908	0.438205620526833	0.400465695834724	0.0954744961288646	0.840481775958151	0.293031490720754	0.357192206175791	0.251354433322082	0.0359583902399478
SRR13358102	0.964129935774967	0.879632361865868	0.349573662990298	0.82815251137551	0.785225892049686	0.793575229295873	0.683773722397238	0.103653708274504	0.995332009593847
SRR13358101	0.414593411843779	0.516915564063249	0.168121732811414	0.225052451763269	0.791338146184471	0.88313204878283	0.469416491292887	0.348008743896265	0.195783870483348
SRR13358100	0.179645206252695	0.0612860560498552	0.188986470327126	0.106188355224061	0.869197305241033	0.700655158102848	0.214379372585398	0.48500196973849	0.0225484356880192
SRR13358099	0.238246513089963	0.11397426485509	0.267046790456596	0.09711311791923	0.817411622665071	0.864676855732915	0.200016578963774	0.290546729260953	0.0386575973339686
SRR13358094	0.342451772989874	0.975715889996983	0.395266601050741	0.211168554636959	0.873760504792375	0.88515978321379	0.584148927989869	0.215965586828865	0.587185293149742
SRR13358093	0.89819957074762	0.903935565571548	0.377244442519872	0.136079776816552	0.881230866599015	0.507648962743742	0.706648149522564	0.240432503659157	0.87144801760613
SRR13358092	0.956496070824286	0.986210055753219	0.357266902291713	0.303592291545247	0.919995268027653	0.866913536405181	0.639223200873346	0.251812290139462	0.940724090866624
SRR13358091	0.175963696524138	0.990117985273629	0.366328354238711	0.27202280937429	0.92419541576667	0.649571453743457	0.63320220419563	0.211201529428136	0.788550033084757
SRR13358086	0.77547069959509	0.89073134312918	0.366818437590959	0.201827624469299	0.869192293631291	0.923525346572955	0.65355496862042	0.222877567699716	0.831752017237105
SRR13358085	0.968637108264754	0.988879746016472	0.391815233343887	0.546703614252183	0.895636151104231	0.972470189838486	0.588503227785372	0.170375330665569	0.998767866565132
SRR13358084	0.684031226037246	0.896317233162228	0.37620832118711	0.200203661276729	0.854974587721173	0.911534488975902	0.725014177482972	0.272212223126847	0.988229228436612
SRR13358083	0.89460443677928	0.785586731830166	0.379495173220105	0.310439490442853	0.910536680699273	0.995023647736132	0.7113232371731	0.187641763505743	0.996162974243645
SRR13358081	0.902874762329459	0.874755644346729	0.383865666774101	0.233557216769221	0.806158691753116	0.98356195734136	0.811035913236169	0.297404547043281	0.988958547144461
SRR13358080	0.769921398371739	0.993181303086935	0.387241494351007	0.139286345929237	0.706982900313887	0.99814408699914	0.824448431737474	0.254559702048403	0.993374874374801
SRR13358079	0.973359742279199	0.990569859299938	0.387317317849274	0.318326838564998	0.805537943018901	0.917017465461681	0.641816679060179	0.132803704663921	0.824717229211922
SRR13358078	0.532678239476582	0.83334559043623	0.372094133741706	0.106337800519834	0.832583542922179	0.283862115742044	0.768069130354435	0.20791492114033	0.316162850017465
SRR13358073	0.36013514554136	0.84267819749074	0.374045076152536	0.267218712750434	0.769947628320621	0.86912754789371	0.237685431835241	0.299945507186024	0.0134515600190436
SRR13358069	0.137176425330066	0.136354009040118	0.447142528237278	0.127078036170216	0.87391355810887	0.967816374446862	0.269162191268986	0.278187845546079	0.135881972636642
SRR13358068	0.10941574388448	0.0160110797212753	0.481510171218018	0.138086348040626	0.876636657666647	0.888465490210284	0.34938838165821	0.308226269662495	0.15540038948213
SRR13358067	0.186094444022245	0.0309153347494634	0.440966032569242	0.224857233531159	0.869671194373626	0.286780752147745	0.396875939205337	0.284842743937059	0.29356621686292
SRR13358066	0.0256711907073044	0.0156061923138383	0.437683405208918	0.0774935504227298	0.88139441636589	0.966370861631336	0.415110193767312	0.392230090264863	0.191472379830778
SRR13358061	0.606199434486098	0.745930404424301	0.363552295291117	0.202793599251854	0.869272275316001	0.593983039680897	0.742231724948284	0.263393531830854	0.85228182129924
SRR13358060	0.956796376096156	0.263769966588104	0.359431589580031	0.287549944257172	0.729252143179766	0.168041529886994	0.727109472820058	0.253122328626185	0.986271192089547
SRR13358059	0.1338338109716	0.419137984292566	0.360738246717378	0.191360869531113	0.799384770534814	0.385881936052058	0.760931511184374	0.245867405604595	0.327330274204773
SRR13358058	0.197959526811986	0.916729270080131	0.381620157349	0.125329238925714	0.840234647337432	0.728309445175202	0.698265488780805	0.28934993717478	0.500847213519582
SRR13358053	0.143803342916766	0.132660710704194	0.290000834543286	0.289968206467679	0.857595187476027	0.718539144708396	0.20069253741764	0.334785996698007	0.135227289460264
SRR13358052	0.0647349933437052	0.0495759809601845	0.355670517796922	0.126931537231795	0.868497330934998	0.798938782905384	0.233101798451545	0.299247437736441	0.218334063985535
SRR13358051	0.0735740165155229	0.0213439950167733	0.282723067964627	0.214041680990302	0.815704156516151	0.634809747739332	0.267352628229121	0.312208041499661	0.146434752362965
SRR13358050	0.228873191040056	0.704242357777473	0.432555731345789	0.239300266021331	0.877728844823536	0.763922415937135	0.282690860757192	0.439971365578313	0.635217520633895
SRR13358046	0.0505957765062075	0.00427721823693212	0.219493493688176	0.0788257169551312	0.849449407126433	0.52975840254233	0.222425528508597	0.345619306625736	0.0214018808323365
SRR13358045	0.236337006818243	0.0781527004146493	0.359687852495685	0.115965467160675	0.889962964714253	0.923667358906891	0.784038943071707	0.280012450265823	0.983274017914728
SRR13358044	0.132275982431148	0.195826180306046	0.371721922072311	0.148000045084431	0.894743645564264	0.584606088364194	0.902776787500926	0.285809841073003	0.997271685896295
SRR13358042	0.164684596345496	0.117617022011267	0.360163805351742	0.224182214785482	0.892524116726629	0.955701663921261	0.880610285095338	0.321747031758214	0.984665003503288
SRR13358039	0.981509003286253	0.286665932802679	0.353786391920618	0.766811865480933	0.786913812965116	0.422540563738334	0.754655571045548	0.167447650722536	0.999683545099274
SRR13358038	0.659347108885084	0.984591433838248	0.426325697240309	0.15221093749783	0.697284982098093	0.867837678824607	0.650369839824581	0.26378289898742	0.606873179017004
SRR13358037	0.680022492033003	0.968196443982806	0.38918502137545	0.181685218091746	0.85770872868761	0.785689723694991	0.784964996071128	0.266738820585392	0.97217598067105
SRR13358036	0.926321642919706	0.996035020295159	0.361404022580716	0.307164590777099	0.809093762260581	0.896359761653381	0.612692922161204	0.140881199130618	0.997979729297501
SRR13358031	0.188359269949305	0.391283088444541	0.373274162925499	0.124092550247485	0.834472769368519	0.846393950844136	0.68278852754412	0.299443873663583	0.347254209716194
SRR13358030	0.106300176256869	0.137052325484768	0.218990815533463	0.258947511271341	0.85038989901647	0.341846223645475	0.200394636267329	0.292347622187028	0.213824789317344
SRR13358029	0.145072805191741	0.981080738597768	0.394457695329742	0.0881827171199601	0.882320426594963	0.998783300785765	0.653395295724098	0.302871824646842	0.331564897268378
SRR13358028	0.202630087561798	0.982188700434388	0.396721323369708	0.114664736831809	0.819230957095934	0.998904397331329	0.828036250400909	0.291144293048563	0.742037785483952
SRR13358024	0.104538384579885	0.0179928092558697	0.288279556070908	0.226702326585721	0.791597076853863	0.201938568353094	0.271469758679437	0.327750991202198	0.127146946932918
SRR13358023	0.828884060068931	0.990230777694294	0.382357927632223	0.189677236261353	0.848837424935778	0.977586822834403	0.878200574493479	0.275683453837319	0.998016256382923
SRR13358022	0.112798476306271	0.0255638243973321	0.380105967370471	0.0970952422708403	0.855112939006306	0.918482468193221	0.600711622432678	0.386614422592214	0.615083735248986
SRR13358020	0.163561694003702	0.878207411391308	0.485935685541204	0.244564823129722	0.833771424275601	0.690928561763039	0.432810961324861	0.280320334967978	0.356886234681479
SRR13358016	0.123241368706049	0.234289801282719	0.449941056350908	0.14079267607143	0.869255487411716	0.854084465312372	0.425106250025426	0.361898061525008	0.226005515508805
SRR13358015	0.191959507760155	0.337401638079009	0.460959522858914	0.281780237931467	0.858245256882434	0.205395346171917	0.771183873720715	0.318013506825215	0.496881820280889
SRR13358014	0.0875769296099064	0.516224226521935	0.443709553814218	0.216114964585406	0.848656004157211	0.434166180898099	0.769590908972856	0.374924050917369	0.643205066219111
SRR13358013	0.137673213186404	0.232157258998861	0.232858850677504	0.217914321490063	0.804334778943866	0.856966372921912	0.767977740494655	0.316430622900904	0.614475521532987
SRR13358007	0.0876623862431831	0.603089429553613	0.498357601364374	0.104366619583147	0.864947913668486	0.975263622599529	0.649609113803466	0.333938064133026	0.604523220152576
SRR13358006	0.136687179163199	0.334242281022956	0.226940598085089	0.273154975930207	0.835236675314865	0.561706136374405	0.199260394729806	0.257027676921783	0.30953518277635
SRR13358005	0.242634709929065	0.525745278095165	0.349133453179963	0.158741425326734	0.8948475917533	0.894782316952712	0.668697958414314	0.42010721205664	0.66993720679052
SRR13358004	0.103770265017719	0.486777691513313	0.329078174614206	0.183902901478978	0.808485476581034	0.907800171035527	0.450276865629517	0.328149506733866	0.32645759821852
SRR13358000	0.0505709082695884	0.0616755967056152	0.360878473648789	0.0689064286697788	0.873868320817319	0.760771763487614	0.550672072992355	0.438042245210356	0.460443522506117
SRR13357999	0.158471356517523	0.191678034423011	0.327285425169733	0.176025618426878	0.871719994595302	0.921297368971496	0.500393751198073	0.431910572897349	0.84392815521246
SRR13357997	0.091904728256198	0.21319780428189	0.484620092897751	0.12743577058308	0.868201361217194	0.691578086706686	0.508733554772504	0.400070269224105	0.760637114424396
SRR13357996	0.315380602384562	0.925881224822022	0.376783419004932	0.168067392944031	0.859994304283849	0.38649634170865	0.590821900171597	0.26304739910262	0.831840603553896
SRR13357991	0.698272501291884	0.941385489419154	0.380148102318166	0.311439784147176	0.8541655491042	0.366902016142023	0.67299364962332	0.229025300496143	0.542664405345721
SRR13357986	0.547481978676849	0.842855267396666	0.42463751914309	0.25648780619932	0.829100482277773	0.594571188490573	0.368371365530675	0.189293942489419	0.148451486999327
SRR13357984	0.438510783052499	0.521876139952339	0.504012679789793	0.408131333554893	0.777822631099612	0.69630584041227	0.358509819005923	0.388718296418576	0.598268579657887
SRR13357983	0.107340759359466	0.274442075663054	0.446910993571032	0.0995507568326903	0.853092731650917	0.879517626571371	0.201054996219404	0.43372050274529	0.00259099853567871
SRR13357979	0.0766307832018346	0.0167814611372028	0.356599057905371	0.13429525069184	0.771040754996464	0.576949818123252	0.234566558361922	0.33257709642986	0.102737900892432
SRR13357978	0.130153806051654	0.430474302678719	0.146425449490709	0.276204945289438	0.783018957122987	0.170221362031718	0.420357966666987	0.444042078982721	0.0317224698699599
SRR13357977	0.199017233739613	0.990762507906547	0.433235758945062	0.231234088518762	0.712486233243104	0.843155386958569	0.651280530042687	0.30172665516919	0.229423431064356
SRR13357975	0.0855485989690079	0.917665463981285	0.388990206222652	0.121564551828395	0.834427809976835	0.877603215367024	0.567651547892613	0.323402420911932	0.364331729305541
SRR13357972	0.189087072172396	0.463287839379038	0.379039352547365	0.198280889199124	0.798176528067848	0.367746236638362	0.241575240870125	0.348912572822155	0.0809464488546796
SRR13357971	0.157389908684248	0.047717358662715	0.27320833898131	0.231569529110701	0.795909362669624	0.74405894983326	0.248353329622432	0.436548002219554	0.0932435760617518
SRR13357970	0.137171693786636	0.211358212462935	0.534471256729715	0.203395675045664	0.82855905622656	0.0866131932705421	0.237851907418044	0.447245135587231	0.360385412678401
SRR13357969	0.201096409105684	0.12339050454708	0.35298435825472	0.168933685991991	0.871474704622228	0.566722561564767	0.284193891806344	0.489030360781908	0.188139315165999
SRR13357967	0.128666296000798	0.517492058567797	0.420501334502249	0.208046897546739	0.85457502418451	0.851831678239721	0.354823722052533	0.279963248301865	0.226277226959558
SRR13357966	0.0884928043320062	0.134467780956421	0.287060736131389	0.0716745524818058	0.862492409145247	0.99597835434978	0.524341560469272	0.362199370045556	0.382748876851315
SRR13357962	0.131184646744612	0.0122931435437665	0.442651352243953	0.321913622679663	0.813684869645145	0.0322074202145095	0.413453258532605	0.25207156741674	0.0273789220513663
SRR13357961	0.800672747595812	0.433072684947246	0.337200819505959	0.71341706487397	0.793672549506914	0.98967776491749	0.671167088580736	0.165818030563988	0.9732113727216
SRR13357960	0.793394759814936	0.781855666261097	0.363173250900249	0.547260203323545	0.749675719970984	0.984234107833619	0.46283844722871	0.107370240812902	0.946692766301065
SRR13357959	0.436634619637217	0.718182816078716	0.369224615606181	0.271972096840342	0.756243315899551	0.794274963445088	0.316203561830714	0.193382987321543	0.405510331961464
SRR13357958	0.888747243861665	0.922286379394703	0.373493709952837	0.563311067256361	0.897543447588782	0.501375027279037	0.614600839769956	0.232227678987115	0.962050766139749
SRR13357957	0.53642209653453	0.973734597235392	0.443825642293572	0.296144919946879	0.801340667074074	0.990531500282683	0.651976000071816	0.363002905858224	0.934582588317477
SRR13357956	0.279946923383837	0.972640390880592	0.444759409728813	0.18048352303879	0.801685290506838	0.996535604755667	0.668535964494454	0.422674613490099	0.819852048556364
SRR13357955	0.143134419220649	0.0239072204176032	0.207105770222757	0.165609421564912	0.885111140754935	0.983331186910086	0.778060153261188	0.241062518964155	0.721277408829797
SRR13357950	0.0932645794912658	0.160422448684326	0.440240909179825	0.188153153862802	0.861826449338065	0.674679216155676	0.308049824760706	0.27828458571742	0.212644005945774
SRR13357947	0.5374802960542	0.524766483306706	0.405007874377425	0.317055843855881	0.721093971555057	0.429783563776283	0.704336453242267	0.303872192435314	0.940230322321885
SRR13357946	0.811118027949905	0.540029495030471	0.394307164900359	0.209662188619354	0.84830655519521	0.64849322702197	0.867587170606713	0.248775215498531	0.976752167530024
SRR13357945	0.805977786748961	0.893523364922919	0.405881656167622	0.342064821851626	0.834977726765752	0.818063390527569	0.721301732077251	0.224348890952557	0.974032526441121
SRR13357944	0.903483617900748	0.903489485099327	0.395004908055138	0.308802354556397	0.871012270868107	0.49668904945501	0.8758777715608	0.258711622776337	0.999436820909819
SRR13357941	0.108775013513479	0.953600577089153	0.382355763317961	0.123396544847235	0.799629299201868	0.99127663934075	0.63867643026517	0.265803671571993	0.344069247026246
SRR13357940	0.966764436810913	0.98520112086215	0.384270999226889	0.383687715407394	0.904073679511548	0.985500068835258	0.817724742875247	0.325512527806966	0.993203909821841
SRR13357939	0.734403238829291	0.909257607727238	0.377302089873426	0.459289834033933	0.904069735352476	0.694353285426172	0.717491636627515	0.270711115350496	0.956616073831741
SRR13357938	0.178617151105457	0.680742890333734	0.359918877084251	0.237545419845055	0.883727624620347	0.836551687315017	0.693789096822427	0.291560839825159	0.490512882964247
SRR13357936	0.753361630017992	0.691028755141423	0.36116303861379	0.410554244597371	0.625238782828461	0.731489424308846	0.676015773198785	0.140418701609781	0.452931956889249
SRR13357933	0.194747198849222	0.0543004124214483	0.451608225666481	0.213519654512287	0.884502418790545	0.980418664164149	0.543970437589007	0.382625696996595	0.873199452011106
SRR13357931	0.465741529771052	0.879990049581172	0.410568679934805	0.147518412827028	0.882962120886335	0.921686326205611	0.664968433668467	0.23808961568842	0.95378598447116
SRR13357930	0.508370532057801	0.829843001807225	0.409682508145191	0.134712884859017	0.866321812087329	0.94714172963318	0.733771891045608	0.298749771564899	0.961098370772252
SRR13357929	0.143194458246717	0.333072442545955	0.390084861270842	0.216596802426995	0.875235431144969	0.151663344454398	0.755830070184572	0.326550490199221	0.917743880415695
SRR13357925	0.078988510491072	0.0213967733770451	0.438779377836434	0.0744997053476428	0.87403010056208	0.82390284557983	0.52781906865256	0.272350127129334	0.0835629687999938
SRR39238554	0.369337048865316	0.751741341615701	0.395097863717289	0.434001061959978	0.725209252292004	0.0450268990688737	0.43268663324678	0.297329849994023	0.37020587900561
SRR39238457	0.179395308892331	0.147168330556217	0.278343224788024	0.468647463295742	0.7797310568141	0.16862108496986	0.374172689293444	0.750624113415126	0.917848037807589
SRR39238553	0.204288662971158	0.164232254088884	0.445959219243256	0.175499290687309	0.843747185310141	0.275454538348841	0.185904644355839	0.162495573993594	0.195209220387274
SRR39238456	0.243885557279383	0.0772477888312268	0.353696939764917	0.161904617191656	0.87956226752303	0.140378284925023	0.53766282401959	0.190563436147645	0.156849030757334
SRR39238532	0.366887950355965	0.609813113111566	0.481898847245907	0.348928303845569	0.782948051707429	0.0346746909482513	0.295048619104872	0.104491781890836	0.00229494412893865
SRR39238521	0.240326909628282	0.273917647772682	0.422976657773144	0.473171763897239	0.791927696335383	0.110939491510642	0.220770419733439	0.128747665640575	0.0129394864323202
SRR39238498	0.219401158736413	0.138212420538452	0.394931207390908	0.300100652619334	0.140841333674518	0.0248621127076912	0.091413315742641	0.258523909164767	1.83393731568563e-05
SRR39238471	0.188012955505868	0.0915696850504115	0.446292475253645	0.143317633144003	0.687493731367639	0.496033432928116	0.255964624166581	0.110608925701653	0.00408478694726237
SRR39238492	0.163175319157345	0.697845010889405	0.422011720379395	0.144080476359538	0.325609854397083	0.235543859532999	0.20680279135121	0.149286277001799	0.0501710452709162
SRR39238481	0.538920455777258	0.216428905218576	0.462583620010965	0.596125721653996	0.766395122901691	0.0517364608284772	0.240291000627172	0.120099199889593	0.0172052700865468
SRR39238454	0.81710698518859	0.223580271174187	0.415354454223349	0.336049976964363	0.853674723575641	0.240012254103721	0.0746668325825084	0.192580794095347	0.00163661156484431
SRR39238455	0.403933748250369	0.277888578089577	0.339954833588596	0.106277561104813	0.808487329467216	0.650883445144498	0.900331990317238	0.105012202966334	0.0612151862931498
SRR39238519	0.876939632904117	0.721284933113122	0.408136867908745	0.178289164257007	0.749634158062851	0.823621798475178	0.348340527691806	0.0965763481921285	0.0758732577637285
SRR39238552	0.283981121642262	0.83477180822357	0.330741570680127	0.255276625073084	0.840568569227782	0.143538033657233	0.439772965805006	0.197872320560509	0.000174608560385501
SRR39238541	0.936455935493381	0.567686625373364	0.291649380005209	0.402008740585628	0.817892860976383	0.463163209319202	0.336275034225939	0.0556871269735129	0.0301774419837555
SRR39238540	0.908958563690751	0.93934482462505	0.24816624850762	0.245077112132839	0.799684615641806	0.696313497107992	0.23941429768204	0.232195354156415	0.779173809307827
SRR39238539	0.767587090902681	0.958035830871722	0.435863347877518	0.278726569971577	0.826250516422121	0.494802590602337	0.0439824423406375	0.204610444034035	0.00107240216976829
SRR39238538	0.626588524140605	0.40675481353435	0.37173909039872	0.103126313702502	0.858016080757494	0.684527333405266	0.0948993396675626	0.135787371491305	0.00935591314452962
SRR39238537	0.85493908528119	0.438762517526718	0.223396129767426	0.170679565950547	0.763320281261467	0.590811070108637	0.0914891189315525	0.179475669627924	0.194863146698486
SRR39238453	0.903584871082232	0.166036316333391	0.357458365070288	0.417183086202398	0.814563454398304	0.212145014623961	0.678448440746862	0.254927471613597	0.725529315094366
SRR39238536	0.358759967040074	0.0874413023937249	0.302857643995555	0.131189178687887	0.857588529230398	0.51730091039748	0.152537647252168	0.215394040642506	0.000209751406185843
SRR39238535	0.589057759956528	0.735277554633142	0.320016155089531	0.188526226712193	0.883698008050559	0.442057186090787	0.0613730610839231	0.19246310267607	0.000674085826701364
SRR39238534	0.243319674265212	0.360333893638836	0.309274210168321	0.26225199490441	0.850047481708578	0.459741658735857	0.159137046806251	0.190070466351503	0.000102890989775736
SRR39238533	0.225906629449498	0.302242847449401	0.209426122800801	0.158446475661354	0.82207176006725	0.754489427432905	0.0854356038475602	0.0798248716949372	0.059336850581459
SRR39238531	0.669888487914959	0.771250295517978	0.352071587175525	0.134102045891563	0.813126237241564	0.109968930346953	0.127336983481264	0.161220466019403	0.00464554624516713
SRR39238530	0.82898212956701	0.838848780579616	0.491929859158957	0.157915344483254	0.843039063141963	0.674540476697211	0.0869683519721879	0.115895231023078	0.11270776694081
SRR39238529	0.921066989665346	0.995839742528704	0.403900592129493	0.328565038864439	0.858234690661517	0.97447487152598	0.76528484004658	0.200980326622764	0.884212230288246
SRR39238528	0.967079728845273	0.849620473900319	0.475160402407053	0.333694921901243	0.76953553199709	0.855268056882358	0.23179337854708	0.186624546435118	0.668698265107287
SRR39238527	0.258451756440393	0.329346056013878	0.364919978729174	0.199445357924302	0.751080380588388	0.507128879928704	0.252129212771905	0.260619921961758	0.590108796645259
SRR39238526	0.654698699172737	0.923356651430552	0.386909633175375	0.214684659954979	0.725607691710887	0.446342552902866	0.311678444619872	0.289000866100967	0.0166005337194564
SRR39238452	0.752984827086984	0.104088110460104	0.393059421684039	0.262614213158062	0.732524313140778	0.378440337600009	0.923419393931432	0.221662805941177	0.0769667015274965
SRR39238525	0.187390805585247	0.0108526609950858	0.329541205461159	0.18407720543659	0.773739454021976	1.12374935253796e-05	0.30653282303464	0.178334024879882	4.37542048575066e-05
SRR39238451	0.696263972844272	0.471895923084791	0.340468295854302	0.248639222728224	0.70887227517591	0.0158795034144715	0.785347927642525	0.394056322575871	0.512330274635612
SRR39238450	0.896026541286111	0.343687880140002	0.469486444374247	0.608643900725831	0.659468890958545	0.0725654009999765	0.317001506760389	0.0951377497409968	0.0604559909233931
SRR39238524	0.474616764920249	0.0561609659278495	0.263197688048068	0.263914119149855	0.848921131793336	0.420316337515214	0.306310949557411	0.286607362703879	0.219427085196042
SRR39238449	0.882735999740917	0.334777861976112	0.321376193919938	0.286767242671791	0.828559786651915	0.588765103350816	0.784267148897282	0.539993998356112	0.625264350944361
SRR39238523	0.56225944627044	0.311106806465911	0.318749014882126	0.424218013499478	0.748751613758095	0.593062953630095	0.0776700972610813	0.323916031281962	0.643124461233917
SRR39238448	0.788735910343424	0.353639672921566	0.267859822110479	0.364456588867767	0.762346638922896	0.00613774290435487	0.322416868431416	0.333960696516047	0.188106396281955
SRR39238522	0.764320763053551	0.971146217724207	0.376916582770194	0.583691802684303	0.768364120600989	0.102845748673159	0.2653239956137	0.166181209367404	0.213538048770427
SRR39238447	0.650513058608007	0.287240517477635	0.417773695627738	0.426821901108667	0.808473105273571	0.20820593544713	0.845895574881901	0.598076978902175	0.942431299370842
SRR39238508	0.952300360490414	0.626042532684972	0.370214968024717	0.388142331046295	0.688351768113501	0.168293254353719	0.0743471362225585	0.0690356271769702	0.000663768519065573
SRR39238446	0.815400795084721	0.176360608265763	0.462405747942225	0.451927812281336	0.722252163429619	0.177875425581856	0.134563462156957	0.110226261393412	0.000221900958534039
SRR39238507	0.89433287724209	0.842906973929444	0.500460096613074	0.433253700953581	0.721262641145494	0.00867556018775379	0.0675846963518343	0.125983035385172	1.99169602728453e-07
SRR39238445	0.959563805003769	0.505801570327763	0.440149186717833	0.551851841698178	0.620620737962574	0.589398731676071	0.0807637780802673	0.4921921676458	0.90550958556041
SRR39238506	0.931547483499671	0.711420542937807	0.52129094083239	0.395119726731854	0.779946128611858	0.175120626704461	0.150505099350617	0.0401343467488625	2.16556612857126e-07
SRR39238520	0.906998965406189	0.967143027217806	0.276742367723159	0.21517248435379	0.796453760184119	0.668253528998471	0.30518359671531	0.16317301684717	0.839579073280697
SRR39238505	0.866945896981303	0.773815741528723	0.434958021784256	0.385413966179108	0.743756044976679	0.24357686197948	0.0464611522588819	0.0830302858649122	2.78309172775195e-06
SRR39238518	0.704384813073383	0.344889984043938	0.355617553765856	0.188521301796957	0.842946100329422	0.415331235087593	0.736729364230246	0.0983566373199943	0.178888586996005
SRR39238504	0.757421542843625	0.152414307732035	0.493214958224188	0.197608333386144	0.680561066241414	0.159886035963958	0.237560378812725	0.0849926487005873	0.000154449344205306
SRR39238517	0.834793422381989	0.441796086243451	0.446288982195328	0.353782844345093	0.869806970493616	0.0473876900068583	0.738186528830451	0.14785966367969	0.386590699738389
SRR39238503	0.89671200962535	0.444024641033823	0.486280334474601	0.330856705307291	0.730835119868661	0.0257096354478552	0.139641449989064	0.0964183500041838	0.00425672423499312
SRR39238516	0.824958958010244	0.576912545671375	0.37576118755416	0.339676103777841	0.835401775838302	0.396006297716902	0.505793261173927	0.125949751720977	0.895369950934658
SRR39238502	0.941090173033462	0.50647338881306	0.429581220709964	0.401439078102099	0.722793991508291	0.163205289526658	0.0737613022871676	0.199054538777184	0.0174347669097071
SRR39238515	0.595862306846161	0.669257770502366	0.265529151227724	0.116121655471077	0.805707410556125	0.644110618704666	0.775534781788208	0.0962970455609336	0.000722588292306699
SRR39238501	0.942102923940923	0.657527625381487	0.227860813816234	0.381128629882163	0.736248399940965	0.528714147337096	0.318821266780483	0.277986705039159	0.879084198324295
SRR39238514	0.694620577371913	0.576345656662681	0.292456319324549	0.179407589687874	0.851255691392645	0.766287054853516	0.735857877826876	0.079619773216346	0.0196437874253819
SRR39238500	0.72101878443861	0.728154769666375	0.371802043283052	0.0584260868737795	0.811559616740849	0.763755960186273	0.0527030753274133	0.101399205765137	0.0579311156462117
SRR39238513	0.677863019525992	0.292930005558601	0.342607360862416	0.105756105730599	0.871426523883931	0.721633050207399	0.819512930661151	0.0912949365447451	0.114618184565448
SRR39238499	0.552478059135629	0.791122506623846	0.3354080583855	0.14719914542732	0.791233932850543	0.80459341467838	0.11670286407883	0.0925400978787585	0.120092829502639
SRR39238512	0.840056704828653	0.267224446981958	0.350756237924852	0.269976901778349	0.896265419745797	0.497693230196623	0.751314780590107	0.136729882846281	0.0540863578188402
SRR39238497	0.585343521473836	0.451888992240277	0.428789305980352	0.509597037131731	0.611582690773631	0.265524132303397	0.35424494801423	0.391444526515663	0.212429645903053
SRR39238511	0.548647945463067	0.655023837229896	0.300320781747017	0.382862486259827	0.850348363707728	0.0315936312153081	0.279813472792038	0.265515786837398	0.714563183030038
SRR39238496	0.854427746180414	0.724104748592544	0.286354225913904	0.306472512928392	0.834493608161045	0.684031551505687	0.0608864449172372	0.190724110824205	0.230384876201892
SRR39238495	0.362289357604186	0.709791476289383	0.35540207660104	0.246408646640443	0.745799749595425	0.319925970800885	0.0605797945106443	0.0748643440304684	0.0248971101540025
SRR39238510	0.423665705368204	0.477302103288106	0.417189176459416	0.333322235808312	0.792226673950027	0.627187283626307	0.530673221042173	0.202095094563084	0.839525254772656
SRR39238494	0.958689988449867	0.438208998272983	0.318161782310657	0.684804841255582	0.625438925744207	0.241038903195692	0.342131774041983	0.272951833428256	0.0362099545985601
SRR39238509	0.273423476788872	0.52846269019973	0.258579557922334	0.146275675841703	0.701251997092939	0.862632150924498	0.33287976523701	0.679154582667796	0.949513061208551
SRR39238493	0.974129120267928	0.560426763654842	0.452437996120823	0.688579726608217	0.484675925659471	0.213475673797073	0.0477849485647556	0.0707477757249264	0.30308712772771
SRR39238551	0.363551937072799	0.0395167607351354	0.34746228683296	0.503699954428898	0.726872294013531	0.265955051373956	0.532443397445154	0.248544510064295	0.911480760343332
SRR39238476	0.651895685946942	0.633815261261188	0.439699493683493	0.614380366395186	0.751394678311417	0.0199517348022376	0.140061309578138	0.0928528366654501	0.0095012668517002
SRR39238475	0.343157236963572	0.359872289393437	0.503491391769016	0.159366582722216	0.777843315156982	0.377271089975468	0.220390198052218	0.169437848085216	0.285137430309852
SRR39238550	0.313515788480497	0.25027702925002	0.458378811462394	0.224123180996932	0.775924055717947	0.452464630661865	0.469403884702748	0.174030356987686	0.850267671282853
SRR39238474	0.496561830943368	0.48249722159092	0.384310642262988	0.311437152512683	0.645500736254393	0.314603965782646	0.20083671187788	0.0985619351942106	0.208330309269305
SRR39238473	0.244346760224086	0.114908578013932	0.368251477885891	0.329654628240394	0.719014877658349	0.0072577363447426	0.107143619993577	0.0897361795673449	0.000198129995211361
SRR39238472	0.380081825560366	0.109460861847327	0.312431744721831	0.400389559947095	0.806460510377531	0.0765121108756335	0.123180160681583	0.106467790415774	0.000785954040771555
SRR39238470	0.316564866207537	0.0582890228279023	0.434196254554823	0.547417698456836	0.721344053155935	0.0356810075478384	0.189964950735098	0.116920878375216	4.23822910712968e-05
SRR39238469	0.804583055853429	0.852885516834639	0.334748823768176	0.245935317016738	0.796865685360075	0.716199554650235	0.0460588552890961	0.130431099139775	0.230308520878828
SRR39238468	0.96701512364439	0.829106922091307	0.385171518043038	0.307195499413439	0.763085257221899	0.693021564944255	0.289625013077922	0.0715949246284907	0.210963559077507
SRR39238467	0.760154470931509	0.524521336787785	0.424367642594111	0.317340240923572	0.756762204294	0.163705784716445	0.0946319308992501	0.0979718298370771	0.000659776877790393
SRR39238466	0.322168496953898	0.84519980279122	0.221553603058643	0.170733359362028	0.789923877680547	0.689518411454461	0.0463027391764449	0.101800776767275	0.00913761178244638
SRR39238465	0.833159784331099	0.893673349751977	0.343307016809769	0.224554753399745	0.819643798803617	0.423767178879232	0.123336590517125	0.137729471682711	0.113549400906435
SRR39238464	0.82266360468863	0.369877636378529	0.342724665222547	0.277204638956932	0.748486190452278	0.532020686518259	0.0623868941613427	0.143014713074772	0.072774023888577
SRR39238463	0.557304201619891	0.99106723539269	0.406093705549141	0.243831040435099	0.797227037800032	0.516743725098985	0.46693932827918	0.529815327957077	0.363503165922919
SRR39238549	0.978248109633326	0.769808419350872	0.338575477568481	0.548332695888335	0.733373088064513	0.832602340621997	0.177475254098786	0.157611290906949	0.840358917339141
SRR39238462	0.685989770725003	0.315350603509379	0.350417093161213	0.161819903360189	0.844000047429449	0.166340131521742	0.315509384924887	0.0782502176500051	0.22109251789012
SRR39238461	0.428415389745898	0.495290173182701	0.387712210301696	0.399925440888224	0.811235089347716	0.70306202950234	0.184288492565487	0.0722955144928985	0.462749948944293
SRR39238491	0.582398697032777	0.173826085485053	0.326195261590404	0.083380398929636	0.841985119310886	0.668098713800057	0.325208397637965	0.172080419652121	0.135087891053876
SRR39238490	0.252454921532139	0.338612224140307	0.483885802312703	0.205960886263801	0.860751468336547	0.142570407569554	0.227926651543901	0.0861067694929917	0.0290225598345869
SRR39238489	0.314616851390351	0.618551057261955	0.375261396095241	0.0742107867514335	0.805248113295962	0.379248860497529	0.261511099887427	0.385129720531255	0.489079916656733
SRR39238488	0.912749088314472	0.927152950799788	0.349982269737516	0.249684529166254	0.713624289478205	0.431529010533546	0.237616556336641	0.266317978240087	0.331506994188889
SRR39238487	0.673270964732598	0.939956325481818	0.440924558660161	0.522567502497122	0.78027768803338	0.971252226608653	0.161050175545452	0.32547775777352	0.685692162206279
SRR39238486	0.353250391322343	0.174444801655142	0.420210980822639	0.240810905955164	0.779420622860691	0.471886286181872	0.280832241000414	0.631745044721008	0.545558829527191
SRR39238548	0.707191756600275	0.808296435752374	0.316947482889234	0.201597542542568	0.739179821339712	0.00797991233801915	0.641709363296521	0.319869446978259	0.0135742281438065
SRR39238485	0.479578611061719	0.493700089617089	0.427086574072715	0.222224998939941	0.828976689011054	0.657417436254276	0.205572589256802	0.1856373568482	0.600740419489765
SRR39238547	0.748057984273819	0.562135088663121	0.390085990009786	0.131145903610386	0.770808999003024	0.707549720554849	0.46094095545685	0.64931586036637	0.870310743291249
SRR39238484	0.981400886583469	0.978229153804001	0.258772054317864	0.641586841234356	0.763904947998534	0.357035755427617	0.259724128635764	0.0964556530743689	0.665111970544347
SRR39238546	0.309477233485905	0.350712759589545	0.177069756216604	0.298608412193447	0.32432590127033	0.852654325042587	0.702405866392069	0.202031996504973	0.942679693178051
SRR39238483	0.588613532140253	0.0730673135569338	0.363973634966348	0.378861449769621	0.673247608931337	0.0106689693838538	0.158821791294784	0.32875012969446	0.410660547048194
SRR39238482	0.719200797581247	0.356841117424155	0.483733672625825	0.355445695757515	0.673661096635428	0.000626103495570373	0.118200790166043	0.462275231765663	0.00109416801338494
SRR39238545	0.981429953580327	0.411542178896472	0.418738260589731	0.644526884005651	0.622412377940094	0.690441100988192	0.382695819001796	0.223634748797069	0.984498071982101
SRR39238480	0.659096168838321	0.674766702151257	0.434872601390023	0.306844055722355	0.622680605666803	0.264798053926129	0.423375188497214	0.215043812239101	0.507454819501983
SRR39238479	0.941405800477125	0.441662980540355	0.449702948062844	0.43980729589112	0.645646842376256	0.0418492941289195	0.354023867514742	0.0776609353303676	0.111893542605196
SRR39238478	0.881615111532111	0.22410618479987	0.48327264939133	0.383686448772672	0.652372339535654	0.15577960265254	0.308316785165082	0.523400535082509	0.26859608906858
SRR39238544	0.866791053093823	0.587861493624771	0.510574968279943	0.212340081638119	0.758206185149665	0.295192190144177	0.325662348928255	0.185781052700812	0.00179987308625707
SRR39238477	0.906725309841537	0.153406974166928	0.363306270461518	0.167086821523001	0.770901624960241	0.449698559279953	0.153486527720339	0.0743508702590015	0.0980945937249337
SRR39238460	0.594797807771742	0.292600365382156	0.41047486197668	0.335667410968186	0.755875786664594	0.0137623874106664	0.201790719990051	0.190192739418799	0.173180268822026
SRR39238459	0.878185731786045	0.548531399646313	0.465828389874252	0.365882624397433	0.603348476480009	0.269268974417439	0.0561939078751328	0.140325893705752	7.53412786443381e-06
SRR39238543	0.714611407375819	0.291909679611373	0.27776067567122	0.151791790612964	0.834404286001196	0.398264273343503	0.30697644460575	0.847624091333331	0.445003447017524
SRR39238458	0.83801039931087	0.354254428071867	0.444337372176031	0.410652168749029	0.674780315446814	0.605161885838398	0.0451208292022863	0.126146666728145	0.121565213556363
SRR39238542	0.920936619930539	0.942268475661453	0.424700326512312	0.236853209477072	0.794672502424676	0.693598008262484	0.174685870983749	0.24142012915676	0.560840694021868
