SAMPLE_ID	Acholeplasmatales	Acidaminococcales	Acidimicrobiales	Acidobacteriales	Actinomycetales	Aeromonadales	Alteromonadales	Anaerolineales	Aquificales	Ardenticatenales	Bacillales	Bacteriovoracales	Bacteroidales	Bacteroidetes Order II. Incertae sedis	Bifidobacteriales	Brachyspirales	Bryobacterales	Burkholderiales	Caldilineales	Campylobacterales	Candidatus Babeliales	Candidatus Brocadiales	Candidatus Nanosynbacterales	Cardiobacteriales	Caulobacterales	Cellvibrionales	Chitinophagales	Chlamydiales	Chlorobiales	Chloroflexales	Chromatiales	Chroococcales	Chthonomonadales	Clostridiales	Coprothermobacterales	Coriobacteriales	Corynebacteriales	Cytophagales	Deferribacterales	Deinococcales	Desulfobacterales	Desulfovibrionales	Desulfuromonadales	Eggerthellales	Emcibacterales	Endomicrobiales	Enterobacterales	Entomoplasmatales	Erysipelotrichales	Euzebyales	Fibrobacterales	Fimbriimonadales	Flavobacteriales	Frankiales	Fusobacteriales	Gemmatales	Gemmatimonadales	Glycomycetales	Halanaerobiales	Ignavibacteriales	Jiangellales	Kiritimatiellales	Ktedonobacterales	Lactobacillales	Legionellales	Leptospirales	Limnochordales	Marinilabiliales	Methanobacteriales	Methylococcales	Micrococcales	Micromonosporales	Mycoplasmatales	Myxococcales	Nakamurellales	Nautiliales	Neisseriales	Nevskiales	Nitrosomonadales	Nitrososphaerales	Nitrospirales	Nostocales	Oceanospirillales	Opitutales	Oscillatoriales	Pasteurellales	Pelagibacterales	Petrotogales	Pirellulales	Planctomycetales	Pleurocapsales	Propionibacteriales	Pseudomonadales	Pseudonocardiales	Puniceicoccales	Rhizobiales	Rhodobacterales	Rhodocyclales	Rhodospirillales	Rickettsiales	Rubrobacterales	Selenomonadales	Solirubrobacterales	Sphaerobacterales	Sphingobacteriales	Sphingomonadales	Spirochaetales	Streptomycetales	Streptosporangiales	Synechococcales	Synergistales	Syntrophobacterales	Tepidiformales	Thermales	Thermoanaerobacterales	Thermomicrobiales	Thermotogales	Thiotrichales	Tissierellales	Veillonellales	Verrucomicrobiales	Vibrionales	Xanthomonadales
SAMPLE-1	0.0	0.0	0.0	0.0	1.6771607013180017	0.30845112228832355	0.48698817512748355	0.0	0.0	0.0	1.2179321732509403	0.0	4.1487979450210455	0.0	1.189843023842911	0.0	0.0	2.9650662012694773	0.0	0.0	0.0	0.0	0.0	0.0	0.0	0.30845112228832355	0.30845112228832355	0.0	0.0	0.0	0.7107836907504025	0.0	0.0	4.113325536414794	0.0	3.056097099791934	0.0	0.0	0.0	0.0	0.0	2.187806707116281	0.0	2.3264008354186365	0.0	0.0	1.6054109677867383	0.0	2.3368679500852085	0.0	0.0	0.0	0.0	0.0	2.0901429097169806	0.0	0.0	0.0	0.0	2.288798439387907	0.0	0.0	0.0	3.104610916525521	0.0	0.0	0.0	0.0	0.0	0.0	0.6131446627512099	0.0	0.0	0.0	0.0	0.0	0.0	0.0	1.0132680554204607	0.0	0.0	0.0	0.0	0.0	0.0	0.0	0.0	0.0	0.0	0.0	0.0	0.0	2.234738474951596	0.0	0.0	0.0	0.0	0.0	0.30845112228832355	0.0	0.0	2.822230057282232	0.0	0.0	0.30845112228832355	0.0	0.0	0.0	0.0	0.967349208608565	0.0	0.0	0.0	0.0	0.0	0.0	0.0	0.48698817512748355	0.9159949065062811	2.804274789943647	2.98783002893571	0.0	0.0
SAMPLE-10	0.0	1.163638652865703	0.0	0.0	1.8745620090086628	0.0	0.0	0.0	0.0	0.0	1.6204278770072595	0.0	1.587835943599748	0.0	2.338886904086654	0.0	0.0	0.6038900553420847	0.0	0.0	0.0	0.0	0.0	0.0	0.0	0.0	0.0	0.0	0.0	0.0	0.7423587412013816	0.0	0.0	4.139031945447329	0.0	3.816985238436551	0.9315711432010927	0.0	0.0	0.0	0.0	1.163638652865703	0.0	3.222544998903536	0.0	0.0	3.5461954035911134	0.0	1.5525982291287796	0.0	0.0	0.0	0.39940467629677234	0.0	1.3734027556702846	0.0	0.0	0.0	0.0	2.0215313971184674	0.0	0.0	0.0	3.7019721104748875	0.0	0.0	0.0	0.0	0.0	0.0	1.5525982291287796	0.0	0.0	0.0	0.0	0.0	0.0	0.0	0.0	0.0	0.0	0.0	0.0	0.0	0.0	0.0	0.0	0.0	0.0	0.0	0.0	0.0	0.39940467629677234	0.0	0.0	0.39940467629677234	0.0	0.0	0.39940467629677234	0.0	0.0	0.0	0.0	0.0	0.0	0.39940467629677234	0.0	0.0	0.0	0.0	0.0	0.0	0.0	0.0	0.0	0.0	0.0	0.0	0.39940467629677234	2.3734958908070314	3.395924851156871	0.0	0.0
SAMPLE-11	0.0	1.9205755759294625	0.0	0.0	2.048327338850493	0.0	0.0	0.0	0.0	0.0	2.168424858122548	0.0	3.583434358019048	0.0	2.1138382877666047	0.0	0.0	1.8538101956094701	0.0	0.0	0.0	0.0	0.25314847487442066	0.0	0.25314847487442066	0.0	0.0	0.0	0.0	0.0	0.6196017103576023	0.0	0.0	4.135670634348045	0.0	3.3958152127078147	1.0209666138262115	0.25314847487442066	0.0	0.0	0.0	1.3176550126994349	0.0	3.1035720306431944	0.0	0.0	2.3520178971583547	0.0	2.5678584320992295	0.0	0.0	0.0	0.0	0.0	1.7690738272890245	0.0	0.0	0.0	0.0	0.7594645279135355	0.0	0.0	0.0	3.6193037572939994	0.0	0.25314847487442066	0.0	0.0	0.0	0.0	1.1830398553499823	0.0	0.25314847487442066	0.0	0.0	0.0	0.25314847487442066	0.0	0.25314847487442066	0.0	0.0	0.0	0.0	0.0	0.0	0.8154799126326556	0.0	0.0	0.0	0.0	0.0	0.0	0.6951392386283547	0.0	0.0	0.0	0.0	0.0	0.25314847487442066	0.0	0.0	2.19553981463274	0.0	0.0	0.0	0.0	0.0	0.0	0.0	0.0	0.25314847487442066	0.0	0.0	0.0	0.0	0.0	0.0	0.0	0.6196017103576023	2.350487417167124	3.8349739987705136	0.0	0.0
SAMPLE-12	0.0	0.9685932842457441	0.0	0.0	1.750886882890856	0.0	0.0	0.0	0.0	0.0	1.8287816898169456	0.0	2.6045293914224907	0.0	3.7952965972287127	0.0	0.0	0.8152395236351472	0.0	0.5760479980560411	0.0	0.0	0.0	0.0	0.0	0.0	0.8152395236351472	0.0	0.5760479980560411	0.5760479980560411	0.0	0.0	0.0	4.25508476952668	0.0	3.788895138992517	0.8152395236351472	0.0	0.0	0.0	0.0	0.0	0.0	3.034658390499435	0.5760479980560411	0.0	1.2456292717378372	0.0	3.108000263762618	0.0	0.0	0.0	0.5760479980560411	0.0	0.0	0.5760479980560411	0.0	0.0	0.0	1.8105782691361454	0.0	0.0	0.0	2.30158708296873	0.0	0.0	0.5760479980560411	0.0	0.0	0.0	0.5760479980560411	0.0	0.0	0.0	0.0	0.0	0.0	0.0	1.2456292717378372	0.0	0.0	0.0	0.0	0.5760479980560411	0.0	0.0	0.0	0.0	0.0	0.0	0.0	0.5760479980560411	2.1175044730109804	0.0	0.0	1.081700699054763	0.5760479980560411	0.0	0.0	0.0	0.0	1.4134186187379403	0.0	0.0	0.0	0.0	0.0	0.8152395236351472	0.0	0.0	0.0	0.0	0.0	0.0	0.0	0.0	0.0	0.0	1.1713540502024014	1.628509648834678	1.628509648834678	0.5760479980560411	0.0
SAMPLE-13	0.0	2.232257647244279	0.0	0.0	3.2261711943437996	1.8287118192799805	1.9337642851170849	0.9231752504249542	0.0	0.0	2.9583616435181095	0.0	2.250635037667034	0.0	2.1610208081380264	0.0	0.0	1.721404250529338	0.0	1.6189127108497523	0.0	0.0	0.6711114063935159	0.0	0.6711114063935159	0.0	0.0	0.0	0.0	0.0	1.8947372368120112	0.0	0.0	4.182190163884176	0.6711114063935159	3.2493380184862124	0.9231752504249542	0.0	0.0	0.0	0.0	1.9695715907236642	0.0	3.432804685462226	0.0	0.0	3.414688116325639	0.0	3.441587232612568	0.0	0.0	0.6711114063935159	1.4285454961403445	0.0	2.70767954425182	0.0	0.0	0.0	0.0	3.072465964496319	0.0	0.0	0.0	3.387327789878631	0.9231752504249542	0.6711114063935159	0.0	0.0	0.0	0.0	2.347057046824993	0.0	0.0	0.0	0.0	0.0	0.6711114063935159	0.0	0.0	0.0	0.0	0.9231752504249542	1.4285454961403445	0.0	0.9231752504249542	1.2888455335435427	0.0	0.0	0.0	0.0	0.0	0.9231752504249542	2.1143666852493954	0.0	0.0	1.1974830811160015	0.0	0.9231752504249542	1.1974830811160015	0.6711114063935159	0.0	0.6711114063935159	0.0	0.0	0.0	1.0816356529328006	0.0	0.0	0.0	0.0	1.48450900083649	0.0	0.0	0.0	0.0	0.0	0.0	1.5785631832693603	2.3397909104239876	2.268266247716026	1.2888455335435427	2.268266247716026	0.0
SAMPLE-14	0.0	2.090790152861064	0.0	0.0	1.4991745437432433	0.0	0.0	0.0	0.0	0.0	1.7932696006982558	0.0	2.383243388546651	0.0	3.7086432081494674	0.0	0.0	0.9365480323337515	0.0	0.6830777711806763	0.0	0.0	0.0	0.0	0.9365480323337515	0.0	0.0	0.0	0.0	0.0	0.6830777711806763	0.0	0.6830777711806763	4.209187434126779	0.0	3.8400833582205625	0.6830777711806763	0.0	0.0	0.0	0.0	0.6830777711806763	0.0	3.0024899157609695	0.0	0.0	1.378798332093308	0.0	3.295812511203233	0.0	0.0	0.0	1.6337082825547982	0.0	0.0	0.0	2.23783354686017	0.0	0.0	2.1648670469006346	0.0	0.0	0.0	2.383243388546651	0.0	0.6830777711806763	1.0955537081188955	0.0	3.056699712247859	0.0	0.0	0.0	0.0	0.0	0.0	0.0	0.0	0.0	0.0	0.0	0.0	0.0	0.6830777711806763	0.0	0.0	0.0	0.0	0.0	0.0	0.0	0.0	0.0	0.9365480323337515	0.0	0.0	0.6830777711806763	0.0	0.0	0.0	0.0	0.0	2.4919883475168914	0.0	0.0	0.0	0.0	0.0	0.0	0.0	0.0	0.0	0.0	0.0	0.0	0.0	0.0	0.0	0.0	0.0	1.0955537081188955	1.9670243845859396	0.0	0.0
SAMPLE-15	0.0	0.4475055243585201	0.0	0.0	1.0004864124088757	0.0	0.0	0.0	0.0	0.2790096753919406	2.4097949718648826	0.0	3.9112447854930563	0.0	0.9142884075546767	0.0	0.0	1.7617068773874025	0.0	0.0	0.0	0.0	0.0	0.0	0.0	0.0	0.0	0.2790096753919406	0.0	0.0	0.863789293708777	0.0	0.0	4.190339400371371	0.0	3.0136300386909647	0.0	0.4475055243585201	0.0	0.0	0.0	1.8187581101230077	0.0	2.7789802086412094	0.0	0.0	1.299366360054091	0.2790096753919406	2.9366512306113544	0.0	0.0	0.0	0.4475055243585201	0.0	1.768428824011498	0.0	0.0	0.0	0.0	1.9846118559074877	0.0	0.0	0.0	1.8530128326765176	0.0	0.4475055243585201	0.0	0.0	0.0	0.0	0.0	0.2790096753919406	1.299366360054091	0.0	0.0	0.0	0.0	0.0	0.0	0.0	0.0	0.0	0.2790096753919406	0.0	0.0	0.0	0.0	0.0	0.0	0.0	0.0	0.0	1.3369752688824883	0.0	0.0	0.2790096753919406	0.0	0.0	0.2790096753919406	0.0	0.0	0.7408049050981151	0.0	0.0	0.2790096753919406	0.0	0.0	0.0	0.0	3.1009450075767484	0.0	0.0	0.0	0.0	0.0	0.0	0.0	0.0	1.579165383996457	1.7943221261276805	3.754888665243734	0.0	0.0
SAMPLE-16	0.0	0.4438982714019588	0.0	0.0	1.8892998856383678	1.032813797092401	0.5644995734409779	0.0	0.0	0.5644995734409779	1.847470408202326	0.0	3.9006504048718162	0.276354047566024	2.1616795055381184	0.0	0.0	2.3660082454060056	0.0	0.6587861789686861	0.0	0.276354047566024	0.0	0.4438982714019588	0.276354047566024	0.276354047566024	0.0	0.0	0.0	0.0	0.80189650086182	0.0	0.0	4.087688801035089	0.0	1.1288332039039803	0.4438982714019588	0.5644995734409779	0.0	0.0	0.276354047566024	1.2528795041990908	0.0	2.5313656719070736	0.0	0.0	3.172948814430392	0.0	2.172200452882073	0.0	0.0	0.0	0.5644995734409779	0.0	2.1590089566097843	0.0	0.0	0.276354047566024	0.0	0.5644995734409779	0.0	0.0	0.0	3.458917835741986	0.4438982714019588	0.276354047566024	0.276354047566024	0.0	0.0	0.0	0.9954294542318634	0.0	0.276354047566024	0.0	0.0	0.0	0.0	0.0	0.5644995734409779	0.0	0.0	0.0	0.4438982714019588	0.0	0.276354047566024	2.0499595257268624	0.0	0.0	0.0	0.0	0.0	0.0	1.728210365747799	0.0	0.0	1.6492084915255663	0.0	0.0	0.0	0.0	0.0	0.5644995734409779	0.0	0.0	0.0	0.0	0.0	0.0	0.0	3.308640735353704	0.0	0.0	0.0	0.276354047566024	0.0	0.0	0.0	0.7362096412351427	0.7362096412351427	2.9708151731904824	3.690480136926136	0.6587861789686861	0.0
SAMPLE-17	0.0	0.0	0.0	0.0	1.9923150665041374	0.20419712131541096	0.0	0.0	0.0	0.0	2.1927718061927672	0.0	3.37524702762286	0.0	1.6685871767888447	0.0	0.0	1.3875870716980983	0.0	0.34253487797990806	0.0	0.0	0.7635982123616517	0.34253487797990806	0.0	0.20419712131541096	0.20419712131541096	0.0	0.0	0.20419712131541096	0.5316241078484873	0.0	0.0	4.09580734264847	0.0	1.3543050132993952	1.0720702538498406	0.0	0.20419712131541096	0.0	0.0	0.0	0.0	3.2423492776120235	0.0	0.0	3.730891030627891	0.4472902606568875	2.7568414207862593	0.0	0.0	0.0	0.20419712131541096	0.0	2.231164020268092	0.0	0.0	0.0	0.0	0.20419712131541096	0.0	0.0	0.0	3.0948862206779584	0.0	0.5316241078484873	0.0	0.0	0.0	0.0	1.4184991156586881	0.0	0.0	0.20419712131541096	0.0	0.0	0.0	0.0	0.20419712131541096	0.0	0.0	0.0	0.20419712131541096	0.20419712131541096	0.0	1.2506141229000107	0.0	0.0	0.20419712131541096	0.0	0.0	0.0	2.87375849104708	0.0	0.0	0.0	0.0	0.0	0.0	0.0	0.0	0.6022142549481282	0.0	0.0	0.0	0.0	0.0	0.20419712131541096	0.0	0.0	0.0	0.0	0.0	0.0	0.0	0.0	0.0	0.0	1.822370655263177	3.2262380538059534	3.846270462762455	1.0001851097698617	0.0
SAMPLE-18	0.0	2.690322238327018	0.0	0.0	1.8703867870754698	0.0	0.0	0.0	0.0	0.0	1.5254598914039676	0.0	2.9757032518905864	0.0	3.4108915819879457	0.0	0.0	1.9620137528923765	0.0	0.0	0.0	0.0	0.0	0.0	0.0	0.0	0.0	0.0	0.0	0.0	0.5216239964335426	0.0	0.5216239964335426	4.266054561770654	0.0	3.593794913954148	0.33482723243075607	0.0	0.0	0.0	0.33482723243075607	0.0	0.0	3.237715449230994	0.33482723243075607	0.0	0.6518181243499439	0.0	3.2965872629397324	0.0	0.33482723243075607	0.0	1.237192157926776	0.0	0.0	0.0	0.0	0.0	0.0	3.4321101661205424	0.0	0.0	0.0	2.2661696244289367	0.0	0.7518511147377993	0.0	0.0	2.588718466320841	0.0	0.90152098368004	0.0	0.0	0.0	0.0	0.0	0.0	0.0	0.33482723243075607	0.0	0.0	0.0	0.0	0.0	0.0	2.0601768173945234	0.0	0.0	0.0	0.0	0.0	0.33482723243075607	1.594848984899131	0.0	0.0	0.33482723243075607	0.0	0.0	0.0	0.0	0.0	1.38448185145354	0.0	0.0	0.0	0.0	0.0	0.0	0.0	0.0	0.0	0.0	0.0	0.0	0.0	0.0	0.0	0.0	0.33482723243075607	1.5101450494902346	1.8903240345405072	0.0	0.33482723243075607
SAMPLE-19	0.0	2.6396518639727407	0.0	0.0	1.7814946094193456	1.671628296848742	1.6185022603678745	0.0	0.0	0.0	2.1027238456423136	0.0	3.5095130973432322	0.9594556485374348	0.9594556485374348	0.0	0.0	2.026994260505657	0.0	0.9594556485374348	0.0	0.0	0.0	0.3713352643328979	0.0	0.3713352643328979	0.3713352643328979	0.0	0.0	0.0	1.557959689006892	0.0	0.7036646364882718	4.3387763905878085	0.3713352643328979	3.122353005369842	0.8897070541430226	0.3713352643328979	0.0	0.0	0.3713352643328979	0.3713352643328979	0.0	2.845748833738822	0.0	0.0	2.9688544131748236	0.0	3.150637938809833	0.0	0.0	0.8897070541430226	1.8004873595550672	0.0	1.5414067954720565	0.0	0.0	0.0	0.0	2.5230386079116798	0.0	0.0	0.0	3.164520344665199	0.3713352643328979	0.0	0.0	0.0	2.452480294855497	0.0	1.2687842108148502	0.3713352643328979	0.0	0.0	0.0	0.3713352643328979	0.8065726641070727	0.0	0.0	0.0	0.0	0.3713352643328979	0.8065726641070727	0.0	0.3713352643328979	2.032475085014777	0.0	0.0	0.0	0.0	0.0	0.0	2.1296682749948137	0.0	0.0	0.8897070541430226	0.0	0.7036646364882718	0.3713352643328979	0.7036646364882718	0.0	1.6041393364116483	0.0	0.0	0.0	0.7036646364882718	0.0	0.0	0.0	0.0	1.1193557524338675	0.3713352643328979	0.0	0.0	0.3713352643328979	0.0	0.0	0.8897070541430226	1.1618012952160552	2.817202961530722	2.490141157003106	1.8610963772347275	0.3713352643328979
SAMPLE-2	0.0	0.0	0.0	0.0	0.6371533064456035	0.0	0.0	0.0	0.0	0.0	1.7550260794047554	0.0	2.929081861793155	0.2634371796288354	2.8687804392484217	0.0	0.0	1.156747700547447	0.0	0.0	0.0	0.0	0.0	0.0	0.0	0.0	0.0	0.0	0.0	0.0	0.2634371796288354	0.0	0.0	4.257052044518341	0.0	3.45249805983006	0.0	0.0	0.0	0.0	0.0	1.6305091517254056	0.0	2.808415627559296	1.0417840866805177	0.0	0.8350001520078997	0.0	3.561750470768934	0.0	0.0	0.0	0.4262378587071035	0.0	0.0	0.0	0.0	0.0	0.0	2.292684398177597	0.0	0.0	0.0	1.8567505516363714	0.0	0.0	0.4262378587071035	0.0	0.0	0.0	0.0	0.0	0.0	0.4262378587071035	0.0	0.0	0.0	0.0	0.4262378587071035	0.0	0.0	0.0	0.0	0.0	0.0	0.0	0.0	0.0	0.0	0.0	0.2634371796288354	0.2634371796288354	2.243879531349445	0.0	0.0	0.0	0.0	0.0	0.0	0.0	0.0	3.7772647588355928	0.0	0.0	0.0	0.0	0.0	0.0	0.0	0.0	0.2634371796288354	0.0	0.0	0.2634371796288354	0.2634371796288354	0.0	0.0	0.0	0.0	2.72552423298657	1.0417840866805177	0.0	0.0
SAMPLE-20	0.2560348728655232	1.087933087437153	0.0	0.0	2.3117608125302374	1.5095162099331374	1.5095162099331374	0.5326891120795377	0.0	0.0	2.534462813448695	0.0	1.9738980562974173	0.0	0.992764992673248	0.0	0.0	1.2894270222178028	0.2560348728655232	1.1155252376131606	0.0	0.0	0.4160285781267422	0.0	0.4160285781267422	0.2560348728655232	0.0	0.0	0.0	0.0	1.1659491610143908	0.0	0.7648465025032101	4.129057888249467	0.5326891120795377	3.539406147913933	0.624555388373435	0.0	0.0	0.0	0.5326891120795377	0.4160285781267422	0.0	3.1550392094526556	0.0	0.0	2.804757968512727	0.2560348728655232	3.6132451649596327	0.0	0.0	0.5326891120795377	1.2894270222178028	0.0	0.4160285781267422	0.0	0.0	0.2560348728655232	0.0	3.1933310127233345	0.0	0.0	0.2560348728655232	3.3257892182570474	0.7003413042149433	0.0	0.624555388373435	0.0	3.040014055845974	0.0	1.4873789874878123	0.0	0.0	0.2560348728655232	0.2560348728655232	0.2560348728655232	0.2560348728655232	0.0	0.2560348728655232	0.0	0.0	0.4160285781267422	1.087933087437153	0.0	0.5326891120795377	1.0584682683220348	0.0	0.0	0.0	0.0	0.0	0.0	1.9144458469855858	0.0	0.0	0.5326891120795377	0.0	0.7003413042149433	0.9557659090354681	0.0	0.0	2.0516910647180673	0.0	0.0	0.0	0.7003413042149433	0.0	0.0	0.0	0.2560348728655232	0.8707140165481015	0.0	0.0	0.0	0.0	0.0	0.2560348728655232	0.7648465025032101	1.2320617665193054	1.4873789874878123	3.685282414089454	1.5698689527630836	0.0
SAMPLE-21	0.41753142263862697	0.6264142160437836	0.0	0.0	0.8728225744723594	0.41753142263862697	0.7668646808349812	0.0	0.0	0.0	1.9456134353315766	0.0	2.2968272086557935	1.3092961443475568	1.090170468965787	0.0	0.0	0.41753142263862697	0.0	0.41753142263862697	0.41753142263862697	0.0	0.0	0.0	0.0	0.0	1.234355195420998	0.0	0.0	0.41753142263862697	0.0	0.0	0.0	4.478263351503526	0.0	0.41753142263862697	0.41753142263862697	1.3092961443475568	0.0	0.0	0.0	0.6264142160437836	0.0	2.694868380053254	0.0	0.0	2.1037970674899054	0.0	2.9623262041395786	0.0	0.0	0.0	1.1914017424629053	0.0	0.41753142263862697	0.0	0.0	0.0	0.0	1.9294122983404638	0.0	0.0	0.0	2.6760534759510906	0.0	0.0	0.9579326875591673	0.41753142263862697	0.0	0.0	0.0	0.0	0.41753142263862697	0.0	0.0	0.0	0.0	0.0	0.0	0.0	0.0	0.0	0.0	0.0	0.0	0.0	0.0	0.0	0.0	0.0	0.0	0.0	0.0	0.0	0.0	0.6264142160437836	0.0	0.41753142263862697	0.0	0.41753142263862697	0.41753142263862697	1.5225380391193226	0.0	0.0	0.41753142263862697	0.41753142263862697	0.0	0.0	0.0	0.0	0.0	0.0	0.0	0.0	0.0	0.0	0.0	0.6264142160437836	0.6264142160437836	3.0865721387177456	1.5995406531462866	0.41753142263862697	0.0
SAMPLE-22	0.0	0.0	0.0	0.0	1.5072190376942074	0.6036627046197515	0.6036627046197515	0.0	0.0	0.0	1.0019225474152629	0.0	3.0270295877799254	0.95614137351386	2.643604885940216	0.0	0.0	0.4785461805578395	0.0	0.6036627046197515	0.0	0.0	0.0	0.0	0.0	0.0	1.3242534747913355	0.0	0.3020991281029048	0.0	0.8469292302835832	0.0	0.0	4.264087955678648	0.0	2.7028351126890002	0.4785461805578395	1.5583789584244545	0.0	0.0	0.0	0.0	0.0	1.9933399757870653	0.0	0.0	2.7810065666179655	0.0	2.1604833368031544	0.0	0.0	0.0	1.4492175784533585	0.0	1.1159150840726273	0.0	0.0	0.0	0.0	1.808282324638635	0.0	0.0	0.0	3.902229272783621	0.0	0.0	0.6036627046197515	0.3020991281029048	0.0	0.0	0.3020991281029048	0.0	0.0	0.0	0.0	0.0	0.0	0.0	0.0	0.0	0.0	0.3020991281029048	0.3020991281029048	0.0	0.0	0.4785461805578395	0.0	0.0	0.0	0.0	0.0	0.0	0.4785461805578395	0.0	0.0	0.6036627046197515	0.0	0.0	0.3020991281029048	0.0	0.0	1.3444614731814177	0.0	0.0	0.0	0.0	0.0	0.0	0.0	0.0	0.0	0.0	0.0	0.3020991281029048	0.0	0.0	0.0	1.0433346088916753	0.7006793551755882	3.0427360392408875	3.519198865131627	0.7799316783778444	0.0
SAMPLE-23	0.0	0.0	0.0	0.32512096047099565	2.3254349940636736	0.0	0.0	0.0	0.0	0.0	1.9213834315181522	0.0	1.3457162805663812	0.0	2.5945642192848677	0.0	0.0	0.508954453089474	0.0	0.0	0.0	0.0	0.32512096047099565	0.0	0.0	0.0	0.0	0.0	0.0	0.0	0.0	0.0	0.508954453089474	4.266444963100272	0.0	3.830883200659382	0.32512096047099565	0.32512096047099565	0.0	0.0	0.0	0.32512096047099565	0.0	3.022759635403162	0.0	0.0	2.4359000453814774	0.0	3.438890548816362	0.0	0.0	0.32512096047099565	0.0	0.0	0.0	0.0	0.0	0.32512096047099565	0.0	1.122374998216682	0.0	0.0	0.0	3.566861259768791	0.0	0.0	0.7368991241795873	0.0	0.0	0.0	1.9271435728063482	0.0	0.0	0.32512096047099565	0.0	0.0	0.0	0.0	0.32512096047099565	0.0	0.0	0.0	0.0	0.0	0.0	0.0	0.0	0.0	0.0	0.0	0.0	0.0	0.508954453089474	0.0	0.0	0.0	0.0	0.0	0.0	0.0	0.0	1.4766290960284585	0.0	0.0	0.0	0.0	0.0	0.0	0.0	0.0	0.0	0.0	0.0	0.0	0.32512096047099565	0.0	0.0	0.0	1.4430730549987238	0.8175910743207159	0.7368991241795873	0.0	0.0
SAMPLE-24	0.0	3.1112589609774868	0.0	0.0	1.206106823409997	0.0	0.4430026661992802	0.0	0.0	0.0	1.5174607282361672	0.5634817612559293	3.782635010778502	0.2756956135099232	1.4546425310611686	0.0	0.0	2.1708100527266976	0.0	0.0	0.0	0.0	0.0	0.0	0.0	0.0	0.4430026661992802	0.0	0.0	0.0	0.5634817612559293	0.0	0.2756956135099232	4.339703798316087	0.0	3.2194003127414033	0.2756956135099232	0.0	0.0	0.0	0.0	1.741047406763824	0.0	2.305939556760715	0.7350671084735353	0.0	1.2926998855907181	0.0	2.838253766577955	0.0	0.0	0.0	0.4430026661992802	0.0	0.0	0.0	0.0	0.2756956135099232	0.2756956135099232	1.9121520930161393	0.0	0.0	0.0	2.0164213614379514	0.0	0.0	0.2756956135099232	0.0	0.0	0.0	0.0	0.2756956135099232	0.0	0.0	0.0	0.0	0.0	0.0	0.4430026661992802	0.0	0.0	0.2756956135099232	0.0	0.0	0.0	0.0	0.0	0.0	0.0	0.0	0.0	0.0	2.5422950867885468	0.0	0.0	0.2756956135099232	0.0	0.0	0.0	0.0	0.0	1.5174607282361672	0.0	0.0	0.0	0.0	0.0	0.0	0.0	0.2756956135099232	0.2756956135099232	0.0	0.0	0.0	0.0	0.0	0.0	0.0	0.4430026661992802	3.088309519661918	1.2926998855907181	0.4430026661992802	0.0
SAMPLE-25	0.0	0.0	0.0	0.0	2.0045366581118578	0.0	0.0	0.0	0.0	0.0	1.833843041768074	0.0	3.076713171298448	0.0	3.5141168014896746	0.0	0.0	2.136549063381021	0.0	0.24643482601235325	0.24643482601235325	0.0	0.0	0.0	0.0	0.24643482601235325	0.0	0.0	0.0	0.0	0.0	0.0	0.0	4.290817976401607	0.0	3.6240432994007605	0.8961771845589382	0.0	0.0	0.0	0.0	0.0	0.0	2.479883221261069	0.6079870296148162	0.0	0.24643482601235325	0.0	1.9095175804378537	0.0	0.0	0.0	0.0	0.24643482601235325	0.24643482601235325	0.0	0.0	0.0	0.0	3.0127356853328955	0.0	0.0	0.0	3.457823093557413	0.0	0.0	0.0	0.0	0.24643482601235325	0.0	0.6829303678141594	0.0	0.0	0.0	0.0	0.0	0.0	0.24643482601235325	0.40268809278783113	0.24643482601235325	0.0	0.0	0.0	0.0	0.0	0.0	0.0	0.0	0.0	0.0	0.0	0.0	2.6584177558616715	0.0	0.0	0.5173573340247555	0.0	0.0	0.0	0.0	0.0	0.0	0.0	0.0	0.0	0.0	0.0	0.0	0.0	0.0	0.0	0.0	0.0	0.0	0.24643482601235325	0.0	0.24643482601235325	0.0	0.8961771845589382	2.7915969880927474	0.7468245598688198	0.0	0.0
SAMPLE-26	0.0	0.7151939824732395	0.0	0.0	2.606723210907562	1.059782799056565	1.0977213856064665	0.31124078263686733	0.0	0.0	1.9337602469837523	0.0	3.558629352895357	0.0	2.59067692272726	0.0	0.0	2.725156062560305	0.31124078263686733	0.7950382503414373	0.0	0.0	0.7151939824732395	0.0	0.0	0.0	0.0	0.0	0.31124078263686733	0.0	0.9208043433331574	0.0	0.0	3.9520492162730494	0.0	3.4029161049356946	1.1326103961884844	0.31124078263686733	0.0	0.0	0.0	2.199033308676003	0.0	2.633980836806264	0.0	0.0	3.0872409637276266	0.0	1.6918649839558446	0.0	0.0	0.0	0.31124078263686733	0.0	0.31124078263686733	0.0	0.0	0.0	0.0	2.2848976188927277	0.0	0.0	0.0	3.5940971893271296	0.6172875349655266	0.0	0.31124078263686733	0.31124078263686733	0.31124078263686733	0.0	0.9722323013537054	0.0	0.0	0.0	0.0	0.0	0.0	0.0	0.7151939824732395	0.0	0.0	0.0	0.31124078263686733	0.0	0.31124078263686733	0.7151939824732395	0.0	0.0	0.0	0.0	0.0	0.31124078263686733	1.1949612727538437	0.0	0.0	0.31124078263686733	0.0	0.31124078263686733	0.8624580080302189	0.0	0.31124078263686733	0.6172875349655266	0.0	0.0	0.0	0.31124078263686733	0.0	0.0	0.0	0.0	0.6172875349655266	0.0	0.0	0.0	0.0	0.0	0.0	0.7950382503414373	1.1949612727538437	3.2318292946220555	3.9796555469735986	1.3810563886277374	0.31124078263686733
SAMPLE-27	0.0	1.0283530281838351	0.0	0.0	2.6940840643657866	0.0	0.0	0.0	0.0	0.0	2.309986253545434	0.0	3.273667642822811	0.0	3.113074252017551	0.0	0.0	2.630106290277665	0.0	0.0	0.0	0.0	0.0	0.0	0.0	0.0	0.0	0.0	0.0	0.0	0.0	0.0	0.0	4.191948542884992	0.0	3.8952458916849464	1.0283530281838351	0.0	0.0	0.0	0.0	1.3085488280342636	0.0	2.805858137905331	0.0	0.0	2.609951369889768	0.0	2.134957269136957	0.0	0.0	0.0	1.0283530281838351	0.0	0.0	0.0	0.0	0.0	0.0	2.818803141428542	0.0	0.0	0.0	3.457077922729704	0.0	0.0	0.0	0.0	0.0	0.0	1.5987745286463746	0.0	0.0	0.0	0.0	0.0	0.0	0.0	0.0	0.0	0.0	0.0	0.0	0.0	0.0	1.0283530281838351	0.0	0.0	0.0	0.0	0.0	0.0	2.8727079041014023	0.0	0.0	0.0	0.0	0.0	0.0	0.0	0.0	0.0	0.0	0.0	0.0	0.0	0.0	0.0	0.0	0.0	0.0	0.0	0.0	0.0	0.0	0.0	0.0	0.0	1.0283530281838351	2.7992380063911666	0.0	0.0	0.0
SAMPLE-28	0.350704680713815	2.1617074174496773	0.350704680713815	0.0	1.9190547345988502	0.0	0.0	0.0	0.0	0.0	2.5811085966356715	0.0	3.1116156115013593	0.350704680713815	3.31898773827797	0.0	0.0	0.5421670423800512	0.0	0.0	0.0	0.0	0.0	0.0	0.0	0.0	0.6745920172748217	0.350704680713815	0.0	0.0	0.0	0.0	0.350704680713815	4.263061993746363	0.0	3.6838390182118297	0.350704680713815	0.5421670423800512	0.0	0.0	0.0	0.350704680713815	0.0	3.1865474790591013	0.0	0.0	1.5685342618768934	0.0	2.9447729987906275	0.0	0.0	0.0	0.0	0.0	0.350704680713815	0.0	0.0	0.0	0.0	2.5725312122496584	0.0	0.0	0.0	3.4649082829329583	0.0	0.0	1.085690411432552	0.0	0.0	0.0	0.8580426528001754	0.0	0.0	0.0	0.0	0.0	0.0	0.0	0.350704680713815	0.0	0.0	0.0	1.6601521743113248	0.0	0.350704680713815	0.0	0.0	0.0	0.0	0.0	0.0	0.350704680713815	0.0	0.350704680713815	0.0	1.48878413759432	0.0	0.0	0.0	0.0	0.0	2.490105241536936	0.0	0.0	0.0	0.0	0.0	0.0	0.0	0.0	0.350704680713815	0.350704680713815	0.0	0.0	0.350704680713815	0.0	0.0	0.0	0.9866148340124509	1.8709832015331975	2.705762390116237	0.0	0.0
SAMPLE-29	0.3745901586481385	0.3745901586481385	0.0	0.0	2.4803090031912616	0.0	0.0	0.3745901586481385	0.0	0.0	2.297006602003199	0.0	3.092004939833493	0.0	1.3046610393724305	0.0	0.0	0.3745901586481385	0.0	0.3745901586481385	0.0	0.0	0.7082007842188212	0.0	0.0	0.0	0.0	0.0	0.0	0.0	0.0	0.0	0.0	4.145843818975959	0.0	2.3934780570841347	0.0	0.3745901586481385	0.0	0.0	2.381293743993203	0.0	0.0	3.6518875868196425	0.0	0.0	1.8585078381117113	0.0	3.247282412773753	0.0	0.0	0.0	0.0	0.0	0.0	0.0	0.0	0.0	0.0	0.3745901586481385	0.0	0.0	0.0	3.767761799608584	0.0	0.0	0.0	0.0	0.3745901586481385	0.0	1.2412884894557532	0.0	0.3745901586481385	0.0	0.0	0.0	0.0	0.0	0.0	0.0	0.0	0.0	0.0	0.0	0.0	0.0	0.0	0.0	0.0	0.0	0.0	0.572671108988033	0.0	0.3745901586481385	0.0	0.0	0.0	0.0	0.0	0.0	0.0	1.3599528689710136	0.0	0.0	0.3745901586481385	0.0	0.0	0.3745901586481385	0.0	0.0	0.0	0.0	0.0	0.0	0.0	0.0	0.0	0.0	0.7082007842188212	1.7568992920014546	3.7292596595202148	0.0	0.0
SAMPLE-3	0.0	3.441872775261665	0.0	0.0	1.872108813382616	0.5592731767065054	0.0	0.3640544391663409	0.0	0.0	1.683450209623829	0.0	3.862012433732283	0.0	2.1585031758993267	0.0	0.0	1.683450209623829	0.0	0.0	0.0	0.0	0.0	0.0	0.0	0.0	0.0	0.0	0.0	0.0	0.0	0.0	0.0	4.197404760966676	0.0	2.904633696273717	0.0	0.3640544391663409	0.0	0.0	0.0	2.2696110054406797	0.0	2.5103294694248435	0.0	0.0	1.4939340003913832	0.3640544391663409	2.886513179161851	0.0	0.0	0.0	0.0	0.0	1.1499437572309488	0.0	0.0	0.0	0.0	2.1853526920001864	0.0	0.0	0.0	3.4879647136160807	0.0	0.0	0.5592731767065054	0.0	0.0	0.0	1.2239695783620275	0.0	0.3640544391663409	0.0	0.0	0.0	0.0	0.0	0.3640544391663409	0.0	0.0	0.0	0.0	0.0	0.0	0.795839609412194	0.0	0.0	0.3640544391663409	0.0	0.0	0.0	2.749253397604787	0.0	0.0	0.3640544391663409	0.0	0.0	1.0606539185108392	0.0	0.0	2.670429783679669	0.0	0.0	0.0	0.0	0.0	0.3640544391663409	0.0	0.0	0.0	0.0	0.0	0.0	0.0	0.0	0.0	0.0	0.5592731767065054	2.041098189286229	3.0965795632144872	0.0	0.0
SAMPLE-30	0.49207768499622706	1.1345178350991985	0.0	0.0	1.792730126073813	0.8642348074191988	0.8642348074191988	0.0	0.0	0.0	1.711999113430487	0.0	2.1048519367910896	0.0	3.4498860943387717	0.0	0.0	0.8642348074191988	0.0	0.0	0.0	0.0	0.0	0.0	0.0	0.49207768499622706	0.0	0.0	0.0	0.0	0.7168568901802331	0.0	0.0	4.359963589576433	0.0	2.980785849899429	0.0	0.0	0.0	0.0	0.0	0.49207768499622706	0.0	2.7272110086481787	0.0	0.0	2.4486758579577734	0.0	3.6560121303551107	0.0	0.0	0.0	0.0	0.0	0.0	0.0	0.0	0.0	0.0	2.732320914739342	0.0	0.0	0.0	2.8502286645874775	0.49207768499622706	0.0	0.0	0.0	0.0	0.0	0.7168568901802331	0.0	0.0	0.0	0.0	0.0	0.0	0.49207768499622706	0.7168568901802331	0.0	0.0	0.0	0.49207768499622706	0.0	0.49207768499622706	0.0	0.0	0.0	0.0	0.0	0.0	1.3830297793389497	0.8642348074191988	0.0	0.0	0.49207768499622706	0.49207768499622706	0.7168568901802331	0.49207768499622706	0.0	0.0	0.0	0.0	0.0	0.49207768499622706	0.7168568901802331	0.0	0.0	0.0	0.0	0.0	0.0	0.0	0.0	0.0	0.0	0.0	0.49207768499622706	0.9740721043246336	2.0976105145039	2.132667395669852	1.1345178350991985	0.0
SAMPLE-31	0.0	0.5688576048827297	0.0	0.0	2.0436627516138746	0.9909234767561389	0.9909234767561389	0.0	0.0	0.0	1.478351667794707	0.0	2.2623349413312193	0.0	3.821848237409034	0.0	0.0	1.8812715264670385	0.0	0.7585172217438889	0.0	0.0	0.9263619025768677	0.0	0.0	0.2243771366690879	0.2243771366690879	0.0	0.0	0.0	1.0968671433487949	0.0	0.0	4.300487510694238	0.2243771366690879	0.9909234767561389	0.37158427690855744	0.37158427690855744	0.2243771366690879	0.0	0.0	0.8504981021229583	0.0	2.8609956394059033	0.37158427690855744	0.0	2.4600993813616765	0.0	3.0691207607037096	0.0	0.2243771366690879	0.2243771366690879	0.0	0.2243771366690879	0.0	0.0	0.0	0.0	0.0	2.9780265029107853	0.0	0.0	0.0	3.0409162676196133	0.37158427690855744	0.4813270923104394	0.0	0.0	0.0	0.0	0.37158427690855744	0.0	0.0	0.0	0.0	0.0	0.0	0.0	0.2243771366690879	0.0	0.0	0.2243771366690879	0.7040121437705649	0.0	0.0	0.4813270923104394	0.0	0.0	0.2243771366690879	0.0	0.0	0.0	1.019928933828766	0.0	0.0	0.37158427690855744	0.0	0.4813270923104394	0.2243771366690879	0.4813270923104394	0.0	0.2243771366690879	0.2243771366690879	0.0	0.0	0.2243771366690879	0.0	0.2243771366690879	0.0	0.0	0.4813270923104394	0.0	0.0	0.0	0.0	0.0	0.0	0.7585172217438889	2.2392531500598896	3.318961451903268	2.4403069342842536	1.2997065160437697	0.0
SAMPLE-32	0.0	0.0	0.0	0.0	2.4737896774718693	0.0	0.0	0.0	0.0	0.0	2.3656917009328278	0.0	3.2344276855261733	0.0	1.9724214298672254	0.0	0.0	2.5768421013455205	0.0	0.30302510502837704	0.0	0.0	0.0	0.0	0.0	0.0	0.0	0.0	0.30302510502837704	0.47977936897920714	0.30302510502837704	0.0	0.0	4.3223781841138	0.0	1.3840271845907997	0.30302510502837704	0.0	0.0	0.0	0.0	1.7747659338584403	0.0	2.994315897993805	0.906575436550607	0.0	3.2799809862353664	0.0	2.696819976132269	0.0	0.0	0.0	0.0	0.0	1.736301461786111	0.0	0.30302510502837704	0.0	0.0	1.9907119729389313	0.0	0.0	0.0	3.527205949317348	0.0	0.47977936897920714	0.0	0.0	0.0	0.0	1.207853325780287	0.0	0.30302510502837704	0.0	0.0	0.0	0.0	0.0	0.47977936897920714	0.0	0.0	0.0	0.0	0.0	0.0	0.7814713589210022	0.0	0.0	0.0	0.0	0.0	0.30302510502837704	0.0	0.30302510502837704	0.0	0.0	0.0	0.0	0.0	0.0	0.0	0.0	0.0	0.0	0.0	0.30302510502837704	0.0	0.47977936897920714	0.0	0.0	0.0	0.0	0.0	0.0	0.30302510502837704	0.0	0.0	0.0	1.1176195017813186	2.224065309742771	3.4718836924914718	0.0	0.0
SAMPLE-33	0.28165722245022595	1.799800134765932	0.0	0.0	1.8060405002837094	0.0	0.0	0.0	0.0	0.0	1.9245886310881508	0.0	2.2786126588701836	0.0	0.8113386187734599	0.0	0.0	0.7453659086575706	0.0	0.0	0.0	0.0	0.28165722245022595	0.0	0.0	0.28165722245022595	0.28165722245022595	0.28165722245022595	0.0	0.0	0.28165722245022595	0.0	0.0	4.406639829120414	0.0	3.309257085751536	0.5726668251082665	0.45109397370923465	0.28165722245022595	0.0	0.0	0.28165722245022595	0.0	2.7275765995950487	0.45109397370923465	0.0	0.45109397370923465	0.0	3.4691616013817095	0.0	0.45109397370923465	0.0	0.28165722245022595	0.0	0.0	0.0	0.28165722245022595	0.0	0.0	3.2275439400080836	0.0	0.0	0.0	2.6136545338452004	0.0	0.28165722245022595	0.0	0.0	0.7453659086575706	0.0	0.5726668251082665	0.0	0.8113386187734599	0.0	0.0	0.0	0.0	0.28165722245022595	0.28165722245022595	0.0	0.0	0.0	0.0	0.0	0.0	0.0	0.0	0.0	0.0	0.0	0.0	0.0	0.8685985696786545	0.0	0.0	1.6333300632431675	0.0	0.0	0.28165722245022595	0.0	0.0	0.0	0.0	0.0	0.0	0.0	0.0	0.28165722245022595	0.0	1.863958405295167	0.0	0.0	0.0	0.0	0.45109397370923465	0.0	0.0	0.0	0.0	2.2438671778995496	1.5178039816029207	0.0	0.28165722245022595
SAMPLE-34	0.0	1.3712111270828122	0.0	0.0	1.4762306195545807	0.0	0.0	0.0	0.0	0.0	2.5213806910225167	0.0	2.7460602471455116	0.0	2.612100052018961	0.0	0.0	1.4762306195545807	0.0	0.6248381059976884	0.0	0.0	0.0	0.0	0.0	0.6248381059976884	0.6248381059976884	0.0	0.0	0.0	0.0	0.0	0.6248381059976884	4.29393663519827	0.0	3.6056393414434345	0.0	0.0	0.6248381059976884	0.0	0.6248381059976884	1.027193806675209	0.0	3.6512821761845053	0.0	0.0	0.0	0.0	3.0896509074996263	0.6248381059976884	0.0	0.0	0.0	0.0	0.6248381059976884	0.0	0.0	0.0	0.0	1.5607352627986708	0.0	0.0	0.0	2.0551441744583188	0.0	0.6248381059976884	0.0	0.0	2.2803693844068085	0.0	0.0	0.0	0.0	0.0	0.0	0.0	0.0	0.0	0.8710347950224802	0.0	0.0	0.0	0.0	0.0	0.6248381059976884	0.0	0.0	0.0	0.0	0.0	0.0	0.0	2.2258271641165677	0.0	0.0	1.5205350619404536	0.0	0.0	0.6248381059976884	0.0	0.0	1.7699462652136484	0.0	0.0	0.0	0.6248381059976884	0.0	0.6248381059976884	0.0	0.0	0.0	0.0	0.6248381059976884	0.0	0.0	0.0	0.0	0.0	1.8747950869115404	3.356230081511197	1.974264802978981	0.6248381059976884	0.6248381059976884
SAMPLE-35	0.0	0.2923967745793256	0.0	0.0	2.815093536923932	0.0	0.0	0.0	0.0	0.0	1.8578569391092563	0.0	3.446606772597371	0.0	3.6963883176333514	0.0	0.0	2.1813281621781346	0.0	0.0	0.0	0.0	0.0	0.0	0.0	0.0	0.46557173022953413	0.0	0.0	0.0	0.46557173022953413	0.0	0.2923967745793256	4.261038613957751	0.0	2.228172226264193	1.1598345293517673	0.2923967745793256	0.0	0.0	0.0	1.6731175760748493	0.0	2.6935561948454785	0.0	0.0	3.067863654911282	0.0	2.7742778521571485	0.0	0.2923967745793256	0.0	0.2923967745793256	0.2923967745793256	1.2844773646962286	0.0	0.0	0.0	0.0	1.4744938495021755	0.0	0.0	0.0	3.4242600256071998	0.0	0.0	0.6850732547297868	0.0	2.731553036601149	0.0	1.5628101272647876	0.0	0.6850732547297868	0.0	0.0	0.0	0.0	0.0	0.2923967745793256	0.0	0.0	0.0	0.0	0.0	0.0	1.8401380535897132	0.0	0.0	0.0	0.0	0.0	0.0	2.7133738070911693	0.0	0.2923967745793256	0.0	0.0	0.0	0.2923967745793256	0.0	0.0	1.6062312640142562	0.0	0.0	0.0	0.0	0.0	0.0	0.0	0.0	0.0	0.0	0.0	0.0	0.0	0.0	0.0	0.0	0.46557173022953413	2.783303690072799	0.46557173022953413	0.0	0.0
SAMPLE-36	0.0	0.3154900436249298	0.0	0.0	1.1402736662745991	0.0	0.0	0.3154900436249298	0.0	0.0	1.7603375377261388	0.0	3.5684000124694517	0.49629627228638196	3.358855017992036	0.0	0.0	2.1388302687488574	0.0	0.0	0.0	0.0	0.3154900436249298	0.0	0.0	0.0	0.0	0.3154900436249298	0.0	0.3154900436249298	0.3154900436249298	0.0	0.9280876318576606	4.36004207235562	0.0	2.352606019738154	0.49629627228638196	0.0	0.0	0.0	0.0	1.8204013510483341	0.0	2.6873585542436835	0.3154900436249298	0.0	0.8019905982088514	0.49629627228638196	2.812312392478211	0.0	0.3154900436249298	0.0	0.0	0.0	0.0	0.0	0.0	0.0	0.49629627228638196	2.2587409942369865	0.0	0.0	0.0	2.0367841829717817	1.1402736662745991	0.6235734358673022	0.3154900436249298	0.3154900436249298	2.444989084490841	0.0	0.6235734358673022	0.0	0.49629627228638196	0.0	0.0	0.0	0.3154900436249298	0.0	0.49629627228638196	0.0	0.0	0.0	0.0	0.0	0.0	0.49629627228638196	0.0	0.0	0.0	0.0	0.0	0.3154900436249298	1.5461326453368618	0.0	0.0	1.1402736662745991	0.0	0.0	0.0	0.0	0.0	1.4075162538488022	0.0	0.0	0.0	0.0	0.0	0.0	0.0	0.0	0.0	0.0	0.0	0.0	0.9796255678302607	0.0	0.0	0.0	2.940642459001888	3.085334805936496	2.7591851942475305	0.0	0.0
SAMPLE-37	0.0	0.47487958799037744	0.0	0.0	1.9651524363869466	0.0	0.0	0.0	0.0	0.0	1.5282114615527147	0.0	1.5282114615527147	0.0	0.7753473543804146	0.0	0.0	0.0	0.0	0.0	0.0	0.0	0.0	0.0	0.0	0.29934983129839055	0.0	0.0	0.29934983129839055	0.0	0.0	0.0	0.0	4.438705204665144	0.0	1.2272808417266288	0.29934983129839055	0.47487958799037744	0.0	0.0	0.29934983129839055	0.29934983129839055	0.0	2.0458813455727882	0.0	0.0	0.7753473543804146	0.0	2.8014591223262677	0.0	0.29934983129839055	0.0	0.0	0.0	0.0	0.29934983129839055	0.0	0.0	0.0	2.77623525166549	0.0	0.0	0.0	3.6862090524576354	0.0	0.599537300943098	0.0	0.0	0.0	0.0	0.47487958799037744	0.0	0.0	0.29934983129839055	0.0	0.0	0.0	0.0	0.599537300943098	0.0	0.0	0.0	0.0	0.0	0.0	0.0	0.0	0.0	0.0	0.0	0.0	0.0	0.29934983129839055	0.0	0.0	0.0	0.0	0.0	0.29934983129839055	0.0	0.0	0.0	0.0	0.0	0.0	0.0	0.0	0.29934983129839055	0.0	0.29934983129839055	0.0	0.0	0.0	0.0	0.0	0.0	0.0	0.0	1.2978321056485222	0.9512510418169936	0.6962786124307505	0.29934983129839055	0.0
SAMPLE-38	0.0	0.31705243433110686	0.0	0.0	3.1834357317323305	0.0	0.0	0.0	0.0	0.0	1.7633058831218482	0.0	1.26013401588968	0.0	0.9823305992970738	0.0	0.0	0.31705243433110686	0.0	0.0	0.0	0.0	0.6258772980638841	0.0	0.0	0.0	0.0	0.0	0.0	0.0	0.0	0.0	0.0	4.39091044430169	0.0	1.8091196674651835	1.3522458418308454	0.0	0.0	0.0	1.643517439273812	0.31705243433110686	0.0	3.3918655467196013	0.0	0.0	3.15432277567746	0.0	2.7268951930026	0.0	0.0	0.0	0.0	0.0	0.9823305992970738	0.0	0.0	0.0	0.31705243433110686	2.741532910380191	0.0	0.0	0.0	3.3754600513064568	0.0	0.0	0.0	0.0	0.0	0.0	1.3309840065454914	0.0	0.31705243433110686	0.0	0.0	0.0	0.0	0.0	0.0	0.0	0.0	0.0	0.0	0.0	0.0	0.0	0.0	0.0	0.0	0.0	0.0	0.0	0.31705243433110686	0.0	0.0	0.31705243433110686	0.0	0.0	0.31705243433110686	0.0	0.0	0.0	0.0	0.0	0.31705243433110686	0.0	0.0	0.0	0.0	0.0	0.0	0.0	0.0	0.0	0.0	0.0	0.0	0.31705243433110686	2.213118529928727	0.6258772980638841	0.6258772980638841	0.0	0.0
SAMPLE-39	0.38834954506982006	2.6578729334845916	0.0	0.0	2.904039222253955	1.8474437208211987	1.7125565076942268	0.38834954506982006	0.0	0.0	2.692349182371303	0.0	3.3327922476497607	0.0	3.2630011351699837	0.0	0.0	1.9708370140739624	0.0	1.3270639513479239	0.0	0.0	1.5345864289616453	1.0990997086369367	0.38834954506982006	0.5900384511570841	0.38834954506982006	0.0	0.0	0.0	1.382491935502821	0.0	0.0	4.1630036172142555	0.38834954506982006	3.459209583030265	1.9285652427990514	0.38834954506982006	0.0	0.0	0.38834954506982006	0.0	0.0	3.5267263053484417	0.0	0.0	3.222077261612404	0.0	2.780843438998927	0.0	0.38834954506982006	0.8313316468552464	0.7272315997297982	0.0	2.757344542924563	0.0	0.0	0.0	0.0	1.6744269472375586	0.0	0.0	0.0	3.327804321696936	1.1890403338228768	0.0	0.0	0.0	0.0	0.0	1.6470105175222483	0.0	0.0	0.0	0.0	0.38834954506982006	0.38834954506982006	0.0	0.0	0.0	0.0	0.38834954506982006	2.0031694359200976	0.0	0.8313316468552464	1.7476069430688468	0.0	0.0	0.0	0.0	0.0	0.0	2.7428366510623214	0.0	0.0	0.5900384511570841	0.0	0.7272315997297982	1.0990997086369367	0.8313316468552464	0.0	0.5900384511570841	0.0	0.0	0.0	0.5900384511570841	0.0	0.38834954506982006	0.0	0.0	1.2964496004251276	0.0	0.0	0.0	0.0	0.38834954506982006	0.0	1.3556616118436065	2.08267060968856	2.950055646240004	1.146394164679926	1.8817308915243007	0.0
SAMPLE-4	0.0	2.344021979438425	0.32664057976393296	0.0	1.4094721552220597	0.0	0.0	0.32664057976393296	0.0	0.0	2.297502019502919	0.0	3.0799455282509762	0.32664057976393296	1.9064732185200566	0.0	0.0	1.2509642375237857	0.0	0.32664057976393296	0.0	0.0	0.0	0.0	0.0	3.838873900330375	0.0	0.0	0.32664057976393296	0.0	1.222738107672827	0.0	0.0	4.12755818842015	0.0	2.8757992103971075	0.32664057976393296	0.0	0.0	0.0	0.0	1.7115285168989653	0.0	2.4728629367598334	0.0	0.0	2.173292398558142	0.0	2.8783847210226403	0.0	0.0	0.0	0.32664057976393296	0.0	0.32664057976393296	0.0	0.0	0.0	0.0	2.457850784170354	0.0	0.0	0.0	2.907061781136542	0.0	0.0	1.277467283747028	0.0	2.479371983781347	0.0	1.4280411841226557	0.32664057976393296	0.32664057976393296	0.32664057976393296	0.0	0.0	0.0	0.0	0.0	0.0	0.0	0.32664057976393296	2.4475464150748123	0.0	0.0	0.0	0.0	0.0	0.0	0.0	0.9469636848492423	0.0	0.5109437349035618	0.0	0.0	0.6399309158863445	0.0	0.0	0.739252003683666	0.0	0.0	2.5014147946203797	0.0	0.32664057976393296	0.0	0.0	0.0	0.0	0.0	0.0	0.8881192619113726	0.0	0.0	0.0	0.5109437349035618	0.0	0.0	0.0	1.0868892051339223	1.5925164186870588	3.8865548276501625	0.0	0.0
SAMPLE-40	0.0	1.5561480266602536	0.0	0.0	1.4744054780576148	0.0	0.0	0.0	0.0	0.0	2.0497442998793716	0.0	2.438895602518276	0.0	3.544798775677167	0.0	0.0	1.1254299485041193	0.0	0.0	0.0	0.0	0.48544748449634567	0.0	0.0	0.0	0.0	0.0	0.0	0.0	0.0	0.0	0.0	4.256731406872305	0.0	3.885807335039936	0.8557741645173715	0.0	0.0	0.0	0.0	0.0	0.8557741645173715	3.1934077417499025	0.48544748449634567	0.0	1.0527074894598114	0.48544748449634567	3.086870634143921	0.0	0.0	0.0	0.48544748449634567	0.0	0.0	0.0	0.0	0.0	0.0	2.3871268769832543	0.0	0.0	0.0	2.5841062167682396	0.0	0.0	0.0	0.0	0.0	0.0	0.0	0.0	0.0	0.0	0.0	0.0	0.0	0.0	0.0	0.0	0.0	0.0	2.8404270946115244	0.0	0.0	0.0	0.0	0.0	0.0	0.0	0.0	0.0	1.1254299485041193	0.0	0.48544748449634567	0.0	0.0	0.0	0.0	0.0	0.48544748449634567	0.0	0.0	0.0	0.0	0.0	0.0	0.0	0.0	0.0	0.0	0.0	0.0	0.0	0.0	0.0	0.0	0.0	1.1877037928013765	1.0527074894598114	0.9653090498601886	0.0	0.0
SAMPLE-41	0.0	2.2366129317564494	0.0	0.0	0.5656819044823931	0.0	0.0	0.0	0.0	0.0	2.0823080987044853	0.0	3.3010085117467276	0.22262507715879779	2.658670830675156	0.0	0.0	1.6003151730872303	0.0	0.3690854002945151	0.22262507715879779	0.0	0.0	0.0	0.0	0.0	0.0	0.0	0.3690854002945151	0.0	0.3690854002945151	0.0	0.478414364065027	4.403298472761921	0.0	3.2641508711625375	0.6383138055388285	0.478414364065027	0.0	0.3690854002945151	0.0	1.6861449569004296	0.0	3.2749384636903915	0.22262507715879779	1.1374592967854638	0.478414364065027	0.3690854002945151	3.1964513292026067	0.0	0.3690854002945151	0.0	0.3690854002945151	0.0	0.0	0.0	0.0	0.0	0.0	2.177050387724748	0.0	0.0	0.0	1.614674908801647	0.0	0.478414364065027	0.3690854002945151	0.478414364065027	1.1374592967854638	0.0	0.0	0.0	0.22262507715879779	0.0	0.0	0.0	0.0	0.22262507715879779	0.22262507715879779	0.0	0.0	0.0	0.0	0.0	0.0	0.0	0.0	0.0	0.0	0.0	0.0	0.22262507715879779	2.2141139628412803	0.0	0.0	0.22262507715879779	0.22262507715879779	0.0	0.0	0.0	0.22262507715879779	1.443825154915079	0.0	0.0	0.0	0.22262507715879779	0.0	0.0	0.0	0.0	0.0	0.0	0.0	0.0	0.22262507715879779	0.0	0.0	0.0	1.2489833578397893	0.3690854002945151	0.478414364065027	0.22262507715879779	0.0
SAMPLE-42	0.0	0.0	0.0	0.0	2.6154361712284815	0.0	0.0	0.0	0.0	0.0	2.0125591340052793	0.0	1.438183861281011	0.0	1.2068621102014778	0.0	0.0	0.4605472473376665	0.0	0.0	0.0	0.0	0.0	0.0	0.0	0.0	0.0	0.0	0.0	0.0	0.0	0.0	0.7573329897196264	4.1543629209956086	0.0	3.9526219240329903	0.4605472473376665	0.0	0.288659164630353	0.0	0.0	0.288659164630353	0.0	2.8742013747834503	0.0	0.0	0.9320002300237359	0.0	3.7661692584032567	0.0	0.288659164630353	0.0	0.0	0.0	0.288659164630353	0.288659164630353	0.0	0.0	0.0	2.7406084804283455	0.0	0.0	0.0	3.3780263344555	0.0	0.288659164630353	0.288659164630353	0.0	2.0125591340052793	0.0	1.4808524568341412	0.0	0.0	0.288659164630353	0.0	0.0	0.0	0.0	0.4605472473376665	0.0	0.0	0.0	0.0	0.0	0.0	0.0	0.0	0.0	0.0	0.0	0.0	0.0	0.0	0.0	0.0	0.288659164630353	0.0	0.0	0.7573329897196264	0.0	0.0	1.452877471982908	0.0	0.0	0.4605472473376665	0.288659164630353	0.0	0.0	0.0	0.0	0.0	0.0	0.0	0.0	0.0	0.0	0.0	0.0	1.0908224271759184	0.288659164630353	2.578104415446921	0.0	0.288659164630353
SAMPLE-43	0.3466185852623944	2.6077439710861228	0.0	0.0	1.2273121290350226	0.0	0.0	0.0	0.0	0.0	2.0772651902862673	0.0	3.4892452188566114	0.0	2.6489201978338364	0.0	0.0	2.442522007302388	0.0	0.0	0.0	0.0	0.5369012353634162	0.0	0.0	0.0	0.6687654737564989	0.0	0.3466185852623944	0.0	0.3466185852623944	0.0	0.5369012353634162	4.33752691855947	0.0	3.4637517458908396	0.3466185852623944	0.3466185852623944	0.0	0.3466185852623944	0.0	0.0	0.0	3.526305011765365	0.3466185852623944	0.0	0.3466185852623944	0.6687654737564989	2.0497744606739476	0.0	0.0	0.0	0.0	0.3466185852623944	0.0	0.0	0.0	0.0	0.0	2.5821358252659152	0.0	0.0	0.0	2.0204252726071963	0.0	0.0	0.0	0.0	0.0	0.0	0.3466185852623944	0.0	0.3466185852623944	0.0	0.3466185852623944	0.0	0.0	0.0	0.6687654737564989	0.0	0.0	0.0	0.0	0.0	0.0	0.3466185852623944	0.0	0.0	0.0	0.0	0.0	0.5369012353634162	1.792867103668066	0.0	0.0	0.0	0.0	0.0	0.5369012353634162	0.0	0.0	1.5756582042377243	0.0	0.0	0.0	0.0	0.0	0.0	0.0	0.0	0.0	0.0	0.0	0.0	0.0	0.0	0.0	0.0	0.5369012353634162	0.8516735279166826	2.897625642098235	0.0	0.0
SAMPLE-44	0.0	0.24357884988245004	0.0	0.0	2.125102998230653	1.5230146069697972	1.7234594196036916	0.39869694192767485	0.0	0.0	1.8023014478262622	0.0	1.3285605070124529	0.0	2.7172617459788366	0.0	0.0	1.2967641721922933	0.0	0.8461789698163187	0.0	0.0	1.0011349057345729	0.0	0.39869694192767485	0.0	0.0	0.0	0.0	0.0	0.930531606877315	0.0	0.0	4.122188202252142	0.24357884988245004	1.9070410638909605	0.9672664273252043	0.0	0.0	0.0	0.0	0.0	0.0	2.081335438601263	0.0	0.0	2.9691582946815225	0.0	2.893492987250462	0.0	0.0	0.24357884988245004	0.0	0.0	1.1844481022755373	0.0	0.0	0.0	0.0	0.0	0.0	0.0	0.24357884988245004	4.241273039282161	0.603005951942399	0.0	0.0	0.0	0.0	0.0	2.249839964358018	0.0	0.5127566284992995	0.0	0.0	0.0	0.0	0.24357884988245004	0.39869694192767485	0.0	0.0	0.24357884988245004	0.930531606877315	0.0	0.603005951942399	0.5127566284992995	0.0	0.0	0.0	0.24357884988245004	0.0	0.0	1.2252004644773848	0.0	0.0	0.39869694192767485	0.0	0.5127566284992995	0.930531606877315	0.24357884988245004	0.0	0.24357884988245004	0.0	0.0	0.0	0.5127566284992995	0.0	0.0	0.0	0.0	0.603005951942399	0.24357884988245004	0.0	0.24357884988245004	0.0	0.0	0.0	0.6776893006096951	0.24357884988245004	2.1780669247541216	0.603005951942399	1.358186880518892	0.0
SAMPLE-45	0.0	3.3114324386615324	0.0	0.0	1.5105868142108254	0.31106917636491727	0.4904559126501695	0.0	0.0	0.0	0.31106917636491727	0.0	3.0797765133499717	0.0	4.346391282262444	0.0	0.31106917636491727	0.862168589667428	0.0	0.0	0.0	0.0	0.0	0.0	0.0	0.0	0.0	0.0	0.0	0.0	0.0	0.0	0.0	3.784024321134524	0.0	1.2491574968598538	0.7947565672834477	0.0	0.0	0.0	0.0	0.0	0.0	0.7149231569733097	0.0	0.0	1.954124285677793	0.0	2.8989217737424804	0.0	0.0	0.0	0.31106917636491727	0.0	0.0	0.0	0.0	0.0	0.0	0.4904559126501695	0.0	0.0	0.0	3.0861607973129845	0.0	0.0	0.0	0.0	0.0	0.0	2.080380600036416	0.0	0.31106917636491727	0.0	0.0	0.0	0.0	0.0	0.31106917636491727	0.0	0.0	0.0	0.0	0.0	0.0	0.0	0.0	0.0	0.0	0.0	0.0	0.0	0.31106917636491727	0.0	0.0	0.31106917636491727	0.0	0.0	0.0	0.31106917636491727	0.0	0.0	0.0	0.0	0.0	0.0	0.0	0.0	0.0	0.0	0.31106917636491727	0.0	0.0	0.0	0.0	0.0	0.0	0.0	0.6170330576404042	1.7518857941818582	0.4904559126501695	0.6170330576404042	0.0
SAMPLE-46	0.0	0.558276615416111	0.0	0.0	1.7865898065447907	0.0	0.43842644650954227	0.0	0.0	0.0	0.946904200506163	0.0	1.3234393233013138	0.0	4.269108394007338	0.0	0.0	0.0	0.0	0.27233687566050213	0.0	0.0	0.0	0.0	0.0	0.0	0.0	0.0	0.0	0.0	0.0	0.0	0.0	3.901678783633594	0.0	3.6869172838717414	0.43842644650954227	0.0	0.0	0.0	0.0	0.27233687566050213	0.0	2.2773361597040016	0.0	0.0	0.794683371029193	0.0	1.575529810164004	0.0	0.0	0.0	0.0	0.0	0.0	0.0	0.0	0.0	0.0	0.0	0.0	0.0	0.0	3.3256791106845123	0.27233687566050213	0.27233687566050213	0.0	0.0	0.0	0.0	1.059396981846245	0.27233687566050213	0.0	0.0	0.0	0.0	0.0	0.0	0.7292189771620621	0.0	0.0	0.0	0.0	0.0	0.0	0.0	0.0	0.0	0.0	0.0	0.0	0.0	0.0	0.0	0.0	0.27233687566050213	0.0	0.0	0.0	0.0	0.0	0.0	0.0	0.0	0.0	0.0	0.0	0.0	0.0	0.0	0.0	0.0	0.0	0.0	0.0	0.0	0.0	0.0	0.9877260268545347	0.27233687566050213	0.6521046210899666	0.0	0.0
SAMPLE-47	0.0	2.3044202462272207	0.0	0.0	0.9901088923412067	0.0	0.45944061449399604	0.0	0.0	0.0	1.639691314364572	0.0	3.155158576498355	0.0	1.6813134254779298	0.0	0.0	1.2052734919505455	0.0	0.0	0.0	0.0	0.0	0.0	0.0	0.0	0.0	0.0	0.21132697059115665	0.0	0.21132697059115665	0.0	1.7346055112874312	4.393141863650769	0.0	3.4420995979331765	0.7313801401883965	0.6776651894359558	0.3528664489533824	0.0	0.0	0.0	0.0	3.0606506361457124	0.0	0.0	3.0834759392323132	0.5449471863399342	2.53238615040757	0.0	0.0	0.0	2.1015910956201984	0.0	0.6776651894359558	0.0	0.0	0.0	0.0	2.8143922509863457	0.0	0.0	0.21132697059115665	3.016064548858805	0.0	0.6776651894359558	0.0	0.0	0.3528664489533824	0.0	0.5449471863399342	0.0	0.0	0.0	0.0	0.0	0.0	0.21132697059115665	0.0	0.0	0.0	0.0	0.21132697059115665	0.0	0.21132697059115665	0.9901088923412067	0.0	0.0	0.0	0.0	0.0	0.21132697059115665	1.501221985785415	0.0	0.0	0.0	0.0	0.21132697059115665	0.0	0.0	0.0	0.3528664489533824	0.0	0.0	0.0	0.0	0.0	0.0	0.0	0.0	0.0	0.0	0.0	0.0	0.0	0.0	0.0	0.0	1.1511317711641524	0.7313801401883965	0.45944061449399604	0.21132697059115665	0.0
SAMPLE-48	0.0	0.0	0.0	0.0	1.9717935708851426	0.9674462058938347	0.926858922292222	0.0	0.0	0.0	1.643893589810943	0.0	2.60740986563239	0.0	1.2013994768665368	0.0	0.0	0.8321560928850896	0.0	0.7108712495544831	0.0	0.0	0.0	0.0	0.0	0.26192452979302405	0.0	0.0	0.0	0.0	0.6345911442734924	0.0	0.42415695659319225	4.196537464336904	0.26192452979302405	3.5895711145492397	0.7757338659526373	0.26192452979302405	0.0	0.0	0.26192452979302405	0.0	0.0	2.5780301389712066	0.26192452979302405	0.0	3.9068856120150763	0.0	2.416513569478443	0.0	0.0	0.42415695659319225	0.541996825464587	0.0	0.926858922292222	0.0	0.0	0.0	0.0	2.705524118911615	0.0	0.0	0.0	3.6212255432832903	0.26192452979302405	0.0	0.26192452979302405	0.0	0.0	0.0	1.8534640787544774	0.0	0.0	0.0	0.0	0.0	0.0	0.0	0.6345911442734924	0.0	0.0	0.26192452979302405	0.6345911442734924	0.0	0.0	0.8321560928850896	0.0	0.0	0.0	0.0	0.0	0.26192452979302405	0.7757338659526373	0.0	0.0	0.26192452979302405	0.0	0.541996825464587	0.0	0.0	0.0	0.0	0.0	0.0	0.0	0.0	0.0	0.0	0.0	0.0	0.0	0.0	0.0	0.0	0.0	0.0	0.0	0.7108712495544831	0.42415695659319225	2.2193978022850973	1.2013994768665368	0.7108712495544831	0.0
SAMPLE-49	0.0	0.0	0.0	0.0	1.8351542623992438	1.0360568038912756	1.0677334070064468	0.0	0.0	0.0	1.8555435097077195	0.0	2.0523514864091643	0.2605816888830974	3.2010014110925065	0.0	0.0	1.6946600031166672	0.2605816888830974	0.2605816888830974	0.0	0.0	0.0	0.0	0.0	0.0	0.0	0.0	0.0	0.0	0.8296239673040054	0.0	0.0	4.161523420454544	0.42230736709185845	3.5787611589558512	0.8795040631961328	0.2605816888830974	0.0	0.0	0.0	1.7424205102791464	0.0	3.7148522399505612	0.8296239673040054	0.0	2.271385217520639	0.8795040631961328	3.7014995008478255	0.0	0.0	0.0	0.2605816888830974	0.0	0.0	0.0	0.0	0.0	0.0	2.892310865862396	0.0	0.0	0.0	2.346657265423744	0.2605816888830974	0.42230736709185845	0.0	0.0	0.7732625384163957	0.0	0.42230736709185845	0.0	0.0	0.0	0.0	0.0	0.2605816888830974	0.0	0.2605816888830974	0.0	0.0	0.0	0.42230736709185845	0.0	0.0	0.42230736709185845	0.0	0.0	0.2605816888830974	0.0	0.2605816888830974	0.2605816888830974	0.8296239673040054	0.0	0.0	0.2605816888830974	0.0	0.0	0.0	0.42230736709185845	0.0	1.0677334070064468	0.0	0.0	0.0	0.2605816888830974	0.0	0.2605816888830974	0.0	0.0	0.0	0.2605816888830974	0.0	0.0	0.0	0.0	0.0	0.6323114003522121	1.3335176916749352	2.7975933197952694	3.1798145432776175	0.7732625384163957	0.0
SAMPLE-5	0.0	2.36550063093779	0.0	0.3244078684297468	0.9432107870971737	0.0	0.0	0.0	0.0	0.0	2.6728251788257387	0.0	3.3918948364554993	0.0	3.5872529434094016	0.0	0.0	1.121123144693488	0.0	0.3244078684297468	0.0	0.0	0.0	0.0	0.0	0.0	0.5080202256366076	0.3244078684297468	0.0	0.0	0.3244078684297468	0.0	0.0	4.298969637242867	0.0	3.5492023016037444	0.0	0.3244078684297468	0.0	0.0	0.0	0.0	0.0	2.7648100811984797	0.0	0.0	1.5064652981302542	0.0	3.2436409337933196	0.0	0.0	0.0	0.5080202256366076	0.0	0.0	0.0	0.0	0.0	0.5080202256366076	1.27345849815066	0.0	0.0	0.0	2.0663385171348354	0.0	0.0	1.2187594643216342	0.3244078684297468	0.0	0.0	0.0	0.3244078684297468	0.5080202256366076	0.0	0.0	0.0	0.3244078684297468	0.0	0.3244078684297468	0.0	0.0	0.3244078684297468	2.078584426824804	0.0	0.0	0.0	0.0	0.0	0.0	0.0	0.0	0.0	0.5080202256366076	0.0	0.3244078684297468	1.4753201896220083	0.0	0.0	0.6366712248040837	0.0	0.0	2.7221638871071905	0.0	0.0	0.3244078684297468	0.0	0.0	0.0	0.0	0.0	0.0	0.0	0.0	0.0	0.7357934589940008	0.0	0.0	0.0	0.8164432834883475	0.5080202256366076	2.2299699859395936	0.0	0.0
SAMPLE-50	0.0	1.8265064042476173	0.0	0.0	2.2982363658435396	0.0	0.2932467650010249	0.0	0.0	0.0	2.039428274691603	0.0	3.209868730841931	0.0	3.155589834873476	0.0	0.0	1.7209814102545449	0.0	0.17091796795502984	0.0	0.0	0.2932467650010249	0.0	0.0	0.0	0.3885832522761382	0.0	0.0	0.0	0.3885832522761382	0.0	0.2932467650010249	4.217326641802743	0.0	3.4875422938816216	0.5903322047365724	0.2932467650010249	0.0	0.0	0.17091796795502984	1.2404517679592122	0.0	2.969060347142682	0.6864489890091267	0.0	3.6515610625743937	0.17091796795502984	2.999666697047797	0.0	0.17091796795502984	0.0	0.2932467650010249	0.0	1.286120564023487	0.0	0.0	0.17091796795502984	0.0	2.653642633702518	0.0	0.0	0.0	3.5777478001056418	0.0	0.17091796795502984	0.17091796795502984	0.0	0.0	0.0	0.5903322047365724	0.0	0.0	0.0	0.0	0.0	0.0	0.0	0.17091796795502984	0.0	0.0	0.0	0.0	0.0	0.0	0.3885832522761382	0.0	0.0	0.0	0.0	0.0	0.17091796795502984	1.9435086391771825	0.0	0.0	0.0	0.0	0.0	0.0	0.0	0.0	0.2932467650010249	0.0	0.0	0.0	0.17091796795502984	0.0	0.0	0.0	0.0	0.0	0.0	0.0	0.0	0.0	0.0	0.0	0.0	0.8316686999467648	1.7327650784709179	0.7996588420136694	0.0	0.0
SAMPLE-51	0.0	2.7340874562347257	0.0	0.0	1.823679017621724	2.221348875961873	1.4916821133688036	0.5789629250742102	0.0	0.0	2.0954572252696853	0.5789629250742102	3.912222917369006	1.0033176679610367	1.942393076828191	0.0	0.0	2.7081579950691648	0.0	0.8185987844298669	0.0	0.0	0.3795616713407919	0.0	0.5789629250742102	0.22999050199084795	0.3795616713407919	0.0	0.0	0.0	1.2493685257869405	0.0	0.0	4.110507977447414	0.22999050199084795	3.0293651758316726	0.3795616713407919	0.5789629250742102	0.0	0.0	0.3795616713407919	1.7547802819657132	0.0	2.3591053357653746	0.0	0.0	3.1746882323016963	0.22999050199084795	1.9025322983817863	0.0	0.0	0.0	0.8185987844298669	0.22999050199084795	2.7564356583304814	0.0	0.0	0.0	0.0	0.22999050199084795	0.0	0.0	0.22999050199084795	3.598747383232445	0.3795616713407919	0.0	0.0	0.22999050199084795	0.0	0.0	1.0853371168730535	0.0	0.3795616713407919	0.0	0.0	0.0	1.2319471990439652	0.22999050199084795	0.7699269062607377	0.0	0.0	0.0	0.8623615069884232	0.0	0.3795616713407919	2.075535649817577	0.0	0.0	0.0	0.0	0.0	0.0	3.1228362849113123	0.22999050199084795	0.0	0.6523462038665779	0.22999050199084795	0.4906072630001274	0.5789629250742102	0.4906072630001274	0.0	1.10956203562167	0.0	0.0	0.0	0.4906072630001274	0.22999050199084795	0.0	0.0	0.22999050199084795	0.7151036795790852	0.0	0.0	0.0	0.0	0.0	0.0	0.7699269062607377	0.3795616713407919	3.3471522666673152	0.7151036795790852	1.4613223195435394	0.0
SAMPLE-52	0.0	2.46118096476813	0.3415933257951596	0.0	1.7194930274015798	0.0	0.0	0.0	0.0	0.0	1.5375984572428187	0.0	2.6986656737185553	0.3415933257951596	3.5072239057956387	0.3415933257951596	0.0	0.9717682937213196	0.0	0.0	0.0	0.0	0.0	0.0	0.0	0.0	0.0	0.0	0.0	0.0	0.0	0.0	0.0	4.342331866019403	0.0	3.56335773654536	0.5304053323483828	0.3415933257951596	0.0	0.0	0.0	1.328963303412172	0.0	3.2027620688173344	0.0	0.0	1.328963303412172	0.0	2.9822865281413455	0.0	0.3415933257951596	0.0	0.3415933257951596	0.0	0.0	0.0	0.0	0.0	0.0	2.904922988504969	0.0	0.0	0.0	2.8026201292559936	0.0	0.3415933257951596	0.0	0.0	0.0	0.0	0.0	0.0	0.0	0.0	0.0	0.0	0.0	0.0	0.5304053323483828	0.0	0.0	0.0	0.0	0.0	0.0	0.3415933257951596	0.0	0.0	0.0	0.0	0.0	0.0	0.5304053323483828	0.0	0.0	0.0	0.0	0.0	0.0	0.0	0.0	1.7094710787809153	0.0	0.0	0.0	0.0	0.0	0.0	0.0	0.0	0.0	0.0	0.0	0.0	0.0	0.0	0.0	0.0	0.8437940557697203	1.4727457181450516	1.0704894754702565	0.3415933257951596	0.0
SAMPLE-53	0.0	2.1235076396413364	0.0	0.0	1.7050032454500663	0.0	0.0	0.0	0.0	0.0	1.806722982725358	0.0	2.3228622856068304	0.0	3.991201154448137	0.0	0.0	0.7618371561036446	0.0	0.4641193744162637	0.0	0.0	0.0	0.0	0.0	0.0	0.2913152593053364	0.0	0.0	0.0	0.5874051616675757	0.0	0.0	4.193202657747739	0.0	3.4689054798214265	0.2913152593053364	0.6833203768231854	0.0	0.0	0.0	0.4641193744162637	0.0	2.640308423633078	0.4641193744162637	0.0	1.6242575628344533	0.0	2.519482432911208	0.0	0.0	0.0	0.0	0.2913152593053364	0.2913152593053364	0.0	0.0	0.0	0.0	0.2913152593053364	0.0	0.0	0.0	3.3751581130386863	0.0	0.5874051616675757	0.4641193744162637	0.0	0.0	0.0	1.8670999631780396	0.0	0.0	0.0	0.0	0.0	0.0	0.0	0.0	0.0	0.0	0.0	0.0	0.0	0.0	0.0	0.0	0.0	0.0	0.0	0.0	0.0	0.4641193744162637	0.0	0.0	0.2913152593053364	0.0	0.0	0.0	0.0	0.0	1.2367361504490817	0.0	0.0	0.0	0.0	0.0	0.0	0.0	0.0	0.0	0.0	0.0	0.0	0.0	0.0	0.0	0.0	1.8439463950537032	2.340271496588906	3.1790180466589955	0.2913152593053364	0.0
SAMPLE-54	0.0	2.9008297760303874	0.0	0.0	0.6975952218469804	0.0	0.0	0.2211619023650784	0.0	0.0	1.8371548955681298	0.0	3.7268243153055125	0.5630218081636831	3.424955373754238	0.0	0.0	1.9909991193478669	0.0	0.2211619023650784	0.0	0.0	0.0	0.0	0.0	0.0	0.0	0.0	0.2211619023650784	0.0	0.9527147043547972	0.0	0.0	4.219164488494428	0.0	3.406917139432772	0.5630218081636831	0.47597590507669696	0.0	0.0	0.0	1.9573411620278618	0.0	2.621878770748988	0.9193062535538956	0.0	0.8831120465818592	0.0	2.733616715551672	0.0	0.0	0.0	0.0	0.0	0.0	0.0	0.2211619023650784	0.0	0.0	0.2211619023650784	0.0	0.0	0.0	2.081080446987455	0.0	0.6355002718985546	0.2211619023650784	0.0	0.0	0.0	0.0	0.0	0.3669952420794625	0.2211619023650784	0.0	0.2211619023650784	0.0	0.0	0.2211619023650784	0.0	0.0	0.2211619023650784	0.0	0.0	0.0	0.0	0.3669952420794625	0.0	0.0	0.0	0.0	0.0	1.6704153475557353	0.0	0.0	0.0	0.2211619023650784	0.0	0.3669952420794625	0.0	0.0	1.2288310778096365	0.0	0.0	0.0	0.0	0.0	0.0	0.0	0.2211619023650784	0.0	0.0	0.0	0.2211619023650784	0.2211619023650784	0.0	0.0	0.0	0.2211619023650784	3.657531687098867	0.47597590507669696	0.3669952420794625	0.0
SAMPLE-55	0.0	0.6926451430042182	0.0	0.4718569543523807	2.067693551551853	0.4718569543523807	0.4718569543523807	0.0	0.0	0.0	2.2865862243486226	0.0	1.996479932836054	0.0	1.7775402772589346	0.0	0.0	1.7165060845674103	0.0	0.0	0.0	0.0	0.0	0.0	0.0	0.4718569543523807	0.0	0.0	0.0	0.0	0.0	0.0	0.0	4.287184903207482	0.0	3.6356326100383662	0.6926451430042182	0.4718569543523807	0.0	0.0	0.0	1.6643473188860347	0.0	3.6244373351421624	0.4718569543523807	0.0	1.6050581953607848	0.6926451430042182	3.3767944643542744	0.0	0.0	0.0	0.0	0.0	0.0	0.0	0.0	0.0	0.0	3.39947345817613	0.0	0.0	0.0	2.303872275979568	0.0	0.4718569543523807	0.0	0.0	2.0295792494984455	0.0	0.6926451430042182	0.0	0.0	0.6926451430042182	0.0	0.0	0.0	0.0	0.0	0.0	0.0	0.0	0.4718569543523807	0.4718569543523807	0.0	0.0	0.0	0.0	0.4718569543523807	0.0	0.0	0.0	0.0	0.0	0.0	0.9472091658796487	0.0	0.0	0.6926451430042182	0.0	0.0	1.6050581953607848	0.0	0.0	0.0	0.4718569543523807	0.0	0.0	0.0	0.0	0.4718569543523807	0.0	0.0	0.0	0.6926451430042182	0.0	0.4718569543523807	0.4718569543523807	1.732587422115492	0.83831785852063	1.3541546545803242	1.0341981615950622	0.0
SAMPLE-56	0.20651767511301083	3.6116681409819256	0.0	0.0	2.4469360150656785	0.978819841096647	1.0550181889667036	0.20651767511301083	0.0	0.0	1.979425295598882	0.0	4.043718856559305	0.3459058728067321	2.008899833140232	0.0	0.0	2.176583685052708	0.0	0.3459058728067321	0.0	0.0	0.45126029278951435	0.0	0.0	0.0	0.6068422114915417	0.6068422114915417	0.0	0.20651767511301083	0.7211512549394495	0.0	0.6677467846722882	4.007820816369557	0.5359812831222344	3.269902607866208	0.7211512549394495	0.6677467846722882	0.0	0.0	0.0	2.879909302437481	0.0	2.6879545091148596	0.0	0.0	3.091935444084674	0.0	2.4562832297922363	0.0	0.20651767511301083	0.0	0.3459058728067321	0.0	2.208813340182726	0.0	0.0	0.0	0.20651767511301083	1.077710894519564	0.0	0.20651767511301083	0.20651767511301083	3.3418597629656985	0.20651767511301083	0.20651767511301083	0.0	0.978819841096647	1.8905109407390892	0.0	1.8801817836872954	0.0	0.20651767511301083	0.20651767511301083	0.0	0.0	0.20651767511301083	0.0	0.20651767511301083	0.0	0.0	0.20651767511301083	0.45126029278951435	0.20651767511301083	0.0	0.6068422114915417	0.0	0.20651767511301083	0.0	0.0	0.20651767511301083	0.20651767511301083	1.962463195330618	0.0	0.0	1.6396861572721024	0.0	0.45126029278951435	0.20651767511301083	0.0	0.0	0.950128757468867	0.0	0.0	0.0	0.20651767511301083	0.0	0.0	0.20651767511301083	0.0	0.978819841096647	0.0	0.0	0.0	0.20651767511301083	0.0	0.0	0.20651767511301083	2.2552826608320817	2.582228200914912	0.6677467846722882	0.7211512549394495	0.0
SAMPLE-57	0.0	2.922262735452105	0.0	0.0	1.5848830160561107	0.9288956180652361	1.053017926546884	0.0	0.45825111721886347	0.0	1.869379583845243	0.0	3.2317043393766185	0.45825111721886347	0.9288956180652361	0.0	0.0	1.20356394733261	0.28695481410144175	0.6762254166951138	0.0	0.0	0.0	0.0	0.0	0.0	0.28695481410144175	0.0	0.45825111721886347	0.0	0.8781507348518114	0.0	0.0	4.3807713299923	0.28695481410144175	0.8781507348518114	0.6762254166951138	0.45825111721886347	0.28695481410144175	0.0	0.0	1.3151435710108246	0.0	2.747402032937662	0.5807723760692387	0.0	2.0435108110893854	0.0	3.165356053364321	0.0	0.45825111721886347	0.28695481410144175	0.0	0.0	0.0	0.0	0.28695481410144175	0.0	0.0	1.9354874427798785	0.0	0.0	0.0	2.620779336855244	0.0	1.574177160651572	0.0	0.0	0.0	0.0	0.45825111721886347	0.0	0.45825111721886347	0.0	0.0	0.0	0.0	0.0	0.0	0.0	0.28695481410144175	0.0	0.45825111721886347	0.0	0.0	0.5807723760692387	0.0	0.0	0.0	0.28695481410144175	0.0	0.28695481410144175	0.5807723760692387	0.0	0.0	0.28695481410144175	0.0	0.0	0.28695481410144175	0.0	0.0	0.45825111721886347	0.0	0.0	0.0	0.28695481410144175	0.0	0.0	0.28695481410144175	0.0	0.45825111721886347	0.0	0.0	0.0	0.45825111721886347	0.0	0.0	0.28695481410144175	1.5285017061385413	0.8781507348518114	3.641166090463962	0.7544326252411498	0.0
SAMPLE-58	0.0	3.0507843191761173	0.0	0.0	2.477814263008232	1.0593993360245844	0.8218644459114977	0.2564895567485407	0.0	0.0	1.8364780024354792	0.0	3.975907348458235	0.4166575897470496	1.0593993360245844	0.0	0.0	1.2720999997288027	0.0	0.6253335812361318	0.0	0.0	0.4166575897470496	0.0	0.0	0.2564895567485407	0.2564895567485407	0.0	0.0	0.2564895567485407	0.8218644459114977	0.0	0.0	3.842198668434381	0.0	1.4142476585762291	0.2564895567485407	0.2564895567485407	0.0	0.0	0.0	2.314474153804494	0.0	2.573502633036915	0.0	0.0	3.215930809467417	0.0	1.9402200099954952	0.0	0.0	0.0	0.4166575897470496	0.0	1.166899757425526	0.0	0.0	0.0	0.0	0.9936815109874355	0.2564895567485407	0.0	0.0	3.977346297681956	0.2564895567485407	0.0	0.0	0.0	0.0	0.2564895567485407	1.088869998147285	0.0	0.0	0.2564895567485407	0.0	0.0	0.2564895567485407	0.2564895567485407	0.0	0.0	0.0	0.2564895567485407	0.0	0.0	0.0	0.5334102914546698	0.0	0.2564895567485407	0.0	0.2564895567485407	0.0	0.0	0.7656914971875324	0.0	0.0	0.2564895567485407	0.2564895567485407	0.4166575897470496	0.5334102914546698	0.0	0.0	0.2564895567485407	0.0	0.0	0.0	0.0	0.0	0.2564895567485407	0.0	0.0	0.0	0.2564895567485407	0.0	0.2564895567485407	0.0	0.0	0.0	0.5334102914546698	0.7011582475975742	2.040135082853399	3.593908837410438	0.7656914971875324	0.0
SAMPLE-59	0.0	1.533177997079252	0.0	0.35685860595244734	1.5166532994778854	0.0	0.0	0.0	0.0	0.0	1.138099509385438	0.0	1.670958386955843	0.0	2.7854313279474994	0.0	0.0	1.756420817659118	0.0	0.0	0.0	0.0	1.138099509385438	0.0	0.0	0.0	0.0	0.0	0.0	0.0	0.0	0.0	0.0	4.3449854681942	0.0	3.5706418855015873	0.7851466362275801	0.5500709615935703	0.0	0.0	0.0	0.0	0.0	2.5232353320820358	0.0	0.0	0.5500709615935703	0.0	3.6576896955038625	0.0	0.0	0.0	0.0	0.0	0.0	0.0	0.0	0.0	0.0	2.817759518925211	0.0	0.0	0.0	3.2093630362264256	0.0	0.35685860595244734	0.0	0.0	0.0	0.0	0.0	0.0	0.0	0.0	0.0	0.0	0.0	0.0	0.0	0.0	0.0	0.0	0.0	0.0	0.0	0.0	0.0	0.0	0.0	0.0	0.0	0.0	1.5792844251291227	0.0	0.0	0.6833236129601065	0.0	0.0	0.35685860595244734	0.0	0.0	0.0	0.0	0.0	0.0	0.0	0.0	0.0	0.0	0.0	0.0	0.0	0.0	0.0	0.0	0.0	0.0	0.0	0.7851466362275801	1.4016207348212597	0.5500709615935703	0.0	0.0
SAMPLE-6	0.4388317581091642	2.9027104872701033	0.0	0.0	0.6526001804944557	0.0	0.2726339757080149	0.0	0.0	0.0	2.833952227683769	0.0	3.7899111805546566	0.9024010513103339	3.3724468134059884	0.0	0.0	0.9882980006208935	0.0	1.0599789261411978	0.0	0.0	0.0	0.0	0.0	0.0	1.0599789261411978	0.2726339757080149	0.2726339757080149	0.2726339757080149	0.4388317581091642	0.0	0.0	4.250086787923355	0.0	3.208661030869672	0.2726339757080149	1.28649494408936	0.0	0.2726339757080149	0.7297376336662588	2.660671998945677	0.2726339757080149	3.040951280948854	0.2726339757080149	0.0	2.570777935759011	0.0	2.777636468082105	0.0	0.2726339757080149	0.2726339757080149	1.245386397242536	0.2726339757080149	0.4388317581091642	0.0	0.2726339757080149	0.0	0.0	1.0256156676856027	0.0	0.0	0.0	3.0962968820006784	0.0	0.0	1.1492568074096572	0.0	0.0	0.0	0.4388317581091642	0.0	0.2726339757080149	0.2726339757080149	0.0	0.0	0.0	0.0	0.5587379352366253	0.0	0.0	0.2726339757080149	1.8228616073067094	0.0	0.0	0.4388317581091642	0.0	0.0	0.2726339757080149	0.0	1.4616377305929649	0.2726339757080149	1.0918214481838604	0.0	0.0	0.0	0.2726339757080149	0.0	0.2726339757080149	0.0	0.2726339757080149	2.4651554861801537	0.0	0.0	0.0	0.7297376336662588	0.0	0.2726339757080149	0.0	0.0	0.0	0.0	0.0	0.0	0.0	0.0	0.0	0.4388317581091642	1.9871102700410779	0.9882980006208935	1.8961619202997602	0.4388317581091642	0.0
SAMPLE-60	0.0	2.7753204956363278	0.26692112449116956	0.0	1.0804867351458236	0.0	0.0	0.0	0.0	0.0	1.4873172572504114	0.0	3.0872894656018492	0.0	2.114069560153717	0.0	0.0	2.41057091983317	0.0	0.0	0.0	0.0	0.0	0.0	0.0	0.0	0.26692112449116956	0.0	0.26692112449116956	0.0	0.4310203072737817	0.0	0.26692112449116956	4.354996914230568	0.0	3.4569125610970106	0.0	0.4310203072737817	0.0	0.0	0.0	1.848881518636549	0.0	2.5543688546810315	0.0	0.0	0.89161897464494	0.4310203072737817	3.1172893174661294	0.0	0.0	0.0	0.26692112449116956	0.0	0.0	0.0	0.0	0.0	0.0	2.5471075881241085	0.0	0.0	0.0	2.001409758893154	0.0	0.0	0.0	0.0	0.0	0.0	0.0	0.0	0.0	0.0	0.0	0.0	0.0	0.26692112449116956	0.6430311233227017	0.0	0.0	0.0	0.0	0.0	0.0	0.0	0.0	0.0	0.0	0.0	0.0	0.4310203072737817	1.898186457670649	0.0	0.0	0.0	0.26692112449116956	0.0	0.0	0.0	0.0	3.357522784643419	0.0	0.0	0.0	0.0	0.0	0.0	0.0	0.0	0.26692112449116956	0.0	0.0	0.0	0.0	0.0	0.0	0.0	0.0	3.19444057460277	1.0144474790649505	0.26692112449116956	0.0
SAMPLE-61	0.0	3.1511212876777437	0.0	0.0	2.0453805309550153	0.4973642384695809	0.23410740503337515	0.0	0.0	0.0	2.0671815943005605	0.0	3.0686149208159343	0.0	0.5863087436570223	0.0	0.0	1.3904861188487203	0.0	0.0	0.0	0.0	0.6600973103246305	0.0	0.0	0.0	0.0	0.0	0.0	0.0	0.23410740503337515	0.23410740503337515	0.0	4.287786241011591	0.0	3.7411195750732245	0.9473451683151483	0.0	0.0	0.0	0.0	2.114954427924974	0.0	2.859282095838619	0.3853850442662431	0.0	1.5109841017604586	0.23410740503337515	3.5438955999552406	0.0	0.3853850442662431	0.0	0.3853850442662431	0.0	0.9108277593527551	0.0	0.0	0.0	0.0	2.1470711091561157	0.0	0.0	0.0	3.091322907853421	0.0	0.3853850442662431	0.5863087436570223	0.0	2.312416520573668	0.0	1.7426699499502702	0.0	0.23410740503337515	0.0	0.0	0.0	0.0	0.0	0.0	0.0	0.0	0.0	0.5863087436570223	0.0	0.0	0.0	0.0	0.0	0.3853850442662431	0.0	0.0	0.0	0.3853850442662431	0.0	0.0	1.0122868858796037	0.0	0.23410740503337515	0.3853850442662431	0.0	0.23410740503337515	0.9810287708124638	0.0	0.0	0.0	0.0	0.0	0.3853850442662431	0.0	0.0	0.0	0.0	0.0	0.0	0.0	0.0	0.23410740503337515	0.0	1.713667482923734	1.2916776353124366	0.5863087436570223	0.23410740503337515	0.0
SAMPLE-7	0.0	2.900222992705318	0.0	0.0	2.032816538031281	0.8276315218369044	0.6826900311266965	0.0	0.0	0.0	1.824949883183543	0.0	3.7063654683722507	0.0	2.0589085373362517	0.0	0.0	2.600779223931688	0.0	0.0	0.0	0.0	0.0	0.0	0.0	0.0	0.46359734418619564	0.0	0.0	0.0	0.29092674856931394	0.0	0.0	4.164472679832938	0.0	3.2326601339434697	0.761179519969478	0.29092674856931394	0.0	0.0	0.0	2.7151902421387017	0.0	2.4464919274482364	0.29092674856931394	0.0	3.3245437329647807	0.29092674856931394	2.295624333000824	0.0	0.0	0.0	0.5868155923317402	0.0	0.5868155923317402	0.0	0.0	0.0	0.0	2.693083895233916	0.0	0.0	0.0	3.386781948859715	0.0	0.0	0.0	0.0	0.0	0.0	1.4573714240356699	0.0	0.29092674856931394	0.46359734418619564	0.0	0.0	0.0	0.0	0.0	0.0	0.0	0.0	0.0	0.0	0.0	0.0	0.0	0.0	0.0	0.0	0.0	0.0	2.2126713852347346	0.0	0.0	0.8276315218369044	0.0	0.0	1.8663153964323895	0.0	0.29092674856931394	0.46359734418619564	0.0	0.0	0.0	0.0	0.0	0.0	0.0	0.0	0.29092674856931394	0.0	0.0	0.0	0.0	0.0	0.0	0.29092674856931394	0.9816414408203695	1.6875333530623653	3.664492265994892	1.0604752866094707	0.0
SAMPLE-8	0.0	2.533272175074203	0.0	0.0	1.3072072240108463	0.4666675410588309	0.4666675410588309	0.0	0.0	0.0	1.7088024355906144	0.2932133949222259	3.881962588318895	0.2932133949222259	3.8536921098101367	0.0	0.0	2.400925590299124	0.0	0.7650443129095924	0.0	0.0	0.0	0.0	0.0	0.0	0.4666675410588309	0.0	0.0	0.4666675410588309	0.5902816919161449	0.0	0.0	4.077646510603422	0.0	3.602589329503474	0.4666675410588309	0.2932133949222259	0.0	0.0	0.0	0.0	0.0	2.6517110329380973	0.6863950099508158	0.0	1.8417791150608065	0.0	2.4671499605604037	0.0	0.0	0.0	0.6863950099508158	0.0	1.1893465111307344	0.0	0.0	0.0	0.0	2.4671499605604037	0.0	0.0	0.0	2.1991653333719814	0.0	0.2932133949222259	0.2932133949222259	0.0	0.0	0.0	0.2932133949222259	0.0	0.0	0.0	0.0	0.2932133949222259	0.0	0.0	0.0	0.0	0.0	0.0	0.2932133949222259	0.0	0.0	0.2932133949222259	0.0	0.0	0.0	0.0	0.0	0.0	0.7650443129095924	0.0	0.2932133949222259	1.064741593329477	0.0	0.2932133949222259	1.8765240647053356	0.0	0.0	0.6863950099508158	0.0	0.0	0.0	0.0	0.0	0.0	0.0	0.0	0.0	0.2932133949222259	0.0	0.0	0.0	0.0	0.0	0.2932133949222259	1.4761031895915568	0.8893172031069285	3.0291695630617905	0.6863950099508158	0.0
SAMPLE-9	0.0	2.3830990582372245	0.0	0.0	1.3989831185115134	1.2224922851952127	1.0592195205664334	0.0	0.0	0.0	1.9224206508575208	0.0	3.516908216788022	0.0	3.136494951976513	0.0	0.0	1.9331503534337955	0.3109251794595226	0.4902653579367359	0.0	0.0	0.0	0.0	0.0	0.3109251794595226	0.0	0.0	0.0	0.0	0.9716810398763434	0.0	0.7146958562495789	4.099183654608083	0.0	3.772843117032499	0.3109251794595226	0.3109251794595226	0.0	0.0	0.4902653579367359	2.6172167852641137	0.0	2.8893623073790895	0.4902653579367359	0.0	2.8202567235798597	0.3109251794595226	3.260357703973226	0.0	0.0	0.0	0.6168194851471193	0.0	0.0	0.0	0.3109251794595226	0.0	0.0	2.4411013618010893	0.0	0.0	0.0	3.128120044521809	0.3109251794595226	0.0	0.4902653579367359	0.0	1.0176521411340977	0.0	1.3408770449676768	0.0	0.4902653579367359	0.0	0.0	0.0	0.0	0.0	0.0	0.0	0.0	0.0	0.9202613562238893	0.0	0.3109251794595226	0.0	0.0	0.0	0.0	0.3109251794595226	0.0	0.0	2.442743582434919	0.0	0.3109251794595226	0.3109251794595226	0.0	0.0	0.4902653579367359	0.0	0.0	1.2224922851952127	0.0	0.0	0.9202613562238893	0.0	0.0	0.0	0.0	0.0	0.4902653579367359	0.0	0.0	0.3109251794595226	0.0	0.0	0.0	0.7146958562495789	1.5375036114223928	0.6168194851471193	3.6590520244791582	1.3408770449676768	0.0
