SAMPLE_ID	Acidobacteria	Actinobacteria	Aquificae	Armatimonadetes	Bacteroidetes	Candidatus Cloacimonetes	Candidatus Saccharibacteria	Chlamydiae	Chlorobi	Chloroflexi	Coprothermobacterota	Cyanobacteria	Deferribacteres	Deinococcus-Thermus	Elusimicrobia	Euryarchaeota	Fibrobacteres	Firmicutes	Fusobacteria	Gemmatimonadetes	Ignavibacteriae	Kiritimatiellaeota	Nitrospirae	Planctomycetes	Proteobacteria	Spirochaetes	Synergistetes	Tenericutes	Thaumarchaeota	Thermotogae	Verrucomicrobia
SAMPLE-1	0.0	3.155534931895963	0.0	0.0	4.1542742765283425	0.0	0.0	0.0	0.0	0.3111955581432598	0.0	0.9721533264589713	0.0	0.0	0.0	0.0	0.0	4.20405011137552	2.0954804936788927	0.0	2.2941519762382763	0.0	0.0	0.0	3.1235447555638123	0.0	0.0	0.0	0.0	0.0	2.993205569803534
SAMPLE-10	0.40266789554320875	3.938341109419343	0.0	0.0	1.6097168822314691	0.0	0.0	0.0	0.0	0.40266789554320875	0.0	0.0	0.0	0.0	0.0	0.0	0.0	4.287289836670121	1.3785880906494759	0.0	2.026893282842867	0.0	0.0	0.0	3.5551315584923744	0.0	0.0	0.0	0.0	0.0	3.4013357709574032
SAMPLE-11	0.0	3.608319386277259	0.0	0.0	3.5863804612266854	0.0	0.2544128712402467	0.0	0.0	0.2544128712402467	0.0	0.0	0.0	0.0	0.0	0.0	0.0	4.281821428959397	1.7718825442885975	0.0	0.7618259278805749	0.0	0.0	0.0	2.5236322705240473	0.2544128712402467	0.2544128712402467	0.2544128712402467	0.0	0.0	3.837830768010225
SAMPLE-12	0.0	4.136056396864787	0.0	0.0	2.620146175834672	0.0	0.0	0.0	0.5788696491627092	0.5788696491627092	0.0	0.0	0.0	0.0	0.0	0.0	0.0	4.298723906968525	0.0	0.0	1.8143559239431386	0.0	0.0	0.5788696491627092	2.328772688861169	0.0	0.0	1.1749332670984216	0.0	0.0	1.659651784183567
SAMPLE-13	0.0	3.8154847350725367	0.0	0.6659577731848525	2.302917292066763	0.0	0.6659577731848525	0.0	0.0	1.075621982673754	0.6659577731848525	1.4781644623320382	0.0	0.0	0.0	0.0	0.0	4.336090426624158	2.7011313710389717	0.0	3.065910427035928	0.0	0.0	0.0	3.6177775180766187	0.6659577731848525	1.4781644623320382	0.0	0.0	0.0	1.2826242204538543
SAMPLE-14	0.0	4.123293863727471	0.0	0.6856270188976716	2.4560701389513557	0.0	0.0	0.0	0.0	0.0	0.0	0.0	0.0	0.0	0.0	3.059910968714271	0.0	4.281520507722653	0.0	2.241029094312911	2.1680592061563995	0.0	0.0	0.0	1.8223526385446267	0.6856270188976716	0.0	1.098510721288089	0.0	0.0	1.9702039018406134
SAMPLE-15	0.0	3.222688272529847	0.0	0.0	3.915921989463947	0.0	0.28102736296580877	0.28102736296580877	0.0	0.28102736296580877	0.0	3.105187514461495	0.0	0.0	0.0	0.0	0.0	4.231197710897047	1.7726026600987064	0.0	1.9888139338668356	0.0	0.0	0.0	2.253713063025918	0.45024097483951914	0.0	1.6320398582588147	0.0	0.0	3.759133778073692
SAMPLE-16	0.0	2.7741997600857906	0.0	0.0	3.9058017571469943	0.0	0.740102737815999	0.0	0.0	0.5679698827754425	0.0	3.3137814776576042	0.0	0.2786031215781088	0.0	0.0	0.0	4.2164971582500295	2.163739730622465	0.0	0.5679698827754425	0.0	0.0	0.2786031215781088	3.3126421506495283	0.2786031215781088	0.0	0.2786031215781088	0.0	0.0	3.6952427969936474
SAMPLE-17	0.0	3.2966033150137752	0.0	0.0	3.3809795317567413	0.0	0.7678035078220338	0.0	0.0	0.20610810123033815	0.0	0.0	0.20610810123033815	0.0	0.0	0.0	0.0	4.214983865546899	2.2362102684388856	0.0	0.20610810123033815	0.0	0.0	0.20610810123033815	3.7966765829195	0.5352137315123726	0.0	0.4505606829976764	0.0	0.0	3.851382769424318
SAMPLE-18	0.33549203428883567	3.9346727065054554	0.0	0.5224886169121784	2.9874815827124235	0.0	0.0	0.0	0.0	0.0	0.0	0.33549203428883567	0.0	0.0	0.0	2.5899514604950804	0.33549203428883567	4.3286709249753805	0.0	0.0	3.433345886220799	0.0	0.0	0.0	2.4124649267796885	0.7528686557138073	0.0	0.0	0.0	0.0	1.891544320222716
SAMPLE-19	0.0	3.3422680097113036	0.0	1.072446000857585	3.519360178170716	0.0	0.0	0.0	0.0	0.0	0.371421943799915	0.5686514537713263	0.0	0.0	0.0	2.452630569492917	0.0	4.415803256349532	1.541553267539662	0.0	2.52318896231685	0.0	0.0	0.0	3.254062884587193	0.0	1.1194951040200138	0.0	0.0	0.0	2.4902914758257118
SAMPLE-2	0.0	3.6311303031879674	0.0	0.0	2.9356391833081874	0.0	0.0	0.0	0.0	0.0	0.0	0.265849082175851	0.0	0.265849082175851	0.0	0.0	0.0	4.458348300474259	0.0	0.0	2.297943393123972	0.0	0.0	0.0	2.4053673924400045	0.0	0.265849082175851	0.0	0.0	0.0	1.0465924161886995
SAMPLE-20	0.0	3.7288132017887543	0.0	0.9144027759582406	2.0537431684100462	0.0	0.4153861815282796	0.0	0.0	0.8201130430262308	0.5319524283317423	0.7639830925759881	0.0	0.0	0.0	3.0389722140225266	0.0	4.306129477002127	0.4153861815282796	0.0	3.1922888876919573	0.0	0.0	0.0	3.047789092873992	0.0	0.8698118065121285	0.4153861815282796	0.0	0.2555707020314748	3.6842398356109105
SAMPLE-21	0.0	2.705144940478201	0.0	0.0	2.4349095398539733	0.0	0.7581899942789342	0.0	0.0	0.4110844598300609	0.0	0.9486139854207386	0.0	0.0	0.0	0.0	0.0	4.506510042367525	0.4110844598300609	0.0	1.9190506544968822	0.0	0.0	0.0	2.253291744971269	0.0	0.0	3.0573018124448015	0.0	0.0	1.589320968271519
SAMPLE-22	0.0	3.0361932179493376	0.0	0.0	3.0708933615606613	0.0	0.8509466448873944	0.0	0.30445124646084987	0.48167695929014465	0.0	1.0061389777657492	0.0	0.30445124646084987	0.0	0.0	0.0	4.446416598531273	1.1202386043288854	0.0	1.8128900566412063	0.0	0.0	0.0	2.832880469672102	0.0	0.0	0.48167695929014465	0.0	0.0	3.5238775778207967
SAMPLE-23	0.32717118094810715	3.934225832651116	0.0	0.6407044467351344	1.3707282488161079	0.0	0.32717118094810715	0.0	0.0	0.0	0.0	0.0	0.0	0.0	0.0	0.0	0.0	4.404961772985106	0.0	0.0	1.12596560780308	0.0	0.0	0.0	2.457149950537433	0.0	0.0	0.0	0.0	0.0	0.7400724908675765
SAMPLE-24	0.0	3.284358645358824	0.0	0.277834971904401	3.7874913358644453	0.0	0.0	0.0	0.0	0.0	0.0	0.44591084901561495	0.0	0.0	0.0	0.0	0.0	4.407878351437331	0.0	0.0	1.9166363913536435	0.0	0.0	0.0	2.775850821261789	0.0	0.277834971904401	0.0	0.0	0.0	1.2970092401468887
SAMPLE-25	0.0	3.899441328829033	0.0	0.0	3.0791773727852907	0.0	0.0	0.0	0.0	0.24750449497994295	0.0	0.0	0.0	0.0	0.0	0.24750449497994295	0.0	4.372045486004353	0.24750449497994295	0.0	3.0151995596899854	0.0	0.0	0.0	2.7821049933285193	0.0	0.0	0.0	0.24750449497994295	0.24750449497994295	0.7488500620381762
SAMPLE-26	0.0	3.5796706525445323	0.0	0.0	3.5613544249153133	0.0	0.7169897040879343	0.0	0.31237961774429696	0.4921891153364871	0.0	0.8643766976052931	0.0	0.0	0.0	0.31237961774429696	0.0	4.174666398352072	0.31237961774429696	0.0	2.287109278789523	0.0	0.0	0.0	3.3305368123062413	0.0	0.6189751012297371	0.0	0.0	0.0	3.9818784816726347
SAMPLE-27	0.0	4.007389744357088	0.0	0.0	3.2690442109277646	0.0	0.0	0.0	0.0	0.0	0.0	0.0	0.0	0.0	0.0	0.0	0.0	4.302461972230927	0.0	0.0	2.811954843929689	0.0	0.0	0.0	3.2017652595219315	0.0	0.0	0.0	0.0	0.0	0.0
SAMPLE-28	0.0	3.9084838076869035	0.0	0.3379620032567967	3.0908521594789318	0.0	0.0	0.3379620032567967	0.0	0.0	0.0	0.3379620032567967	0.0	0.0	0.0	0.0	0.0	4.378418038713261	0.3379620032567967	0.0	2.549316939214148	0.0	0.0	0.0	2.0615254863435646	0.0	0.3379620032567967	2.1673539296254787	0.0	0.0	2.682531214131444
SAMPLE-29	0.0	3.704685209765267	0.0	0.0	3.090577650306194	0.0	0.7062794951390564	0.0	0.0	0.3732103733766481	0.0	0.3732103733766481	0.0	0.0	0.0	0.3732103733766481	0.0	4.3498192284481325	0.0	0.0	0.3732103733766481	0.0	0.0	0.0	2.499047080056182	0.0	0.0	0.570921482440736	0.0	0.0	3.7268697665112653
SAMPLE-3	0.0	3.1395146002438885	0.0	0.0	3.8670410165633355	0.366871228903858	0.366871228903858	0.0	0.0	0.366871228903858	0.0	1.320375134121634	0.0	0.0	0.0	0.0	0.0	4.366877055102159	1.1545460167635668	0.0	2.190271519442064	0.0	0.0	0.366871228903858	2.935081776747309	0.0	0.0	0.5628638695869721	0.0	0.0	3.10152657703779
SAMPLE-30	0.0	3.6544006999464025	0.0	0.0	2.12161125569896	0.0	0.0	0.0	0.0	0.0	0.0	0.4938753526834866	0.0	0.0	0.0	0.0	0.0	4.455243172053249	0.0	0.0	2.7349650432350856	0.0	0.0	0.0	2.679017735603644	0.0	0.0	0.8665226611709106	0.0	0.0	2.1352969574274216
SAMPLE-31	0.0	3.8782012570511624	0.0	0.22592778279754533	2.2725230257280957	0.0	1.0233973335085447	0.0	0.0	0.0	0.22592778279754533	0.22592778279754533	0.22592778279754533	0.0	0.0	0.0	0.22592778279754533	4.394533405337432	0.0	0.0	2.9818555443557617	0.0	0.0	0.22592778279754533	2.727500535308624	0.4838985134331848	0.4838985134331848	0.37379231530581025	0.0	0.0	2.4441261438085045
SAMPLE-32	0.0	3.157202262101352	0.0	0.0	3.2390495681752802	0.0	0.0	0.0	0.30535414031667435	0.48287726594535146	0.0	0.0	0.0	0.0	0.0	0.0	0.0	4.408624955008992	1.7408415947880391	0.30535414031667435	1.99528953960873	0.0	0.0	0.0	3.3780034329559725	0.48287726594535146	0.0	0.30535414031667435	0.0	0.0	3.4765067044217473
SAMPLE-33	0.0	3.4031563891107446	0.0	0.0	2.266330041038135	0.0	0.2719206354020396	0.2719206354020396	0.0	0.2719206354020396	0.0	1.843587078747278	0.2719206354020396	0.0	0.0	0.7284918884949356	0.4378584307559444	4.474630438467648	0.0	0.2719206354020396	3.206895801136157	0.0	0.0	0.0	1.803897351467618	0.2719206354020396	0.0	0.9010615824673299	0.0	0.0	1.5096359467537759
SAMPLE-34	0.0	3.9353090035881193	0.0	0.6114935893994706	2.731011204245019	0.0	0.0	0.0	0.0	0.8558627217570556	0.0	1.0112959749968966	0.6114935893994706	0.0	0.0	2.262883729628589	0.0	4.386198457897327	0.6114935893994706	0.0	1.5436485488972302	0.0	0.0	0.0	2.420724842212907	0.6114935893994706	0.0	2.3998723296306412	0.0	0.0	1.9568754003362527
SAMPLE-35	0.0	3.8095350183446217	0.0	0.2946617837898924	3.452109699042744	0.0	0.0	0.0	0.0	0.0	0.0	0.0	0.0	0.0	0.0	2.736154879422871	0.2946617837898924	4.351682841826818	1.288849444757117	0.0	1.4789503809737146	0.0	0.0	0.0	3.296379375081644	0.0	0.0	0.688735555792894	0.0	0.0	0.592472310471136
SAMPLE-36	0.0	3.471045602312546	0.0	0.9155657751363189	3.554554584396551	0.0	0.308202840082895	0.308202840082895	0.0	0.7103903712063289	0.0	0.0	0.0	0.0	0.0	2.430816013458733	0.308202840082895	4.423299035578215	0.0	0.0	2.244595712845247	0.0	0.0	0.0	2.4274748559853987	0.6127753163824283	0.0	0.7103903712063289	0.0	0.0	2.744985399037151
SAMPLE-37	0.0	2.376687272094162	0.0	0.0	1.5581956551990537	0.0	0.3020046486252959	0.0	0.3020046486252959	0.0	0.0	0.3020046486252959	0.0	0.0	0.0	0.0	0.3020046486252959	4.5240912318130055	0.0	0.0	2.7815403875438385	0.0	0.0	0.3020046486252959	1.2571116837767808	0.6035211517438811	0.0	0.0	0.0	0.0	0.7005284008773042
SAMPLE-38	0.0	3.6157460644101245	0.0	0.0	1.2871589757034787	0.0	0.9327099634269859	0.0	0.0	0.0	0.0	0.0	0.0	0.0	0.0	0.0	0.0	4.449164110557164	0.9843167319647516	0.0	2.7437453563306593	0.0	0.0	0.0	3.17133811372261	0.0	0.0	0.31820221462364395	0.0	0.0	0.627570230115726
SAMPLE-39	0.0	3.9512300784946515	0.0	0.8283469047875993	3.3310376528614056	0.0	1.598924209657185	0.0	0.0	0.7243871514020379	0.3862824018731281	0.9121651944160566	0.0	0.0	0.0	0.0	0.3862824018731281	4.282150930508278	2.7538476141252564	0.0	1.6709982970794621	0.0	0.0	0.0	3.509765207444572	0.0	1.2931242123823365	2.2272514268961294	0.0	0.0	1.1431420914790067
SAMPLE-4	0.0	3.0521886688845417	0.0	0.0	3.056251537126734	0.0	0.0	0.0	0.3138488243959895	0.6211490836252169	0.0	0.9767763573402818	0.0	0.0	0.0	2.4549311241591263	0.0	4.181696393799508	0.3138488243959895	0.0	2.4334141741658617	0.0	0.0	0.0	3.8490665843524323	0.0	0.8668469206554503	3.2919587964878323	0.0	0.0	3.862033586344836
SAMPLE-40	0.0	4.112092004752758	0.0	0.0	2.4470666896241138	0.0	0.4887833288002694	0.0	0.0	0.0	0.0	0.0	0.0	0.0	0.0	0.0	0.0	4.303181621828249	0.0	0.0	2.392054203973128	0.0	0.0	0.0	2.8752893777475053	0.0	0.0	0.4887833288002694	0.0	0.0	1.0572190524688965
SAMPLE-41	0.0	3.6351806836618517	0.0	0.48104634594887485	3.306249556644804	0.0	0.0	0.0	0.37134331643836954	0.0	0.0	0.0	0.0	0.37134331643836954	1.1411098644473439	1.1411098644473439	0.37134331643836954	4.439969165344707	0.0	0.0	2.180960512413506	0.0	0.0	0.0	2.4224925645658266	0.48104634594887485	0.0	0.48104634594887485	0.0	0.0	0.48104634594887485
SAMPLE-42	0.0	4.013547270052593	0.0	0.760885886957511	1.4712461679359363	0.0	0.0	0.0	0.0	0.0	0.0	1.3418509535828278	0.29075335717794076	0.0	0.0	2.016819588628596	0.29075335717794076	4.3596992049488525	0.29075335717794076	0.0	2.7449027459459985	0.0	0.0	0.29075335717794076	1.4113498987312398	0.29075335717794076	0.0	0.0	0.0	0.0	2.582395150846083
SAMPLE-43	0.0	3.8350208453839425	0.0	0.5403966033743046	3.494849086911215	0.0	0.5403966033743046	0.0	0.34932963937215444	0.34932963937215444	0.0	0.0	0.0	0.34932963937215444	0.0	0.0	0.0	4.35824719095935	0.0	0.0	2.587041251509362	0.0	0.0	0.0	2.5508664473570613	0.0	0.0	0.8559030665284043	0.0	0.0	2.902537678156182
SAMPLE-44	0.0	3.0185381714977533	0.0	0.24440439313493248	1.3303912151016712	0.0	1.0028643749569144	0.0	0.0	1.1643308125784704	0.24440439313493248	0.7429674459816535	0.0	0.24440439313493248	0.0	0.0	0.0	4.502693193129511	1.1862434106397497	0.0	0.0	0.0	0.0	0.24440439313493248	3.145255651467477	0.0	0.6044482804735232	0.5140884011399979	0.0	0.0	0.6044482804735232
SAMPLE-45	0.31390402760411756	4.35536362771515	0.0	0.0	3.085675968010537	0.0	0.0	0.0	0.0	0.0	0.0	0.0	0.0	0.0	0.0	0.0	0.0	4.014156707372377	0.0	0.0	0.49420319778398514	0.0	0.0	0.0	2.0504506475571938	0.0	0.31390402760411756	0.31390402760411756	0.0	0.0	0.49420319778398514
SAMPLE-46	0.0	4.380417082400424	0.0	0.0	1.3287278196817947	0.0	0.0	0.0	0.0	0.0	0.0	0.0	0.0	0.0	0.0	0.0	0.0	4.011942205610346	0.0	0.0	0.0	0.0	0.0	0.0	1.2710752383007033	0.2749313886672468	0.0	0.0	0.0	0.0	0.6564246256742128
SAMPLE-47	0.0	3.606870104106518	0.0	1.7391482458142484	3.197863704556172	0.0	0.0	0.0	0.21311574521671234	0.21311574521671234	0.0	0.3554466295693336	0.3554466295693336	0.0	0.0	0.3554466295693336	0.0	4.42629405670525	0.6813247780880114	0.0	2.819012743729283	0.0	0.0	0.0	3.112766289609998	0.6813247780880114	0.0	0.6198689576808443	0.0	0.0	0.4624671361867066
SAMPLE-48	0.0	3.653718654895038	0.0	0.6378188319741703	2.616013663638312	0.0	0.0	0.0	0.0	0.0	0.2638306906401611	0.2638306906401611	0.0	0.0	0.0	0.0	0.0	4.314145815567762	0.930562045938866	0.0	2.7097136782242663	0.0	0.0	0.0	3.9171872253775	0.0	0.0	0.0	0.0	0.0	1.2053344480900772
SAMPLE-49	0.0	4.032646917792174	0.0	0.0	2.065727970786563	0.0	0.0	0.0	0.0	0.6353961048065594	0.42481047003429573	0.2623993687168983	0.0	0.0	0.0	0.7766062132516532	0.0	4.315794410678468	0.0	0.0	2.89632412801912	0.0	0.0	0.2623993687168983	2.616372248811517	0.42481047003429573	0.0	0.8829942437911712	0.0	0.0	3.1838302871157462
SAMPLE-5	0.2975095336555204	3.850625552061954	0.0	0.0	3.341043571276634	0.0	0.0	0.2975095336555204	0.0	0.2975095336555204	0.0	0.2975095336555204	0.0	0.0	0.0	0.0	0.0	4.3871019931650155	0.0	0.0	1.22379829197488	0.0	0.0	0.0	2.2852227400514717	0.0	0.0	2.485713611754559	0.0	0.0	2.1804973063299102
SAMPLE-50	0.0	3.756655084053663	0.0	0.29557224460076076	3.215750394087926	0.17246038975548983	0.29557224460076076	0.0	0.0	0.0	0.0	0.17246038975548983	0.0	0.0	0.0	0.0	0.17246038975548983	4.338098703593609	1.2906009299499728	0.0	2.6583557391532233	0.0	0.0	0.0	3.6735934242012913	0.17246038975548983	0.0	0.17246038975548983	0.0	0.0	0.8036365785902742
SAMPLE-51	0.0	3.170089726077509	0.0	0.0	3.9166620602802893	0.0	0.77256796518408	0.0	0.0	1.0882562281332204	0.23130053570362616	0.4927618518472954	0.0	0.0	0.0	0.0	0.0	4.301084119118441	2.7596095692540956	0.0	0.23130053570362616	0.0	0.0	0.23130053570362616	3.601314517231734	0.23130053570362616	0.7176722460559618	0.4927618518472954	0.0	0.0	0.7176722460559618
SAMPLE-52	0.0	3.9358376312925807	0.0	0.0	2.706497102015569	0.0	0.0	0.0	0.0	0.0	0.0	0.0	0.0	0.0	0.0	0.0	0.34417765845252546	4.385801645687657	0.0	0.0	2.9096508852941008	0.0	0.0	0.0	1.7969509922864955	0.5337487177872968	0.0	0.0	0.0	0.0	1.0748227791847638
SAMPLE-53	0.0	4.128823969990129	0.0	0.0	2.3393587761788845	0.0	0.0	0.0	0.0	0.0	0.0	0.0	0.0	0.0	0.0	0.0	0.0	4.279937138439773	0.2936850027147804	0.0	0.2936850027147804	0.0	0.0	0.0	1.9044432965434321	0.5909953872525844	0.0	0.0	0.0	0.0	3.1838502780391527
SAMPLE-54	0.0	3.7548702235238682	0.0	0.0	3.7307964189958587	0.0	0.0	0.0	0.22259977018500207	0.22259977018500207	0.0	0.36904927467552645	0.0	0.22259977018500207	0.0	0.0	0.0	4.359740038526564	0.0	0.22259977018500207	0.22259977018500207	0.0	0.0	0.0	2.5577701095722842	0.6382652170791077	0.0	0.36904927467552645	0.0	0.0	0.4783722351190093
SAMPLE-55	0.4697147884639934	3.944387083943118	0.0	0.0	2.0017893301237724	0.0	0.0	0.0	0.0	0.0	0.0	0.9443388837496609	0.0	0.0	0.0	2.0263725646686175	0.0	4.352736776172189	0.0	0.0	3.396237717443562	0.0	0.0	0.4697147884639934	2.265363989357645	0.4697147884639934	0.4697147884639934	1.948007963711953	0.0	0.4697147884639934	1.3872342498924854
SAMPLE-56	0.0	3.4469478278173677	0.0	0.6552599690451081	4.028874201628876	0.0	0.7980908528018571	0.5948771377544928	0.0	0.8724856649683121	0.5247218888446405	0.4410086017500365	0.0	0.0	0.0	1.8747517409219727	0.20054340546997254	4.262029274541573	2.192945450980044	0.0	1.0631003915516097	0.20054340546997254	0.0	0.0	3.3595791043809555	0.20054340546997254	0.9645559035664208	0.3372105984222913	0.0	0.20054340546997254	0.7082630107595789
SAMPLE-57	0.0	2.797397216945402	0.46116890858790366	0.28912100491445436	3.237836005755418	0.0	0.46116890858790366	0.0	0.46116890858790366	0.679755649383027	0.28912100491445436	0.0	0.28912100491445436	0.0	0.0	0.0	0.46116890858790366	4.434212949239274	0.0	0.28912100491445436	1.939903949485166	0.0	0.28912100491445436	0.28912100491445436	2.370398049790505	1.5785267265761977	0.46116890858790366	0.5840717626996902	0.0	0.0	3.645633155136866
SAMPLE-58	0.0	2.8629138761465898	0.0	0.0	3.9799044844679474	0.0	1.256496524644473	0.0	0.0	0.6281611963528995	0.0	0.25814453066299864	0.0	0.25814453066299864	0.0	0.0	0.0	4.25572651636682	1.1703506467904083	0.0	0.9970092915503801	0.0	0.0	0.25814453066299864	3.308373423447211	0.0	0.0	0.0	0.0	0.25814453066299864	3.597609865775784
SAMPLE-59	0.5528484959807107	3.676271430268587	0.0	0.0	1.6977362708130603	0.0	1.1802162922778585	0.0	0.0	0.0	0.0	0.0	0.0	0.0	0.0	0.0	0.0	4.45708388193403	0.0	0.0	2.8216161481347726	0.0	0.0	0.0	2.021788753801243	0.3590270421210899	0.0	2.021788753801243	0.0	0.0	0.5528484959807107
SAMPLE-6	0.26694915500610766	3.694765109378172	0.0	0.26694915500610766	3.7825825522891803	0.0	0.6430782830737505	0.26694915500610766	0.26694915500610766	0.26694915500610766	0.0	1.4626782557115932	0.0	0.26694915500610766	0.0	0.0	0.26694915500610766	4.347205440128826	0.43105872721483474	0.26694915500610766	1.0145026212346735	0.0	0.0	0.26694915500610766	2.9754988855469757	0.0	0.0	0.8916721867723076	0.0	0.0	1.8840339139587023
SAMPLE-60	0.0	3.532593292560033	0.0	0.26913256938477215	3.0932921751943487	0.0	0.0	0.0	0.26913256938477215	0.0	0.0	0.0	0.0	0.0	0.0	0.0	0.0	4.4607528925475135	0.0	0.0	2.5518960908572335	0.0	0.0	0.0	2.6301759048351046	0.0	0.26913256938477215	0.4340486017142447	0.0	0.0	1.0187873508697256
SAMPLE-61	0.0	3.8145328688013875	0.0	0.0	3.0725016924821906	0.0	0.6627247050042513	0.0	0.0	0.23551072830143405	0.0	0.38736484579994707	0.0	0.0	0.0	2.315760345333273	0.38736484579994707	4.415499240430519	0.9137766856948277	0.0	2.150407379851083	0.0	0.0	0.38736484579994707	2.357511576587936	0.38736484579994707	0.0	0.4996581493310584	0.0	0.23551072830143405	0.5888003065393396
SAMPLE-7	0.0	3.3706579233125993	0.0	0.0	3.7093170936465834	0.0	0.0	0.0	0.0	0.0	0.0	0.0	0.0	0.0	0.0	0.0	0.0	4.26395934326323	0.5886426229706765	0.0	2.6955425068223073	0.0	0.0	0.0	3.526089740860777	0.0	0.29213129859396086	0.465215340046102	0.0	0.0	3.666955325971605
SAMPLE-8	0.0	4.072463719940445	0.0	0.0	3.8844263928358154	0.0	0.0	0.0	0.0	0.4679294761057188	0.0	0.0	0.0	0.0	0.0	0.0	0.0	4.112335755269553	1.1911377540482517	0.0	2.4690582482221846	0.0	0.0	0.0	2.71451844281259	0.2941544643243177	0.0	0.0	0.0	0.0	3.031474002030614
SAMPLE-9	0.0	3.9169481798020733	0.0	0.71578654227023	3.519913752071586	0.0	0.0	0.0	0.0	0.4911798677528694	0.0	0.4911798677528694	0.0	0.3116163898188567	0.0	1.0188735486561826	0.0	4.2118112632561155	0.0	0.3116163898188567	2.442447415094856	0.0	0.0	0.3116163898188567	3.204462011152213	0.0	0.4911798677528694	0.6178443587346405	0.0	0.0	3.6605022654762656
