SAMPLE_ID	Acetobacteraceae	Acholeplasmataceae	Acidaminococcaceae	Acidithiobacillaceae	Acidobacteriaceae	Actinomycetaceae	Aerococcaceae	Aeromonadaceae	Akkermansiaceae	Alcaligenaceae	Alicyclobacillaceae	Alteromonadaceae	Amoebophilaceae	Anaerolineaceae	Anaplasmataceae	Aphanothecaceae	Archangiaceae	Atopobiaceae	Bacillaceae	Bacteriovoracaceae	Bacteroidaceae	Barnesiellaceae	Bartonellaceae	Bdellovibrionaceae	Bifidobacteriaceae	Blattabacteriaceae	Bogoriellaceae	Borreliaceae	Bradyrhizobiaceae	Budviciaceae	Burkholderiaceae	Caedimonadaceae	Calotrichaceae	Campylobacteraceae	Candidatus Nanosynbacteraceae	Cardiobacteriaceae	Carnobacteriaceae	Cellulomonadaceae	Cellvibrionaceae	Chitinophagaceae	Chlamydiaceae	Christensenellaceae	Chromatiaceae	Chromobacteriaceae	Chroococcaceae	Chrysiogenaceae	Clostridiaceae	Clostridiales Family XIII. Incertae Sedis	Clostridiales Family XVI. Incertae Sedis	Comamonadaceae	Conexibacteraceae	Coriobacteriaceae	Corynebacteriaceae	Coxiellaceae	Cyanothecaceae	Cyclobacteriaceae	Cytophagaceae	Deferribacteraceae	Dehalococcoidaceae	Deinococcaceae	Dermocarpellaceae	Desulfobacteraceae	Desulfomicrobiaceae	Desulfovibrionaceae	Desulfurellaceae	Desulfuromonadaceae	Dysgonomonadaceae	Eggerthellaceae	Endomicrobiaceae	Enterobacteriaceae	Enterococcaceae	Erwiniaceae	Erysipelotrichaceae	Erythrobacteraceae	Eubacteriaceae	Fervidobacteriaceae	Flavobacteriaceae	Francisellaceae	Fulvivirgaceae	Fusobacteriaceae	Gemmatimonadaceae	Geobacteraceae	Gomontiellaceae	Hafniaceae	Halanaerobiaceae	Halobacteriovoraceae	Halobacteroidaceae	Halomonadaceae	Heliobacteriaceae	Hungateiclostridiaceae	Hydrogenophilaceae	Hydrogenothermaceae	Hyphomicrobiaceae	Ilumatobacteraceae	Kiritimatiellaceae	Kofleriaceae	Lachnospiraceae	Lactobacillaceae	Legionellaceae	Leptolyngbyaceae	Leptospiraceae	Leuconostocaceae	Limnochordaceae	Listeriaceae	Magnetococcaceae	Marinilabiliaceae	Mariprofundaceae	Merismopediaceae	Mesoaciditogaceae	Methylobacteriaceae	Methylophilaceae	Microbacteriaceae	Microbulbiferaceae	Micrococcaceae	Microcoleaceae	Micromonosporaceae	Moraxellaceae	Morganellaceae	Muribaculaceae	Neisseriaceae	Nitrosomonadaceae	Nocardiaceae	Nocardioidaceae	Oceanospirillaceae	Odoribacteraceae	Orbaceae	Oscillatoriaceae	Oscillospiraceae	Oxalobacteraceae	Paenibacillaceae	Paludibacteraceae	Parachlamydiaceae	Pasteurellaceae	Pectobacteriaceae	Peptococcaceae	Peptoniphilaceae	Peptostreptococcaceae	Piscirickettsiaceae	Planococcaceae	Polyangiaceae	Porphyromonadaceae	Prevotellaceae	Promicromonosporaceae	Propionibacteriaceae	Pseudanabaenaceae	Pseudoalteromonadaceae	Pseudomonadaceae	Puniceicoccaceae	Rhizobiaceae	Rhodanobacteraceae	Rhodobacteraceae	Rhodospirillaceae	Rhodothermaceae	Rickettsiaceae	Rikenellaceae	Rubrobacteraceae	Ruminococcaceae	Sanguibacteraceae	Selenomonadaceae	Shewanellaceae	Sphingobacteriaceae	Sphingomonadaceae	Spirochaetaceae	Spiroplasmataceae	Sporomusaceae	Staphylococcaceae	Streptococcaceae	Streptomycetaceae	Succinivibrionaceae	Sulfurovaceae	Sutterellaceae	Synechococcaceae	Synergistaceae	Syntrophobacteraceae	Syntrophomonadaceae	Tannerellaceae	Tenuifilaceae	Tepidanaerobacteraceae	Thermaceae	Thermoactinomycetaceae	Thermoanaerobacteraceae	Thermoanaerobacterales Family III. Incertae Sedis	Thermoanaerobacterales Family IV. Incertae Sedis	Thermodesulfobacteriaceae	Thiovulaceae	Tissierellaceae	Vallitaleaceae	Veillonellaceae	Vibrionaceae	Vulgatibacteraceae	Xanthomonadaceae	Yersiniaceae	Zoogloeaceae
ERR1624536	0.0	0.0	2.1920018017284635	0.0	0.0	1.152496166370039	0.0	0.0	0.7529102142526323	0.0	0.0	0.2496557515889265	0.0	0.0	0.0	0.0	0.0	0.6135756246665377	0.0	0.0	2.753247172539264	0.0	0.0	0.0	3.0284260784387866	0.0	0.0	0.0	0.0	0.0	0.2496557515889265	0.0	1.341938778521168	0.40717681349099927	0.0	0.0	1.045296182364743	0.0	0.9026464304825856	0.0	0.0	0.6135756246665377	0.0	0.0	0.0	0.0	0.6888069525814243	1.3716079266322936	0.0	0.0	0.0	2.8442469915070605	0.0	0.0	0.0	0.0	0.0	0.0	0.2496557515889265	0.0	0.0	0.0	0.0	1.102195427754705	0.0	0.0	0.0	1.6916645633401883	0.0	1.074676973713622	0.5225239363215393	0.0	2.8891688238041815	0.0	0.2496557515889265	0.2496557515889265	0.0	0.0	0.0	0.2496557515889265	0.0	0.0	0.0	0.0	0.0	0.0	0.942935407797902	0.0	0.5225239363215393	2.1697581840561644	0.0	0.2496557515889265	0.0	0.2496557515889265	0.0	0.0	3.68149774945248	0.8087572302099821	0.2496557515889265	0.0	0.0	0.5225239363215393	0.0	0.0	0.0	0.0	0.0	0.0	0.0	0.0	0.0	0.40717681349099927	0.0	0.0	0.0	0.0	0.0	0.0	0.0	0.0	1.8648013844353046	0.0	0.0	0.0	1.5061641711678893	0.0	0.0	1.5918061647041788	0.0	0.0	0.0	0.0	0.0	0.0	0.40717681349099927	0.2496557515889265	1.0137825667856115	0.0	0.0	0.0	0.0	2.991850673114031	0.0	0.0	0.0	0.0	0.0	0.0	0.0	0.0	0.0	0.0	0.0	1.1975710249792426	1.5463241953713533	0.0	3.3499351241648787	0.2496557515889265	0.2496557515889265	0.0	0.2496557515889265	0.0	0.0	0.0	0.0	0.0	2.5360529584246465	0.0	0.0	0.40717681349099927	1.0137825667856115	0.0	0.2496557515889265	0.0	0.5225239363215393	2.85048016093222	0.0	0.0	0.0	0.0	0.0	0.0	0.0	0.0	0.0	0.0	2.0311306053326947	3.297788294058166	0.0	0.0	0.0	0.0	0.0
ERR1624537	0.0	0.0	1.2825585029729973	0.0	0.0	1.1912764215891385	1.1176511080009197	0.0	0.76675365294792	0.0	0.34461745140897365	0.0	0.34461745140897365	0.0	0.0	0.0	0.0	0.0	0.0	0.0	2.981826130992661	0.8485420032315781	0.0	0.0	3.2179554159020687	0.0	0.0	0.0	0.0	0.0	0.34461745140897365	0.0	0.0	1.1176511080009197	0.0	0.0	0.34461745140897365	0.5343171031657092	1.075558473963791	0.0	0.6659034016394157	0.0	0.0	0.0	0.0	0.0	1.4221640258708899	1.2825585029729973	0.34461745140897365	1.1176511080009197	0.0	2.628287913339064	0.0	0.0	0.0	0.0	0.0	0.0	0.0	0.0	0.0	0.34461745140897365	0.34461745140897365	1.7806496538278904	0.0	0.0	0.0	1.6373908078564483	0.0	2.1432355234119522	0.5343171031657092	0.0	2.8040383363238917	0.0	0.6659034016394157	0.34461745140897365	0.9173414744671355	0.34461745140897365	0.0	0.0	0.0	0.8485420032315781	0.0	0.0	0.0	0.0	0.34461745140897365	0.0	1.1912764215891385	1.511747040743909	0.0	0.0	0.0	0.0	0.0	0.0	3.5839578301837443	0.6659034016394157	0.0	0.0	0.0	0.5343171031657092	0.0	0.0	0.0	0.5343171031657092	0.0	0.0	0.0	0.0	0.0	0.34461745140897365	0.0	0.0	0.0	0.0	0.0	0.0	0.0	0.0	1.881333645802147	0.0	0.0	0.34461745140897365	1.4780974335537507	0.0	0.0	2.3728427227182682	0.5343171031657092	0.0	0.0	0.6659034016394157	1.460241573376356	0.0	0.34461745140897365	1.527642096671656	2.608015296254023	0.0	0.0	0.0	0.34461745140897365	3.0315242521806813	0.0	0.5343171031657092	0.0	0.0	0.0	0.0	0.0	0.0	0.0	0.0	0.0	1.02894395549802	2.582643975385795	0.0	3.3311270457569844	0.0	0.8485420032315781	0.0	0.34461745140897365	0.0	0.0	0.0	0.5343171031657092	0.34461745140897365	3.200741492943387	0.5343171031657092	0.0	0.34461745140897365	1.7443053254170118	0.0	0.34461745140897365	0.34461745140897365	0.0	2.2702253561872507	0.0	0.0	0.34461745140897365	0.0	0.0	0.5343171031657092	0.0	0.0	0.0	0.0	2.1544364537929153	2.7705700222890504	0.0	0.0	0.0	0.0	0.0
ERR1624538	0.0	1.2697600276859002	0.0	0.0	0.0	0.9397503651122566	0.0	0.0	0.32235609045187036	0.0	0.8131343129293636	0.0	0.0	0.0	0.32235609045187036	0.0	0.0	0.32235609045187036	0.5053295138647292	0.0	3.376691959542296	1.03766366677501	0.0	0.0	1.6203909130680254	0.0	0.0	0.0	0.0	0.0	0.0	0.0	1.1175124865934436	2.2794702582330952	0.0	0.0	0.5053295138647292	0.0	1.0794206102846757	0.0	0.0	0.8131343129293636	0.0	0.0	0.0	0.0	2.6790520055388534	1.1175124865934436	0.32235609045187036	0.0	0.0	2.4270965949396155	0.0	0.0	0.0	0.0	0.0	0.0	0.0	0.0	0.0	0.0	0.0	1.6741975861807017	0.0	0.0	0.0	1.6842028442531276	0.0	0.8131343129293636	0.0	0.9914605562636059	2.962772227015461	0.0	0.0	0.0	1.8334043967970761	0.0	0.0	0.0	0.0	0.32235609045187036	0.0	0.0	0.0	0.0	0.0	0.0	1.487390990557216	1.7398287076862171	0.0	0.0	0.0	0.0	0.0	0.0	3.441484697813338	3.228301828314937	0.0	0.0	0.0	0.0	0.0	0.0	0.0	0.0	0.0	0.0	0.0	0.0	0.0	0.6336688625345446	0.0	0.0	0.0	0.0	0.32235609045187036	0.0	0.0	0.0	1.804396452444937	0.0	0.732606534547671	0.732606534547671	1.487390990557216	0.0	0.0	2.5157367628824425	0.5053295138647292	0.0	0.0	0.0	0.0	0.0	1.2697600276859002	0.8131343129293636	2.634838535415449	0.0	0.0	0.0	0.0	2.6144191929209435	0.0	0.0	0.0	0.0	0.32235609045187036	0.0	0.0	0.0	0.0	0.0	0.0	0.0	2.8175615989123597	0.0	3.358443404135391	0.32235609045187036	0.0	0.0	0.0	0.0	0.0	0.0	0.0	0.0	1.6741975861807017	0.0	0.0	0.6336688625345446	1.7484444836415813	0.32235609045187036	0.32235609045187036	0.0	0.5053295138647292	2.8254920509127652	0.0	0.0	0.0	0.0	0.32235609045187036	0.9914605562636059	0.0	0.0	0.0	0.0	2.2535976667112854	2.843680408928907	0.0	0.0	0.0	0.0	0.0
ERR1624539	1.058842548330256	1.0212260398577357	1.650347222774116	0.0	0.0	1.42573629773496	0.2900543952498683	0.0	0.0	0.0	0.8261093500959971	0.0	0.0	0.0	0.2900543952498683	0.2900543952498683	0.0	0.2900543952498683	0.0	0.0	2.308284585112842	0.0	0.0	0.0	3.012814541959308	0.0	0.0	0.0	0.0	0.0	0.0	0.0	0.0	1.2095531160406574	0.2900543952498683	0.0	0.0	0.0	1.0934590185179145	0.0	0.0	0.6812733857348877	0.0	0.0	0.0	0.0	3.0913909274684577	1.8756800043676325	0.0	0.0	0.0	3.0917251151925025	1.2095531160406574	0.0	0.0	0.0	0.0	0.0	1.125518832088365	0.2900543952498683	0.0	0.0	0.0	1.2343023647245583	0.0	0.0	0.0	2.537733684692575	0.0	1.580394201984648	0.0	0.2900543952498683	2.8321021628725873	0.0	0.2900543952498683	0.0	0.2900543952498683	0.2900543952498683	0.0	0.2900543952498683	0.0	1.5224836221587468	0.0	0.0	0.0	0.0	0.0	0.0	0.9800397276673555	1.5224836221587468	0.0	0.0	0.0	0.0	0.0	0.0	3.7124082554945375	0.2900543952498683	0.0	0.2900543952498683	0.0	0.2900543952498683	0.0	0.0	0.0	0.0	0.0	0.0	0.0	0.0	0.0	0.0	0.0	0.2900543952498683	0.0	0.0	0.0	0.0	0.0	0.0	2.2379609396231124	0.0	0.0	0.6812733857348877	0.8261093500959971	0.0	0.0	2.3507728786990256	0.0	0.0	0.0	0.8261093500959971	0.0	0.0	1.8531295683984732	0.8836967351847616	2.969456476843478	0.0	0.0	0.0	0.2900543952498683	1.741585388548161	0.0	0.4624246036074656	0.2900543952498683	0.0	0.0	0.0	0.0	0.0	0.0	0.0	0.0	0.9800397276673555	2.1422733071959468	0.0	3.0132149785443456	0.2900543952498683	0.0	0.0	0.0	0.0	2.3143290720797025	0.5854907903842486	0.0	0.0	2.3470775592205437	0.0	0.0	0.0	0.2900543952498683	0.0	0.0	0.0	0.0	1.932260147286925	0.0	0.0	0.2900543952498683	0.0	0.0	1.3212226971148062	0.0	0.0	0.0	0.0	3.1813552652250237	1.3589250353857416	0.0	0.0	0.0	0.0	0.0
ERR1624540	0.0	0.7050760136379317	0.0	0.0	0.0	3.29091648649335	0.0	0.30485629994601054	0.0	0.0	0.0	0.0	0.0	0.0	0.0	0.30485629994601054	0.0	2.62355095528076	0.0	0.0	1.7709169458115441	0.0	0.0	0.0	2.876840704727235	0.0	0.0	0.0	0.0	0.0	0.7050760136379317	0.0	0.30485629994601054	0.30485629994601054	0.30485629994601054	0.0	1.0861705855858996	0.0	0.7050760136379317	0.0	0.30485629994601054	0.0	0.0	0.0	0.0	0.0	1.6202187958586816	1.4697566717980266	0.0	0.30485629994601054	0.0	3.080597551709901	0.0	0.0	0.0	0.0	0.0	0.0	0.0	0.0	0.4822155388672558	0.0	0.0	1.5756167393455682	0.0	0.0	0.0	2.879765326245573	0.0	0.30485629994601054	0.4822155388672558	0.0	3.0864320753783994	0.0	0.4822155388672558	0.0	0.7845098231373007	0.0	0.0	0.0	0.0	0.0	0.0	0.0	0.0	0.0	0.0	0.0	0.7845098231373007	2.2089688117063004	0.0	0.0	0.0	0.0	0.0	0.0	3.721024262532712	1.3294786827005765	0.30485629994601054	0.0	0.30485629994601054	0.0	0.6077868798423179	0.0	0.0	0.0	0.0	0.0	0.0	0.0	0.0	0.0	0.0	0.4822155388672558	0.0	0.0	0.0	0.0	0.0	0.0	1.6306886174070874	0.0	0.0	0.0	0.0	0.0	0.0	1.2376236063445611	0.7845098231373007	0.0	0.0	0.0	0.9097640576531516	0.0	0.7050760136379317	0.0	2.128135901194919	0.0	0.0	0.0	0.0	2.121504441905627	0.0	0.4822155388672558	0.0	0.0	0.0	0.0	0.0	0.30485629994601054	0.0	0.0	0.0	0.30485629994601054	1.006863259449824	0.0	3.00804572374259	0.0	1.538875912159921	0.0	0.0	0.0	0.0	0.30485629994601054	1.792825193383171	0.30485629994601054	3.1515648859914474	0.0	0.0	0.30485629994601054	0.7050760136379317	0.0	0.0	0.0	0.0	1.6202187958586816	0.0	0.0	0.0	0.30485629994601054	0.0	0.30485629994601054	0.0	0.0	0.0	0.0	0.9610216951576296	1.858771150517688	0.0	0.0	0.0	0.0	0.0
ERR1624541	0.0	0.2797229209649602	2.4051562726922766	0.0	0.0	2.7772137745972176	0.2797229209649602	0.0	0.0	0.2797229209649602	0.0	0.0	0.0	0.0	0.0	1.300794412457766	0.0	0.0	0.0	0.0	2.500485743051224	0.0	0.0	0.0	3.1274584813200117	0.0	0.0	0.0	0.0	0.0	0.2797229209649602	0.2797229209649602	0.0	0.0	0.0	0.0	0.2797229209649602	0.0	1.6293615750042785	0.0	0.0	0.0	0.0	0.0	0.0	0.0	2.19208206508499	1.5372784805547646	0.2797229209649602	0.0	0.0	3.089539616370869	0.0	0.0	0.0	0.0	0.0	0.0	0.0	0.0	0.0	0.0	0.0	0.8079050727782868	0.0	0.0	0.0	2.017383884322732	0.0	1.3200091055200744	0.0	0.0	2.278724556923836	0.0	0.0	0.0	0.0	0.0	0.0	0.0	0.0	0.0	0.0	0.0	0.0	0.0	0.2797229209649602	0.0	0.8079050727782868	1.929903147270571	0.0	0.0	0.0	0.0	0.0	0.0	3.732559236810995	0.6643581533413032	0.0	0.0	0.0	0.2797229209649602	0.0	0.0	0.0	0.0	0.0	0.0	0.0	0.0	0.0	0.2797229209649602	0.0	0.2797229209649602	0.0	0.0	0.0	0.0	0.0	0.0	0.0	0.0	0.0	0.2797229209649602	0.44847301343149193	0.0	0.0	0.9156089324142643	0.0	0.44847301343149193	0.0	0.0	0.44847301343149193	0.0	0.960861078458308	0.2797229209649602	2.5627815056406065	0.0	0.0	0.0	0.0	0.2797229209649602	0.0	0.2797229209649602	0.0	0.0	0.2797229209649602	0.0	0.0	0.0	0.0	0.0	0.0	0.2797229209649602	1.8811127541874952	0.0	3.451984076123214	0.0	2.9901545555896396	0.0	0.0	0.0	0.0	0.2797229209649602	0.0	0.0	1.6895309013384545	0.0	0.0	0.0	1.3384095710358175	0.0	0.2797229209649602	0.0	0.0	2.1149680657499363	0.0	0.0	0.0	0.0	0.0	0.2797229209649602	0.0	0.0	0.0	0.0	0.0	2.842272460170818	0.0	0.0	0.0	0.2797229209649602	0.0
ERR1624542	0.18745768604212065	0.6272284765566649	1.1097500344851736	0.0	0.0	0.4181901322033692	0.0	0.0	0.4995641961977678	0.0	0.4181901322033692	0.0	0.0	0.0	0.0	0.18745768604212065	0.0	0.31796999172187734	0.18745768604212065	0.0	2.834940063231908	0.18745768604212065	0.0	0.0	2.599004809482483	0.0	0.0	0.0	0.0	0.0	0.18745768604212065	0.0	0.5680705332556097	0.0	0.0	0.0	0.4995641961977678	0.0	0.8737458482197145	0.0	0.0	0.5680705332556097	0.0	0.0	0.0	0.0	1.384001773427226	1.6659675161465541	0.0	0.0	0.0	2.7643702382521034	0.0	0.0	0.0	0.0	0.0	0.0	1.709263294938826	0.0	0.0	0.0	0.0	0.8412055913341308	0.0	0.0	0.0	1.9622862166053867	0.0	1.9107668232380077	0.18745768604212065	0.4995641961977678	3.0303796228402247	0.0	0.4995641961977678	0.0	0.9839158977248149	0.0	0.0	0.0	0.0	0.0	0.0	0.0	0.0	0.18745768604212065	0.0	0.0	0.9588813630515219	0.8060282810279041	0.0	0.0	0.0	0.0	0.0	0.0	3.5698562255323556	0.9588813630515219	0.18745768604212065	0.18745768604212065	0.0	0.0	0.0	0.0	0.0	0.0	0.0	0.0	0.0	0.0	0.0	1.310309899126166	0.0	0.0	0.0	0.0	0.0	0.0	0.31796999172187734	0.0	2.1085219069205174	0.0	0.0	0.31796999172187734	0.4995641961977678	0.0	0.0	1.9871307352665672	0.0	0.6272284765566649	0.0	0.0	0.0	0.31796999172187734	0.6792857256930356	0.18745768604212065	1.5235720607689671	0.0	0.0	0.0	0.31796999172187734	1.0911499421063175	0.0	0.0	0.0	0.18745768604212065	0.0	0.0	0.0	0.0	0.0	0.0	0.0	1.3326708331406754	1.6178726398184247	0.0	2.8484405821956904	0.0	0.0	0.0	0.0	0.0	0.18745768604212065	0.0	0.0	0.0	3.8035012718846897	0.4995641961977678	0.0	1.4029478388557552	0.18745768604212065	0.0	0.4181901322033692	0.0	0.18745768604212065	1.3641913357606572	0.0	0.0	0.0	0.0	0.0	0.8060282810279041	0.0	0.0	0.0	0.18745768604212065	2.8276806391367324	0.31796999172187734	0.0	0.0	0.0	0.4181901322033692	0.18745768604212065
ERR1624543	0.41554177760928135	0.0	0.7641922610412337	0.0	0.0	0.5321308765597079	0.0	0.2556831122344745	0.0	0.0	0.8203274853041492	0.0	0.0	0.0	0.0	0.2556831122344745	0.0	1.165212997946087	0.5321308765597079	0.0	2.9644268169393	0.9920552698986863	0.0	0.0	2.222592781505289	0.0	0.0	0.0	0.0	0.0	0.0	0.0	0.41554177760928135	1.1407355657556835	0.0	0.0	0.2556831122344745	0.0	1.6303112681150436	0.41554177760928135	0.0	0.8203274853041492	0.0	0.0	0.0	0.0	2.762097535367216	1.4978235939208913	0.2556831122344745	0.0	0.5321308765597079	2.756033966131824	0.41554177760928135	0.0	0.0	0.0	0.0	0.0	0.0	0.0	1.026142164070856	0.0	0.0	2.0286718729837347	0.0	0.0	0.0	1.7185761540195448	0.0	1.8497149572743337	0.7641922610412337	0.41554177760928135	2.7878151393835027	0.0	0.2556831122344745	0.0	0.9920552698986863	0.2556831122344745	0.0	0.2556831122344745	0.0	0.9920552698986863	0.0	0.0	0.0	0.0	0.0	0.0	1.1147957180102113	1.9840888049227625	0.0	0.0	0.0	0.0	0.0	0.0	3.647150340029954	2.5836658756924646	0.0	0.0	0.0	0.0	1.026142164070856	0.0	0.0	0.0	0.0	0.0	0.0	0.0	0.0	1.4257702815375932	0.0	0.2556831122344745	0.0	0.0	0.0	0.0	1.1407355657556835	0.0	2.119511666561189	0.0	0.0	0.41554177760928135	1.7050556091194577	0.0	0.0	2.6083760665500004	0.41554177760928135	0.0	0.0	1.0577472575127262	0.9920552698986863	0.0	1.2313179834235413	0.2556831122344745	2.692356595900213	0.0	0.0	0.41554177760928135	0.2556831122344745	2.707639290994088	0.0	0.2556831122344745	0.0	0.6239529508381558	0.0	0.0	0.0	0.0	0.0	0.0	0.0	0.7641922610412337	2.51705908713345	0.0	3.5056656684937137	0.0	0.0	0.0	0.8700303820363122	0.0	0.2556831122344745	0.2556831122344745	2.707639290994088	0.41554177760928135	2.3405692590127143	0.2556831122344745	0.0	0.6997088178885007	1.654115337572865	0.0	0.6997088178885007	0.0	0.5321308765597079	2.7474001771191148	0.0	0.0	0.2556831122344745	0.0	0.0	0.9146246780612525	0.0	0.0	0.0	0.0	2.33416473767805	1.026142164070856	0.0	0.0	0.0	0.0	0.0
ERR1624544	0.23780964472572647	0.9185850877231077	1.1717881070171448	0.0	0.0	0.9551892828954558	0.0	0.0	1.4114173794624527	0.0	1.1499284953066382	0.3906024905816219	0.0	0.0	0.0	0.8786093911071329	0.0	0.5034059091831944	0.0	0.0	2.6227107229717896	0.730325944898725	0.0	0.0	2.5986577626693754	0.0	0.0	0.0	0.0	0.0	0.0	0.0	0.9889467046054181	1.5098676829890376	0.23780964472572647	0.0	0.5928685585476703	0.0	1.1925999717435811	0.3906024905816219	0.0	0.23780964472572647	0.0	0.0	0.0	0.0	2.5765648895184836	1.5734856428647186	0.5034059091831944	0.3906024905816219	0.0	2.1918989566982066	0.3906024905816219	0.0	0.0	0.0	0.3906024905816219	0.5034059091831944	1.8467114921895011	0.0	0.3906024905816219	0.0	0.5034059091831944	2.126094428041606	0.0	0.0	0.23780964472572647	1.8235736606653032	0.0	2.056920246762278	0.9185850877231077	0.3906024905816219	2.9721287312343607	0.0	0.23780964472572647	0.0	0.0	0.0	0.0	0.23780964472572647	0.0	2.0759389253906635	0.0	0.0	0.0	0.3906024905816219	0.0	0.0	0.9185850877231077	1.7785399494764076	0.0	0.0	0.0	0.0	0.0	0.0	3.5357252404131034	1.8813447528197356	0.0	0.0	0.0	0.0	0.0	0.0	0.0	0.0	0.0	0.0	0.0	0.0	0.0	0.23780964472572647	0.0	0.83457752035351	0.0	0.0	0.3906024905816219	0.0	0.0	0.23780964472572647	1.794075862474503	0.0	0.0	0.0	1.5900727628013742	0.0	0.23780964472572647	2.4429703973152836	1.02026837603068	0.0	0.0	0.0	1.1717881070171448	0.23780964472572647	1.3452304112251503	0.0	2.3345989091525396	0.0	0.5928685585476703	0.730325944898725	0.23780964472572647	2.386991702350544	0.0	0.23780964472572647	0.0	0.0	0.0	0.0	0.5034059091831944	0.0	0.23780964472572647	0.0	0.0	1.0768542606183649	2.6884295802056735	0.0	3.220577415992773	0.0	0.0	0.0	0.0	0.23780964472572647	1.5562397634011538	0.5928685585476703	0.23780964472572647	0.0	3.6331261052786488	0.23780964472572647	0.0	0.8786093911071329	1.2314513231662745	0.0	0.3906024905816219	0.0	0.0	2.3316582331116833	0.0	0.0	1.0494822660079168	0.0	0.23780964472572647	1.3592993939268365	0.0	0.0	0.0	0.0	2.353242765806903	2.7209213368479515	0.0	0.0	0.0	0.23780964472572647	0.0
ERR1624545	0.0	0.5589307675096684	0.0	0.0	0.0	0.7954423845821921	0.5589307675096684	0.0	0.0	0.5589307675096684	0.0	0.0	0.0	0.0	0.0	0.0	0.0	0.0	0.5589307675096684	0.0	1.6586932628471118	0.0	0.0	0.0	1.5113783609408595	0.0	0.0	0.0	0.0	0.0	1.1495043235410598	0.0	0.0	0.0	0.0	0.0	1.4348645970453646	0.0	0.5589307675096684	0.5589307675096684	0.0	0.0	0.7954423845821921	0.0	0.0	0.0	0.9477060604711778	0.7954423845821921	0.0	0.5589307675096684	0.0	1.2235248944687551	0.0	0.0	0.0	0.0	0.0	0.0	0.0	0.0	0.0	0.0	0.0	0.5589307675096684	0.0	0.0	0.0	1.1495043235410598	0.0	3.9597356851600147	3.0022393162955536	2.4575517825671906	1.2235248944687551	0.0	0.0	0.0	0.0	0.0	0.0	0.0	0.0	0.5589307675096684	0.0	0.5589307675096684	0.0	0.0	0.0	0.0	0.0	0.0	0.0	0.0	0.0	0.0	0.0	0.0	2.1377854484098067	2.075486248747909	0.0	0.0	0.0	2.27219338685148	0.0	0.0	0.0	0.0	0.0	0.0	0.0	0.0	0.0	0.0	0.0	0.0	0.0	0.0	0.0	1.1495043235410598	0.0	0.0	0.5589307675096684	0.0	0.0	0.0	0.0	0.0	0.0	1.1495043235410598	0.0	0.0	0.0	0.0	0.0	2.5811171420409345	0.0	0.0	0.7954423845821921	0.0	0.0	0.0	0.0	0.0	0.0	0.0	0.0	0.0	0.0	0.0	0.0	0.0	0.0	0.0	0.0	0.0	0.5589307675096684	0.0	1.9152807151828704	0.0	0.0	0.0	0.0	0.0	0.0	0.0	0.5589307675096684	0.0	3.4337086292830787	0.0	0.0	0.0	0.7954423845821921	0.0	0.0	0.0	0.0	1.2235248944687551	0.0	0.0	0.0	0.0	0.0	0.0	0.0	0.0	0.0	0.0	0.5589307675096684	1.286747577536868	0.0	0.0	0.0	2.8223830143698203	0.0
ERR1624546	0.7000812616930716	1.087634803589963	0.532459585727129	0.0	0.0	0.9150333730108748	0.7645775194699586	0.0	1.4390885889314915	0.0	0.0	0.0	0.0	0.0	0.0	0.0	0.0	0.0	0.4158284135833453	0.0	3.2766992470205945	0.0	0.0	0.2558902213110264	2.872141705893884	0.0	0.0	0.0	0.0	0.0	0.0	0.0	0.0	1.8402176253448912	0.0	0.0	0.0	0.0	0.2558902213110264	0.2558902213110264	0.2558902213110264	1.1656465137662084	0.0	0.0	0.0	0.0	1.7321451331689184	1.9735766856093582	0.0	0.0	0.0	0.532459585727129	0.2558902213110264	0.0	0.0	0.0	0.0	0.0	1.2891188875760213	0.0	0.0	0.0	0.0	1.7751517320885593	0.0	0.0	0.0	2.5721612718475537	0.0	2.664332229672137	0.0	1.4390885889314915	3.0297145275745203	0.0	0.2558902213110264	0.0	0.0	0.0	0.0	0.4158284135833453	0.0	1.93485975689529	0.2558902213110264	0.0	0.0	0.0	0.4158284135833453	0.0	1.2891188875760213	1.7923546686610787	0.0	0.0	0.0	0.0	0.0	0.0	3.8162350842335035	1.087634803589963	0.0	0.0	0.0	0.0	0.0	0.0	0.0	0.0	0.2558902213110264	0.0	0.0	0.0	0.0	1.7321451331689184	0.0	0.0	0.0	0.0	0.0	0.0	0.0	0.0	0.2558902213110264	0.0	0.0	0.0	0.9924732101807754	0.0	0.0	2.186070997193321	0.2558902213110264	0.0	0.0	0.2558902213110264	0.0	0.0	1.9661045117806486	0.7645775194699586	1.6467795294426617	0.0	0.0	0.0	0.0	0.0	0.2558902213110264	0.0	0.0	0.0	0.0	0.0	0.0	0.0	0.0	0.0	0.0	0.2558902213110264	2.7972664270574983	0.0	3.0352130394012793	0.0	0.2558902213110264	0.0	0.0	0.0	1.7190325705810792	0.0	0.0	0.0	2.2188641696214493	0.0	0.0	0.7645775194699586	1.087634803589963	0.2558902213110264	0.532459585727129	0.0	0.0	2.2704268757267214	0.0	0.0	0.0	0.0	0.0	0.0	0.2558902213110264	0.0	0.0	0.0	2.8461122736590285	2.0783813431370293	0.0	0.0	0.2558902213110264	0.2558902213110264	0.0
ERR1624547	0.0	0.30065921476500296	2.3255974847083785	0.0	0.0	1.6805148274890411	0.0	0.30065921476500296	0.0	0.0	0.0	0.0	0.0	0.0	0.0	0.0	0.0	0.7775331062374367	0.0	0.0	2.242300412970575	0.47662680980855754	0.0	0.0	2.860793553571361	0.0	0.0	0.0	0.0	0.0	0.0	0.0	0.0	0.6015037012034323	0.30065921476500296	0.0	0.7775331062374367	0.0	0.30065921476500296	0.0	0.0	0.30065921476500296	0.0	0.30065921476500296	0.0	0.0	2.0204544919369463	1.2780508001828434	0.0	0.0	0.0	2.516456276197075	0.30065921476500296	0.0	0.0	0.0	0.0	0.0	0.0	0.0	0.0	0.0	0.0	0.8444622216722346	0.0	0.0	0.0	2.3666172291394925	0.0	1.1132585862837585	0.30065921476500296	0.0	3.244524382954924	0.0	0.6983766028556334	0.0	0.30065921476500296	0.0	0.0	0.0	0.0	0.0	0.0	0.0	0.0	0.0	0.0	0.0	0.9535831243839542	1.7068428563008884	0.0	0.0	0.0	0.0	0.0	0.0	3.5940926657013312	0.7775331062374367	0.0	0.0	0.0	0.47662680980855754	0.0	0.0	0.0	0.0	0.0	0.0	0.0	0.0	0.0	0.30065921476500296	0.0	0.47662680980855754	0.0	0.0	0.0	0.0	0.0	0.0	1.8121829011396267	0.0	0.0	0.0	0.0	0.0	0.0	0.9993323662928238	0.0	0.0	0.0	0.0	1.3417145514609436	0.0	0.30065921476500296	0.0	2.8725797171827283	0.0	0.0	0.0	0.0	0.6015037012034323	0.0	0.6015037012034323	0.0	0.0	0.0	0.0	0.0	0.0	0.0	0.0	0.0	0.0	1.3215127724150066	0.0	3.366800713434345	0.0	0.0	0.0	0.0	0.0	0.0	0.0	0.30065921476500296	0.0	3.606284183328098	0.30065921476500296	0.0	0.9535831243839542	0.0	0.0	0.0	0.0	0.0	1.7916617867190714	0.0	0.47662680980855754	0.0	0.0	0.0	0.0	0.0	0.0	0.0	0.30065921476500296	0.6015037012034323	1.4306493851320556	0.0	0.0	0.0	0.0	0.9993323662928238
ERR1624548	0.0	0.7326845899483005	1.185025013657396	0.0	0.0	0.8811235491407436	0.8811235491407436	0.0	0.5053953790742118	0.0	1.037750667700016	0.0	0.0	0.0	0.0	0.8132153686537833	0.0	0.5053953790742118	0.8811235491407436	0.0	2.942066641671151	1.1526201208552858	0.0	0.0	2.109595095170018	0.0	0.0	0.0	0.0	0.0	0.32240627931330124	0.0	0.0	1.9443417171470994	0.0	0.0	0.0	0.0	1.1176009623914744	0.0	0.8132153686537833	0.8132153686537833	0.0	0.0	0.0	0.0	3.4173964392553295	1.294805017166329	0.0	0.32240627931330124	0.0	2.0003533331726153	0.32240627931330124	0.0	0.0	0.0	0.0	0.0	0.8811235491407436	0.0	0.0	0.0	0.0	1.8862786013098052	0.0	0.0	0.0	2.190686297253174	0.0	2.3740028638228767	0.9398351451904566	1.1526201208552858	3.2860040248207585	0.32240627931330124	0.6337423823080484	0.0	0.0	0.32240627931330124	0.0	0.0	0.0	0.5053953790742118	0.0	0.0	0.0	0.0	0.0	0.0	1.6940766278487598	1.5590556160636435	0.0	0.0	0.0	0.0	0.0	0.0	3.39294820006743	3.104672984662732	0.0	0.32240627931330124	0.0	0.32240627931330124	0.6337423823080484	0.0	0.5053953790742118	0.0	0.0	0.0	0.0	0.0	0.0	1.5456538531403292	0.0	0.32240627931330124	0.0	0.0	0.0	0.0	0.6337423823080484	0.0	1.6640500873480935	0.0	0.0	0.32240627931330124	1.6742913409467934	0.0	0.0	2.2261807711737642	0.0	0.32240627931330124	0.0	0.0	0.32240627931330124	0.32240627931330124	0.9915465714136171	0.0	2.697759907842209	0.0	0.6337423823080484	0.0	0.0	1.8924469296240978	0.0	0.6337423823080484	0.0	0.0	0.0	0.0	0.0	0.0	0.0	0.0	0.0	0.0	2.6607472193398025	0.0	3.4513291043688423	0.0	0.32240627931330124	0.0	0.0	0.0	0.9398351451904566	0.0	1.8404578397482723	0.0	2.525918895329606	0.5053953790742118	0.0	0.9915465714136171	1.2433745629866126	0.0	0.32240627931330124	0.0	0.0	2.145239763462817	0.0	0.32240627931330124	0.32240627931330124	0.0	0.0	0.8811235491407436	0.0	0.0	0.0	0.0	1.215178994931394	0.0	0.0	0.0	0.0	1.1176009623914744	0.0
ERR1624549	0.0	0.5524389578580422	0.0	0.0	0.0	2.743845927081366	0.0	0.0	0.0	0.0	1.0520188480741857	0.0	0.0	0.0	0.0	0.0	0.0	0.0	0.0	0.0	2.2349718655925472	0.0	0.0	0.0	2.365732084840316	0.0	0.0	0.0	0.0	0.0	0.0	0.0	0.0	0.0	0.0	0.0	0.5524389578580422	0.0	1.685832572113906	0.35870712241628117	0.0	1.141154280846491	0.0	0.0	0.0	0.0	1.4262046977667593	2.0212252639974486	0.0	0.0	0.0	2.5459844166751333	0.35870712241628117	0.0	0.0	0.6859363585839671	0.6859363585839671	0.0	0.0	0.0	0.0	0.0	0.0	0.6859363585839671	0.0	0.0	0.0	2.730569299592597	0.0	2.922684848850035	0.0	0.35870712241628117	2.507875418221563	0.0	0.9994961780387356	0.0	0.0	0.0	0.0	0.0	0.0	2.2811256273122096	0.0	0.0	0.0	1.6241774303491718	0.6859363585839671	0.0	1.141154280846491	1.4847742189481878	0.0	0.0	0.0	0.0	0.0	0.0	3.8604623085604204	1.0520188480741857	0.0	0.0	0.0	0.5524389578580422	0.35870712241628117	0.35870712241628117	0.0	0.0	0.0	0.0	0.0	0.35870712241628117	0.0	0.5524389578580422	0.0	0.6859363585839671	0.0	0.0	0.0	0.0	0.5524389578580422	0.0	1.3333450377296754	0.0	0.0	0.0	1.179684979690928	0.0	0.0	2.572147342779127	0.0	0.0	0.0	0.0	0.0	0.0	0.7879017629461379	0.0	0.35870712241628117	0.0	1.2477954298735499	0.0	0.0	1.4262046977667593	0.0	0.5524389578580422	0.0	0.0	0.0	0.0	0.5524389578580422	0.0	0.35870712241628117	0.0	0.0	0.35870712241628117	2.3609006029654154	0.0	3.3557668059034103	0.35870712241628117	0.0	0.0	0.7879017629461379	0.0	0.0	0.35870712241628117	1.4047841537688823	0.0	2.65361794572789	0.0	0.0	0.0	0.8704208702385754	0.0	0.5524389578580422	0.0	0.7879017629461379	2.7985845971619248	0.0	0.0	0.0	0.0	0.0	1.2782232458487226	0.0	0.0	0.0	0.5524389578580422	1.913260845753092	0.6859363585839671	0.0	0.0	0.0	0.35870712241628117	0.0
ERR1624550	0.6368979658501711	0.0	2.6669282754822516	0.0	0.0	0.0	0.0	0.0	0.0	0.0	0.0	0.3245630028094653	0.0	0.0	0.0	0.0	0.0	0.0	0.0	0.0	3.3507557130681267	0.0	0.0	0.0	2.531435303564113	0.0	0.0	0.0	0.0	0.0	0.0	0.0	0.0	0.5082235088962168	0.0	0.0	0.5082235088962168	0.0	0.0	0.0	0.0	0.3245630028094653	0.0	0.0	0.0	0.0	2.20991080029428	1.2987041893758697	0.0	0.0	0.0	2.2657019677606796	0.5082235088962168	0.0	0.0	0.0	0.0	0.0	0.0	0.0	0.0	0.0	0.0	2.098549272518035	0.0	0.0	0.0	2.113669868653999	0.0	3.5959498537903625	0.3245630028094653	1.7076668686246417	2.6931410618034475	0.0	0.0	0.0	1.0414823462270233	0.0	0.0	2.4834478249361753	0.0	0.0	0.0	0.5082235088962168	0.0	0.0	0.0	0.0	0.3245630028094653	1.942931995040838	0.0	0.0	0.0	0.0	0.0	0.0	3.523541558057306	1.2190364284814639	0.3245630028094653	0.0	0.0	0.0	0.0	0.0	0.0	0.0	0.0	0.0	0.0	0.0	0.0	0.0	0.0	0.0	0.0	0.0	0.0	0.6368979658501711	0.5082235088962168	0.0	2.04542071652036	0.0	0.0	0.0	1.5760531968172609	0.0	0.0	1.8304719519848398	0.0	0.0	0.0	0.0	1.1213956197725679	1.678311340052834	0.5082235088962168	1.2190364284814639	2.7490613116295557	0.0	0.0	0.0	0.3245630028094653	0.6368979658501711	0.0	0.0	0.0	0.0	0.3245630028094653	0.0	0.0	0.0	0.0	0.0	0.0	0.9952361509494642	2.0828831814736897	0.0	3.0903565989793464	0.0	0.0	0.0	0.0	0.0	0.0	0.0	0.0	0.0	1.7351631608389153	0.0	0.0	0.7360340834173427	1.405687723343833	0.0	0.0	0.0	0.0	2.2497040254081684	0.0	0.0	0.0	0.0	0.0	0.0	0.0	0.0	0.0	0.0	2.6901960142439565	1.3659981562314247	0.0	0.0	0.0	1.8232814574112446	0.0
ERR1624551	0.0	0.27498751710099173	0.0	0.0	0.0	0.9928162897143762	1.153934445872409	0.0	0.27498751710099173	0.0	0.0	0.0	0.0	0.0	0.0	0.7338369761733345	0.0	0.27498751710099173	0.27498751710099173	0.0	2.936206345182643	0.7338369761733345	0.0	0.0	3.448425120099667	0.0	0.0	0.0	0.0	0.0	0.27498751710099173	0.0	0.0	2.404334427616676	0.0	0.0	0.9928162897143762	0.0	1.2280077011104462	0.0	0.0	0.27498751710099173	0.0	0.0	0.27498751710099173	0.0	1.646366005514782	1.0645755092832472	0.0	0.0	0.0	2.9514902689055895	0.27498751710099173	0.0	0.0	0.0	0.0	0.0	0.0	0.0	0.6565178933399668	0.0	0.0	1.395449823757355	0.0	0.0	0.0	2.1452722749287276	0.0	0.44203896345202853	0.27498751710099173	0.27498751710099173	2.7470608218847086	0.0	0.27498751710099173	0.0	0.0	0.0	0.0	0.0	0.0	0.0	0.0	0.0	0.0	0.0	0.27498751710099173	0.0	0.9928162897143762	2.0639610493213083	0.0	0.0	0.0	0.0	0.0	0.0	3.7399131434032302	0.0	0.0	0.0	0.0	0.44203896345202853	0.44203896345202853	0.0	0.0	0.0	0.0	0.0	0.0	0.0	0.0	0.27498751710099173	0.0	0.0	0.0	0.0	0.0	0.0	0.44203896345202853	0.0	2.014927820298691	0.0	0.0	0.27498751710099173	1.5041421043054268	0.0	0.0	2.057286228407018	0.0	0.0	0.0	0.0	0.27498751710099173	0.0	1.0964488717783678	0.799448743683012	2.153434322101401	0.0	0.0	0.0	0.0	2.471468786190287	0.44203896345202853	0.5623862391517573	0.0	0.27498751710099173	0.0	0.0	0.0	0.0	0.0	0.0	0.0	0.8564367239935464	2.2749013555360516	0.0	3.3609143929639185	0.0	0.0	0.0	0.0	0.0	0.0	0.0	2.2749013555360516	0.0	2.1507306479473463	0.0	0.0	1.2046927141503816	1.0645755092832472	0.0	0.0	0.27498751710099173	0.27498751710099173	2.1139595963018163	0.0	0.0	0.0	0.0	0.0	0.0	0.27498751710099173	0.0	0.0	0.0	0.5623862391517573	0.799448743683012	0.0	0.0	0.0	0.0	0.27498751710099173
ERR1624552	0.0	0.4765882287007634	0.6983302945639964	0.0	0.0	2.345556795832731	0.0	0.0	0.0	0.0	0.0	0.0	0.0	0.0	0.0	0.0	0.0	0.4765882287007634	0.0	0.0	2.071089006777761	0.0	0.0	0.0	2.3988771262424047	0.0	0.0	0.0	0.0	0.0	0.0	0.0	0.0	0.0	0.3006302874938795	0.0	0.9023902560901709	0.0	0.6014602910345211	0.0	0.0	0.0	0.0	0.0	0.0	0.3006302874938795	2.012045212133065	1.3002702353361657	0.0	0.6014602910345211	0.0	2.7489379554267344	0.6983302945639964	0.0	0.0	0.0	0.0	0.0	0.0	0.0	0.0	0.0	0.0	0.9535316626031628	0.0	0.0	0.0	2.3045555478505975	0.0	3.222956147310361	0.7774848655780412	1.1132051419584361	3.141277253677914	0.0	0.4765882287007634	0.0	0.0	0.0	0.0	0.0	0.0	0.0	0.0	0.0	0.0	0.0	0.3006302874938795	0.0	1.0406656691823093	1.3002702353361657	0.0	0.0	0.0	0.0	0.0	0.0	3.582172353672027	3.5993016721710003	0.3006302874938795	0.3006302874938795	0.0	0.0	0.0	0.0	0.0	0.0	0.0	0.0	0.9023902560901709	0.0	0.0	0.0	0.0	1.0406656691823093	0.0	0.0	0.0	0.0	0.0	0.0	1.3416592820806679	0.0	0.0	0.0	0.0	0.0	0.0	1.1453854274617004	0.0	0.3006302874938795	0.0	0.0	0.9535316626031628	0.9535316626031628	0.0	0.3006302874938795	0.9023902560901709	0.0	0.0	0.0	0.3006302874938795	0.3006302874938795	0.0	0.3006302874938795	0.0	0.0	0.0	0.0	0.0	0.0	0.0	0.0	0.0	0.0	1.9387286693616235	0.0	3.171511722312889	0.0	0.0	0.0	0.3006302874938795	0.0	0.0	0.0	0.0	1.7550891151258088	2.825276212951938	0.0	0.0	0.6014602910345211	0.0	0.0	0.0	0.0	0.0	1.590285348176805	0.0	0.0	0.0	0.0	0.0	0.3006302874938795	0.0	0.0	0.0	0.0	2.151494197266022	1.1753448393174006	0.3006302874938795	0.0	0.0	0.4765882287007634	0.0
ERR1624553	0.6476200758321592	0.6476200758321592	0.0	0.0	0.0	1.0541254105867859	0.3319280968990599	0.0	1.096031816895817	0.0	1.5349999177930984	1.0541254105867859	0.0	0.0	0.5178488029182575	0.7474040083198793	0.0	0.0	0.0	0.0	2.8527449053010736	0.0	0.0	0.0	2.9616761361434665	0.3319280968990599	0.0	0.0	0.0	0.0	0.3319280968990599	0.5178488029182575	0.896793403511122	0.6476200758321592	0.5178488029182575	0.0	0.0	0.0	1.2603605875022543	0.3319280968990599	0.0	0.7474040083198793	0.0	0.0	0.0	0.0	1.774671824439027	1.1342480150364138	0.0	0.0	0.0	2.0085056019394836	0.0	0.0	0.0	0.0	0.3319280968990599	0.0	0.0	0.0	0.0	0.0	0.0	2.4019120926621342	0.0	0.0	0.3319280968990599	2.1896633145871784	0.0	0.5178488029182575	0.0	0.0	2.2296276113331643	0.0	0.0	0.0	0.0	0.0	0.0	0.0	0.0	0.7474040083198793	0.0	0.0	0.0	0.0	0.5178488029182575	0.0	0.8284906892167787	1.472564448096054	0.0	0.0	0.0	0.0	0.0	0.0	3.7855626918515393	0.3319280968990599	0.0	0.0	0.0	0.0	1.0541254105867859	0.5178488029182575	0.0	0.0	0.0	0.0	0.0	0.0	0.0	0.3319280968990599	0.0	0.0	0.0	0.0	0.0	0.0	3.1077463959913474	0.0	2.067795805749282	0.0	0.3319280968990599	1.096031816895817	1.2320973504101351	0.0	0.3319280968990599	2.6859515898197825	0.0	0.0	0.0	0.6476200758321592	0.6476200758321592	0.0	1.1693716395983418	0.3319280968990599	2.096657317172385	0.0	0.0	0.5178488029182575	0.3319280968990599	1.8650501664540768	0.0	0.0	0.0	0.0	0.0	0.0	0.0	0.0	0.5178488029182575	0.0	0.0	0.0	2.302462177926365	0.0	3.5113564124173426	0.0	0.0	0.0	0.0	0.0	0.896793403511122	1.8222077751475005	2.4249905271028673	0.0	1.774671824439027	0.3319280968990599	0.0	1.472564448096054	1.7306518507335136	0.0	0.5178488029182575	0.0	1.096031816895817	2.1596705297511427	0.0	0.0	0.0	0.0	0.0	1.7117135774713756	0.3319280968990599	0.0	0.0	0.0	1.5631454094742498	0.7474040083198793	0.0	0.0	0.3319280968990599	0.0	1.0541254105867859
ERR1624554	0.5633744450511149	0.0	1.8852729383535647	0.0	0.0	0.9531459421249346	0.0	0.0	1.4407676620346335	0.0	0.8835338818681728	0.0	0.0	0.0	0.36727216708333976	0.0	0.0	0.36727216708333976	0.36727216708333976	0.0	2.9832947606308284	0.0	0.0	0.0	1.5823749840410575	0.0	0.0	0.0	0.0	0.0	0.0	0.0	0.0	0.36727216708333976	0.0	0.0	0.8835338818681728	0.0	0.8835338818681728	0.0	0.0	0.6979832184314678	0.0	0.0	0.0	0.0	0.36727216708333976	2.118251391901229	0.0	0.0	0.0	2.9980429765415257	0.0	0.5633744450511149	0.0	0.0	0.0	0.0	0.36727216708333976	0.0	0.0	0.36727216708333976	0.0	1.32104429513311	0.0	0.0	0.0	2.383184421707074	0.0	1.9795397242578412	0.36727216708333976	0.0	3.0700353788884795	0.36727216708333976	0.36727216708333976	0.0	0.0	0.0	0.0	0.36727216708333976	0.0	0.0	0.0	0.0	0.0	0.0	0.0	0.0	0.0	1.7546626989915404	0.0	0.0	0.0	0.0	0.0	0.0	3.8129029220116104	0.0	0.0	0.0	0.0	0.0	0.0	0.0	0.0	0.0	0.0	0.0	0.0	0.0	0.0	1.7935063405102643	0.0	0.5633744450511149	0.0	0.0	0.0	0.0	0.36727216708333976	0.0	0.36727216708333976	0.0	0.0	2.256451568152897	0.5633744450511149	0.0	0.0	2.3076921890820463	0.0	0.8835338818681728	0.0	0.0	0.0	0.0	1.3477750361555931	0.5633744450511149	1.1128045539829472	0.0	0.0	0.0	0.0	1.1938216302264733	0.0	0.0	0.0	0.0	0.0	0.0	0.0	0.0	0.0	0.8005935620673734	0.0	0.0	2.4087040979253356	0.0	3.1677552714537662	0.0	0.0	0.0	0.0	0.0	0.0	0.0	0.0	0.0	2.9850912190523617	0.0	1.9795397242578412	0.0	0.9531459421249346	0.0	0.5633744450511149	0.0	0.0	1.3967555962449234	0.0	0.0	0.0	0.0	0.0	1.3967555962449234	0.0	0.0	0.0	0.0	3.0094912377286924	2.3710695688783017	0.0	0.0	0.0	0.0	0.0
ERR1624555	0.3329450236945898	0.0	2.4927952772604427	0.0	0.0	1.4744017601788417	0.0	0.0	0.0	0.0	0.0	0.0	0.0	0.0	0.0	0.0	0.0	0.3329450236945898	0.3329450236945898	0.0	2.633199145837156	0.0	0.0	0.0	3.3600318855951095	0.0	0.0	0.0	0.0	0.0	0.5191738912524896	0.0	0.898453960001873	0.0	0.0	0.0	0.3329450236945898	0.0	1.3373627324821926	0.0	0.0	1.2338873861838786	0.0	0.0	0.0	0.0	1.0977809371946665	2.311741435505721	0.0	0.0	0.0	3.2798825001058365	0.0	0.0	0.0	0.0	0.0	0.0	0.0	0.0	0.0	0.0	0.0	1.17114439687518	0.0	0.0	0.0	2.175145470086512	0.0	1.0977809371946665	0.3329450236945898	0.0	2.3308482740326637	0.0	1.1360099495203058	0.0	0.3329450236945898	0.0	0.0	0.0	0.0	0.3329450236945898	0.0	0.0	0.0	0.0	0.0	0.0	0.0	1.0558591199960774	0.0	0.0	0.0	0.0	0.0	0.0	3.794831056785817	0.5191738912524896	0.0	0.0	0.0	0.0	0.0	0.0	0.0	0.0	0.0	0.0	0.0	0.0	0.0	0.5191738912524896	0.0	0.0	0.0	0.0	0.0	0.0	0.0	0.0	0.3329450236945898	0.0	0.0	0.0	1.0977809371946665	0.0	0.0	1.9954741033195351	0.3329450236945898	0.0	0.0	0.0	0.0	0.3329450236945898	1.00945403578003	0.6490940515635044	2.171788397661316	0.0	0.0	0.0	0.0	1.1360099495203058	0.0	0.3329450236945898	0.0	0.3329450236945898	0.0	0.0	0.3329450236945898	0.0	0.0	0.0	0.0	0.3329450236945898	2.237352375777501	0.0	3.2513782444811885	0.0	0.0	0.0	0.3329450236945898	0.0	0.0	0.0	0.5191738912524896	0.3329450236945898	2.7127941299250016	0.0	0.0	0.3329450236945898	0.6490940515635044	0.0	0.0	0.0	0.0	1.860071793291781	0.0	0.0	0.0	0.0	0.0	0.0	0.0	0.0	0.0	0.0	1.9300988267245927	2.2285706255407844	0.0	0.0	0.0	0.0	0.0
ERR1624556	0.42085545656477535	0.25952866993318224	0.0	0.0	0.0	1.6923700427910122	0.8774759553012713	0.0	1.1227369071139324	0.0	0.0	0.7713200830420371	0.8774759553012713	0.0	0.0	0.25952866993318224	0.0	0.9627135323962387	0.0	0.0	2.267144933005515	0.25952866993318224	0.42085545656477535	0.0	1.8867648396975314	0.0	0.0	0.0	0.0	0.0	0.25952866993318224	1.9263844282664644	0.0	1.4340459282920792	0.5382193612886094	0.0	0.9221825591089865	0.0	1.4949320201971632	0.25952866993318224	0.0	0.8276334754204034	0.0	0.0	0.0	0.0	2.0531883704729785	1.6387069143704744	0.25952866993318224	0.0	0.0	2.5650702528993907	0.25952866993318224	0.0	0.0	0.0	0.5382193612886094	0.25952866993318224	0.0	0.0	0.25952866993318224	0.0	0.5382193612886094	1.8431646822540626	0.0	0.0	0.0	1.9588025860497662	0.0	2.1964134932800503	1.4594334976486807	0.5382193612886094	2.667127097635329	0.25952866993318224	0.6305202364110062	0.0	0.9627135323962387	0.25952866993318224	0.0	0.0	0.0	1.5867610357362494	0.0	0.25952866993318224	0.0	0.0	0.0	0.0	1.17322590219373	1.9925955706489509	0.0	0.0	0.0	0.0	0.0	0.0	3.569972408786291	1.2594091339056632	0.0	0.25952866993318224	0.0	0.0	0.42085545656477535	0.25952866993318224	0.0	1.3475427827528368	0.0	0.0	0.0	0.0	0.0	0.25952866993318224	0.0	0.7713200830420371	0.0	0.0	0.0	0.0	0.25952866993318224	0.0	2.146170217221915	0.0	0.0	0.0	1.5867610357362494	0.0	0.0	2.6203683123912938	1.0655965798552536	0.25952866993318224	0.0	1.3144034154432123	0.25952866993318224	1.0339351413242697	1.17322590219373	0.42085545656477535	2.1561992324750503	0.0	0.0	0.0	0.0	1.5381564425771364	0.0	0.25952866993318224	0.0	0.9627135323962387	0.0	0.0	0.25952866993318224	0.0	0.42085545656477535	0.6305202364110062	0.0	2.1118777094589705	2.331278983162318	0.0	3.438588540944076	0.0	0.0	0.0	0.5382193612886094	0.0	0.0	0.7713200830420371	1.9178871477518624	0.0	3.6864111056968105	0.0	0.0	0.42085545656477535	0.25952866993318224	0.0	0.25952866993318224	0.0	0.6305202364110062	1.8276011644201788	0.0	0.0	1.2184518399882829	0.0	0.0	0.8774759553012713	0.0	0.0	0.0	0.5382193612886094	2.269060465941278	1.4949320201971632	0.25952866993318224	0.0	0.0	1.2184518399882829	0.0
ERR1624557	0.45971574014142735	0.6779980846949542	2.0191908561942973	0.0	0.0	1.0174808554827828	0.0	0.45971574014142735	0.45971574014142735	0.0	1.0896531677113281	0.45971574014142735	0.0	0.0	0.0	0.45971574014142735	0.0	0.2880416928543401	0.0	0.0	2.572481952186931	0.2880416928543401	0.0	0.0	2.1411252428904968	0.0	0.0	0.0	0.0	0.0	0.0	0.0	0.2880416928543401	1.6901489514129038	0.0	0.0	0.2880416928543401	0.0	1.0174808554827828	0.0	0.0	0.2880416928543401	0.0	0.0	0.0	0.0	2.9779712489821684	1.542559040766258	0.2880416928543401	0.0	0.0	2.630738699323779	0.0	0.0	0.0	0.0	0.0	0.0	0.2880416928543401	0.0	0.0	0.0	0.0	1.2760105485530564	0.0	0.0	0.0	1.7869544833253665	0.0	0.880099018855266	0.0	0.0	2.8309932157245727	0.0	0.0	0.2880416928543401	1.5653842941262002	0.0	0.0	0.0	0.0	0.2880416928543401	0.0	0.0	0.0	0.0	0.45971574014142735	0.2880416928543401	1.230403641040019	1.9950711681147155	0.0	0.0	0.0	0.0	0.0	0.0	3.490827114445995	0.0	0.0	0.0	0.0	0.0	0.0	0.0	0.0	0.0	0.0	0.0	0.0	0.0	0.0	0.0	0.0	0.5824289080134857	0.0	0.0	0.2880416928543401	0.0	0.0	0.0	1.542559040766258	0.0	0.0	0.9308766111596242	0.880099018855266	0.0	0.0	2.53717833178249	1.372649380431882	0.0	0.0	0.0	0.2880416928543401	0.2880416928543401	0.8225886497948502	0.5824289080134857	2.954563304040667	0.0	0.2880416928543401	0.0	0.0	3.343962550255607	0.0	0.0	0.0	0.0	0.0	0.0	0.0	0.0	0.0	0.2880416928543401	0.0	0.6779980846949542	1.9184145417142409	0.0	3.381024498751656	0.0	0.0	0.0	0.0	0.0	0.0	0.0	0.0	0.0	2.2959717239323383	0.0	0.0	0.7562831344969482	1.9329630812506817	0.45971574014142735	0.5824289080134857	0.0	0.0	1.903361694281362	0.0	0.0	0.0	0.0	0.0	1.1794392740091664	0.0	0.0	0.0	0.0	2.54772673116961	3.318223992815694	0.0	0.0	0.0	0.0	0.0
ERR1624558	0.0	0.28834639240613735	2.0463579531699607	0.0	0.0	1.8007217493851484	0.0	0.0	0.28834639240613735	0.0	0.4601261094963799	0.5828929167830325	0.0	0.0	0.6784945392761281	0.0	0.0	0.0	0.28834639240613735	0.0	2.060828409513167	0.0	0.0	0.28834639240613735	2.1446921131198033	0.0	0.0	0.0	0.0	0.0	0.28834639240613735	0.0	0.0	0.0	0.0	0.0	1.6375853276260368	0.0	1.1521073583424197	0.0	0.9768958689131657	0.0	0.0	0.0	0.0	0.0	1.1800259853233885	2.1476154636830493	0.0	0.0	0.0	3.046155682941658	0.6784945392761281	0.0	0.0	0.0	0.0	0.0	0.0	0.0	0.0	0.0	0.0	2.2882471705345493	0.0	0.4601261094963799	0.0	2.1358021068145217	0.0	2.5720133645539796	1.3732510068249337	0.8806445155345975	2.747350620683407	0.0	0.0	0.0	0.0	0.0	0.0	0.4601261094963799	0.0	0.0	0.0	0.0	0.0	0.0	0.28834639240613735	0.0	0.6784945392761281	1.4375629700230184	0.0	0.0	0.0	0.0	0.0	0.0	3.590207670063449	0.7568013299683212	0.0	0.0	0.0	0.0	0.0	0.0	0.0	0.0	0.0	0.0	0.0	0.0	0.0	0.28834639240613735	0.0	1.4375629700230184	0.0	0.0	0.0	0.0	0.0	0.0	1.8258830091372062	0.0	0.0	0.5828929167830325	0.4601261094963799	0.0	0.0	1.9657478747212385	0.0	0.0	0.0	0.0	0.28834639240613735	0.5828929167830325	0.28834639240613735	0.6784945392761281	1.3902436322636915	0.0	0.0	0.0	0.0	2.7362249265426066	0.0	0.0	0.0	0.28834639240613735	0.0	0.0	0.0	0.0	0.0	0.0	0.0	2.126726312411295	1.928788353970562	0.0	3.0361035093410282	0.28834639240613735	0.0	0.0	0.28834639240613735	0.0	0.0	0.28834639240613735	0.28834639240613735	0.0	3.759086727206238	0.28834639240613735	0.0	0.0	0.7568013299683212	0.4601261094963799	0.4601261094963799	0.0	0.0	1.7229126682016105	0.0	0.0	0.0	0.0	0.0	0.5828929167830325	0.0	0.0	0.0	0.28834639240613735	1.9239391607056897	1.2543987370836513	0.0	0.0	0.0	0.6784945392761281	0.28834639240613735
ERR1624559	0.0	1.1487220375388476	0.0	0.0	0.0	1.961405782868227	0.5025152211069386	0.0	0.0	0.0	0.0	0.6305262912694084	0.0	0.0	0.0	0.0	0.0	1.2394205818321165	0.0	0.0	3.16365950407763	0.32021331203632064	0.0	0.32021331203632064	1.0756646723247876	0.0	0.0	0.0	0.0	0.0	0.0	0.0	1.1137277680473077	0.32021331203632064	0.32021331203632064	0.0	1.6276961436889648	0.0	0.8096683018297085	0.0	0.0	0.32021331203632064	0.0	0.32021331203632064	0.0	0.32021331203632064	2.912568297775459	1.807796808957975	0.5025152211069386	0.0	0.0	2.3161192131700328	0.7292693256138195	0.0	0.0	0.0	0.0	0.0	0.0	0.0	0.0	0.0	0.5025152211069386	1.9235782455837458	0.0	0.0	0.0	2.137639925452719	0.0	3.2256160481063763	2.475174246280704	1.2908241726577436	3.0721502419849434	0.0	0.32021331203632064	0.0	1.3977157988157913	0.0	0.0	0.0	0.0	1.1487220375388476	0.0	0.32021331203632064	0.0	0.0	0.0	0.0	1.0339423161239663	1.7927982265644087	0.0	0.0	0.0	0.0	0.0	0.0	3.554739968979794	0.7292693256138195	0.0	0.0	0.0	0.0	1.1137277680473077	0.0	0.0	0.0	0.0	0.0	0.0	0.0	0.0	1.3144109381013964	0.0	1.1137277680473077	0.0	0.0	0.0	0.0	0.32021331203632064	0.0	1.7270162394574802	0.0	0.0	0.0	0.9877815541443403	0.32021331203632064	0.0	2.367800630152854	0.8096683018297085	0.32021331203632064	0.0	0.0	1.4675842386596636	1.1487220375388476	0.6305262912694084	0.32021331203632064	1.9121363106177254	0.0	0.5025152211069386	0.32021331203632064	0.0	3.116344182619314	0.0	0.0	0.0	0.32021331203632064	0.32021331203632064	0.0	0.0	0.0	0.32021331203632064	0.0	0.0	1.6387146386828912	2.204627530315908	0.0	3.0963290709715183	0.0	0.0	0.0	0.0	0.0	0.0	0.5025152211069386	2.4557189590358046	0.5025152211069386	3.1192324685106247	0.0	0.0	0.7292693256138195	1.1137277680473077	0.0	0.32021331203632064	0.0	0.0	2.2220112294120344	0.0	0.0	0.32021331203632064	0.0	0.0	0.9361244152615128	0.0	0.0	0.0	0.0	0.0	1.8565534926674185	0.32021331203632064	0.0	0.0	1.3580577199626267	0.0
ERR1624560	0.3225736935918183	1.2154789674921633	2.7613237757924503	0.0	0.0	2.234936512691626	0.0	0.0	1.873987883703552	0.0	0.0	0.0	0.0	0.0	0.0	0.0	0.0	0.8134857034477341	0.0	0.0	1.9107585619305956	0.0	0.0	0.3225736935918183	2.738344719850165	0.0	0.0	0.0	0.0	0.0	0.0	0.0	0.0	0.0	0.0	0.0	1.3410895840514445	0.0	0.0	0.0	1.3410895840514445	0.3225736935918183	0.0	0.0	0.0	0.0	2.206147154983068	1.9761009859711618	0.0	0.0	0.0	3.136158325510844	0.0	0.0	0.0	0.0	0.0	0.0	0.0	0.0	0.0	0.0	0.0	2.4937137455804788	0.0	0.0	0.0	2.3113663365431756	0.0	3.1749392574298256	2.654755065388361	0.7329449220434266	2.3843094034962506	0.3225736935918183	0.3225736935918183	0.0	0.3225736935918183	0.0	0.0	0.9918334396465844	0.0	0.0	0.0	0.3225736935918183	0.0	0.8134857034477341	0.3225736935918183	0.0	0.0	1.3623747811755764	0.0	0.0	0.0	0.0	0.0	0.0	3.3484742407906913	1.0798012543895303	0.0	0.0	0.0	0.0	0.0	0.0	0.0	0.0	0.0	0.0	0.0	0.0	0.0	1.2154789674921633	0.0	1.1853235873422179	0.0	0.0	0.0	0.0	0.3225736935918183	0.0	0.0	0.0	0.0	0.0	0.3225736935918183	0.0	0.0	1.4020500512634488	0.0	0.0	0.0	0.0	0.0	1.1178960334832433	0.6339875926292394	0.9401178960907517	2.485969556918354	0.0	0.0	0.0	0.0	1.3623747811755764	0.5056150675382322	0.3225736935918183	0.0	0.0	0.0	0.0	0.0	0.0	0.0	0.0	0.0	0.0	2.212059728114659	0.0	2.90533694508291	0.0	0.3225736935918183	0.0	0.6339875926292394	0.0	0.0	0.0	0.0	0.5056150675382322	3.573536138062762	0.0	0.0	0.0	1.9223547108350327	0.3225736935918183	0.0	0.0	0.0	2.3385316536166774	0.0	0.0	0.0	0.0	0.0	0.0	0.0	0.0	0.0	0.0	0.0	3.1502644177726555	0.0	0.0	0.0	1.0380408221537385	0.3225736935918183
ERR1624561	0.0	0.34166190964302934	2.229572002843711	0.0	0.0	0.9718807860648548	0.0	0.0	1.1126551116209873	0.0	0.34166190964302934	0.5304941357754855	0.0	0.0	0.0	0.0	0.0	0.34166190964302934	0.0	0.0	2.7731235485581447	0.34166190964302934	0.0	0.0	2.4857471624744	0.0	0.34166190964302934	0.0	0.0	0.0	0.0	0.0	0.5304941357754855	0.0	0.0	0.0	1.0240419664103266	0.34166190964302934	0.9125885414417753	0.0	0.0	0.843901943354082	0.0	0.0	0.0	0.0	1.9745101475265303	1.5941359361520007	0.0	0.34166190964302934	0.0	2.5007625251159817	0.0	0.0	0.0	0.0	0.0	0.5304941357754855	0.9125885414417753	0.0	0.0	0.0	0.0	1.2187965307062472	0.0	0.0	0.0	1.940131661137182	0.0	2.4540631004173674	1.070604699984517	0.34166190964302934	2.6386911666403736	0.34166190964302934	0.0	0.0	0.0	0.0	0.0	0.0	0.0	0.0	0.0	0.0	0.0	0.0	0.5304941357754855	0.0	0.6616658742969763	1.070604699984517	0.0	0.0	0.0	0.0	0.0	0.0	3.197317175401104	2.949262681962107	0.0	0.0	0.0	0.0	0.0	0.0	0.0	0.0	0.0	0.0	0.0	0.0	0.0	1.7095945500579768	0.0	0.6616658742969763	0.0	0.0	0.0	0.0	0.843901943354082	0.0	1.9218649342673646	0.0	0.0	0.9125885414417753	1.1509910180161116	0.0	0.0	2.247565729224161	0.0	0.34166190964302934	0.0	0.0	0.0	0.0	0.5304941357754855	0.0	0.843901943354082	0.0	0.0	0.0	0.0	0.6616658742969763	0.0	0.0	0.0	0.0	0.0	0.0	0.0	0.0	0.0	0.0	0.0	1.7839569858726634	2.3253562009324957	0.0	2.9404153047005304	0.0	0.0	0.0	0.0	0.0	0.0	0.0	0.0	0.34166190964302934	3.9311694752033493	0.34166190964302934	0.0	1.070604699984517	0.5304941357754855	0.0	0.6616658742969763	0.0	0.34166190964302934	1.1862157245907683	0.0	0.0	0.0	0.0	0.0	0.7622731964999142	0.0	0.0	0.0	0.0	0.9718807860648548	0.9125885414417753	0.0	0.0	0.0	0.34166190964302934	0.0
ERR1624562	0.0	0.0	0.0	0.0	0.0	2.6818813322066077	0.0	0.0	0.2917019835402029	0.0	0.0	0.0	0.0	0.2917019835402029	0.0	0.0	0.0	1.2609061788571734	0.0	0.0	1.8564574227323074	0.0	0.0	0.0	2.3467102822550654	0.0	0.0	0.0	0.0	0.0	0.0	0.0	0.0	0.4646388449104526	0.0	0.0	1.3042754639519798	0.0	0.6839474757419435	0.0	0.0	0.2917019835402029	0.0	0.0	0.0	0.0	2.583247397171811	1.513184715718903	0.0	0.0	0.0	2.906474202099808	0.6839474757419435	0.0	0.0	1.50023689614135	0.0	0.0	0.0	0.0	0.2917019835402029	0.2917019835402029	0.0	1.362152897810647	0.0	0.0	0.0	1.7296713284462626	0.0	2.8444884829481527	2.1934450656701583	0.9375182768449927	3.0660886445945783	0.2917019835402029	0.8289823245721337	0.0	0.2917019835402029	0.0	0.0	0.2917019835402029	0.0	0.2917019835402029	0.0	0.6839474757419435	0.0	0.0	0.2917019835402029	0.0	1.024280769972302	1.689087196568534	0.0	0.0	0.0	0.0	0.0	0.0	3.3887076087256447	0.8289823245721337	0.0	0.0	0.0	0.0	0.5879917491498672	0.0	0.0	0.0	0.0	0.0	0.0	0.0	0.0	0.2917019835402029	0.0	1.237481311526149	0.0	0.0	0.0	0.0	0.0	0.0	1.8844700919332205	0.0	0.0	0.0	0.4646388449104526	0.0	0.0	1.945136519788946	1.0619238606213082	0.0	0.0	0.0	0.7624913639188291	1.024280769972302	0.4646388449104526	0.6839474757419435	2.250755785712934	0.0	0.0	0.0	0.0	2.722325799404107	0.0	0.2917019835402029	0.0	0.2917019835402029	0.0	0.0	0.2917019835402029	0.0	0.0	0.0	0.0	1.6975131017661818	2.045763350358442	0.0	2.7167735503790476	0.0	0.0	0.0	0.4646388449104526	0.0	0.0	0.0	2.1907732056073783	0.0	3.795256531224551	0.0	0.0	0.0	1.6627818596099597	0.0	0.4646388449104526	0.0	0.2917019835402029	1.7448994345836875	0.0	0.2917019835402029	0.0	0.0	0.0	0.5879917491498672	0.0	0.0	0.0	0.0	2.1051357692635597	1.625029771650976	0.0	0.0	0.0	0.9375182768449927	0.0
ERR1624563	0.0	0.7821872225368762	1.300162079825708	0.0	0.0	1.4196269233317538	0.0	0.0	0.0	0.0	0.0	0.0	0.0	0.0	0.0	0.0	0.0	0.0	0.0	0.0	2.247228333224938	0.3548773293417548	0.0	0.0	1.7900896305756224	0.0	0.0	0.0	0.0	0.0	0.3548773293417548	0.0	0.7821872225368762	0.0	0.0	0.0	0.6805180946809742	0.0	0.8645124834161844	0.0	0.0	0.3548773293417548	0.0	0.0	0.3548773293417548	0.0	1.6674918992707382	1.2717502367569158	0.0	0.0	0.0	1.8855889593010566	0.547529740321671	0.0	0.0	0.0	0.0	0.0	1.5901744141127963	0.0	0.0	0.0	0.0	0.8645124834161844	0.0	0.0	0.0	1.545655002107821	0.0	2.9720303378018214	0.8645124834161844	1.2086578242961055	2.122073247763767	0.0	0.6805180946809742	0.0	0.0	0.0	0.3548773293417548	0.3548773293417548	0.0	1.9517275815219643	0.0	0.3548773293417548	0.0	0.0	0.0	0.0	0.0	0.9336911439893935	0.0	0.0	0.0	0.0	0.0	0.0	2.795291988128473	0.547529740321671	0.0	0.0	0.0	0.0	0.0	0.0	0.0	0.0	0.0	0.0	0.0	0.0	0.0	0.0	0.0	0.3548773293417548	0.0	0.0	0.0	0.0	0.0	0.0	1.752940778157811	0.0	0.0	0.0	0.9336911439893935	0.0	0.0	1.981367116373422	0.3548773293417548	0.0	0.0	0.0	0.7821872225368762	1.459514676230876	0.9336911439893935	0.547529740321671	1.2086578242961055	0.3548773293417548	0.3548773293417548	0.0	0.0	1.733102517147794	0.0	0.0	0.0	0.0	0.0	0.0	0.3548773293417548	0.0	0.0	0.0	0.0	0.993349499241062	2.105171039499578	0.0	2.221634900613084	0.0	0.0	0.0	0.0	0.0	0.0	0.3548773293417548	0.547529740321671	0.0	4.078043235134246	0.0	0.0	0.0	0.3548773293417548	0.0	0.3548773293417548	0.0	0.0	0.8645124834161844	0.0	0.0	0.0	0.0	0.0	0.8645124834161844	0.0	0.0	0.0	0.0	1.459514676230876	1.3982194275560036	0.3548773293417548	0.0	0.0	1.1348158754902293	0.0
ERR1624564	0.0	1.1974948273965458	0.0	0.0	0.0	1.3643006423637258	0.0	0.0	2.0183026617444435	0.0	0.42156321068679226	0.42156321068679226	0.0	0.0	0.0	1.4351439646222144	0.0	0.2600418579469077	0.5390294984525759	0.0	3.0916366297922555	0.0	0.0	0.0	3.0330766927969073	0.0	0.0	0.2600418579469077	0.0	0.0	0.0	0.0	0.0	0.5390294984525759	0.0	0.2600418579469077	1.4218697493467691	0.0	1.2979169997507523	0.0	0.0	0.5390294984525759	0.0	0.0	0.0	0.0	1.1237910245088563	1.897012289008923	0.0	0.0	0.0	3.018651655770229	0.42156321068679226	0.0	0.0	0.0	0.0	0.0	0.0	0.0	0.5390294984525759	0.0	0.0	1.7958155211444402	0.0	0.0	0.0	1.9752750334044689	0.0	2.6137764363674845	0.5390294984525759	0.6313935391530987	3.2358061999377092	0.0	1.5181870938730022	0.0	0.0	0.0	0.0	1.7602072539582425	0.0	2.2721014304153995	0.0	0.2600418579469077	0.0	0.7075174838404439	0.8784649210446759	0.0	1.2604864253163663	1.578575394517128	0.0	0.0	0.0	0.0	0.0	0.0	3.513109442954181	0.8286040769399113	0.0	0.0	0.0	0.0	0.0	0.0	0.0	0.0	0.0	0.0	0.0	0.0	0.0	0.0	0.0	0.9231862957513661	0.0	0.0	0.0	0.2600418579469077	0.2600418579469077	0.0	0.0	0.0	0.0	0.0	0.0	0.0	0.0	2.3357134963604063	0.0	0.2600418579469077	0.0	0.0	0.42156321068679226	0.42156321068679226	0.5390294984525759	1.1497737940408006	1.778376230343607	0.0	0.0	0.0	0.42156321068679226	0.42156321068679226	0.0	0.0	0.0	0.2600418579469077	0.2600418579469077	0.0	0.0	0.0	0.0	0.0	0.0	1.0349697842055892	2.9575896942092097	0.0	3.066103838736793	0.0	0.0	0.0	0.42156321068679226	0.0	0.0	0.5390294984525759	0.0	0.0	3.300821142620735	0.42156321068679226	0.0	0.0	1.3486315820835821	0.0	0.8286040769399113	0.0	0.0	2.3581361795370093	0.0	0.0	0.0	0.0	0.0	0.0	0.0	0.0	0.0	0.0	2.6758411886190796	2.4543526602242483	0.2600418579469077	0.0	0.0	0.5390294984525759	0.0
ERR1624565	0.49333126282993245	0.23164717461050033	0.0	0.23164717461050033	0.0	1.3166310099688703	0.23164717461050033	0.3819077930145763	1.7018164364933184	0.0	0.23164717461050033	0.23164717461050033	0.0	0.0	0.3819077930145763	0.3819077930145763	0.0	0.0	0.9056323350893765	0.0	3.213194305427239	0.0	0.0	0.0	2.5941841754463937	0.0	1.1362303438853747	0.0	0.0	0.23164717461050033	0.23164717461050033	0.0	0.0	1.6570166832479516	0.0	0.0	0.9056323350893765	0.0	0.3819077930145763	0.23164717461050033	0.8658304818819105	0.7183506540071415	0.0	0.0	0.23164717461050033	0.0	1.4955716326376791	1.6956925293171103	0.0	0.0	0.0	2.7453099711297244	0.23164717461050033	0.0	0.0	0.0	0.0	0.9056323350893765	1.4437085199694155	0.49333126282993245	0.23164717461050033	0.0	0.0	1.9214239407060725	0.0	0.23164717461050033	0.0	2.3523631822067754	0.0	3.312256231869458	3.139242210598858	1.1986195701427829	2.8537914325105724	0.0	0.23164717461050033	0.0	0.0	0.0	0.0	0.0	0.0	1.4652025000835165	0.0	0.0	0.3819077930145763	0.0	0.23164717461050033	0.0	0.9757241328415391	1.8583831110540356	0.0	0.0	0.0	0.23164717461050033	0.0	0.0	3.620941262936508	1.3588026501257293	0.0	0.0	0.0	0.5819255094506581	0.0	0.49333126282993245	0.0	0.0	0.0	0.0	0.23164717461050033	0.0	0.0	1.432548988065558	0.23164717461050033	0.23164717461050033	0.0	0.0	0.0	0.23164717461050033	0.0	0.0	1.5837533230480674	0.0	0.0	1.9923244872648707	1.253161680478649	0.0	0.3819077930145763	2.4818938531996473	0.9056323350893765	0.23164717461050033	0.0	0.0	0.23164717461050033	0.49333126282993245	2.2911386486610157	0.9056323350893765	1.8090390716909992	0.0	0.49333126282993245	0.0	0.23164717461050033	1.6570166832479516	0.23164717461050033	0.23164717461050033	0.0	0.0	0.5819255094506581	0.0	0.0	0.0	0.23164717461050033	0.0	0.23164717461050033	0.8220094610518202	2.3657510789343865	0.0	2.891922013448232	0.0	0.0	0.23164717461050033	0.0	0.0	0.23164717461050033	0.3819077930145763	0.23164717461050033	0.0	2.816213938537585	0.0	0.0	0.7732654463113058	1.3311480124203916	0.0	0.49333126282993245	0.0	0.49333126282993245	2.3385494168974006	0.0	0.0	0.23164717461050033	0.0	0.49333126282993245	0.9757241328415391	0.0	0.0	0.23164717461050033	0.23164717461050033	2.6717497718225593	2.058639334172656	0.0	0.23164717461050033	0.0	0.8658304818819105	0.0
ERR1624566	0.0	0.4034572433262501	2.1280136753625696	0.0	0.0	1.0965526194584734	0.0	0.24698606966344752	0.6089456521625783	0.0	0.0	0.6089456521625783	0.0	0.0	0.0	0.24698606966344752	0.0	1.9307347800121406	0.6839386671169182	0.0	2.9153459013997503	0.8529585149595438	0.0	0.0	2.8193753242450934	0.0	0.0	0.24698606966344752	0.0	0.0	0.4034572433262501	0.0	1.2127101349501188	0.24698606966344752	0.0	0.0	0.0	0.24698606966344752	0.4034572433262501	0.0	0.0	0.6089456521625783	0.0	0.24698606966344752	0.0	0.0	2.5666389342807547	1.393494766428783	0.0	0.0	0.0	2.4299030639398755	0.4034572433262501	0.0	0.0	0.0	0.0	0.0	0.0	0.0	0.0	0.0	0.0	1.232630353238186	0.0	0.0	0.0	2.043501025558082	0.0	1.6499277327228583	1.6190620336840458	0.0	3.2870476481564386	0.24698606966344752	0.8529585149595438	0.0	0.0	0.0	0.0	0.0	0.0	1.122402627114069	0.0	0.0	0.0	0.0	0.0	0.0	1.0397215966576934	1.731207490714893	0.0	0.0	0.0	0.0	0.0	0.0	3.4663161915752343	0.7478689396934158	0.0	0.24698606966344752	0.0	0.0	0.0	0.0	0.0	0.0	0.0	0.0	0.0	0.0	0.0	0.6089456521625783	0.0	0.0	0.0	0.0	0.0	0.0	0.0	0.0	2.005796044137263	0.24698606966344752	0.0	0.0	0.7478689396934158	0.0	0.0	1.5207613049880728	0.0	0.4034572433262501	0.0	0.0	0.8035846689945154	0.0	1.3360891588769872	0.4034572433262501	3.1829195828078434	0.0	0.0	0.0	0.0	0.4034572433262501	0.0	0.0	0.0	0.0	0.0	0.0	0.0	0.24698606966344752	0.0	0.0	0.0	0.0	1.9787084937340333	0.0	3.629394850218669	0.0	0.24698606966344752	0.0	0.4034572433262501	0.0	0.0	0.4034572433262501	0.0	0.4034572433262501	2.889958502535113	0.6839386671169182	0.0	0.8035846689945154	1.1698994901881639	0.0	0.0	0.0	0.0	2.3884245159764275	0.0	0.0	0.0	0.0	0.0	0.5182432141999294	0.0	0.0	0.0	0.0	0.5182432141999294	2.45860304256073	0.0	0.0	0.0	0.24698606966344752	1.1698994901881639
ERR1624567	0.7118361539096096	0.9171430228221261	0.0	0.0	0.0	1.0938922642446849	0.7118361539096096	0.0	0.6141330775307797	0.0	0.0	0.0	0.0	0.0	0.0	0.7915453054511062	0.0	0.30911589531365097	0.48786934188037023	0.0	2.4600122021636044	0.30911589531365097	0.0	0.0	2.5662080351513117	0.0	0.0	0.0	0.0	0.0	0.0	0.0	0.0	2.13975733905526	0.0	0.0	0.7915453054511062	0.0	1.055984144322167	0.0	0.30911589531365097	0.7118361539096096	0.0	0.0	0.0	0.0	3.2099729124643934	1.7232855959843953	0.0	0.30911589531365097	0.0	2.707957125820155	0.48786934188037023	0.0	0.0	0.0	0.0	0.0	0.9685149835085525	0.0	0.9685149835085525	0.48786934188037023	0.0	1.0144479448641788	0.0	0.0	0.0	2.1772834920338666	0.0	2.0986793342456105	0.0	0.6141330775307797	3.2931663030856724	0.0	0.48786934188037023	0.0	0.30911589531365097	0.0	0.0	1.1610268658814975	0.0	0.0	0.0	0.0	0.0	0.0	0.30911589531365097	0.0	0.9685149835085525	2.368136592354564	0.0	0.0	0.0	0.0	0.0	0.0	3.5118407301849945	1.5953933993317482	0.0	0.0	0.0	0.0	0.0	0.0	0.30911589531365097	0.0	0.0	0.30911589531365097	0.0	0.0	0.0	1.0144479448641788	0.0	0.8588687779467313	0.0	0.0	0.0	0.0	0.0	0.0	1.4133342726792604	0.0	0.0	0.30911589531365097	1.43039184947826	0.0	0.0	2.334011693637683	0.0	0.30911589531365097	0.0	0.0	0.6141330775307797	0.0	0.48786934188037023	0.7915453054511062	1.8966305429231451	0.0	0.0	0.0	0.6141330775307797	3.0944676857918645	0.0	0.0	0.0	0.30911589531365097	0.0	0.0	0.0	0.0	0.0	0.0	0.0	0.0	2.0115002563755264	0.0	3.228468315137577	0.0	1.0144479448641788	0.0	0.0	0.0	0.0	0.0	1.6877870055739403	0.7118361539096096	3.360802010277125	0.30911589531365097	0.0	1.055984144322167	0.7915453054511062	0.30911589531365097	0.0	0.0	0.30911589531365097	1.7317246998187588	0.0	0.0	0.0	0.0	0.0	0.0	0.30911589531365097	0.0	0.0	0.30911589531365097	2.4326042271569595	1.0938922642446849	0.0	0.0	0.0	0.0	0.0
ERR1624568	0.0	0.0	0.0	0.0	0.0	3.030616981880528	0.0	0.0	0.9911930871916218	0.0	0.5947333555332883	0.7323638259181855	0.0	0.0	0.0	0.0	0.0	0.3920886215545259	0.5947333555332883	0.0	3.113081814551015	0.5947333555332883	0.0	0.0	2.039509902439564	0.0	0.0	0.0	0.0	0.0	0.3920886215545259	0.3920886215545259	0.0	1.4377151663016137	0.0	0.0	0.3920886215545259	0.0	1.6387860287917402	0.0	0.0	1.4818846114197757	0.0	0.0	0.0	0.0	1.2694781820707446	1.6936909552728614	0.0	0.3920886215545259	0.0	2.502117271122494	0.3920886215545259	0.0	0.0	1.152254194269581	1.0517619690427358	0.3920886215545259	0.3920886215545259	0.0	0.0	0.0	1.0517619690427358	1.152254194269581	0.0	0.0	0.0	2.475247070486914	0.0	3.359330709917196	0.9911930871916218	1.1049082560841945	2.487855577663027	0.0	0.0	0.0	1.2694781820707446	0.0	0.0	1.3024403300241125	0.0	1.6936909552728614	0.0	0.0	0.0	0.3920886215545259	0.0	0.0	2.0676542340512896	1.6387860287917402	0.0	0.0	0.0	0.0	0.0	0.0	3.5145375880833893	1.5023915379417125	0.0	0.0	0.0	0.0	0.0	0.0	0.0	0.0	0.0	0.0	0.0	0.0	0.0	2.1425615381017304	0.0	0.836714578590024	0.0	0.0	0.0	0.0	0.3920886215545259	0.0	1.7424271988984277	0.0	0.0	0.0	1.7307462211924458	0.0	0.0	2.6326905142690005	0.0	0.0	0.0	0.3920886215545259	0.0	0.0	1.3330762320605316	0.0	1.233807271211767	0.0	0.7323638259181855	0.0	0.0	2.6267142031018276	0.0	0.5947333555332883	0.0	0.0	0.0	0.0	0.0	0.0	0.0	0.0	0.0	1.6936909552728614	2.4666333323027554	0.0	3.339096585443634	0.0	0.0	0.0	1.0517619690427358	0.0	2.2956038410600086	0.5947333555332883	1.7538022112475091	0.5947333555332883	2.8390221600401584	0.0	0.0	0.0	0.9207864252460767	0.0	0.836714578590024	0.0	0.0	2.907983400937539	0.0	0.0	0.0	0.0	0.0	1.0517619690427358	0.0	0.0	0.0	0.0	0.836714578590024	0.9911930871916218	0.3920886215545259	0.0	0.0	0.5947333555332883	0.0
ERR1624569	0.0	0.0	1.581479667318967	0.0	0.0	0.9258141112971756	0.0	1.1265501609051218	1.3671548690410191	0.0	0.0	0.3499163114141536	0.0	0.0	0.3499163114141536	0.3499163114141536	0.0	0.3499163114141536	0.3499163114141536	0.0	2.6858951055309026	0.0	0.0	0.0	1.3434268363931352	0.0	0.0	0.0	0.0	0.0	0.0	0.0	0.673469661477925	0.54115217206602	0.0	0.0	0.8568163983569685	0.0	0.7747474903420604	0.0	0.0	0.3499163114141536	0.54115217206602	0.0	0.0	0.0	2.3618856809223945	1.1649826483187222	0.0	0.0	0.0	1.9893901991483525	0.3499163114141536	0.0	0.3499163114141536	0.0	0.0	0.3499163114141536	0.0	0.0	0.3499163114141536	0.0	0.0	1.389653386886782	0.3499163114141536	0.0	0.0	1.7243428170097963	0.0	2.989242435073104	0.9258141112971756	1.6467970819937667	2.52226377548755	0.0	0.0	0.0	0.0	0.0	0.0	0.8568163983569685	0.0	1.65875938060157	0.0	0.54115217206602	0.0	0.0	0.54115217206602	0.0	1.037678165474592	2.133454550743232	0.0	0.0	0.0	0.0	0.0	0.0	3.3774351764671002	0.7747474903420604	0.3499163114141536	0.0	0.0	0.9258141112971756	0.7747474903420604	0.0	0.0	0.0	0.0	0.0	0.0	0.0	0.0	0.54115217206602	0.0	0.8568163983569685	0.0	0.3499163114141536	0.0	0.54115217206602	0.0	0.3499163114141536	2.0313798642687457	0.0	0.0	0.0	1.7631383409170525	0.0	0.0	2.1925290461123983	1.037678165474592	0.3499163114141536	0.0	0.0	2.4187637563242244	1.7441736354982802	1.232939397449409	0.3499163114141536	2.697919906747352	0.0	0.0	0.0	0.0	2.247573503358017	0.0	0.3499163114141536	0.0	0.673469661477925	0.0	0.0	0.0	0.0	0.0	0.0	0.0	1.450901217163529	2.647683879512443	0.0	3.2644924596997784	0.0	0.3499163114141536	0.0	0.0	0.0	0.0	0.3499163114141536	1.5045693248415855	0.0	3.7400886055615374	0.0	0.0	0.3499163114141536	1.8316627988816276	0.0	0.7747474903420604	0.0	0.0	2.271245416902768	0.0	0.0	0.3499163114141536	0.0	0.0	0.8568163983569685	0.54115217206602	0.0	0.0	0.0	0.673469661477925	2.635408183930911	0.0	0.0	0.0	1.9367247799644902	0.0
ERR1624570	0.0	0.8649559272949117	0.0	0.0	0.0	1.3006499318535696	0.0	0.3551641313222232	0.9938109450242432	0.0	0.6809245406356366	0.5478978007238434	0.0	0.0	0.0	0.0	0.0	0.6809245406356366	0.3551641313222232	0.0	2.6244327959063947	0.5478978007238434	0.0	0.0	3.267147311895647	0.0	0.0	0.0	0.0	0.0	0.3551641313222232	0.0	0.0	0.5478978007238434	0.0	0.0	0.7826160289107161	0.3551641313222232	1.3006499318535696	0.0	0.0	0.0	0.0	0.0	0.0	0.0	2.165934074423048	1.376193698022906	0.0	0.6809245406356366	0.0	2.736528081832458	0.0	0.0	0.0	0.0	0.0	0.0	0.0	0.0	0.0	0.0	0.0	0.3551641313222232	0.0	0.0	0.0	1.9460567164403988	0.0	1.8641164726813193	0.3551641313222232	0.3551641313222232	2.292005730513485	0.0	0.0	0.0	0.0	0.0	0.0	0.0	0.0	0.3551641313222232	0.0	0.0	0.0	0.0	0.0	0.0	0.9341449143086838	1.9334291889792539	0.0	0.0	0.0	0.0	0.0	0.0	3.5722005981358933	2.4998376634850574	0.0	0.0	0.0	0.0	0.9341449143086838	0.0	0.3551641313222232	0.0	0.0	0.0	0.0	0.0	0.0	0.3551641313222232	0.0	0.3551641313222232	0.0	0.0	0.3551641313222232	0.0	0.0	0.0	1.6180063482072695	0.0	0.0	0.3551641313222232	0.7826160289107161	0.0	0.0	2.0969761358424597	0.0	0.0	0.0	0.3551641313222232	0.0	0.0	0.9341449143086838	1.0930538866677018	1.46001042653585	0.0	0.0	0.0	0.0	2.8744300354598744	0.3551641313222232	0.0	0.0	0.3551641313222232	0.0	0.0	0.0	0.0	0.0	0.0	0.0	1.4201209596936792	2.4501583513890774	0.0	3.3005866878092425	0.0	0.0	0.0	0.3551641313222232	0.0	1.5302382422381624	0.5478978007238434	2.105680578053839	0.3551641313222232	3.5813752820395273	0.0	0.0	0.9938109450242432	0.6809245406356366	0.0	0.0	0.0	0.0	2.074419733444818	0.0	0.0	0.0	0.0	0.0	0.5478978007238434	0.3551641313222232	0.0	0.0	0.0	0.0	1.1352918119970217	0.0	0.0	0.0	0.0	0.0
ERR1624571	0.0	0.0	2.7571612445647125	0.0	0.0	1.734392099079612	0.33396850586927235	0.0	0.6505759661870462	0.0	0.0	0.33396850586927235	0.0	0.0	0.0	0.0	0.0	0.6505759661870462	0.0	0.0	2.5961349578556834	0.0	0.0	0.0	3.1548212391824566	0.0	0.0	0.0	0.0	0.0	0.0	0.0	0.0	0.33396850586927235	0.0	0.0	1.4227036454369686	0.0	0.0	0.0	0.0	0.0	0.0	0.0	0.0	0.0	0.5205065738947517	0.0	0.0	0.9591900567947931	0.0	2.9550155490213386	0.5205065738947517	0.0	0.0	0.0	0.0	0.0	0.0	0.0	0.9001227426693919	0.0	0.0	1.3155294276775757	0.0	0.0	0.0	1.8887454720482593	0.0	2.9698156759947802	3.2932009949052756	1.0995383638197684	1.954889952257281	0.0	0.0	0.0	0.0	0.0	0.0	2.6431819764816655	0.0	0.0	0.0	0.0	0.0	0.0	0.6505759661870462	0.0	0.0	1.9378262396210966	0.0	0.0	0.0	0.0	0.0	0.0	3.670779891656637	1.0995383638197684	0.0	0.0	0.0	0.0	0.0	0.0	0.0	0.0	0.0	0.0	0.0	0.0	0.0	0.5205065738947517	0.0	0.9591900567947931	0.0	0.0	0.0	0.0	0.0	0.0	0.0	0.0	0.0	0.0	0.9001227426693919	0.0	0.0	2.4664407656875396	0.0	0.0	0.0	0.0	1.2905111168957542	0.9591900567947931	0.5205065738947517	0.6505759661870462	1.2054383221815994	0.0	0.0	0.0	0.33396850586927235	0.33396850586927235	0.0	0.0	0.0	0.0	0.6505759661870462	0.0	0.0	0.0	0.0	0.0	0.0	0.33396850586927235	2.3957173775754934	0.0	2.87031977827448	0.0	0.0	0.0	0.0	0.0	0.0	0.0	0.0	0.0	3.236408983160258	0.0	0.0	0.9001227426693919	1.339184679021149	0.0	0.0	0.0	0.33396850586927235	2.0219452007555785	0.0	0.0	0.0	0.0	0.0	0.0	0.0	0.0	0.0	0.0	0.5205065738947517	1.5387000108362294	0.0	0.0	0.0	1.0995383638197684	0.33396850586927235
ERR1624572	0.559426707481485	0.0	0.0	0.0	0.0	1.9159573440066764	0.0	0.0	2.3429558220585673	0.0	0.0	1.9618797580562641	0.0	0.0	0.3641747766100123	0.3641747766100123	0.0	0.3641747766100123	0.3641747766100123	0.6936378233065524	2.8998474376287744	0.3641747766100123	0.0	0.0	3.0889640891584182	0.0	0.0	0.0	0.0	0.0	0.559426707481485	0.3641747766100123	0.6936378233065524	0.3641747766100123	0.0	0.0	1.008215441359641	0.0	1.008215441359641	0.3641747766100123	0.0	0.3641747766100123	0.0	0.0	0.0	0.0	1.9228225419609102	1.7881527408493123	0.0	0.559426707481485	0.0	2.8739564069398154	0.3641747766100123	0.0	0.0	0.0	0.0	0.0	0.0	0.0	0.0	0.0	0.0	2.488890310560901	0.0	0.0	0.0	2.2605325707690955	0.0	1.606272382285448	1.4140857017286415	0.559426707481485	2.3941769074896055	0.3641747766100123	0.0	0.0	0.0	0.0	0.0	1.4140857017286415	0.0	0.0	0.0	0.0	0.0	0.0	0.3641747766100123	0.0	0.559426707481485	1.475466334355911	0.0	0.0	0.0	0.0	0.0	0.0	3.6679727523472785	0.3641747766100123	0.0	0.0	0.0	0.3641747766100123	0.559426707481485	0.0	0.0	0.0	0.0	0.0	0.0	0.0	0.0	0.0	0.0	1.2241689334742625	0.0	0.0	0.0	0.0	1.8723179788654847	0.0	2.0615678356669327	0.0	0.0	1.0608474959173386	0.7960177023603157	0.0	0.0	2.3918700352267597	1.1077849937638486	0.0	0.0	0.0	0.0	0.3641747766100123	0.559426707481485	0.559426707481485	1.4140857017286415	0.0	0.0	0.3641747766100123	0.0	2.389550843924745	0.0	0.559426707481485	0.0	0.3641747766100123	0.0	0.0	0.0	0.3641747766100123	0.0	0.3641747766100123	0.0	0.559426707481485	2.134299950070734	0.0	3.227085771282242	0.0	0.0	0.0	0.3641747766100123	0.0	0.0	0.3641747766100123	2.0034073340459337	0.0	3.387720498135029	0.0	0.0	0.3641747766100123	1.3425791376863783	0.559426707481485	0.3641747766100123	0.0	0.0	2.6766857043975882	0.0	0.0	0.0	0.0	0.0	1.2241689334742625	0.0	0.0	0.0	0.0	2.651986504028153	0.8788076235022879	0.3641747766100123	0.0	0.7960177023603157	0.0	0.0
ERR1624573	0.0	0.2955438340939772	2.9412779778394267	0.0	0.0	2.0184457754823875	0.0	0.0	0.0	0.0	0.6901585691355514	0.2955438340939772	0.0	0.0	0.5938045395137719	0.0	0.0	1.0313657190229855	0.0	0.0	2.302878994813019	0.0	0.0	0.0	2.8887920740686637	0.0	0.0	0.0	0.0	0.0	0.5938045395137719	0.0	0.0	0.0	0.4697908630917036	0.0	0.8934432398621148	0.0	0.5938045395137719	0.0	0.0	0.4697908630917036	0.0	0.0	0.0	0.0	1.8020428716978572	1.8524335260122056	0.0	0.0	0.0	3.0319366899033153	0.2955438340939772	0.0	0.0	0.0	0.0	0.2955438340939772	0.0	0.0	0.0	0.0	0.0	0.8934432398621148	0.0	0.0	0.0	2.575573764154823	0.0	1.4806798074807488	0.4697908630917036	0.2955438340939772	2.5179072741664124	0.0	0.4697908630917036	0.0	0.0	0.0	0.0	0.5938045395137719	0.0	0.0	0.0	0.0	0.0	0.0	0.0	0.0	0.0	0.6901585691355514	0.0	0.0	0.0	0.0	0.0	0.0	3.143693525475958	0.4697908630917036	0.0	0.0	0.0	0.2955438340939772	0.0	0.0	0.0	0.0	0.0	0.0	0.0	0.0	0.0	0.0	0.0	1.745028509689224	0.0	0.0	0.0	0.0	0.0	0.0	2.2677699467364163	0.0	0.0	0.2955438340939772	0.0	0.0	0.0	0.7689687637707311	0.0	0.0	0.0	0.0	0.2955438340939772	0.0	0.6901585691355514	1.103760302540461	0.7689687637707311	0.0	0.0	0.0	0.6901585691355514	2.057238927903037	0.0	0.5938045395137719	0.0	0.2955438340939772	0.0	0.0	0.0	0.0	0.0	0.0	0.0	0.0	1.5574613779108717	0.0	2.9122148507085477	0.0	0.0	0.0	0.2955438340939772	0.0	0.0	0.0	0.0	1.103760302540461	3.9076705001051297	0.0	0.0	0.0	1.1937759128706864	0.0	0.5938045395137719	0.0	0.0	1.9133698957700014	0.2955438340939772	0.0	0.0	0.0	0.0	0.0	0.2955438340939772	0.0	0.0	0.0	0.0	2.300765900304148	0.0	0.0	0.0	0.0	0.0
ERR1624574	0.0	0.27230973551130316	0.4383894161779808	0.0	0.0	2.256802997666951	0.0	0.0	0.0	0.0	0.0	0.0	0.0	0.0	0.27230973551130316	0.0	0.0	0.9468525232217612	0.0	0.0	2.4847749589412933	0.27230973551130316	0.0	0.0	3.418390525438399	0.0	0.0	0.0	0.0	0.0	0.0	0.0	0.0	0.0	0.729171584592119	0.0	1.0593438020841346	0.0	0.0	0.0	0.0	0.7946344576269022	0.0	0.0	0.0	0.27230973551130316	1.8278425686478588	1.433937811398168	0.0	0.0	0.0	2.79431231268806	0.9468525232217612	0.0	0.0	0.0	0.0	0.0	1.3050151770009506	0.0	0.0	0.0	0.0	1.6898495918708685	0.0	0.0	0.0	1.9581706308087394	0.27230973551130316	1.666001688593631	0.4383894161779808	0.0	3.6216888699575813	0.0	2.0615813805478362	0.0	0.0	0.0	0.0	1.1747070830457012	0.27230973551130316	0.0	0.0	0.0	0.0	0.0	0.0	0.0	0.0	0.0	0.0	0.0	0.0	0.0	0.0	0.0	3.5042605837050766	0.6520593403467159	0.0	0.0	0.0	0.0	0.4383894161779808	0.0	0.0	0.0	0.0	0.0	0.0	0.0	0.0	0.0	0.0	0.4383894161779808	0.0	0.0	0.0	0.0	0.5582344650597462	0.0	2.0238366668094367	0.0	0.0	0.0	1.2858351735577407	0.0	0.0	1.433937811398168	0.0	0.6520593403467159	0.0	0.0	1.0911820369083447	0.0	0.8515101302624161	0.7946344576269022	2.3688974032880434	0.0	0.0	0.0	0.27230973551130316	2.459231886943857	0.6520593403467159	0.27230973551130316	0.0	0.0	0.0	0.0	0.0	0.0	0.0	0.0	0.0	0.0	2.530638264921911	0.0	3.0440366860513994	0.27230973551130316	1.9864216726257358	0.0	0.0	0.0	0.0	0.0	1.953980458131611	0.0	2.820850585068063	0.8515101302624161	0.0	0.0	1.0249855368031502	0.0	0.0	0.0	0.0	2.575149972058344	0.0	0.27230973551130316	0.0	0.0	0.0	0.0	0.0	0.0	0.0	0.0	0.4383894161779808	1.0593438020841346	0.0	0.0	0.0	0.0	0.0
ERR1624575	0.558353429908038	0.558353429908038	1.5904750620241996	0.0	0.0	1.3411639289678348	0.0	0.0	0.558353429908038	0.0	1.7578997398228624	0.0	0.0	0.0	0.0	0.9469983738849017	0.0	0.0	0.0	0.0	2.8275443856377236	0.0	0.0	0.0	2.735627642450878	0.0	0.0	0.0	0.0	0.0	0.36333373416297493	0.0	0.0	2.084161034594392	0.36333373416297493	0.0	0.36333373416297493	0.0	0.6924557441073729	0.0	0.0	0.7947725084863514	0.0	0.0	0.0	0.0	2.537996414195402	1.4740333386613798	0.0	0.558353429908038	0.0	1.682205907141797	0.0	0.0	0.0	0.0	0.0	0.0	0.0	0.0	0.0	0.0	0.0	0.558353429908038	0.0	0.0	0.0	2.187793895436152	0.0	0.0	0.36333373416297493	0.0	2.839220473816325	0.0	0.0	0.0	0.0	0.0	0.0	0.0	0.0	0.6924557441073729	0.0	0.0	0.0	1.2227748737048503	0.0	0.0	1.7478611028253492	1.941324320381394	0.0	0.0	0.0	0.0	0.0	0.0	3.803038119391842	0.8775212186702077	0.0	0.36333373416297493	0.0	0.36333373416297493	0.0	0.36333373416297493	0.0	0.0	0.0	0.0	0.0	0.0	0.0	1.8858935184749315	0.0	0.36333373416297493	0.0	0.0	0.0	0.0	0.0	0.0	2.023999541831822	0.0	0.0	0.0	1.1873437357687693	0.0	0.0	2.6691618232105716	0.0	0.0	0.36333373416297493	0.0	1.1064181685321703	0.0	0.9469983738849017	1.006878466771519	3.0757093819796317	0.0	0.558353429908038	0.0	0.0	0.558353429908038	0.0	0.558353429908038	0.0	0.36333373416297493	0.0	0.0	0.0	0.0	0.0	0.0	0.0	0.36333373416297493	2.6893782552966523	0.36333373416297493	3.3717547692582377	0.0	0.0	0.0	0.0	0.0	0.0	0.9469983738849017	0.36333373416297493	0.0	2.359233056244153	0.0	0.0	1.0594938927712079	0.36333373416297493	0.0	0.0	0.0	0.0	1.3144530676408412	0.0	0.0	1.1064181685321703	0.0	0.0	1.7677115683403792	0.0	0.0	0.0	0.0	2.5773239113654345	2.40405411721175	0.0	0.0	0.0	0.0	0.0
ERR1624576	0.7838444540701986	0.0	1.7282302189668062	0.0	0.0	1.0475997710488372	0.0	0.0	1.3619118382121806	0.0	0.43024561655314864	0.0	0.6420800024348816	0.0	0.0	0.0	0.43024561655314864	2.101356069251712	1.8037514981224827	0.0	2.9726442339801125	2.077418857594471	0.0	0.0	3.3145295332200555	0.0	0.0	0.0	0.0	0.0	0.0	0.0	0.0	2.3206572998367525	0.0	0.0	0.43024561655314864	0.0	1.0475997710488372	0.0	0.0	0.8905456305987398	0.0	0.0	0.0	0.0	2.9773175405490893	1.6014115522924763	0.0	0.0	0.0	3.0352522862946003	0.43024561655314864	0.0	0.0	0.0	0.43024561655314864	1.2105196177170146	2.931610889204045	0.0	0.0	0.43024561655314864	0.6420800024348816	1.4979662068284019	0.0	0.0	0.0	1.9327419297581763	0.0	0.7838444540701986	0.43024561655314864	0.6420800024348816	3.0277299605372816	0.0	0.43024561655314864	0.0	0.0	0.0	0.0	1.162697587281848	0.0	0.0	0.0	0.0	0.0	0.6420800024348816	0.0	0.0	1.4485350263680674	1.3619118382121806	0.0	0.0	0.0	0.0	0.0	0.0	3.339123567403315	0.7838444540701986	0.0	0.0	0.0	0.0	0.0	0.0	0.0	0.0	0.0	0.0	0.0	0.0	0.0	0.6420800024348816	0.0	0.0	0.0	0.0	0.0	0.0	0.0	0.0	1.6014115522924763	0.0	0.0	0.7838444540701986	1.4215358426010394	0.0	0.0	2.7305393971930227	0.43024561655314864	0.0	0.0	0.43024561655314864	0.7838444540701986	0.0	0.6420800024348816	0.43024561655314864	3.3323354070724664	0.0	0.0	0.0	0.0	2.052084929851604	0.0	0.0	0.0	0.0	0.0	0.43024561655314864	0.0	0.0	0.0	0.0	0.0	0.8905456305987398	2.40934410034482	0.0	3.0359297171255	0.0	0.0	0.0	0.0	0.0	0.0	0.43024561655314864	0.0	0.0	1.6534006040222686	0.0	0.0	0.43024561655314864	1.7142603610032965	0.0	0.6420800024348816	0.0	0.43024561655314864	2.071222569430276	0.0	0.0	0.0	0.0	0.0	0.6420800024348816	0.0	0.0	0.0	0.0	2.6577625786375307	1.6194416554503586	0.0	0.0	0.0	0.0	0.0
ERR1624577	0.9768469684811881	0.5828525345682836	0.4600903934523918	0.0	0.0	1.0555875964235901	0.0	0.0	0.4600903934523918	0.0	0.0	0.0	0.0	0.0	0.0	0.6784513348083857	0.0	0.7567562345077327	0.0	0.0	3.3881767497381245	0.6784513348083857	0.0	0.0	3.0871570025290143	0.288319870271603	0.0	0.0	0.288319870271603	0.0	0.288319870271603	0.0	1.1222193849170368	0.4600903934523918	0.0	0.288319870271603	0.8230759780285645	0.0	0.7567562345077327	0.0	0.0	0.0	0.0	0.0	0.0	0.0	2.4229974489763864	1.3178259607667437	0.0	0.0	0.0	2.7749556710971413	0.0	0.0	0.0	0.0	0.0	0.0	0.0	0.0	0.0	0.4600903934523918	0.0	0.8805970455747523	0.0	0.0	0.0	1.987291788328061	0.0	1.4065438245930475	0.4600903934523918	0.0	2.9072083716173904	0.0	0.0	0.0	1.4935153420605811	0.0	0.0	0.0	0.0	0.5828525345682836	0.0	0.0	0.0	0.0	0.0	0.0	1.152056543838577	2.2818235101884534	0.0	0.0	0.0	0.0	0.0	0.0	3.519139875785327	0.0	0.0	0.0	0.0	0.0	0.0	0.0	0.0	0.0	0.0	0.0	0.0	0.0	0.0	0.9313829751676933	0.0	0.4600903934523918	0.0	0.0	0.0	0.0	0.7567562345077327	0.0	2.3757025550132385	0.0	0.0	0.288319870271603	0.9313829751676933	0.0	0.0	2.4485019970701254	0.0	0.4600903934523918	0.0	1.152056543838577	0.0	0.288319870271603	1.4065438245930475	0.7567562345077327	3.0360488935934744	0.0	0.0	0.0	0.0	0.288319870271603	0.0	0.288319870271603	0.0	0.0	0.288319870271603	0.0	0.288319870271603	0.0	0.0	0.0	0.0	0.0	2.827931973973415	0.0	3.258641073532812	0.0	0.0	0.0	0.0	0.0	0.288319870271603	0.288319870271603	0.0	0.0	2.341666535904089	0.0	0.0	1.0179993719102252	0.4600903934523918	0.288319870271603	0.288319870271603	0.0	0.288319870271603	1.5546791796562165	0.0	0.0	0.0	0.0	0.0	0.6784513348083857	0.0	0.0	0.0	0.0	3.050130612144533	2.5095681509714094	0.0	0.0	0.0	0.0	1.0901801150768597
ERR1624578	0.7456220255567236	0.7456220255567236	2.2209595510203686	0.0	0.0	2.4507536978895867	0.28180623761659834	0.0	0.0	0.0	0.0	0.0	0.0	0.0	0.45129571618724895	0.0	0.0	0.28180623761659834	0.45129571618724895	0.0	2.472672021343154	0.0	0.0	0.0	2.881877405531896	0.0	0.0	0.0	0.0	0.0	0.45129571618724895	0.0	0.0	0.0	0.0	0.0	0.28180623761659834	0.0	0.6677898204754983	0.0	0.0	0.5728955441218129	0.0	0.28180623761659834	0.0	0.0	2.780925734086105	1.956712888714382	0.0	0.0	0.0	3.1235532787466656	0.28180623761659834	0.0	0.0	0.0	0.0	0.0	0.5728955441218129	0.0	0.0	0.0	0.0	1.6336350194559859	0.0	0.0	0.0	2.6130000219418505	0.0	0.8688685466239003	0.0	0.0	3.4462549245623615	0.0	1.2415772863573924	0.0	0.0	0.0	0.0	0.0	0.0	0.0	0.0	0.0	0.0	0.0	0.28180623761659834	0.0	0.9647600562761032	0.9647600562761032	0.0	0.0	0.0	0.0	0.0	0.0	3.3501992454125906	1.7247993092916496	0.45129571618724895	0.0	0.0	0.0	0.0	0.0	0.0	0.0	0.0	0.0	0.0	0.0	0.0	0.0	0.0	0.28180623761659834	0.0	0.0	0.0	0.0	0.0	0.0	1.49335023835173	0.0	0.0	0.0	0.6677898204754983	0.0	0.0	2.2014478073557613	0.0	0.28180623761659834	0.0	0.0	0.28180623761659834	0.0	0.6677898204754983	0.7456220255567236	3.3295241051443716	0.0	0.0	0.0	0.0	0.28180623761659834	0.0	0.0	0.0	0.0	0.0	0.0	0.0	0.0	0.0	0.0	0.0	0.0	2.503605377486782	0.0	2.8246356873916176	0.28180623761659834	0.7456220255567236	0.0	0.45129571618724895	0.0	0.0	0.0	0.0	0.28180623761659834	3.174204927156803	0.45129571618724895	0.0	0.0	0.5728955441218129	0.0	0.45129571618724895	0.0	0.0	2.0613591927627226	0.0	0.0	0.0	0.0	0.0	0.0	0.0	0.0	0.0	0.28180623761659834	2.936596646837626	1.563750127123001	0.0	0.0	0.0	0.0	0.0
ERR1624579	0.6291011056146075	0.3192431690460093	0.8758683075208423	0.0	0.0	0.986111589685165	0.0	0.3192431690460093	1.4144743261412192	0.0	1.073959565144518	0.0	0.0	0.0	0.0	0.0	0.0	0.3192431690460093	0.3192431690460093	0.0	3.403407030120032	0.727755375720644	0.0	0.0	1.237666250465053	0.0	0.0	0.0	0.0	0.0	0.5012396152569364	0.0	1.1120095121517364	0.0	0.0	0.0	1.073959565144518	0.0	0.9344786787129087	0.0	0.0	0.6291011056146075	0.0	0.0	0.0	0.0	2.674103655880465	1.6258782848919342	0.0	1.179366733811739	0.0	2.838412938072618	0.5012396152569364	0.0	0.0	0.0	0.3192431690460093	0.0	0.5012396152569364	0.0	0.0	0.0	0.0	0.0	0.0	0.0	0.0	2.1784613917502598	0.0	2.281011110146933	0.0	0.5012396152569364	2.3408748816656155	0.0	0.5012396152569364	0.0	1.3562776951137216	0.3192431690460093	0.0	0.0	0.0	0.0	0.0	0.0	0.0	0.0	0.5012396152569364	0.0	1.1120095121517364	2.3050218584326805	0.0	0.0	0.0	0.0	0.0	0.0	3.6005865188046795	1.5259481144946037	0.0	0.0	0.0	0.0	0.0	0.0	0.0	0.0	0.0	0.0	0.0	0.3192431690460093	0.0	0.3192431690460093	0.0	0.0	0.3192431690460093	0.0	0.0	0.0	0.0	0.0	1.8612562495296423	0.0	0.0	0.3192431690460093	1.614574105672025	0.0	0.0	2.3451553433568715	0.0	0.0	0.0	0.6291011056146075	0.3192431690460093	0.3192431690460093	0.6291011056146075	0.5012396152569364	3.2814330754037617	0.0	0.3192431690460093	0.0	0.0	0.0	0.0	0.5012396152569364	0.0	0.0	0.0	0.0	0.0	0.0	0.0	0.0	0.0	1.2094940214558885	2.870699180654645	0.0	3.2873122015184943	0.0	0.0	0.0	0.6291011056146075	0.0	0.0	0.0	0.5012396152569364	0.0	2.673103946903186	0.0	0.0	1.335006495405153	0.0	0.0	0.5012396152569364	0.0	0.5012396152569364	2.3050218584326805	0.0	0.0	0.0	0.0	0.0	1.2890578432687214	0.0	0.0	0.0	0.0	2.7822659643754837	1.032253008842293	0.0	0.0	0.0	0.0	0.0
ERR1624580	0.0	0.2609989453761396	1.6336548080741442	0.0	0.0	0.8304115092232042	0.0	0.2609989453761396	0.5405389143902639	0.0	0.2609989453761396	0.0	0.0	0.0	0.0	0.0	0.0	0.0	0.422882315082178	0.0	1.9620283970153485	0.0	0.0	0.0	3.123023062895794	0.0	0.0	0.0	0.2609989453761396	0.0	0.5405389143902639	0.0	0.0	1.3814572466988757	0.0	0.0	0.7740311338413185	0.0	0.5405389143902639	0.0	0.0	0.7092238458042796	0.0	0.0	0.0	0.0	1.7979032474458663	1.9581056916138806	0.0	0.0	0.0	3.1076599907468423	0.2609989453761396	0.0	0.0	0.0	0.0	0.0	0.0	0.0	0.0	0.0	0.0	1.5202445022532216	0.0	0.0	0.0	2.276110573701122	0.0	1.1257534390777737	1.9253792348277674	0.0	2.812513910748381	0.0	0.6330203045174337	0.0	0.0	0.0	0.0	0.2609989453761396	0.0	0.0	0.0	0.0	0.0	0.0	0.0	0.0	0.7092238458042796	1.814670489267024	0.0	0.0	0.0	0.2609989453761396	0.0	0.0	3.827784269512624	0.7740311338413185	0.6330203045174337	0.0	0.0	0.2609989453761396	0.0	0.0	0.0	0.0	0.0	0.0	0.0	0.0	0.0	1.1994820923243195	0.0	0.0	0.0	0.0	0.2609989453761396	0.0	0.0	0.0	2.190521256029692	0.0	0.0	0.2609989453761396	0.0	0.0	0.0	2.2507532168052387	0.0	0.0	0.0	0.0	0.5405389143902639	0.0	0.8304115092232042	0.7092238458042796	3.3298756600595976	0.0	0.0	0.0	0.0	1.4239112189201897	0.0	0.0	0.0	0.0	0.0	0.0	0.0	0.0	0.0	0.0	0.0	0.0	1.7497418431875462	0.0	3.143811533795658	0.0	0.0	0.0	0.0	0.0	0.0	0.0	0.0	0.0	2.4213098826403905	0.0	0.0	0.2609989453761396	1.299931999740859	0.0	0.6330203045174337	0.0	0.2609989453761396	0.0	0.0	0.0	0.0	0.0	0.0	0.0	0.0	0.0	0.0	0.0	0.2609989453761396	0.5405389143902639	0.0	0.0	0.0	0.0	0.2609989453761396
ERR1624581	0.38390354652990966	0.8249042392428909	2.4593008928204583	0.0	0.0	0.7211074487316694	1.039153857221149	0.0	1.639633312104964	0.0	1.4005095658497615	0.0	0.0	0.0	0.38390354652990966	0.0	0.0	0.38390354652990966	1.1393885832601767	0.0	2.7670236803944084	0.8249042392428909	0.0	0.0	2.4045728423562567	0.0	0.0	0.0	0.0	0.0	0.38390354652990966	0.0	0.0	2.347518644866092	0.0	0.0	0.38390354652990966	0.0	0.5844423656636493	0.0	0.0	0.38390354652990966	0.0	0.0	0.38390354652990966	0.0	1.8027848200883432	1.6535524221918332	0.38390354652990966	0.0	0.0	3.04269414471423	0.38390354652990966	0.0	0.0	0.0	0.5844423656636493	0.0	2.151151115590623	0.0	0.0	0.7211074487316694	0.0	1.1819839722237386	0.0	0.0	0.38390354652990966	2.4903049853724433	0.0	1.5624390169817381	0.0	0.5844423656636493	2.931821498578585	0.0	1.039153857221149	0.0	1.949733732746122	0.0	0.0	0.38390354652990966	0.0	2.0954579237875244	0.0	0.0	0.0	0.0	0.0	0.0	1.7401942591532793	1.9060521690917425	0.0	0.0	0.38390354652990966	0.0	0.9086167387753828	0.0	3.708826032127704	1.1393885832601767	0.9086167387753828	0.5844423656636493	0.0	0.9086167387753828	0.0	0.0	0.0	0.0	0.0	0.0	0.0	0.0	0.0	1.7726161348036173	0.0	1.717151793184391	0.0	0.0	0.0	0.0	0.38390354652990966	0.0	0.0	0.0	0.0	0.38390354652990966	1.4469926092587992	0.0	0.0	2.244822291896387	0.5844423656636493	0.0	0.0	0.0	0.0	0.0	2.146773285670594	1.039153857221149	2.6961391903806526	0.0	0.0	0.0	0.0	1.2207722482604852	0.0	0.38390354652990966	0.0	0.38390354652990966	0.0	0.0	0.5844423656636493	0.0	0.38390354652990966	0.0	0.0	0.0	3.3361934514269214	0.0	3.0443683652140554	0.0	0.0	0.0	0.38390354652990966	0.0	0.0	0.5844423656636493	0.0	1.7288258294490828	2.760647883219182	0.0	0.0	0.8249042392428909	1.3484483944366215	0.0	0.9787714350775133	0.0	0.38390354652990966	2.262030596091531	0.0	0.0	0.0	0.0	0.0	1.6670392446378917	0.0	0.0	0.0	0.38390354652990966	2.4212598288297724	0.8249042392428909	0.38390354652990966	0.0	0.0	0.0	0.0
ERR1624582	0.0	0.27195676091655796	1.6891069814173252	0.0	0.43790773674230354	0.43790773674230354	0.43790773674230354	0.0	1.4731418023371072	0.0	0.27195676091655796	0.0	0.0	0.0	0.27195676091655796	0.0	0.0	0.0	0.5576861405847163	0.0	3.4925746734913994	0.0	0.0	0.0	2.202570738154156	0.0	0.0	0.0	0.0	0.0	0.0	0.0	0.0	1.681302565158449	0.0	0.0	0.0	0.0	0.7285550131899216	0.27195676091655796	0.0	0.27195676091655796	0.0	0.0	0.0	0.0	1.9404123525323773	0.8508588165309714	0.0	0.0	0.0	2.654221202603585	0.27195676091655796	0.0	0.0	0.0	0.6514702636205958	0.27195676091655796	1.696773621954131	0.0	0.27195676091655796	0.6514702636205958	0.0	1.6132371026319223	0.0	0.0	0.0	2.0985776730830525	0.0	1.2650518547692438	0.0	0.5576861405847163	1.5747351557603717	0.0	0.6514702636205958	0.0	2.076958649235282	0.5576861405847163	0.0	0.43790773674230354	0.0	0.0	0.0	0.0	0.0	1.147906192836479	0.7285550131899216	0.0	0.27195676091655796	2.0194860615620467	0.0	0.0	0.6514702636205958	0.27195676091655796	0.0	0.0	3.540864647105781	0.9011294633065943	0.0	0.0	0.0	0.27195676091655796	0.9461801617300648	0.27195676091655796	0.0	0.0	0.0	0.0	0.0	0.0	0.0	1.8156886101102059	0.0	0.0	0.0	0.0	0.0	0.0	0.43790773674230354	0.0	1.8898820885386483	0.0	0.0	0.0	2.130515068910928	0.0	0.0	2.396358614835589	0.6514702636205958	0.43790773674230354	0.0	1.3892261606465515	0.0	0.0	1.0242990581278142	0.7939980847681013	0.7939980847681013	0.0	0.0	0.0	0.0	2.616596340452634	0.0	0.43790773674230354	0.27195676091655796	1.419036336281995	0.7939980847681013	0.0	0.0	0.27195676091655796	0.27195676091655796	0.0	0.0	0.0	2.2998842619977675	0.0	3.6513334516992932	0.0	0.0	0.0	0.27195676091655796	0.0	0.0	0.43790773674230354	2.5419882174487993	0.0	1.681302565158449	0.0	0.0	1.4731418023371072	2.294160961587062	0.6514702636205958	0.27195676091655796	0.0	0.43790773674230354	2.8223759395113963	0.0	0.0	0.0	0.0	0.0	0.5576861405847163	0.0	0.0	0.0	0.0	0.6514702636205958	0.5576861405847163	0.43790773674230354	0.0	0.0	0.0	0.5576861405847163
ERR1624583	0.0	0.0	1.9389839689245127	0.0	0.0	1.2468109580250046	0.0	0.0	0.9037225121366933	0.0	0.4397928034595163	0.0	0.0	0.0	0.2733387334466855	0.0	0.0	0.0	0.2733387334466855	0.0	2.45077680777559	0.2733387334466855	0.0	0.0	3.2945544014113475	0.0	0.0	0.0	0.0	0.0	0.2733387334466855	0.0	0.0	0.2733387334466855	0.0	0.0	0.2733387334466855	0.0	0.9037225121366933	0.0	0.0	1.026983771461816	0.0	0.0	0.0	0.0	2.5016085082327413	2.1306489137231326	0.0	0.0	0.0	2.947112843880221	0.0	0.0	0.0	0.0	0.0	0.2733387334466855	0.0	0.0	0.0	0.0	0.0	1.1506601343248515	0.0	0.0	0.0	2.3822861066778187	0.0	0.9896533473293543	0.4397928034595163	0.7309668939527556	2.1786150758638465	0.0	1.1506601343248515	0.0	0.0	0.0	0.0	0.0	0.0	0.0	0.2733387334466855	0.0	0.0	0.8534063048284679	0.0	0.0	0.7309668939527556	1.9519307847911986	0.0	0.0	0.0	0.0	0.0	0.6537748038244551	3.799347448611125	0.0	0.5598315456958043	0.0	0.0	0.2733387334466855	0.0	0.0	0.5598315456958043	0.0	0.0	0.0	0.0	0.0	0.0	1.567435253924259	0.0	0.5598315456958043	0.0	0.0	0.0	0.0	0.7964872591628838	0.2733387334466855	1.0613578457050132	0.0	0.0	0.0	1.1506601343248515	0.0	0.0	2.3962647020316883	0.9037225121366933	1.4218878958131869	0.0	0.0	0.4397928034595163	0.0	1.4760065496284591	0.7309668939527556	2.856089504723875	0.0	0.0	0.0	0.2733387334466855	1.3600523403119102	0.0	0.0	0.0	0.2733387334466855	0.0	0.0	0.2733387334466855	0.0	0.0	0.0	0.0	0.0	2.979416020800514	0.0	3.3448444674785676	0.0	0.0	0.0	0.0	0.0	0.0	0.5598315456958043	0.2733387334466855	0.0	1.307112172140281	0.0	0.0	0.2733387334466855	0.8534063048284679	0.0	0.4397928034595163	0.0	0.4397928034595163	1.7290630932909699	0.0	0.0	0.0	0.0	0.0	0.0	0.0	0.0	0.0	1.3431126625978753	0.4397928034595163	1.093209654039312	0.0	0.0	0.0	0.0	0.7309668939527556
ERR1624584	0.838536750302896	0.0	1.7387190099349379	0.0	0.0	1.363732242840632	0.0	0.0	1.7147044877950706	0.0	0.0	0.0	0.0	0.0	0.0	0.0	0.0	0.23976979464924314	0.0	0.0	2.9503102353934882	0.0	0.0	0.0	3.504221199722737	0.0	0.0	0.0	0.0	0.0	0.0	0.0	1.4624195175240708	0.0	0.23976979464924314	0.0	0.39335753517543637	0.23976979464924314	0.9226631482257893	0.0	0.0	0.838536750302896	0.0	0.0	0.0	0.0	1.689283945375978	1.363732242840632	0.0	0.23976979464924314	0.0	2.8140243766049324	0.0	0.0	0.0	0.0	0.0	0.23976979464924314	0.0	0.0	0.0	0.23976979464924314	0.0	1.494322666469324	0.0	0.0	0.0	1.594588722139102	0.0	1.1068732181542313	0.0	0.39335753517543637	2.7766087494747214	0.0	0.0	0.0	0.39335753517543637	0.0	0.0	0.23976979464924314	0.0	0.0	0.0	0.0	0.0	0.0	0.39335753517543637	0.0	0.8826337689927327	2.2829661036878366	0.0	0.0	0.0	0.0	0.0	0.0	3.673397314750187	0.23976979464924314	0.0	0.0	0.0	0.0	0.0	0.23976979464924314	0.0	0.0	0.0	0.0	0.0	0.0	0.0	1.3905846610000978	0.0	0.23976979464924314	0.0	0.0	0.0	0.0	0.5065915801291837	0.0	0.23976979464924314	0.0	0.0	0.39335753517543637	1.5044566806506412	0.0	0.0	2.1713636128642886	0.0	0.0	0.0	0.23976979464924314	0.0	0.0	0.7894509295892147	0.39335753517543637	2.440682766114824	0.0	0.0	0.0	0.0	0.7341018005930257	0.0	0.0	0.0	0.0	0.0	0.0	0.0	0.39335753517543637	0.0	0.0	0.0	0.0	2.333310328395261	0.0	3.420229997100671	0.0	0.0	0.0	0.0	0.0	0.0	0.0	0.0	0.0	1.9825313239678368	0.0	0.0	1.053705177520632	0.5065915801291837	0.0	0.0	0.0	0.5065915801291837	1.929440951670688	0.0	0.0	0.0	0.0	0.0	0.23976979464924314	0.0	0.0	0.0	0.0	2.931988376824247	0.7341018005930257	0.0	0.0	0.0	0.0	0.5065915801291837
ERR1624585	0.0	0.0	1.5110234023359426	0.0	0.0	0.5863387827083959	0.0	0.0	0.0	0.0	0.38540889946334905	0.0	0.0	0.0	0.0	0.0	0.0	0.0	0.5863387827083959	0.0	3.1353220999218925	0.5863387827083959	0.0	0.0	3.6534076171865837	0.0	0.38540889946334905	0.0	0.7231836529253786	0.0	0.9108633310379536	0.9108633310379536	0.0	1.1843779123347407	0.0	0.38540889946334905	0.38540889946334905	0.0	0.5863387827083959	0.0	0.0	0.38540889946334905	0.0	0.0	0.0	0.0	2.1220795756219895	0.7231836529253786	0.0	1.851355585931431	0.0	3.2304379897055964	0.0	0.0	0.0	0.0	0.38540889946334905	0.0	0.5863387827083959	0.0	0.38540889946334905	0.0	0.0	1.0945119041525588	0.0	0.0	0.0	1.2917161145500202	0.0	3.2721723609505915	2.5436342733926534	0.9810650856665292	2.2611909428389776	0.0	0.38540889946334905	0.0	0.38540889946334905	0.0	0.0	0.38540889946334905	0.0	0.5863387827083959	0.0	0.0	0.0	0.0	0.7231836529253786	0.0	0.5863387827083959	1.597477863125918	0.38540889946334905	0.0	0.0	0.0	0.0	0.0	3.1587625385365694	1.3777129237101393	0.0	0.0	0.0	0.0	0.0	0.0	0.0	0.0	0.0	0.0	0.0	0.38540889946334905	0.38540889946334905	0.5863387827083959	0.0	0.38540889946334905	0.0	0.0	0.38540889946334905	0.0	0.38540889946334905	0.8270837564963404	0.5863387827083959	0.0	0.0	0.38540889946334905	0.7231836529253786	0.0	0.0	1.3777129237101393	0.0	0.38540889946334905	0.0	0.0	2.097999392388197	0.9810650856665292	0.5863387827083959	0.5863387827083959	1.8600071839268488	0.0	0.7231836529253786	0.0	0.7231836529253786	1.4709675967821267	0.0	0.38540889946334905	0.0	0.0	0.0	0.0	0.0	0.8270837564963404	0.0	0.0	0.0	0.0	2.1359118025981148	0.0	3.0169528662036886	0.0	0.0	0.0	0.0	0.5863387827083959	0.0	0.5863387827083959	0.8270837564963404	0.0	2.7457308147985997	0.38540889946334905	0.0	0.0	2.545405461669104	0.0	0.38540889946334905	0.0	0.38540889946334905	1.9982323738461514	0.0	0.0	0.0	0.0	0.0	0.5863387827083959	0.0	0.38540889946334905	0.0	0.0	1.627754711196097	2.774823920940782	0.0	0.0	0.38540889946334905	1.141765203807864	0.8270837564963404
