BS	Assal	Ilhan	Afshar	Chaudhari_SG	Lazaro_SG	LOSO
SAMPLE-1	0.516335797811414	0.914858225652046	0.451245525128781	0.723931368501161	0.468194311748396	0.0711313432766886	0.881059377217689
SAMPLE-2	0.112351464414627	0.00484609020676712	0.267923698765981	0.262536638223748	0.427959361575338	0.631227309136724	0.159622197021923
SAMPLE-3	0.809449221669894	0.45607802079734	0.36925371665938	0.844722147246969	0.395473519007196	0.741192672047924	0.987918827659221
SAMPLE-4	0.833777099087264	0.209634759820035	0.195687586046042	0.813214850133736	0.382299919974869	0.45742053081762	0.964756951219163
SAMPLE-5	0.112796863011818	0.0290133219695021	0.211625506843813	0.434540679090453	0.586821012040963	0.253286699680619	0.901290515684025
SAMPLE-6	0.513431159015866	0.104975614956337	0.355232916537409	0.575777824012912	0.840611943711095	0.140915750017727	0.936894938484774
SAMPLE-7	0.722602798169719	0.582496860213089	0.309288132165396	0.861589185380719	0.40626869636548	0.214111336862286	0.987820771142639
SAMPLE-8	0.149362978201062	0.0354145949215723	0.456688884265196	0.451350738370388	0.298237790119203	0.477986030162485	0.724823053464022
SAMPLE-9	0.433689001842102	0.0320611178907612	0.300539342259066	0.781525401862374	0.338823236998954	0.595511145925559	0.886000664219387
SAMPLE-10	0.830014881096746	0.0225771093747869	0.360607148124244	0.748722652746803	0.323136286923237	0.603907803488438	0.819596228912204
SAMPLE-11	0.775425020050629	0.198961036658185	0.498523902472598	0.730485358278191	0.7396202802081	0.268882500292863	0.987681770347479
SAMPLE-12	0.100458549886385	0.0139707875364782	0.215507196083085	0.22750151114252	0.210746126034982	0.594057662927583	0.0274075250025256
SAMPLE-13	0.730024740809461	0.906289291396158	0.422623107739192	0.561869254493318	0.355118167393319	0.332235329382942	0.745429793401846
SAMPLE-14	0.162859690769818	0.175560845984607	0.329344007626829	0.32388118419637	0.226409060030941	0.669146091775495	0.0349542002201892
SAMPLE-15	0.1099789395256	0.01870113168402	0.355790710999657	0.30478888477443	0.338361849218542	0.551254311458765	0.53268063669845
SAMPLE-16	0.925821799881426	0.69447917683776	0.232624899560754	0.732089134955621	0.745491957338083	0.682410095734603	0.999611275078983
SAMPLE-17	0.829526639364712	0.846418798747336	0.184863985501466	0.689728708204878	0.420479270459494	0.106490161786312	0.994582825014971
SAMPLE-18	0.340451771840201	0.256419266667919	0.351029633016414	0.51361401505316	0.229647864240574	0.710073555966517	0.109348202326776
SAMPLE-19	0.625392026651676	0.926947088415089	0.374097650175943	0.586823017764784	0.600876459609251	0.52989786448092	0.989531754194938
SAMPLE-20	0.538599464456703	0.808482079645978	0.361470739638633	0.670151174388154	0.314166511910837	0.437350654374225	0.477415535017945
SAMPLE-21	0.160731315546168	0.156232093703989	0.246442031072305	0.280855820243532	0.55795447528617	0.0687511888132238	0.190904043120926
SAMPLE-22	0.732227299036735	0.313229432990536	0.386779216825246	0.713023069783715	0.647800513804735	0.292825451144954	0.973727105259895
SAMPLE-23	0.71310679427036	0.185967027298309	0.184181008981067	0.557451050819563	0.144617154082974	0.167361813414395	0.100380895419906
SAMPLE-24	0.130003837732828	0.00987805301159966	0.366221809418646	0.244258119331234	0.297136574907554	0.761943713806773	0.100862454284378
SAMPLE-25	0.531030759947522	0.0106475255586916	0.442127487009797	0.380661843225959	0.224124912333162	0.645383721964358	0.251493718404825
SAMPLE-26	0.905251852399219	0.449701190209067	0.336745433134829	0.709111097671008	0.524252255568372	0.271161649680298	0.961258203068057
SAMPLE-27	0.867712788405565	0.953585572075475	0.382753109133833	0.624571163056903	0.300467024846809	0.103660778317945	0.964802947424596
SAMPLE-28	0.704717279102929	0.416480257959367	0.226845301522423	0.772164061618341	0.47787390601069	0.344633023564898	0.961176304870477
SAMPLE-29	0.781829676356646	0.500598428009675	0.248356793565484	0.627823589042633	0.607921299770667	0.0997145855352363	0.965669832201508
SAMPLE-30	0.310336313010212	0.0459793110453981	0.268130100543683	0.306281026616518	0.59285113895019	0.400435199219929	0.166257525849419
SAMPLE-31	0.232825457959589	0.0548702421118308	0.168746726142358	0.523916516305074	0.237014826015843	0.378485875639178	0.863409153662189
SAMPLE-32	0.748024180722888	0.148182586399823	0.341655245336101	0.811461687894047	0.472422249048573	0.471725154329382	0.967292836272589
SAMPLE-33	0.155827071109026	0.0254787025559246	0.29401188704287	0.336186654354641	0.107605129973019	0.55808457796217	0.0432185597861645
SAMPLE-34	0.144729007164698	0.0305605830721465	0.24381051069281	0.315872363937119	0.208747831645759	0.712145706173338	0.224661411414782
SAMPLE-35	0.897571872737254	0.331373208671675	0.290549463728088	0.834428694262255	0.463338485631342	0.819794433630806	0.976507388658756
SAMPLE-36	0.204904196331813	0.00703182613556846	0.237283219788845	0.346115835722704	0.312292731582048	0.79412839851999	0.0582853886217066
SAMPLE-37	0.234875466792723	0.0339864307415055	0.200995514412709	0.413362370413927	0.320454316765314	0.428864279137573	0.0277180820291265
SAMPLE-38	0.650949376725732	0.0161490709043019	0.141513368858307	0.644057462933335	0.517188355429247	0.63197208274046	0.137857675149613
SAMPLE-39	0.890763994731894	0.927124441151257	0.382017961080149	0.717915400338192	0.580932508883117	0.430642880687847	0.820072437068035
SAMPLE-40	0.126512111611755	0.0253340028915961	0.408251574179959	0.241939967448593	0.140720655864097	0.517693106049165	0.0299770163630451
SAMPLE-41	0.0359979423235668	0.00597912019301323	0.361198024990528	0.121846976224624	0.20755736673957	0.82167324806692	0.22666599906607
SAMPLE-42	0.453444100668892	0.0675402434113136	0.223432727889661	0.584572653726313	0.208411592950064	0.458404575641127	0.244004970319545
SAMPLE-43	0.178534196315154	0.107584775329574	0.374686645196934	0.356012810379712	0.297111407146474	0.591785313367876	0.381161389498354
SAMPLE-44	0.953833169397211	0.920738748131426	0.2553669349167	0.665047343121242	0.790382954197929	0.170080963994338	0.87669284796598
SAMPLE-45	0.76193885916647	0.47042751692407	0.167812549095785	0.443045206953632	0.316549986729854	0.2444231259012	0.117177498690551
SAMPLE-46	0.411299316969955	0.277265530521404	0.255871734322018	0.454412926968721	0.241998045859962	0.143575772899778	0.832580912777604
SAMPLE-47	0.687125397769971	0.0956090920278286	0.400533150550492	0.353005105153742	0.467463916791852	0.805355507830268	0.271114546928743
SAMPLE-48	0.914998303076465	0.718897467012117	0.346564772566498	0.565705439841632	0.221591144466776	0.664768488309587	0.58784996769897
SAMPLE-49	0.189164142726852	0.0240547724244479	0.203603320866627	0.333884201639971	0.167895119707369	0.571773397820961	0.0882983678173542
SAMPLE-50	0.843380545619166	0.136141457161666	0.26761255311957	0.725956711222508	0.255341416803717	0.457568313671234	0.676677391398649
SAMPLE-51	0.891620081121375	0.854911145627465	0.301649229629103	0.553898266011944	0.354167321479143	0.597748309395875	0.958773116373977
SAMPLE-52	0.442072496372436	0.103865955752742	0.436426872955801	0.291949024795171	0.104923463368772	0.609761456089625	0.0693275877141043
SAMPLE-53	0.697101768374684	0.00827584831852427	0.218442156079426	0.672313026508276	0.669202937154216	0.767392050125812	0.942632481811767
SAMPLE-54	0.141718554985221	0.00453614005125729	0.236872602981993	0.260935233073626	0.643691884087578	0.570235720248566	0.870726020454285
SAMPLE-55	0.0678427931446235	0.110384960117133	0.157429525324976	0.256105717751324	0.132654139899659	0.31250430794816	0.0123659972707505
SAMPLE-56	0.953881692773304	0.753055986979749	0.363999040927951	0.865495402033173	0.433880163777158	0.627711416501752	0.998848392846505
SAMPLE-57	0.228837994918495	0.0327391172530138	0.514084917442854	0.408579095229831	0.439120340277598	0.60107688956271	0.420082107901829
SAMPLE-58	0.950383007686922	0.758277565744431	0.535874957033062	0.789587648438449	0.678246307454233	0.43210163512989	0.981022512392032
SAMPLE-59	0.206483932068919	0.00811659171203908	0.191723934328229	0.268592893941215	0.24363004539361	0.566731793562835	0.00673362181363091
SAMPLE-60	0.0667808794684186	0.00349786555435974	0.203625104801513	0.205132802977421	0.163144343939673	0.731481348316512	0.0124463115957601
SAMPLE-61	0.617289587272427	0.322262533263802	0.254876640011439	0.570336943044227	0.28124192532045	0.528869931682757	0.671125670856012
SRR5865065	0.711737427937418	0.917438902488623	0.375503016795021	0.592883799211562	0.724654100038636	0.676743823908713	0.976564844988425
SRR5865066	0.590865948548172	0.699638215222881	0.483354880444994	0.429686094018587	0.748697909699908	0.551451314327912	0.971271910363727
SRR5865067	0.0973943485076993	0.0933775674793709	0.465923646812207	0.166570822579092	0.531484884014183	0.666016387899463	0.328355311189305
SRR5865068	0.755456205459713	0.851564645201213	0.434279859650101	0.581289098123311	0.734449734383945	0.507278983853083	0.995616652453586
SRR5865069	0.108085343663282	0.321409203859027	0.318507934951891	0.385365744295681	0.318287937025005	0.369322789128271	0.744348176202234
SRR5865070	0.370461866707329	0.36905611725567	0.376600357332046	0.266944682332482	0.486666862577506	0.578780295522508	0.505492829793255
SRR5865071	0.689375817713543	0.842959635447062	0.433449468281043	0.604491594921514	0.314845612320822	0.463712452877757	0.744442731194199
SRR5865072	0.22718466280017	0.0920473777987821	0.35035516081612	0.432177566494489	0.598518803262201	0.786528605131767	0.782430060819134
SRR5865073	0.585914751354618	0.807401601881292	0.354405358820475	0.159241195837256	0.600400152696458	0.439405220275105	0.731562467714417
SRR5865074	0.702059070051912	0.788426532699872	0.449927042514466	0.544862947220318	0.673170576726402	0.622181986381143	0.971795110549527
SRR5865075	0.281829739502305	0.606853173358902	0.368811535127474	0.396914056840928	0.730796608117933	0.607010841158645	0.955481156496764
SRR5865077	0.242711242563655	0.181214796862558	0.442359782917793	0.36228358779303	0.761570094960296	0.536632010379171	0.975384956263452
SRR5865085	0.268976329241746	0.63712543468572	0.463251127388018	0.291833451647195	0.760605471009393	0.676001351283911	0.959117008373152
SRR5865086	0.536561141893115	0.818537243014262	0.435747214247057	0.504548423917446	0.738168776063903	0.351858979576274	0.917829034463644
SRR5865087	0.591470934598028	0.44460666848956	0.404719349533437	0.403142504521936	0.71896783778988	0.741727536101481	0.921644868211611
SRR5865096	0.702206203401253	0.897461969593245	0.427368418820048	0.516110205587211	0.83738690216149	0.55369824579176	0.999116304221701
SRR5865097	0.709041734859383	0.909658559113424	0.406546458044256	0.601571934846097	0.73448258422473	0.738767028767019	0.945746903698988
SRR5865098	0.697020083290826	0.898898095898412	0.43067909417058	0.512878105695583	0.480096075844506	0.68826107602682	0.970369698473509
SRR5865110	0.280227271591926	0.183906363291197	0.398831266070234	0.120081640174368	0.627121795214016	0.626356383244188	0.444068198453806
SRR5865111	0.242807117988406	0.269691841247253	0.388704120527111	0.186018654898736	0.366968887480733	0.537800377552696	0.71354896943897
SRR5865112	0.729295418540552	0.925721760033295	0.441912859357946	0.456882482889408	0.820146539894393	0.674320800660041	0.988945975311413
SRR5865114	0.25642441019571	0.0317877848807597	0.417881332443556	0.222589478446395	0.331266416344816	0.752380817307219	0.628629610162957
SRR5865115	0.24667280676637	0.911528429570228	0.415683006162741	0.376446631825789	0.561613695587769	0.620150025877234	0.992574065612431
SRR5865116	0.825458398000014	0.955589617791446	0.430245063195357	0.64176528622095	0.62644886895025	0.774711759086477	0.999595307995956
SRR5865120	0.126363100820353	0.211154462613981	0.319033049079466	0.133634239670916	0.212416844931839	0.539422967891382	0.499204050503859
SRR5865121	0.178105863889961	0.270993059544871	0.411279134351181	0.202200366762882	0.542352325113288	0.756037855489147	0.470415012745676
SRR5865122	0.471219708213125	0.725035589715028	0.464778743399827	0.428347172342214	0.70930402142715	0.815147090304182	0.918085029082558
SRR5865123	0.258289066855458	0.710217132319565	0.465346205790459	0.194810864679803	0.689785332000282	0.620084671099364	0.777402901031724
SRR5865124	0.400388321800123	0.611095073680953	0.439479351195423	0.24092766519282	0.338106893406117	0.605901914825356	0.449419295895727
SRR5865125	0.387264790434927	0.778501821155837	0.535127095619556	0.297491092354833	0.771480469381489	0.316325967022805	0.98212472382519
SRR5865126	0.262915731799145	0.873683482419002	0.514912064302507	0.225663982162813	0.672526366100155	0.228315552730491	0.993719255219883
SRR5865127	0.78737151998655	0.813787095886598	0.40721850035559	0.532718988242537	0.480068067962628	0.681729387393568	0.971493370394774
SRR5865128	0.167585346256194	0.530219167575297	0.432029926350364	0.294741938332995	0.576470710168575	0.672459645154638	0.806807479662748
SRR5865129	0.193116583605543	0.418867704856732	0.398861785763274	0.241738735851161	0.424827289852794	0.727696363929415	0.601833799256773
SRR5865130	0.353901090816298	0.363407681137198	0.463105578772073	0.259160559691297	0.469089493853008	0.735628952830069	0.770258106011339
SRR5865078	0.775963807227012	0.771591585608007	0.425322572619727	0.366664330071874	0.601992981337716	0.558067016876572	0.995594144043924
SRR5865079	0.617222513936224	0.721066952391449	0.489533994193579	0.433871198794237	0.625457428315321	0.487822865995943	0.973499476428275
SRR5865080	0.594562759467367	0.849488437688609	0.481805429458072	0.568770411355825	0.548944383568396	0.612926018897434	0.99308612085678
SRR5865081	0.129357681617013	0.13319104875326	0.445787508638635	0.249554948407497	0.408302586717894	0.622549951958105	0.751736315758567
SRR5865082	0.797225071684034	0.919325611392766	0.43939360461647	0.635880130964555	0.818854034161858	0.706069748177373	0.999735447518243
SRR5865083	0.741579379354411	0.886767131972307	0.439129218821133	0.595772626591545	0.819418436520963	0.552506522250514	0.998524428635737
SRR5865084	0.176204867582035	0.831038517014516	0.377513444301909	0.169607404951471	0.573090622982817	0.623903536388359	0.658284126305593
SRR5865088	0.75769092061788	0.522729465712735	0.352751859191825	0.555944642947844	0.729330476712174	0.732223119539943	0.974673767578933
SRR5865090	0.553089932955055	0.827416033363484	0.433985011544252	0.362329610685576	0.605507916389194	0.686429670677607	0.911140126908324
SRR5865091	0.396146928007447	0.885193809086933	0.463335694807141	0.279825946240855	0.481348529376474	0.562795481100892	0.938209102908752
SRR5865092	0.575737827176779	0.931586335505306	0.526870286722806	0.564948404148827	0.709023876222163	0.580954230942345	0.997806612015371
SRR5865093	0.572066934830067	0.858350681832032	0.339569729352522	0.360071342531624	0.613587775880611	0.592967433629695	0.675806461860075
SRR5865094	0.634065074746252	0.876976108782296	0.364803165524674	0.365382080803041	0.600259302905924	0.530626456374961	0.969506419981817
SRR5865095	0.519387059757883	0.871501975685533	0.437380437864522	0.253656937918888	0.571430936448564	0.232023272478283	0.839630207363539
SRR5865099	0.46613630104048	0.730629696134713	0.421397008186649	0.507050131478708	0.664761300229872	0.805233138777346	0.981123789829095
SRR5865100	0.239222446086295	0.530592998375331	0.401963579871352	0.248433165629213	0.548386722979522	0.631284156998697	0.857594574857142
SRR5865101	0.734537246885021	0.757935508382412	0.422896161712654	0.574090201455689	0.72906565394467	0.686277933584475	0.978232787666349
SRR5865102	0.218159070853438	0.154995295301992	0.298680232757269	0.164200581258769	0.502244344071047	0.646404177627679	0.694895922136506
SRR5865103	0.150328217558478	0.649122479278043	0.451846479033922	0.306742793825842	0.782010885091166	0.327312802730983	0.845054492000983
SRR5865104	0.589807212658042	0.928843776124858	0.492518544152201	0.579916881522101	0.689455719747108	0.618146014540635	0.995044506158212
SRR5865105	0.212963206925586	0.256830048078406	0.383978292285276	0.156415617441695	0.6379002963028	0.62428509089527	0.693607080088748
SRR5865107	0.679229445554486	0.815864975847987	0.413351535102972	0.409319242639484	0.687249139545985	0.783321452123587	0.997343825463647
SRR5865108	0.468561320266065	0.871986496111572	0.388839732021369	0.24462253207612	0.789850177998752	0.260113809176189	0.976609421296013
SRR5865109	0.497451352161473	0.802734023824534	0.394568929272073	0.179676701770201	0.561210818674231	0.380068264655156	0.843360419450718
SRR5865117	0.330055150980225	0.338157348717703	0.430367904584482	0.364011025316111	0.557103255737667	0.672499195935782	0.755292377926522
SRR5865118	0.594160083438321	0.768261253918089	0.474451525830392	0.645550389696277	0.76695153849399	0.556667911742608	0.985816767898429
SRR5865119	0.320726575392266	0.457992327222221	0.440210672937344	0.204959576243274	0.460656751172207	0.731337937285676	0.380513652765045
SRR5865131	0.271229420641139	0.838057092884367	0.448112646432156	0.338960787720172	0.501550145962297	0.783677634379538	0.969159133896118
SRR5865132	0.556019115294997	0.731088653119983	0.44192806466193	0.655279766793141	0.5097770292695	0.794490498383265	0.940300102057794
SRR5865133	0.246832880370827	0.224756101777607	0.440965606745244	0.207589959999444	0.765018777861988	0.593263779846564	0.969414370046732
SRR5865134	0.597799031687115	0.61953189728174	0.414741756095969	0.443290009521087	0.692018958830565	0.605623370208776	0.98242241488075
SRR5865135	0.156152606557486	0.375516958818543	0.469943956550305	0.11141912648159	0.274018488565865	0.610724223091134	0.412018767094608
SRR11292125	0.642014055299703	0.539197446372057	0.755609815748395	0.696776375073937	0.553342455038834	0.63901890284855	0.896307795007025
SRR11292126	0.456018197260463	0.320321939199796	0.432353053966401	0.540317691518298	0.603819671364077	0.718557116318369	0.953922786467294
SRR11292127	0.330110664701761	0.0471092163400552	0.683486692477389	0.674105556254732	0.509424684007707	0.593884713070383	0.803236042770646
SRR11292131	0.745506255706762	0.657736303745267	0.914524277622552	0.65179713460077	0.581217146274319	0.495049892869945	0.959198627723204
SRR11292132	0.0398244713423273	0.0118811469188987	0.291754062210154	0.199207878065375	0.364564235022392	0.26666903862284	0.0182683806742155
SRR11292136	0.147867159287893	0.0150316663131137	0.468763264848512	0.209725853506624	0.302167529332791	0.563519836791092	0.0194699108326169
SRR11292137	0.604555213868194	0.322782569302822	0.689770717916738	0.675967739625387	0.455721368129103	0.610769872094929	0.566301379025975
SRR11292138	0.0547270014817556	0.00811303054106415	0.453067511305907	0.212100494973141	0.24355435189267	0.285439674366903	0.0165878160592947
SRR11292140	0.263764650544032	0.0379364657057655	0.872000323652616	0.624502623501566	0.472769075257012	0.659619562710627	0.514410715038153
SRR11292141	0.347068932820311	0.671935896128848	0.763815578859256	0.316497579159106	0.486420419937876	0.588824022006597	0.98360611497176
SRR11292142	0.474642020253075	0.0239467839190858	0.549107625152639	0.562158723288397	0.320146023451811	0.618933974426397	0.147975475159145
SRR11292143	0.320373623284861	0.708274753788743	0.765589383911712	0.258305446363357	0.449712429956146	0.222203374700851	0.0713274035153564
SRR11292144	0.286377439708192	0.0172092382822028	0.285715842736086	0.327086059786097	0.427177983719185	0.595818389468904	0.0431688793563703
SRR11292145	0.505920089585458	0.12207844815307	0.4288202847348	0.415969332753973	0.246142796640766	0.367496925091223	0.19310086101842
SRR11292146	0.659578104184487	0.479969428274765	0.826258377921275	0.518195795897763	0.767951749074645	0.367229568832026	0.924482777514713
SRR11292147	0.453521598029581	0.599230173203477	0.606282031559093	0.469755162690675	0.374298514466914	0.571076079582211	0.651653569924004
SRR11292148	0.551555113312144	0.843022632782969	0.72419384346965	0.321715016266013	0.669258846599297	0.567540059139428	0.998456215638209
SRR11292129	0.666310348877709	0.897342801147404	0.611860352090127	0.329507348641135	0.625546067475809	0.512613910041062	0.990724354173526
SRR11292130	0.773025366341543	0.435897462765123	0.31742923091842	0.603379923773092	0.367117067615839	0.631017153086177	0.979969432358382
SRR11292133	0.37376243379208	0.247180141994871	0.818618080445717	0.673791768027782	0.650387728184092	0.759812079517736	0.990276205621517
SRR11292134	0.105236812990818	0.00691113478842307	0.51622214882918	0.143693384034482	0.873829930352306	0.618377002025808	0.0179763253607827
SRR11292135	0.0986336585464179	0.0239094502015161	0.138690210821375	0.241723341951955	0.252714475708568	0.490563962672541	0.0172315859378117
ERR1624539	0.155794338852715	0.0354952626865202	0.320442055045646	0.448192871352087	0.161193471454556	0.689292413025804	0.00441275442129063
ERR1624542	0.438618055158017	0.0164678969535264	0.267414658870672	0.575885091796043	0.187922614479947	0.706626697037544	0.00393417101836276
ERR1624545	0.94740638676918	0.252475572747846	0.37995267567137	0.914474096209185	0.72529546934189	0.104099067395998	0.524306097850838
ERR1624547	0.450438893368023	0.109554948319405	0.382355936191808	0.563108263474028	0.137408385051666	0.689929669167568	0.00218819844709122
ERR1624549	0.200871309499808	0.0833186487872375	0.351014730203343	0.485457137429052	0.617533768755676	0.497144687823457	0.284162345285455
ERR1624550	0.188766683552065	0.192867890752965	0.34089047170265	0.113228644751979	0.238424130598223	0.441055254563156	0.245910407375084
ERR1624552	0.586791238558242	0.325218862172703	0.367415424461127	0.759902710975291	0.454510791953087	0.638395811528437	0.027489143661834
ERR1624553	0.126362852096673	0.0180788859727558	0.358344000087321	0.292055113983233	0.136550884206135	0.589359329725931	0.000931686149129184
ERR1624554	0.240047920022219	0.478096207590626	0.436552350943164	0.412859866203866	0.126993733423219	0.11135064394153	0.199611605422378
ERR1624555	0.180308564571785	0.00840811563219838	0.159762068406478	0.391870980967756	0.192716448389936	0.608876313531306	0.00379940394935902
ERR1624556	0.771615454149372	0.490443230852982	0.355073908484437	0.839581651199602	0.312173664655232	0.688239163572664	0.205170926292007
ERR1624559	0.720208158710567	0.747858301325276	0.352251994318275	0.711883850771868	0.664120383072542	0.552349480842996	0.408313732291196
ERR1624560	0.831515740750971	0.777793716483953	0.444338948238825	0.72978212054571	0.705038428480903	0.267076242495091	0.875209181878159
ERR1624562	0.829318645635726	0.605469361936179	0.36369057708076	0.780971097847999	0.250458278433932	0.59587604389898	0.0639668966526662
ERR1624564	0.69308184111917	0.384255759070072	0.422652031113739	0.726066926139404	0.632628061751435	0.624136268496947	0.986083059444612
ERR1624565	0.28118933716654	0.0309023683812027	0.263789744604701	0.550977095431188	0.191767981938195	0.531752946230438	0.0236976934604758
ERR1624567	0.671959234909733	0.3887362656274	0.366529252744737	0.580895869972846	0.278982037283822	0.488294982540704	0.215439687804793
ERR1624570	0.467933006081491	0.359881571585856	0.372708610087317	0.336311975237559	0.13838275390497	0.559923549906387	0.0348947459339925
ERR1624536	0.18264718026086	0.00868923664770448	0.22070676252725	0.258472922088025	0.176695750666589	0.687405688490616	0.000679087525511909
ERR1624537	0.412525201723819	0.0163479826750267	0.336247742761931	0.381366261821002	0.174592249771665	0.646641949069709	0.000786590920970006
ERR1624538	0.160196887913938	0.0076739656657135	0.131577342322379	0.317347220555022	0.239427413106935	0.564101883007522	0.00167532457231617
ERR1624540	0.365050638314484	0.0425222597496537	0.200036512004505	0.412408272264908	0.314535886524393	0.74418343816558	0.00379514137769748
ERR1624541	0.179862041704614	0.0041264052265401	0.211091484151701	0.163379920608234	0.340861168026355	0.591384549259365	0.0250575712885537
ERR1624543	0.26159772493784	0.182525045149827	0.353354346221262	0.362863824704155	0.153007081863997	0.521138757885279	0.0409545945428921
ERR1624544	0.745566829045073	0.424351042279942	0.341801637308724	0.744765222615889	0.0781359771882773	0.60065980331129	0.0571954637093457
ERR1624546	0.146430118881355	0.0244273894500106	0.261450331441008	0.526922979522416	0.119289213555882	0.475460139910134	0.569150838431242
ERR1624548	0.39732561560638	0.0325398452531423	0.336652079536092	0.336809972209766	0.282551302341756	0.474270210177511	0.166876476539309
ERR1624551	0.154761092554744	0.0102976523447622	0.363727516412858	0.330380862702917	0.160826469878549	0.57500600679274	0.00174066154352974
ERR1624557	0.495618693128251	0.278278231328327	0.192565405809209	0.256485650425108	0.230600032188426	0.393945226606126	0.531878218424887
ERR1624558	0.750439122836514	0.0456438576761786	0.365162965311256	0.854834238287961	0.199763904360313	0.6796367641145	0.0113235927680341
ERR1624561	0.736796705916113	0.0765746364015801	0.371894452120354	0.678164311480532	0.259005212625923	0.441349903099432	0.0774275467773928
ERR1624563	0.781765568667221	0.377128306993721	0.257110911918982	0.439166336948627	0.412643724984954	0.083731149889383	0.0562564754600492
ERR1624566	0.364203064060295	0.0132303904712791	0.273941223807323	0.4800498559412	0.197819101977799	0.609175347482328	0.00743376542437348
ERR1624568	0.267364077021461	0.0606213610665659	0.329480425427723	0.188348128079342	0.394911576050809	0.524079125673237	0.0430787572313483
ERR1624569	0.946489158342638	0.794017056474019	0.420257578018907	0.53991962361592	0.306377843896019	0.686870594506184	0.899077910448356
ERR1624571	0.62878442138695	0.598239868345244	0.405729769028477	0.699078733479614	0.255376236145826	0.339079581778995	0.578757979740629
ERR1624572	0.812002679474332	0.0132083489873655	0.363439448684163	0.581280314329809	0.159680652453815	0.761708405103399	0.505587268700653
ERR1624573	0.839933029282383	0.107470959274764	0.380600313076521	0.775748921225228	0.358998101355414	0.13243891833347	0.440420039286421
SRR11856064	0.506944982709089	0.552102147025815	0.266062119659593	0.598509354606353	0.802029159043347	0.738695380828625	0.904280351732727
SRR11856046	0.558247762761878	0.342538265946261	0.284514853664696	0.50376036803716	0.889956502326366	0.539926906854831	0.943983473520699
SRR11856063	0.189333149958449	0.163539936683029	0.420152723321999	0.202111319166639	0.252500299806745	0.536141914187665	0.108518746983262
SRR11856044	0.513616313619657	0.506101090002864	0.465718927023559	0.414877046367374	0.618136077917783	0.477919816079391	0.952717909848289
SRR11856062	0.151815583094306	0.164679480668306	0.223031035156939	0.290709101940847	0.104366439538451	0.57323523816008	0.207192247348171
SRR11856043	0.505663180635695	0.990345097341434	0.462371067955434	0.414569510241775	0.920543270908975	0.0837969980442979	0.973374214063584
SRR11856061	0.154388719978042	0.393139194524383	0.157594932781986	0.360566320088215	0.395049095417721	0.127412299028847	0.0988556555745368
SRR11856042	0.330425440152123	0.979840272505823	0.302923304897647	0.461032874836569	0.468465272214203	0.123348309135175	0.946659326454442
SRR11856060	0.447090766907242	0.644246918610941	0.348355114440657	0.337307551392551	0.505141377833803	0.340530296121532	0.977798851311968
SRR11856041	0.690366271777128	0.660948522479847	0.402622038885401	0.325036429373229	0.621197070442455	0.0972352670942257	0.534725402122488
SRR11856059	0.260075056398238	0.182537262035383	0.355375966280872	0.168743236770745	0.42290711009401	0.552121134300268	0.0462058000244192
SRR11856040	0.415515554246103	0.887938329839221	0.252827885272118	0.391488775142307	0.905395561416286	0.0813923254998973	0.883312600813211
SRR11856058	0.0757429867479502	0.282466063584964	0.447671265683896	0.116126141640896	0.229867963555837	0.7923751305222	0.0103602842317328
SRR11856039	0.210316275648581	0.831287773926412	0.468240273663019	0.395387882633951	0.744798872963665	0.0609296869645556	0.842284921200348
SRR11856057	0.324047191430334	0.068848494518476	0.292997011862926	0.531694797560986	0.314990872486373	0.777376704872542	0.270235468226595
SRR11856038	0.412055624043392	0.849391653742883	0.404102186306225	0.156891113484772	0.627075860514073	0.307564669519417	0.596802805035271
SRR11856055	0.215096583411872	0.257301301326514	0.266344655654384	0.160163107983412	0.270437666879641	0.694227913039813	0.0191818901949601
SRR11856037	0.43048768621859	0.848334200916151	0.287020164180329	0.30996314177948	0.253639932759787	0.455260888721943	0.917398437092455
SRR11856054	0.135190011546309	0.105535089595255	0.177457531118546	0.300974127426253	0.45150070847567	0.564848644937847	0.285571302727508
SRR11856036	0.165023702569225	0.685314097050391	0.343791597715345	0.318225509763423	0.489742655062015	0.0717004625400671	0.330916332824551
SRR11856053	0.529383946145602	0.24843316889129	0.21560812975003	0.485645070545743	0.611192470152357	0.401821441091391	0.956694405918191
SRR11856035	0.298152461382181	0.0907092700116306	0.373320030444948	0.30848050742884	0.870728632763678	0.188477296816636	0.66208988977121
SRR11856052	0.1985335188111	0.646377239022703	0.379943656401756	0.307846703226492	0.203809101673632	0.458381867112817	0.236761384782114
SRR11856033	0.336911549301502	0.831594020866332	0.57465637262338	0.28562657307127	0.58061850390695	0.288474641555358	0.577638745773098
SRR11856051	0.498362114541982	0.712782418806439	0.387116422926009	0.134224846957791	0.311394912165995	0.343044631181358	0.0415173426415055
SRR11856032	0.349463802568751	0.644228720549846	0.428017265447901	0.225239903657751	0.460005851722427	0.526041803819384	0.803105056808178
SRR11856050	0.312754701984323	0.512814668610355	0.419276836126799	0.50142963061717	0.453885382787554	0.0847663773540079	0.82330624172135
SRR11856031	0.426084881875332	0.126047879403775	0.491463559580437	0.491272735746	0.771086457458577	0.435622603352004	0.736761187169528
SRR11856049	0.105621562924152	0.0199591352410887	0.325062317337913	0.139749321160462	0.781676543130158	0.542997668536263	0.0110389936530311
SRR11856030	0.0297669296438229	0.00565761363246029	0.214063022164133	0.140754169214567	0.424818011907966	0.682381720826009	0.00832678517887168
SRR11856048	0.133969544228896	0.3117280033993	0.187632846493942	0.317428932769983	0.28473388216693	0.315978153843577	0.14622605664373
SRR11856029	0.500558103748965	0.455513791729868	0.257824057922716	0.570418126178675	0.326826156938363	0.494101610927337	0.857950781683305
SRR11856047	0.193815843963399	0.0225822258753256	0.33882248403304	0.230867660603283	0.360780286623476	0.533245661513073	0.0115752637405399
SRR11856028	0.529443654729067	0.427197445247356	0.402674993813149	0.558406652330861	0.67383575050911	0.492627886877145	0.718098541837574
SRR20283928	0.321196708869757	0.200383268122756	0.409096723166509	0.287829349893565	0.472497056544595	0.782218432580294	0.17024992070099
SRR20283917	0.630900007015185	0.292899445088098	0.407697670962047	0.491676675044186	0.458208704169773	0.330938764286904	0.143616358440971
SRR20283896	0.286513121928152	0.207653280768558	0.395996762429343	0.217878480070647	0.305193187766868	0.561834227823999	0.231552885738893
SRR20283895	0.833273317861425	0.780843474226632	0.433671232171733	0.518646069668104	0.764225360104156	0.577982588716262	0.973412924449809
SRR20283894	0.568395823878693	0.198691241367925	0.322002501199273	0.5405202562223	0.913427954304366	0.751079905830329	0.716593776438723
SRR20283893	0.81096553144305	0.160770991982121	0.315494685283481	0.460432663415844	0.634530750784493	0.627756855744859	0.551967467976713
SRR20283936	0.495938117561953	0.849258093064133	0.517044263781571	0.29665258470058	0.78978940986309	0.295366483009339	0.932676545966196
SRR20283935	0.291919397385727	0.164280812774023	0.4288403086129	0.157636399980921	0.553620896826277	0.486753770908615	0.0100454385835528
SRR20283934	0.437454255126861	0.0858495488797522	0.428357685627302	0.279745849648482	0.668567574279812	0.541554694715357	0.392511327180809
SRR20283933	0.194621393091764	0.186934167673641	0.407244286403646	0.15914334141811	0.652999724098983	0.543352738746828	0.0319746136749616
SRR20283932	0.546471819530156	0.107116690802687	0.456586711787337	0.276205904841004	0.439913209400652	0.39704531944027	0.660863153607252
SRR20283931	0.849013674182166	0.526063719968164	0.478945407645557	0.464747175505378	0.304413875012766	0.574895641661388	0.542999702275808
SRR20283930	0.440124803777077	0.289865627876195	0.302637225628794	0.529418058113659	0.532886888466215	0.519152688472487	0.487400018379929
SRR20283929	0.316623035635951	0.182668281746551	0.45309105705027	0.367578121751016	0.498674557207629	0.553342591389263	0.62228345479251
SRR20283923	0.305392127861151	0.0339385155917724	0.494149609258338	0.234622776820411	0.717356050935976	0.644341468135798	0.179981404344987
SRR20283922	0.195615583811596	0.13055987290682	0.37011389111584	0.32432606046632	0.880984527654334	0.294172157475947	0.393176963174472
SRR20283921	0.616701069787586	0.732004917693046	0.416373504446709	0.174364089590514	0.759548559225091	0.46195432957244	0.206693464606932
SRR20283920	0.479193519254168	0.546291211897171	0.429838942377372	0.377408095673581	0.762604256961963	0.504088702743417	0.828018868383365
SRR20283916	0.296229867026548	0.0273231934751615	0.45783708805946	0.208658989764413	0.460993389575578	0.267746110850279	0.162735861836813
SRR20283915	0.83856971450602	0.163944867908176	0.450527402876548	0.344483512902268	0.584329732911485	0.746115502912177	0.175487852228107
SRR20283912	0.261479700812158	0.0288281286128552	0.30486639746791	0.160414014546837	0.266428682589375	0.559344140414776	0.0119684318885228
SRR20283911	0.351006944810672	0.408307992062988	0.460959235904862	0.307507225935592	0.551041710676456	0.423991975215436	0.836018809647207
SRR20283905	0.266379187976147	0.178980448823986	0.331733866620124	0.148710317642395	0.398678078112185	0.520028542199831	0.00415261359430055
SRR20283904	0.63964285871491	0.701917030254629	0.218312963530242	0.537538432968202	0.614755031180556	0.427293271093538	0.830498170970871
SRR20283903	0.53022242470401	0.0462928458787384	0.284412022894833	0.416172055122949	0.79471778148825	0.235730545470553	0.784233112192164
SRR20283902	0.313212933065519	0.370852085197665	0.322660303883671	0.238505299375895	0.580317439718512	0.569710740339375	0.106077403027911
SRR20283901	0.314692084407807	0.470437855778194	0.536179848055463	0.133248689140341	0.6199746808942	0.277959429773381	0.114735671158714
SRR20283900	0.295416738017519	0.1829716773452	0.356822630770579	0.196892857267293	0.276952158990757	0.405094466607519	0.0353964069465942
