SAMPLE_ID	Acholeplasmatales	Acidaminococcales	Acidimicrobiales	Acidithiobacillales	Acidobacteriales	Actinomycetales	Aeromonadales	Alteromonadales	Anaerolineales	Aquificales	Bacillales	Bacteriovoracales	Bacteroidales	Bacteroidetes Order II. Incertae sedis	Bdellovibrionales	Bifidobacteriales	Burkholderiales	Campylobacterales	Candidatus Nanosynbacterales	Cardiobacteriales	Cellvibrionales	Chitinophagales	Chlamydiales	Chromatiales	Chroococcales	Chrysiogenales	Clostridiales	Coriobacteriales	Corynebacteriales	Cytophagales	Deferribacterales	Dehalococcoidales	Deinococcales	Desulfobacterales	Desulfovibrionales	Desulfurellales	Desulfuromonadales	Eggerthellales	Endomicrobiales	Enterobacterales	Entomoplasmatales	Erysipelotrichales	Flavobacteriales	Fusobacteriales	Gemmatimonadales	Halanaerobiales	Holosporales	Hydrogenophilales	Kiritimatiellales	Lactobacillales	Legionellales	Leptospirales	Limnochordales	Magnetococcales	Marinilabiliales	Mariprofundales	Mesoaciditogales	Micrococcales	Micromonosporales	Myxococcales	Neisseriales	Nitrosomonadales	Nostocales	Oceanospirillales	Orbales	Oscillatoriales	Parachlamydiales	Pasteurellales	Pleurocapsales	Propionibacteriales	Pseudomonadales	Puniceicoccales	Rhizobiales	Rhodobacterales	Rhodocyclales	Rhodospirillales	Rickettsiales	Rubrobacterales	Selenomonadales	Solirubrobacterales	Sphingobacteriales	Sphingomonadales	Spirochaetales	Streptomycetales	Synechococcales	Synergistales	Syntrophobacterales	Thermales	Thermoanaerobacterales	Thermodesulfobacteriales	Thermosediminibacterales	Thermotogales	Thiotrichales	Tissierellales	Veillonellales	Verrucomicrobiales	Vibrionales	Xanthomonadales
ERR1624536	0.0	2.2121806743652432	0.2586509964339918	0.0	0.0	1.171403867633653	0.0	0.2586509964339918	0.0	0.2586509964339918	0.4196442927905858	0.0	3.52694437169588	0.0	0.0	3.048713889477429	1.1209310646851705	0.6290249993555429	0.0	0.0	0.9204632966098149	0.0	0.0	0.0	0.0	0.0	3.8952825560191005	2.866452556976288	0.0	0.0	0.0	0.2586509964339918	0.0	0.0	1.1209310646851705	0.0	0.0	1.7115672589585407	0.0	1.3125449280006414	0.0	2.909449610005438	0.0	0.2586509964339918	0.0	0.9609734126737105	0.0	0.0	0.0	2.5893812595276415	0.2586509964339918	0.0	0.0	0.0	0.0	0.0	0.0	0.5368325479568865	0.0	0.0	0.0	1.8848368503087567	1.361341455587369	0.0	0.0	0.0	0.0	0.0	0.0	0.0	0.0	0.0	0.0	0.0	0.0	0.0	1.2166168155919874	0.0	0.2586509964339918	0.0	0.2586509964339918	0.0	0.0	0.0	0.0	0.2586509964339918	0.0	0.0	0.0	0.0	0.0	0.2586509964339918	0.0	0.2586509964339918	3.3180846936012753	0.7696980308155595	0.0	0.0
ERR1624537	0.0	1.2796570309921298	0.0	0.0	0.0	1.1884124300549819	0.0	0.0	0.0	0.0	0.9146512414735876	0.0	3.6105690814656803	0.0	0.0	3.214895530363981	1.8642633772482953	1.1531748259034462	0.0	0.0	1.072754843351855	0.0	0.6635042783917849	0.0	0.3429430670115592	0.0	3.8538358153888113	2.625233398848718	0.0	0.3429430670115592	0.0	0.0	0.0	0.3429430670115592	1.7862677851926028	0.0	0.8459155100211799	1.6343998689350623	0.0	2.3325788445618643	0.0	2.800981415237419	1.2796570309921298	0.0	0.0	0.3429430670115592	0.0	0.0	0.0	3.2062114837730773	0.0	0.0	0.0	0.0	0.5321522394008409	0.0	0.0	0.6635042783917849	0.0	0.0	0.0	1.8783122783375834	0.0	0.3429430670115592	0.0	0.0	0.6635042783917849	1.457286292511668	0.0	0.5321522394008409	0.0	0.0	0.0	0.0	0.0	0.0	1.026169561177326	0.0	0.9739800754557477	0.0	0.3429430670115592	0.0	0.0	0.5321522394008409	0.0	0.3429430670115592	0.3429430670115592	0.3429430670115592	0.5321522394008409	0.0	0.0	0.3429430670115592	0.3429430670115592	1.5246715128643347	2.767513487701843	0.7642173005487992	0.0	0.0
ERR1624538	1.2614052231680977	0.0	0.0	0.0	0.0	0.9319403393156983	0.0	0.0	0.0	0.0	0.9319403393156983	0.0	3.730739829620168	0.0	0.0	1.6117706715241868	1.7564987613948353	2.278152748914838	0.0	0.0	1.0713291958066415	0.0	0.0	0.0	0.0	0.0	3.8579813665249834	2.420079978800711	0.0	0.0	0.0	0.0	0.0	0.0	1.6655524319920898	0.0	0.31774980711661566	1.6755533882418123	0.0	1.2863325402665033	0.0	2.953947869092339	1.9074593104412119	0.0	0.0	0.0	0.0	0.0	0.0	3.232829044825846	0.0	0.0	0.0	0.0	0.0	0.0	0.0	0.8733783662926033	0.0	0.0	0.0	1.803135635523565	1.1093587567555236	0.7254212031741735	0.0	0.0	0.0	0.0	0.0	0.7254212031741735	0.49927428993356415	0.0	0.0	0.0	0.0	0.0	0.31774980711661566	0.0	0.0	0.0	0.0	0.0	0.0	0.0	0.31774980711661566	0.31774980711661566	0.0	0.0	1.0296471339337436	0.0	0.0	0.0	0.0	0.8056703762315991	2.8348591186558463	0.31774980711661566	0.0	0.0
ERR1624539	1.0467668265361159	1.6778809067046807	0.0	0.0	0.0	1.4528563283655558	0.0	0.0	0.0	0.0	1.1516166125603464	0.0	2.9149215346858224	0.0	0.0	3.0409317849042683	0.3039939995829066	1.2360115286984104	0.3039939995829066	0.0	1.1193996555611654	0.0	0.0	0.0	0.3039939995829066	0.0	4.057098519079348	3.120180702167981	1.2360115286984104	0.0	0.0	1.1516166125603464	0.3039939995829066	0.0	1.2608543034402007	0.0	1.5498082732517717	2.5657983756243974	0.0	1.8446719561260883	0.6064984457057766	2.8602057507915144	0.3039939995829066	0.3039939995829066	0.0	0.0	0.0	0.0	0.0	2.4107185299239955	0.0	0.0	0.0	0.0	0.0	0.0	0.0	0.48106878160447186	0.0	0.0	0.0	2.2730479247336195	0.0	0.7037027490563794	0.0	0.0	0.8501668725485594	0.0	0.0	0.48106878160447186	0.0	0.0	0.0	0.0	0.0	1.0845998937047212	1.0467668265361159	0.0	0.0	0.0	0.0	0.0	2.3423406078708373	0.0	0.48106878160447186	0.0	0.0	0.3039939995829066	1.3480637914863112	0.0	0.0	0.0	0.3039939995829066	0.9082637936519817	1.385874592410201	0.0	0.0	0.0
ERR1624540	0.7391801260033378	0.0	0.0	0.0	0.0	3.332983494899001	0.3265941140322982	0.0	0.0	0.0	0.7391801260033378	0.0	2.542316070578579	0.0	0.0	2.918874974496358	1.2226554693730314	0.5108829400544743	0.3265941140322982	0.0	0.7391801260033378	0.0	0.3265941140322982	0.0	0.3265941140322982	0.0	3.8771336363534563	3.252437968794328	0.0	0.0	0.0	0.0	0.0	0.0	1.6166371985110282	0.0	0.0	2.9217999535475343	0.0	0.6398631557384263	0.3265941140322982	3.1284867381818615	0.8880427339086779	0.0	0.0	0.0	0.0	0.0	0.0	3.2040977875093546	0.3265941140322982	0.3265941140322982	0.6398631557384263	0.0	0.0	0.0	0.0	0.5108829400544743	0.0	0.0	0.0	1.6920906450827964	0.3265941140322982	0.0	0.0	0.0	0.0	0.9468857155795946	0.5108829400544743	0.5108829400544743	0.0	0.0	0.0	0.0	0.0	0.0	0.3265941140322982	0.0	2.0223346392895234	0.0	0.0	0.0	0.0	0.0	0.0	0.0	0.0	0.0	0.3265941140322982	0.0	0.0	0.0	0.0	0.0	1.9003030573838278	0.0	0.0	0.3265941140322982
ERR1624541	0.2961988618970097	2.4390246722565627	0.0	0.0	0.0	2.8111562176151916	0.0	0.0	0.0	0.0	0.8367828939868466	0.0	2.933294182808453	0.0	0.0	3.1614311621595874	1.4377922080549688	0.0	0.0	0.0	1.662590259486773	0.0	0.0	0.0	1.3331524787550124	0.0	3.994003323394181	3.1238295187409766	0.0	0.0	0.0	0.0	0.0	0.0	0.8367828939868466	0.0	0.0	2.051066661864489	0.0	1.7308246949381598	0.2961988618970097	2.3125494686293635	0.0	0.0	0.0	0.2961988618970097	0.2961988618970097	0.0	0.0	1.775774274521194	0.0	0.0	0.0	0.0	0.0	0.0	0.0	0.47066772610319674	0.0	0.0	0.0	0.0	0.0	0.2961988618970097	0.0	0.0	0.0	0.47066772610319674	0.0	0.2961988618970097	0.2961988618970097	0.0	0.0	0.0	0.0	0.0	0.2961988618970097	0.0	3.0241181690447565	0.0	0.0	0.0	0.0	0.0	0.0	0.2961988618970097	0.0	0.0	0.2961988618970097	0.0	0.0	0.0	0.0	0.2961988618970097	2.8762225027490227	0.0	0.0	0.0
ERR1624542	0.6510688764528556	1.1383687541694396	0.0	0.0	0.0	0.43757959657369255	0.0	0.19855826657259604	0.0	0.0	0.8678236025977384	0.19855826657259604	2.9842403370698016	0.0	0.0	2.6298743763503345	0.5209499484530369	1.432709976208807	0.0	0.0	0.9006776495091384	0.0	0.0	0.0	0.19855826657259604	0.0	3.78109835819559	2.7968740216025436	0.0	0.0	0.0	1.7396243042611454	0.0	0.0	0.8678236025977384	0.0	0.0	1.9929050878971775	0.0	2.458399743347977	0.0	3.061296542449188	1.0117500607589751	0.0	0.0	0.0	0.0	0.0	0.0	3.835545605134202	0.19855826657259604	0.0	0.0	0.0	0.0	0.0	0.0	1.339790374032271	0.0	0.0	0.0	2.1446803095614975	0.590864409043443	0.33430917297642326	0.0	0.0	0.0	0.0	0.0	0.0	0.0	0.0	0.0	0.0	0.19855826657259604	0.19855826657259604	1.3730220428606206	0.0	0.0	0.0	0.0	0.0	0.19855826657259604	0.5209499484530369	0.19855826657259604	0.43757959657369255	0.0	0.0	0.8322792660581464	0.0	0.0	0.0	0.0	0.33430917297642326	0.33430917297642326	0.5209499484530369	0.0	0.0
ERR1624543	0.0	0.7543893079891268	0.0	0.0	0.0	0.5237813057611148	0.2504417932900784	0.7543893079891268	0.0	0.0	1.199253062597059	0.0	3.612822978451388	0.0	0.0	2.2107958693681335	1.679476582903499	1.240096637668587	0.0	0.0	1.6187240689892526	0.4082702680981002	0.0	0.0	0.2504417932900784	0.0	3.982588686788575	2.7544438484705434	0.4082702680981002	0.0	0.0	0.0	0.0	0.0	2.01691551906954	0.0	0.9814100452203752	1.7069371450116193	0.0	1.961375338924448	0.2504417932900784	2.775965773550994	1.129735930019759	0.2504417932900784	0.0	0.0	0.0	0.0	0.0	2.7832812621962435	0.0	0.0	1.0154046823358671	0.0	0.0	0.0	0.0	1.4272092699344814	0.0	0.4082702680981002	0.0	2.1155932934863975	0.4082702680981002	0.4082702680981002	0.0	0.0	1.046930453824997	0.9814100452203752	1.0154046823358671	0.2504417932900784	0.0	0.0	0.0	0.0	0.0	0.4082702680981002	0.7543893079891268	0.0	2.6957939015457306	0.5237813057611148	0.8597814247669899	0.0	0.2504417932900784	0.2504417932900784	0.0	0.6902356587552203	0.0	0.2504417932900784	0.9042178948156991	0.0	0.0	0.0	0.2504417932900784	0.2504417932900784	1.0154046823358671	0.0	0.0	0.0
ERR1624544	0.9072964650046614	1.159805900972958	0.0	0.0	0.0	0.9437738448870311	0.0	0.38302008250233144	0.0	0.2324335166391086	1.3184393264600247	0.38302008250233144	3.514676899389055	0.0	0.0	2.5858305034413944	1.5348628338883252	1.5775479308540126	0.2324335166391086	0.0	1.1805767255807063	0.38302008250233144	0.0	0.0	0.8674719895232226	0.0	3.8050803980923114	2.1851851875008457	0.38302008250233144	0.38302008250233144	0.49462187696871807	1.8340370787772635	0.0	0.0	2.12037799127146	0.0	2.0631883512938254	1.8109094085266637	0.0	2.1646388739734856	0.5833285965868857	2.959282502845666	0.49462187696871807	0.2324335166391086	0.0	0.0	0.0	0.0	0.0	3.6312562518634484	0.0	0.0	0.0	0.0	0.0	0.0	0.0	0.8674719895232226	0.0	0.7198876889674068	0.2324335166391086	1.791477440715447	0.9774233899725304	0.0	0.0	0.2324335166391086	0.0	1.159805900972958	0.38302008250233144	0.2324335166391086	0.38302008250233144	0.0	0.49462187696871807	0.2324335166391086	0.0	0.2324335166391086	1.0650862877222673	0.0	0.2324335166391086	0.0	0.0	0.2324335166391086	1.5437420866334437	0.2324335166391086	0.38302008250233144	0.38302008250233144	0.0	1.0377852492431099	1.3606194296675347	0.0	0.0	0.0	0.0	0.0	2.708086008625433	1.3990630834415616	0.0	0.0
ERR1624545	0.3329049977827027	0.0	0.0	0.0	0.0	0.5191217539666825	0.0	0.0	0.0	0.0	0.3329049977827027	0.0	1.6937010687470655	0.0	0.0	1.1710746799935934	1.0557909357995867	0.0	0.0	0.0	0.3329049977827027	0.3329049977827027	0.0	0.5191217539666825	0.0	0.0	2.056624620610104	0.8983886475192732	0.0	0.0	0.0	0.0	0.0	0.0	0.3329049977827027	0.0	0.3329049977827027	0.8300465412730772	0.0	4.164170317915797	0.0	0.8983886475192732	0.0	0.0	0.0	0.0	0.0	0.0	0.0	3.2899360867390244	0.0	0.0	0.0	0.0	0.0	0.0	0.0	0.3329049977827027	0.0	0.0	0.0	0.3329049977827027	0.0	0.0	0.0	0.0	0.0	0.0	0.0	0.0	0.0	0.0	0.0	0.0	0.0	0.0	0.0	0.0	0.3329049977827027	0.0	0.0	0.0	0.0	0.0	0.0	0.0	0.0	0.0	0.0	0.0	0.0	0.0	0.0	0.0	0.9574241478950168	0.0	0.0	0.0
ERR1624546	1.106327866638202	0.546913385050525	0.0	0.0	0.0	0.9329310578517819	0.0	0.26505426172622915	0.0	0.0	0.6398855404513827	0.0	3.4836482310965136	0.0	0.26505426172622915	2.892433476030962	1.1340186055014796	1.8894764081149897	0.0	0.0	0.26505426172622915	0.26505426172622915	0.26505426172622915	0.0	0.0	0.0	3.996833188323828	0.546913385050525	0.26505426172622915	0.0	0.0	1.3084159840859275	0.0	0.0	1.7951368873257878	0.0	1.954947485190344	2.5924265223951313	0.0	2.776171008361046	0.0	3.0500144062255843	0.0	0.4284594231814413	0.0	0.4284594231814413	0.0	0.0	0.0	2.292505199382844	0.0	0.0	0.0	0.0	0.0	0.26505426172622915	0.0	2.2943636310471116	0.0	0.0	0.0	0.26505426172622915	0.0	0.0	0.0	0.26505426172622915	0.26505426172622915	0.0	0.0	0.0	0.0	0.0	0.0	0.0	0.0	0.716421570735827	0.26505426172622915	0.0	0.26505426172622915	0.0	0.0	0.0	1.7389717358255956	0.0	0.26505426172622915	0.546913385050525	0.0	0.0	0.26505426172622915	0.0	0.0	0.0	0.0	0.7814690074151073	2.098534002910346	1.4586841642300328	0.0	0.26505426172622915
ERR1624547	0.3159202872438959	2.355489180372899	0.0	0.0	0.0	1.7099377406859744	0.3159202872438959	0.3159202872438959	0.0	0.0	0.3159202872438959	0.0	2.8167012018509388	0.0	0.0	2.8907823836393534	0.3159202872438959	1.106101635168155	0.3159202872438959	0.0	0.3159202872438959	0.0	0.0	0.0	0.0	0.0	3.9056164948243746	2.5529485951977637	0.3159202872438959	0.0	0.0	0.0	0.0	0.0	0.8703201118622164	0.0	0.0	2.3965212843880797	0.0	1.2034859893062135	0.0	3.2745366692605575	0.3159202872438959	0.0	0.0	0.0	0.0	0.0	0.0	3.638233661283089	0.0	0.0	0.0	0.0	0.0	0.0	0.0	0.6242082549771384	0.0	0.0	0.3159202872438959	1.848401544174985	0.0	0.0	0.0	0.0	0.0	1.3704203696412858	0.0	0.6242082549771384	0.0	0.0	0.0	0.0	1.0264455293434924	0.0	0.0	0.0	0.3159202872438959	0.0	0.0	0.0	0.0	0.3159202872438959	0.0	0.0	0.0	0.0	0.0	0.0	0.4968636465426872	0.0	0.0	0.3159202872438959	1.4596004904361204	0.0	0.0	0.0
ERR1624548	0.6992929740104189	1.146502888798389	0.0	0.0	0.0	0.8454440697631065	0.0	0.0	0.0	0.0	1.3014134954225094	0.0	3.434333291627772	0.0	0.0	2.0685860877039977	1.2791360388527586	1.9448817616247012	0.0	0.0	1.0795512954054014	0.0	0.7784876719169422	0.0	0.7784876719169422	0.0	3.9517897243311833	1.9688822845406715	0.30123187985498184	0.47739041279149613	0.0	0.8454440697631065	0.0	0.0	1.8454959504541992	0.0	0.47739041279149613	2.1496199256144326	0.0	3.0429788212099282	0.0	3.244680565473265	0.0	0.0	0.0	0.0	0.0	0.0	0.0	3.170077835642059	0.0	0.0	0.6023627824327479	0.47739041279149613	0.0	0.0	0.0	1.518905387404696	0.0	0.0	0.0	1.62364335803622	0.0	0.30123187985498184	0.0	0.0	0.0	0.30123187985498184	0.0	0.6023627824327479	0.0	0.0	0.0	0.0	0.0	0.0	0.30123187985498184	0.0	1.806577344031906	0.0	0.0	0.30123187985498184	0.9034432227629604	0.47739041279149613	0.30123187985498184	0.30123187985498184	0.0	0.30123187985498184	0.8454440697631065	0.0	0.30123187985498184	0.0	0.30123187985498184	0.0	0.0	0.47739041279149613	0.0	0.0
ERR1624549	0.5555662971430839	0.0	0.0	0.0	0.0	2.7481771695084336	0.0	0.0	0.0	0.0	1.52405558877951	1.6284138714820515	3.3676580407292676	0.0	0.0	2.3700525149585046	0.9435789753289155	0.0	0.0	0.0	1.6900825921702922	0.361151782855265	0.0	0.0	0.0	0.0	4.024654854136734	2.5503111649650867	0.361151782855265	0.9435789753289155	0.0	0.0	0.0	0.0	0.6893846833674653	0.0	2.285442056855488	2.7349003002813026	0.0	2.94528631873416	0.361151782855265	2.5122010401173656	0.0	0.0	0.0	0.6893846833674653	0.0	0.0	0.0	2.7147349896985635	0.0	0.0	0.361151782855265	0.0	0.0	0.0	0.0	1.1028644070168578	0.0	0.0	0.0	1.3374836293722345	0.0	0.0	0.0	0.0	0.0	0.0	0.0	0.5555662971430839	0.0	0.0	0.6893846833674653	0.361151782855265	0.0	0.0	0.5555662971430839	0.0	1.4089531533401296	0.0	0.7915366263891658	0.0	0.0	0.0	0.0	0.5555662971430839	0.0	0.0	1.2823347052758303	0.0	0.0	0.0	0.0	0.5555662971430839	0.6893846833674653	0.0	0.0	0.0
ERR1624550	0.0	2.5546131873573428	0.0	0.0	0.0	0.0	0.0	0.2689427812163375	0.0	0.0	0.0	0.0	3.4412774852075763	0.0	0.0	2.4192214668947964	1.3510033550534022	0.788547203513831	0.0	0.0	0.0	0.0	0.0	0.0	0.0	0.0	3.6688765252098774	2.1538067911498926	0.6464271376529521	0.0	0.0	0.0	0.0	0.0	1.9869807129614157	0.0	0.0	2.002066337999602	0.0	3.8776565221107897	0.0	2.5808097738816658	0.9404187243331305	2.3712781189846406	0.0	0.0	0.0	0.0	0.0	1.7604144943251265	0.2689427812163375	0.0	0.0	0.0	0.0	0.0	0.0	0.0	0.0	0.0	0.0	1.9339851282304095	0.0	0.0	0.0	0.0	0.0	1.0184157318409768	0.0	0.0	0.2689427812163375	0.0	0.0	0.0	0.0	0.5529940106253584	0.8954489359322164	0.0	0.0	0.0	0.0	0.0	0.0	0.0	0.0	0.0	0.0	0.0	0.0	0.0	0.0	0.0	0.0	1.1141382682842618	1.2589052001760783	0.0	0.0	0.0
ERR1624551	0.2754155361814403	0.0	0.0	0.0	0.0	0.9936355816381318	0.0	0.2754155361814403	0.0	0.0	0.8572218391712675	0.0	3.4679275507556193	0.0	0.0	3.4493367129124777	1.2288657270041234	2.430223498791941	0.0	0.0	1.2288657270041234	0.0	0.0	0.0	0.8002160759445123	0.0	3.9338978936008115	2.9528300455584606	0.2754155361814403	0.0	0.0	0.0	0.0	0.0	1.3963250914672503	0.0	0.0	2.146177672393247	0.0	0.5630485600931472	0.0	2.747971108147046	0.0	0.0	0.0	0.2754155361814403	0.0	0.0	0.0	2.2216217344504168	0.0	0.0	0.44262155526541086	0.0	0.0	0.0	0.0	0.5630485600931472	0.0	0.0	0.0	2.015830935613248	0.0	0.2754155361814403	0.0	0.0	0.0	0.2754155361814403	0.6572288632789038	0.5630485600931472	0.0	0.0	0.0	0.0	0.2754155361814403	0.0	0.8572218391712675	0.0	2.2758084354712107	0.0	0.0	0.0	0.0	0.0	0.0	0.0	0.2754155361814403	0.0	0.2754155361814403	0.0	0.0	0.0	0.0	0.8002160759445123	0.8002160759445123	0.2754155361814403	0.0	0.0
ERR1624552	0.489217365067442	0.7134454273616719	0.0	0.0	0.0	2.3642935844921324	0.0	0.0	0.0	0.0	1.8101270243632979	0.0	2.6872992096039225	0.0	0.0	2.4176235196114573	1.162885516345198	0.6156446989665688	0.3101335163810608	0.0	0.6156446989665688	0.0	0.0	0.0	0.0	0.3101335163810608	3.7739680728971368	2.7692679341573125	0.7134454273616719	0.0	0.0	0.0	0.0	0.0	0.9702969298418643	0.0	0.0	2.323284105621193	0.0	3.4110614539235837	0.0	3.1600838626729977	0.0	0.0	0.0	0.3101335163810608	0.0	0.0	0.0	3.6866817581188793	0.3101335163810608	0.0	0.0	0.0	0.0	0.0	0.9188980671663073	1.0578051693706554	0.0	0.0	0.0	1.3596397308604795	0.0	0.0	0.0	0.0	0.0	0.9702969298418643	0.0	0.3101335163810608	0.0	0.0	0.0	0.0	0.0	0.0	0.0	0.0	0.0	0.0	0.3101335163810608	0.0	0.0	0.0	0.3101335163810608	0.0	0.0	0.0	0.3101335163810608	0.0	0.0	0.0	0.0	0.3101335163810608	1.1929330305216117	0.0	0.3101335163810608	0.0
ERR1624553	0.6119883619232818	0.0	0.0	0.0	0.0	1.0118870958208377	0.0	1.0118870958208377	0.0	0.30767406404600567	1.5313081531484827	0.0	3.7262558328354314	0.0	0.0	2.915174635058039	1.7453411633499634	1.4751378646956004	0.48595761527162595	0.0	1.2164953825597338	0.30767406404600567	0.0	0.0	0.709552265398772	0.0	3.9659305976656634	1.9624320513007205	0.0	0.30767406404600567	0.0	0.0	0.0	0.0	2.3555516542325012	0.0	0.709552265398772	2.1434255590742795	0.0	0.48595761527162595	1.776391995744758	2.183361959584261	0.30767406404600567	0.0	0.0	0.48595761527162595	0.48595761527162595	0.0	0.0	1.8642633772482953	0.0	0.0	1.0118870958208377	0.0	0.0	0.0	0.0	0.30767406404600567	0.0	0.48595761527162595	0.0	2.0216608240958083	0.8564264009148588	1.0533982081521986	0.0	0.30767406404600567	0.6119883619232818	0.6119883619232818	0.0	0.30767406404600567	0.0	0.0	0.0	0.48595761527162595	1.0118870958208377	0.6119883619232818	0.6119883619232818	0.0	2.3786200127330357	0.0	0.0	0.0	0.8564264009148588	0.30767406404600567	0.0	0.48595761527162595	0.0	0.0	1.6756633749139525	0.0	0.0	0.0	0.0	0.30767406404600567	0.709552265398772	1.0533982081521986	0.0	0.30767406404600567
ERR1624554	0.0	1.9056700649151637	0.0	0.0	0.0	0.9715526035603482	1.999988148549614	0.0	0.0	0.0	1.248756085335277	0.0	3.329826903341145	0.0	0.0	1.6025068387750137	0.9715526035603482	0.379183601256963	0.0	0.0	0.9015476130067143	0.0	0.0	0.0	0.0	0.0	4.004146459817863	3.0192623443203126	0.0	0.0	0.0	0.379183601256963	0.0	0.379183601256963	1.3407398190201674	0.0	0.0	2.4037608907093064	0.0	2.061960655024239	0.0	3.090678178384189	0.0	0.379183601256963	0.0	0.0	0.0	0.0	0.0	3.0151883512507225	0.5784851198268963	0.0	0.0	0.0	0.0	0.0	0.0	1.8408714621707987	0.0	0.0	0.0	0.379183601256963	0.0	2.2769997385471124	0.0	0.0	0.0	0.0	0.0	0.0	0.0	0.0	0.0	0.0	0.0	0.9715526035603482	0.5784851198268963	0.0	0.0	0.0	0.0	0.379183601256963	0.0	0.0	0.0	0.5784851198268963	0.0	0.0	1.4166055581322727	0.0	0.0	0.0	0.0	0.5784851198268963	2.3916436755194628	1.4606957549000321	0.0	0.0
ERR1624555	0.0	2.5260410527111903	0.0	0.0	0.0	1.5066726745280172	0.0	0.3511187840720823	0.0	0.0	0.6751812069268344	0.0	3.101375384631476	0.0	0.0	3.393366871141357	1.0863762621998903	0.3511187840720823	0.0	0.0	1.3692329911233627	0.0	0.0	0.0	0.0	0.0	3.970506311451681	3.313477328593637	0.3511187840720823	0.0	0.0	0.0	0.0	0.0	1.2023234171667156	0.0	0.3511187840720823	2.2082799428751176	0.0	1.7162064544668794	0.0	2.3640473919606304	0.3511187840720823	0.0	0.0	0.0	0.0	0.0	0.0	2.751861289587631	0.0	0.0	0.0	0.0	0.0	0.0	0.0	0.5426999071340264	0.0	0.0	0.0	0.3511187840720823	0.9277282465267349	0.0	0.0	0.0	0.0	0.0	0.0	0.3511187840720823	0.0	0.0	0.3511187840720823	0.0	0.0	0.3511187840720823	0.3511187840720823	0.0	0.5426999071340264	0.0	0.3511187840720823	0.0	0.0	0.0	0.0	0.0	0.0	0.0	0.0	0.0	0.0	0.0	0.0	0.6751812069268344	2.26172993505409	0.0	0.0	0.0
ERR1624556	0.26428053463198947	0.0	0.0	0.0	0.0	1.7026526057769034	0.0	1.2062604087820836	0.0	0.0	1.1830227468934718	0.0	2.9431285253395787	0.0	0.0	1.8971233993087657	1.2493084694803158	1.4695665405623495	0.5456998012208963	0.0	1.5050933365990262	0.26428053463198947	0.0	0.0	0.26428053463198947	0.0	3.9025221044113576	2.5850974304042253	0.26428053463198947	1.0092373302773296	0.26428053463198947	0.0	0.0	0.0	1.868539108498752	0.0	1.5969856118692631	1.9691817179911244	0.0	2.948076893450457	0.7800543716635894	2.677597921772365	0.9720755165489252	0.0	0.0	0.0	1.9367547233250426	0.0	0.0	3.708445126839428	0.0	0.0	0.42739685450468423	0.0	1.3575699479816263	0.0	0.0	0.836582041183843	0.0	0.0	0.0	2.1616336138610537	0.0	0.0	0.0	0.0	1.3243936109698249	0.26428053463198947	0.26428053463198947	0.26428053463198947	0.26428053463198947	0.0	0.5456998012208963	0.42739685450468423	0.0	0.7800543716635894	2.1222907096171384	0.0	1.9282550153052158	0.0	0.5456998012208963	0.26428053463198947	0.0	0.0	0.42739685450468423	0.26428053463198947	0.0	1.2283175962013932	0.8865922581017787	0.0	0.0	0.0	0.26428053463198947	0.7150523037155133	1.5050933365990262	1.1324478338184236	0.26428053463198947	0.0
ERR1624557	0.6738244560660615	2.0139526201153513	0.0	0.0	0.0	1.0127025616332834	0.4562690422558563	0.4562690422558563	0.0	0.0	1.2007107461750766	0.0	3.547554239164308	0.0	0.0	2.1358745445281864	2.02931719503892	1.7247845790311431	0.0	0.0	1.0127025616332834	0.0	0.0	0.0	0.4562690422558563	0.0	3.9376134243003382	2.6264173898641756	2.718128565320203	0.0	0.0	0.2854854473828061	0.0	0.0	1.2710031622975084	0.0	0.2854854473828061	1.7817522387081741	0.0	1.0127025616332834	0.0	2.825711921062106	2.036800336784662	0.0	0.0	0.4562690422558563	0.0	0.0	0.0	2.292771914054396	0.0	0.0	0.0	0.0	0.0	0.0	0.0	0.5785294218477042	0.0	0.0	0.0	1.592364514617202	0.2854854473828061	0.9716063652089404	0.0	0.0	0.0	0.2854854473828061	0.0	0.0	0.2854854473828061	0.0	0.0	0.0	0.0	0.5785294218477042	0.6738244560660615	0.0	0.0	0.0	0.0	0.0	0.0	0.0	0.4562690422558563	0.5785294218477042	0.0	0.0	1.1745020250852078	0.0	0.0	0.2854854473828061	0.0	0.5785294218477042	3.3129374026025267	0.4562690422558563	0.0	0.0
ERR1624558	0.3008175311140875	2.0714605779376027	0.0	0.0	0.0	1.82565611644512	0.0	0.6986300111464016	0.0	0.0	1.5793697539369895	0.0	2.9671234013605283	0.0	0.3008175311140875	2.1698395555443457	0.9996174889406244	0.0	0.0	0.0	1.1756945744479932	0.0	0.9996174889406244	0.0	0.0	0.0	3.7766391927014915	3.07182522458999	0.6986300111464016	0.3008175311140875	0.0	0.0	0.0	0.0	2.3134442515495643	0.0	0.4768379455487648	2.1609459018305377	0.0	2.9149753188162877	0.3008175311140875	2.772630377373011	1.3613212912773847	0.4768379455487648	0.0	0.3008175311140875	0.0	0.0	0.0	3.792666635561326	0.0	0.0	0.0	0.0	0.0	0.0	0.0	1.490950377981832	0.0	0.0	0.0	1.8569133694260327	0.0	0.6017412555123727	0.0	0.0	0.0	0.3008175311140875	0.0	0.0	0.0	0.0	0.0	0.0	0.3008175311140875	0.0	2.1639307352931656	0.0	0.3008175311140875	0.0	0.3008175311140875	0.0	0.0	0.3008175311140875	0.4768379455487648	0.4768379455487648	0.0	0.0	0.6017412555123727	0.0	0.0	0.0	0.0	0.7777970850332734	1.278350948396937	0.3008175311140875	0.0	0.0
ERR1624559	1.1144356553474604	0.0	0.0	0.0	0.0	1.9248062441803566	0.0	0.7785957151116685	0.0	0.0	1.6133041602301592	0.0	3.5596014900404502	0.0	0.30129672908184657	1.0418775332240136	1.2792588518034975	0.7785957151116685	0.30129672908184657	0.0	0.7785957151116685	0.0	0.0	0.0	0.30129672908184657	0.30129672908184657	3.771311608933853	2.3122845642808967	0.6993966992057465	0.0	0.0	0.0	0.0	0.0	1.8981536478237444	0.0	1.1144356553474604	2.10089961824515	0.0	3.5391068827042025	0.4774768628844852	3.0351612676108597	1.7329171929033678	0.0	0.0	0.0	0.0	0.0	0.0	3.1840874874703244	0.0	0.0	1.0796701322406674	0.0	0.0	0.0	0.0	1.491877803840887	0.0	0.30129672908184657	0.30129672908184657	1.690718505949922	1.0796701322406674	0.0	0.30129672908184657	0.0	0.0	1.4318773269805578	0.0	0.0	0.30129672908184657	0.0	0.0	0.30129672908184657	0.0	0.0	1.602579969843288	0.0	2.4188325601710856	0.0	0.0	0.0	0.0	0.0	0.0	0.30129672908184657	0.0	0.30129672908184657	0.903556663020429	0.0	0.0	0.0	0.0	0.30129672908184657	1.8200691631906818	0.0	0.30129672908184657	0.0
ERR1624560	1.2165616568608908	2.76247457260123	0.0	0.0	0.0	2.23608260151239	0.0	0.0	0.0	0.0	1.2962026830440698	0.8144615747239461	3.032184223521768	0.0	0.3231783660621276	2.7394954082810306	2.0112621558694492	0.0	0.0	0.0	0.0	0.0	1.3421898812657493	0.0	0.0	0.0	3.5707106046941175	3.139055265938355	0.0	0.5064083256101128	0.0	0.0	0.0	0.0	2.4948628432622812	0.0	0.0	2.312513506967323	0.0	3.412791129336245	0.0	2.3854574429845448	0.3231783660621276	0.9928689035737102	0.0	0.3231783660621276	0.0	0.0	0.0	3.6274292009000173	0.0	0.0	0.0	0.0	0.0	0.0	0.0	1.518969535219045	0.0	0.0	0.0	0.0	0.0	0.0	0.0	0.0	0.0	0.0	0.0	0.3231783660621276	0.0	0.0	0.0	0.0	0.3231783660621276	0.3231783660621276	0.0	0.0	0.3231783660621276	0.0	0.6348728859782977	0.3231783660621276	0.0	0.0	0.3231783660621276	0.0	0.0	0.0	0.0	0.0	0.0	0.0	0.0	0.9411385205994331	3.1514163946261298	1.8751252866649943	0.0	0.0
ERR1624561	0.3609811811830036	2.2642106390322776	0.0	0.0	0.0	1.0031305530586196	0.0	0.5553482137958317	0.0	0.0	0.7912832887049506	0.0	3.0870279529998506	0.0	0.0	2.5204737517672844	0.7912832887049506	1.102586072523421	0.0	0.0	0.9433112090273965	0.0	0.0	0.0	0.0	0.0	3.4990796958331005	2.5371300040242697	0.0	0.0	0.5553482137958317	0.9433112090273965	0.0	0.0	1.2516051057126591	0.0	0.0	1.9745832513321964	0.0	2.5965959331794055	0.0	2.6734502340394855	0.0	0.0	0.0	0.5553482137958317	0.0	0.0	0.0	4.01040090194857	0.0	0.0	0.0	0.0	0.0	0.0	0.0	1.791791038897926	0.0	0.0	0.0	1.9921277913428874	0.5553482137958317	0.9433112090273965	0.0	0.0	0.0	0.0	0.0	0.0	0.0	0.0	0.0	0.0	0.0	0.0	1.818242114579967	0.0	0.0	0.0	0.0	0.3609811811830036	0.0	0.3609811811830036	0.0	0.6891442988310206	0.0	0.0	0.7912832887049506	0.0	0.0	0.0	0.0	0.0	0.9433112090273965	1.1449007097012656	0.0	0.0
ERR1624562	0.0	0.0	0.0	0.0	0.0	2.691436533644336	0.0	0.29641187346059045	0.29641187346059045	0.0	1.5224690041433357	0.0	2.9702723329855516	0.0	0.0	2.356242559279788	1.7617251849233955	0.4709527808561039	0.0	0.0	0.6915572519557801	0.0	0.0	0.0	0.0	0.0	3.6333785884337995	2.9252234848628764	0.770426870555022	1.5095123868827243	0.0	0.0	0.0	0.29641187346059045	1.3713162633858202	0.0	0.29641187346059045	1.7390697193574136	0.0	3.2103043070935198	0.0	3.075655413467192	0.894975758140789	0.29641187346059045	0.0	0.29641187346059045	0.0	0.0	0.0	3.818084789718082	0.0	0.0	0.5951142612562323	0.0	0.0	0.0	0.0	1.2699614330475286	0.0	0.0	0.0	1.904642419025764	0.0	0.0	0.0	0.0	0.0	0.770426870555022	0.29641187346059045	0.29641187346059045	0.0	0.0	0.29641187346059045	0.0	0.0	0.0	1.7068979234921813	0.0	2.200287068074229	0.0	0.4709527808561039	0.29641187346059045	0.0	0.0	0.29641187346059045	0.4709527808561039	0.0	0.0	0.5951142612562323	0.0	0.29641187346059045	0.0	0.29641187346059045	0.6915572519557801	1.6343800591791484	0.29641187346059045	0.0	0.0
ERR1624563	0.7713649808647982	1.2878274398584493	0.0	0.0	0.0	1.40713356046985	0.0	0.0	0.0	0.0	0.3476701412527636	0.0	2.8774982434294167	0.0	0.0	1.7773084461567932	0.6702671682506699	0.0	0.0	0.0	0.8533158258251954	0.0	0.0	0.0	0.3476701412527636	0.0	3.003527822974588	1.8727655712803812	0.5382577584622398	0.3476701412527636	0.0	1.5775181899016153	0.0	0.0	0.8533158258251954	0.0	1.9388799517750201	1.5330353352173638	0.0	3.4389658521848885	0.3476701412527636	2.1091777997092183	0.5382577584622398	0.3476701412527636	0.0	0.0	0.0	0.0	0.0	4.06660595326565	0.0	0.0	0.0	0.0	0.0	0.0	0.0	0.3476701412527636	0.0	0.0	0.0	1.7591402435177619	0.7713649808647982	0.0	0.0	0.0	0.0	0.7713649808647982	0.0	0.0	0.0	0.0	0.3476701412527636	0.0	0.0	0.0	0.981691906643491	0.0	0.5382577584622398	0.0	0.0	0.0	0.0	0.0	0.0	0.3476701412527636	0.0	0.0	0.8533158258251954	0.0	0.0	0.0	0.3476701412527636	0.5382577584622398	1.385751397244806	0.0	0.3476701412527636	0.0
ERR1624564	1.2004651716984154	0.0	0.0	0.0	0.0	1.3673349542343785	0.0	0.5412862203361604	0.0	0.0	0.8812176478323839	0.710068372982562	3.4819650471889987	0.0	0.0	3.036244649609111	1.382462991090172	0.5412862203361604	0.0	0.2614732459899249	1.3009287518626707	0.0	0.0	0.0	1.438198835206617	0.0	3.773237804790779	3.0221604816068863	0.4235356122793789	0.5412862203361604	0.0	0.0	0.0	0.0	1.7989358457760534	0.0	2.2752554298146626	1.9784124723819394	0.0	2.9611495143863977	0.5412862203361604	3.2389752487571086	0.0	1.7633232581750624	0.0	0.8812176478323839	0.0	0.0	0.0	3.311932784371949	0.0	0.0	0.0	0.0	0.0	0.0	0.0	0.9259799571552463	0.0	0.0	0.0	0.0	0.0	0.0	0.0	0.0	0.0	0.4235356122793789	0.5412862203361604	0.0	0.2614732459899249	0.0	0.0	0.0	0.0	0.0	1.0378490791360246	0.0	0.0	0.0	0.4235356122793789	0.0	0.2614732459899249	0.4235356122793789	0.0	0.8313059036014758	0.0	0.0	0.0	0.0	0.0	0.0	0.0	1.152720840387115	2.457512446591919	2.021443255578836	0.2614732459899249	0.0
ERR1624565	0.23613169673669968	0.0	0.23613169673669968	0.23613169673669968	0.0	1.3268874406668607	0.3882400678282101	0.3882400678282101	0.0	0.0	1.227696436058027	0.0	3.48195782500884	0.23613169673669968	0.0	2.6049269312138015	1.4756077381496748	1.7184165380799543	0.0	0.0	0.5006717035928979	0.23613169673669968	0.8751491086847656	0.0	0.5006717035928979	0.0	3.819926674553763	2.756060685826295	0.23613169673669968	0.0	0.9150782425615999	1.4540952512698557	0.5006717035928979	0.0	1.932066287763376	0.0	1.4859771413358653	2.363085758749802	0.0	3.3655996992322295	0.3882400678282101	2.864546373906161	0.5899008319642554	0.0	0.0	0.5006717035928979	0.0	0.0	0.0	3.3418435042078816	0.0	0.0	0.0	0.0	0.0	0.0	0.23613169673669968	1.6607538510838107	0.0	0.23613169673669968	0.0	1.5942456868108934	0.0	2.0029860398591	0.0	0.3882400678282101	0.0	0.23613169673669968	0.23613169673669968	0.23613169673669968	0.5899008319642554	0.0	0.0	0.23613169673669968	0.0	0.5006717035928979	0.9516433984871668	0.0	0.23613169673669968	0.0	0.0	0.0	0.23613169673669968	0.0	0.3882400678282101	0.5006717035928979	0.0	0.23613169673669968	1.0731998921304102	0.0	0.0	0.0	0.0	0.9516433984871668	2.0693162224219055	1.7123748637140976	0.0	0.0
ERR1624566	0.4183815335923332	2.152233653929178	0.0	0.0	0.0	1.1190456531043733	0.2577366522501842	0.8242361481839808	0.0	0.0	1.0303124489928523	0.0	3.2631523495160866	0.0	0.0	2.843736053072946	1.2747424920344868	0.8740140187016174	0.0	0.0	0.4183815335923332	0.0	0.0	0.0	0.2577366522501842	0.0	4.002429756815862	2.5725362874074484	0.5353860582016101	0.2577366522501842	0.0	0.0	0.0	0.0	1.2556362756936112	0.0	1.1450058910760064	2.0676830332633633	0.0	1.767357647713879	0.4183815335923332	3.31143208769066	0.0	0.0	0.0	0.0	0.0	0.0	0.0	2.9504944760590703	0.0	0.0	0.0	0.0	0.0	0.0	0.0	0.768005241338674	0.0	0.0	0.2577366522501842	2.029958575098539	1.2356506705080132	0.0	0.0	0.0	0.0	0.8242361481839808	0.0	0.0	0.0	0.0	0.0	0.0	1.1926888925563057	0.0	0.0	0.0	0.2577366522501842	0.0	0.4183815335923332	0.2577366522501842	0.2577366522501842	0.703395451874029	0.2577366522501842	0.0	0.0	0.0	0.5353860582016101	0.0	0.0	0.0	0.0	0.4183815335923332	2.482917199386465	0.6274650217691196	0.0	0.2577366522501842
ERR1624567	0.9421278757745385	0.0	0.0	0.0	0.0	1.1199933523878216	0.0	0.32376506558232443	0.0	0.0	0.9938726097938408	0.0	3.2898276617469095	0.0	0.0	2.594448546379815	1.1199933523878216	2.199380121306501	0.0	0.0	1.0818827451422424	0.0	0.32376506558232443	0.0	0.815407643678294	0.0	3.921762295055963	2.737100356382957	0.5071776764278932	0.0	0.0	0.9938726097938408	0.0	0.5071776764278932	1.040103288862266	0.0	0.0	2.2054161544727258	0.0	2.486666517757033	0.0	3.3214672906323703	1.791773627316947	1.1874457328637615	0.0	0.32376506558232443	0.0	0.0	0.0	3.3991967481673524	0.0	0.0	0.0	0.32376506558232443	0.0	0.0	0.0	1.2458164870865194	0.0	0.0	0.0	1.4405896444973731	0.0	0.32376506558232443	0.0	0.0	0.0	0.6357313192921733	0.9938726097938408	0.0	0.0	0.0	0.0	0.0	0.0	0.7347959208656702	0.0	0.0	1.791773627316947	0.0	0.0	0.0	0.0	0.32376506558232443	0.6357313192921733	0.0	0.0	0.0	0.32376506558232443	0.0	0.0	0.0	0.0	0.8833733253847491	1.1199933523878216	0.6357313192921733	0.0	0.0
ERR1624568	0.0	0.0	0.0	0.0	0.0	2.977903248867845	0.0	0.6898660575807339	0.0	0.0	1.1843038624446134	0.3614934980638221	3.5993593594144637	0.0	0.0	1.9872558492392396	1.3113594147327985	1.386992145368446	0.0	0.0	1.5873070013529793	0.0	0.0	0.0	0.0	0.0	3.872876903143709	2.451526650859242	0.3614934980638221	1.3380608404741485	0.3614934980638221	0.3614934980638221	0.0	0.0	1.3380608404741485	0.0	1.6420592867554662	2.4226688404782033	0.0	3.32163933133386	0.5560030464911405	2.43527197532543	1.2197183962152234	1.2524615241293315	0.0	0.3614934980638221	0.3614934980638221	0.0	0.0	2.8209029126388665	0.0	0.0	0.0	0.0	0.0	0.0	0.0	2.10815357088954	0.0	0.0	0.0	1.7130838838176987	0.0	0.0	0.0	0.0	0.3614934980638221	0.0	0.0	0.5560030464911405	0.0	0.0	0.0	0.0	0.0	0.0	1.6420592867554662	0.0	1.7020240841542378	0.0	1.003947765270234	0.0	2.2431217858739636	0.0	0.0	0.7920439168021289	0.0	0.0	1.003947765270234	0.0	0.0	0.0	0.0	0.0	0.9441151312781615	0.9441151312781615	0.3614934980638221	0.0
ERR1624569	0.0	1.4845661936779657	0.0	0.0	0.0	0.8390845717774891	1.035012074270808	0.6933600348559066	0.0	0.0	0.7723059521903193	0.0	3.2523349660420853	0.0	0.0	1.2486418556379761	1.8059984225825423	0.5968027759973056	0.0	0.0	0.6933600348559066	0.0	0.0	0.47245132699903686	0.2975322659884357	0.0	3.6382034559738896	1.8961546317152853	0.2975322659884357	0.0	0.2975322659884357	0.0	0.0	0.0	1.294360041330577	0.2975322659884357	1.561369201014419	1.6266092396437914	0.0	3.692121244706867	0.2975322659884357	2.42275474418012	0.0	0.7723059521903193	0.0	0.47245132699903686	0.0	0.0	0.0	3.642507294581521	0.2975322659884357	0.0	0.6933600348559066	0.0	0.0	0.0	0.0	0.8969503484739392	0.2975322659884357	0.0	0.2975322659884357	1.937539271888266	0.5968027759973056	0.0	0.0	0.2975322659884357	0.0	2.3193454021074853	0.2975322659884357	0.2975322659884357	0.0	0.0	0.0	0.0	0.0	0.0	1.3734823234055338	0.0	1.424602084630819	0.0	0.0	0.0	0.0	0.0	0.2975322659884357	0.6933600348559066	0.0	0.2975322659884357	0.8969503484739392	0.0	0.0	0.0	0.0	0.2975322659884357	2.535821857469318	1.2721022651582472	0.0	0.0
ERR1624570	0.8922657840208079	0.0	0.0	0.0	0.0	1.3306009494876272	0.37302516428994187	0.7060214172163102	0.0	0.0	0.8922657840208079	0.0	3.308880161060377	0.0	0.0	3.298603892272384	1.0221934286125398	1.122069507555505	0.0	0.0	1.3306009494876272	0.0	0.0	0.0	0.0	0.0	3.8345890454269775	2.7709596881544276	0.0	0.0	0.0	0.0	0.0	0.0	0.37302516428994187	0.0	0.37302516428994187	1.977185824812388	0.0	2.2759211765256695	0.5706865158835448	2.3233237096584913	0.0	0.0	0.0	0.0	0.0	0.0	0.0	3.6479820824278937	0.0	0.0	0.9620703918292275	0.37302516428994187	0.0	0.0	0.0	0.8090517335148075	0.0	0.0	0.0	1.648747095639534	0.0	0.37302516428994187	0.0	0.0	0.37302516428994187	0.0	0.0	0.0	0.37302516428994187	0.0	0.0	0.0	0.0	0.0	1.4504384964593606	0.0	2.136915483636449	0.0	0.37302516428994187	0.0	1.560814824954872	0.0	0.0	0.0	0.0	0.0	0.7060214172163102	0.0	0.0	0.0	0.0	1.122069507555505	1.164535759394807	1.0221934286125398	0.0	0.0
ERR1624571	0.0	2.7556274646247365	0.0	0.0	0.0	1.7328839985965097	0.0	0.3331448344830299	0.0	0.0	1.7041547321082116	0.0	3.1158128912048633	0.0	0.0	3.15328584453247	1.6402775824340616	0.957822635846776	0.0	0.0	0.0	0.0	0.0	0.0	0.0	0.0	3.7659849199813773	2.9551503639538934	0.519434140714022	0.0	0.0	0.0	0.0	0.0	1.3140673817142967	0.0	0.0	1.8872288853217833	0.0	3.335682334354443	0.0	1.9533705563094146	0.0	2.6416490045311964	0.0	0.6493834834302024	0.0	0.0	0.0	3.569585601291035	0.0	0.0	0.0	0.0	0.0	0.0	0.0	1.0561994318593189	0.0	0.0	0.0	0.0	0.0	0.0	0.0	0.0	0.0	1.2890534838926622	0.8987799454050835	0.0	0.6493834834302024	0.0	0.0	0.0	0.3331448344830299	0.0	0.3331448344830299	0.0	0.0	0.0	0.0	0.0	0.0	0.0	0.0	0.0	0.0	0.0	0.0	0.0	0.0	0.0	0.0	0.6493834834302024	1.5372080601681157	0.6493834834302024	0.0	0.0
ERR1624572	0.0	0.0	0.0	0.0	0.0	1.8639602509749662	0.0	1.9159871543326832	0.0	0.0	0.9019004424400727	0.6521553018531787	3.6560788766360965	0.0	0.0	3.0363335431666942	1.6768836068685844	0.52192737043726	0.0	0.0	0.9610002362889088	0.3350604601730395	0.0	0.0	0.3350604601730395	0.0	3.8221364237870894	2.822116528249768	0.3350604601730395	0.0	0.0	0.0	0.0	0.0	2.4363957873690945	0.0	0.0	2.208163675331625	0.0	2.458037470696269	0.3350604601730395	2.341726639929673	0.0	1.3635625861583787	0.0	0.3350604601730395	0.3350604601730395	0.0	0.0	3.343851177660817	0.0	0.0	0.52192737043726	0.0	0.0	0.0	0.0	1.1748222955667662	0.0	0.3350604601730395	0.0	2.0142925254065918	0.6521553018531787	1.0130124678583283	0.0	0.0	0.0	0.0	0.0	0.52192737043726	0.0	0.0	0.0	0.0	0.0	0.6521553018531787	0.6521553018531787	0.0	1.9512864674568837	0.0	0.3350604601730395	0.3350604601730395	0.0	0.0	0.52192737043726	0.3350604601730395	0.0	0.0	1.1748222955667662	0.0	0.0	0.0	0.0	0.52192737043726	0.8334721138646259	2.290533824656565	0.3350604601730395	0.8334721138646259
ERR1624573	0.31130922704009195	2.9726066325109612	0.0	0.0	0.0	2.049518979222536	0.0	0.6173890185792112	0.0	0.0	1.5248499183026258	0.0	3.012854101775429	0.0	0.0	2.920116278751928	1.3811845966300056	0.0	0.49077353232920484	0.0	0.6173890185792112	0.0	0.0	0.0	0.0	0.0	3.4130096961012173	3.0671881498225213	0.49077353232920484	0.0	0.31130922704009195	0.0	0.0	0.0	0.9209220626632942	0.0	0.0	2.6068566502040733	0.0	1.8329286034658172	0.0	2.5491787409494213	0.0	0.6173890185792112	0.0	0.0	0.0	0.0	0.0	3.9398671501082014	0.0	0.0	0.0	0.0	0.0	0.0	0.0	1.7758472033770163	0.0	0.0	0.0	2.303518597353122	0.0	0.31130922704009195	0.0	0.0	0.0	0.31130922704009195	0.0	0.6173890185792112	0.0	0.0	0.0	0.0	0.0	0.0	0.6173890185792112	0.0	0.0	0.0	0.31130922704009195	0.0	0.0	0.0	0.0	0.6173890185792112	0.0	0.0	0.31130922704009195	0.0	0.0	0.0	0.0	1.1327343106054026	2.331977788257913	0.0	0.0	0.0
ERR1624574	0.2863465020832567	0.4574308298050913	0.0	0.0	0.0	2.2862388928505117	0.0	0.0	0.0	0.0	0.9277850975108696	0.0	3.318632574348809	0.0	0.0	3.4479739092871555	1.05187049856508	0.0	0.7533954958762037	0.0	0.0	0.0	0.0	0.0	0.0	0.2863465020832567	3.7119851381063675	2.8293002184332785	0.973201455027527	0.0	0.0	1.3331898014011394	0.0	0.0	1.718859186698699	0.0	0.0	1.9874498075314855	0.2863465020832567	1.9435759405943716	0.0	3.651276334854487	0.0	1.2023838358182577	0.2863465020832567	0.0	0.0	0.0	0.0	2.8605799668203296	0.0	0.0	0.4574308298050913	0.0	0.0	0.0	0.0	0.877058614900541	0.0	0.0	0.0	2.0531600773504857	0.0	0.0	0.0	0.0	0.0	1.118451059057612	0.0	0.2863465020832567	0.0	0.0	0.0	0.0	0.0	0.0	0.2863465020832567	0.0	2.2986439428569554	0.0	0.0	0.0	0.0	0.877058614900541	0.0	0.0	0.0	0.0	0.0	0.0	0.2863465020832567	0.0	0.0	0.819613820024931	1.0864354428955019	0.0	0.0	0.0
ERR1624575	0.5370645027635553	1.5615563953499592	0.0	0.0	0.0	1.3128559144483627	0.0	0.3467451085606196	0.0	0.0	1.7666674998588854	1.1949044685507841	3.390877700440295	0.0	0.0	2.705976749084144	0.8518712476271812	2.0906126087110684	0.3467451085606196	0.0	0.668946240172589	0.0	0.0	0.0	0.9207509477049095	0.0	4.0772262444251295	1.6531371728468485	0.0	0.0	0.0	0.0	0.0	0.0	0.5370645027635553	0.0	0.668946240172589	2.158285973861035	0.0	0.8518712476271812	0.9207509477049095	2.8095575881346972	0.0	0.0	0.0	0.0	0.0	0.0	0.0	2.367693206184101	0.0	0.0	0.0	0.0	0.0	0.0	0.0	1.8639073848141507	0.0	0.0	0.0	2.005199575456129	0.0	0.0	0.0	0.0	0.0	1.079110614310092	0.0	0.5370645027635553	0.0	0.0	0.0	0.0	0.0	0.5370645027635553	0.3467451085606196	0.3467451085606196	0.3467451085606196	0.0	0.0	0.0	0.0	0.0	0.3467451085606196	0.0	0.0	1.079110614310092	1.7385287632400777	0.0	0.0	0.0	0.0	0.9801869527957302	2.37446796284193	0.5370645027635553	0.0	0.0
ERR1624576	0.0	1.727882238704495	0.0	0.0	0.0	1.0472769498561572	0.0	0.0	0.0	0.0	1.814804573763671	0.6418062638529596	3.3661745571664063	0.0	0.0	3.314175092082796	1.727882238704495	2.323804203880771	0.0	0.0	1.0472769498561572	0.0	0.0	0.0	0.0	0.0	3.926730059391948	3.0823747005765183	0.4300227140283564	0.7835481933458339	1.210186852119017	2.9312566913775187	0.0	0.4300227140283564	1.5419972576947616	0.0	0.0	1.9323914584608297	0.0	1.1623673647839028	0.4300227140283564	3.0273756802641913	0.0	1.1623673647839028	0.0	0.0	0.0	0.0	0.0	1.9961489526764975	0.0	0.0	0.0	0.0	0.0	0.0	0.0	0.7835481933458339	0.0	0.4300227140283564	0.0	1.6010658213138291	0.0	0.7835481933458339	0.0	0.0	0.4300227140283564	0.7835481933458339	0.0	0.0	0.0	0.4300227140283564	0.0	0.0	0.0	0.7835481933458339	0.8902366594020594	0.0	0.0	0.0	0.0	0.0	0.0	0.0	0.4300227140283564	0.6418062638529596	0.0	0.0	0.6418062638529596	0.0	0.0	0.0	0.0	0.4300227140283564	1.619095563276602	1.3615726425741952	0.0	0.0
ERR1624577	0.5913037655953091	0.46757340552092963	0.0	0.0	0.0	1.0659981337070281	0.0	0.0	0.0	0.0	0.8905148688979627	0.0	3.616944048249714	0.0	0.0	3.098549605613645	0.7661832765593657	1.1006666267963694	0.0	0.29388885954443184	0.7661832765593657	0.0	0.0	0.0	0.6874871355392643	0.0	3.9452613168004733	2.7897607590316515	0.0	0.0	0.0	0.0	0.0	0.46757340552092963	0.8905148688979627	0.0	0.5913037655953091	1.998577707239546	0.0	1.5300845571927804	0.29388885954443184	2.9185962477544596	1.5175077230016385	0.0	0.0	0.0	0.0	0.0	0.0	2.392195940286904	0.0	0.0	0.0	0.0	0.0	0.0	0.0	1.0283201805548259	0.0	0.0	0.0	2.3887767349128346	1.1327710542442835	0.29388885954443184	0.0	0.0	1.162664710489402	0.0	0.0	0.29388885954443184	0.29388885954443184	0.0	0.46757340552092963	0.0	1.1006666267963694	0.9870601875075797	0.0	0.0	0.0	0.0	0.0	0.0	0.29388885954443184	0.0	0.29388885954443184	0.29388885954443184	0.0	0.0	0.6874871355392643	0.0	0.0	0.0	0.0	0.7661832765593657	2.520935148916771	0.46757340552092963	0.0	0.0
ERR1624578	0.7663286370222432	2.2459245876952054	0.0	0.0	0.0	2.4757790253283094	0.0	0.0	0.0	0.0	0.6876265267563243	0.0	3.140512081053987	0.0	0.0	2.906957137012594	0.8906677095916964	0.0	0.0	0.0	0.6876265267563243	0.0	0.0	0.0	0.2939751177188404	0.0	3.873842731161278	3.1489450538390367	0.2939751177188404	0.6876265267563243	0.0	0.5914342277383342	0.0	0.0	1.6581791937842647	0.0	0.0	2.6380522951762444	0.0	1.0661584754609323	0.0	3.471357950994153	0.0	0.0	0.0	0.2939751177188404	0.0	0.0	0.0	3.215719949203798	0.4676890516278908	0.0	0.0	0.0	0.0	0.0	0.0	0.8906677095916964	0.0	0.0	0.2939751177188404	1.5176778030715874	0.0	0.0	0.0	0.0	0.0	0.2939751177188404	0.0	0.0	0.0	0.0	0.0	0.0	0.0	0.7663286370222432	0.4676890516278908	0.0	0.7663286370222432	0.0	0.4676890516278908	0.0	0.0	0.4676890516278908	0.0	0.4676890516278908	0.0	0.0	0.0	0.0	0.0	0.0	0.0	0.8329328628825332	1.5881951329387307	0.0	0.0	0.0
ERR1624579	0.3198805740456822	0.8769293424805396	0.0	0.0	0.0	0.9872090956895907	0.3198805740456822	0.0	0.0	0.0	1.2388192410526149	0.0	3.652858352503445	0.0	0.0	1.2388192410526149	1.482809081732288	1.3361736832526039	0.0	0.0	0.9355602517168894	0.0	0.0	0.0	0.0	0.0	3.996526697282487	2.8403183355658737	0.5020778170553294	0.5020778170553294	0.0	0.5020778170553294	0.0	0.0	0.0	0.0	0.0	2.1796769817931865	0.0	2.6641992486611357	0.0	2.3420929996371123	1.3574475839615652	0.0	0.0	0.5020778170553294	0.0	0.0	0.0	2.715361047256326	0.0	0.0	0.0	0.0	0.0	0.0	0.0	0.3198805740456822	0.0	0.0	0.0	1.862463122292486	1.1131387769604941	0.3198805740456822	0.0	0.3198805740456822	0.6300376517327014	0.3198805740456822	0.0	0.5020778170553294	0.0	0.0	0.3198805740456822	0.0	0.0	0.6300376517327014	1.2106422732641462	0.0	0.5020778170553294	0.0	0.6300376517327014	0.0	0.0	0.0	0.0	0.5020778170553294	0.0	0.0	1.290218724752693	0.0	0.0	0.0	0.3198805740456822	0.5020778170553294	1.0333632354852327	1.4156509629622274	0.0	0.0
ERR1624580	0.2796049372819884	1.6729299528641066	0.2796049372819884	0.0	0.0	0.8648726775682517	0.2796049372819884	0.0	0.0	0.0	0.5695125482918544	0.0	2.501476725338825	0.0	0.0	3.16316207904133	1.3891117060248355	1.4346984872917832	0.0	0.0	0.5695125482918544	0.0	0.0	0.0	0.0	0.0	4.07546219945288	3.1477979661231124	0.2796049372819884	0.0	0.0	0.0	0.0	0.0	1.559252882473644	0.0	0.0	2.3160752845751422	0.0	1.3005583489870263	0.0	2.8526227463600873	0.0	0.2796049372819884	0.0	0.0	0.0	0.0	0.0	2.5986077148730655	0.6641634896091119	0.0	0.0	0.0	0.0	0.0	0.0	1.372786929394299	0.0	0.0	0.0	2.237313342863435	0.0	0.2796049372819884	0.0	0.0	0.0	0.5695125482918544	0.0	0.0	0.2796049372819884	0.0	0.2796049372819884	0.0	0.2796049372819884	0.0	0.0	0.0	0.0	0.0	0.0	0.0	0.0	0.0	0.0	0.6641634896091119	0.0	0.0	0.0	0.0	0.0	0.0	0.0	0.7418321329906119	0.5695125482918544	0.5695125482918544	0.0	0.0
ERR1624581	0.8473942885625585	2.485542581171495	0.0	0.0	0.0	0.7425548260758479	0.0	0.39954865655849636	0.0	0.0	1.9894219913919455	0.0	3.546993158491638	0.0	0.0	2.430802611977227	1.4497404591739205	2.3846837445367006	0.0	0.0	0.6040698718900568	0.0	0.0	0.0	0.39954865655849636	0.0	3.9224874781154533	3.069560233654308	0.39954865655849636	0.6040698718900568	0.0	2.177301114869447	0.0	0.7425548260758479	1.2066308833440647	0.0	2.1215832306972557	2.5165527883345993	0.0	1.6360841478367294	0.6040698718900568	2.958122031663044	1.9826531964142338	0.39954865655849636	0.0	0.0	0.0	0.0	0.9317825275320792	2.9019475999581075	0.9317825275320792	0.0	0.0	0.0	0.0	0.0	0.0	2.074537162526345	0.0	0.0	0.0	0.0	0.0	0.39954865655849636	0.0	0.0	0.0	0.0	0.0	0.39954865655849636	0.0	0.0	0.7425548260758479	0.39954865655849636	0.0	0.39954865655849636	0.39954865655849636	0.0	0.0	0.0	0.39954865655849636	0.0	0.0	0.0	0.9317825275320792	1.0024107428920699	0.0	0.0	1.692819375225173	0.0	0.0	0.0	0.0	1.1164157334992297	0.8473942885625585	1.6653775733469827	0.39954865655849636	0.0
ERR1624582	0.27893994817991674	1.7036768993044533	0.27893994817991674	0.0	0.4474109117775995	0.4474109117775995	0.0	1.4475372967991296	0.0	0.27893994817991674	1.0722419960691023	1.1617341950847753	3.7589190868857827	0.0	0.0	2.217348127836551	2.4186930967958835	1.8996615357792919	0.0	0.0	0.7406845117735084	0.27893994817991674	0.0	0.0	0.0	0.0	3.9456007974516933	2.6690578783412704	0.27893994817991674	0.663065666645604	0.27893994817991674	1.7113487764916664	0.0	0.663065666645604	1.6277498905756722	0.0	0.0	2.11333025098478	0.0	1.4186795921447943	0.4474109117775995	1.5892148992799298	2.169771139605748	0.4474109117775995	0.0	0.7406845117735084	0.0	0.0	0.0	1.8473430388039145	0.0	0.0	0.959391495268095	0.0	0.0	0.0	0.0	1.8303341863678129	0.0	0.0	0.0	1.9045627723790182	0.0	0.0	0.0	0.0	1.403498288211564	0.0	0.27893994817991674	0.4474109117775995	0.8065118493677276	0.0	0.663065666645604	0.27893994817991674	0.5684887662433777	0.0	0.27893994817991674	0.0	2.5568153356181513	0.0	0.27893994817991674	0.0	0.0	0.0	0.959391495268095	0.27893994817991674	0.0	0.0	0.5684887662433777	0.0	0.0	0.0	0.5684887662433777	0.8065118493677276	0.5684887662433777	1.4875188757854376	0.4474109117775995	0.27893994817991674
ERR1624583	0.0	1.9783183256546866	0.0	0.0	0.0	1.2844246216325177	0.0	0.2923695174823298	0.0	0.0	1.5145065508355777	0.8878188965641429	3.18987893398677	0.0	0.0	3.334307069896201	1.2387661075973413	0.4655351421760663	0.0	0.0	0.9387246385325518	0.0	0.0	0.0	0.2923695174823298	0.0	4.052431309373332	2.9868418717863494	0.0	0.0	0.2923695174823298	0.0	0.0	0.0	1.1877372740945749	0.0	0.0	2.4219004348892286	0.0	1.3450062433620469	0.5890036375318906	2.2181350600421554	0.0	0.0	0.0	0.2923695174823298	0.0	0.0	0.0	1.5740249925222194	0.5890036375318906	0.0	0.0	0.5890036375318906	0.0	0.0	0.0	1.6456486188440869	0.0	0.6850291107428985	0.2923695174823298	1.0978174236638503	0.0	0.0	0.0	0.2923695174823298	0.0	0.4655351421760663	0.0	0.0	0.0	0.0	0.2923695174823298	0.0	0.7636196611337185	0.0	0.6850291107428985	0.0	0.2923695174823298	0.0	0.0	0.0	0.0	0.0	0.2923695174823298	0.4655351421760663	0.0	0.0	0.0	0.0	0.0	0.0	0.0	1.4602188156980758	1.1299043040151713	0.9387246385325518	0.0	0.0
ERR1624584	0.0	1.7718147392439723	0.0	0.0	0.0	1.3960148626840625	0.0	0.0	0.0	0.0	0.4137402623035815	0.0	3.1708905018762366	0.0	0.0	3.5378987666567943	2.304643816948151	1.0845190226919834	0.2543822945689027	0.0	0.952460259881215	0.0	0.0	0.0	0.2543822945689027	0.0	3.9924437947216123	2.8481532149570956	0.0	0.0	0.2543822945689027	0.0	0.0	0.2543822945689027	1.5269706232021993	0.0	0.0	1.627451238055487	0.0	1.5165693043697284	0.0	2.810242248248388	0.4137402623035815	0.2543822945689027	0.0	0.4137402623035815	0.0	0.0	0.0	2.0541543799841344	0.0	0.0	0.0	0.0	0.0	0.0	0.0	1.4722781687730446	0.0	0.0	0.0	0.2543822945689027	1.494988116050384	0.4137402623035815	0.0	0.0	0.2543822945689027	0.0	0.0	0.0	0.0	0.0	0.0	0.0	0.5300641995952596	0.8674977353704432	0.0	0.0	0.0	0.0	0.0	0.0	0.0	0.0	0.0	0.0	0.0	0.0	0.2543822945689027	0.0	0.0	0.0	0.0	0.4137402623035815	0.7617688928566684	1.7477665365943091	0.0	0.4137402623035815
ERR1624585	0.0	1.4419841754161615	0.0	0.0	0.0	0.5345845837207429	0.0	0.34482446178280984	0.0	0.0	1.0759045918441348	0.0	3.6619643142697567	0.0	0.0	3.5819986896062113	2.626181950167154	1.11800015782684	0.0	0.34482446178280984	0.5345845837207429	0.0	0.0	0.0	0.0	0.0	3.388888146052668	3.159057484537146	0.5345845837207429	0.34482446178280984	0.0	0.5345845837207429	0.0	0.0	1.029286476992175	0.0	0.5345845837207429	1.2242378618295542	0.0	3.3643405164296256	0.5345845837207429	2.1901900326888755	0.34482446178280984	0.34482446178280984	0.0	0.6661997365020828	0.8488663270909956	0.34482446178280984	0.0	2.9101836187861987	0.0	0.0	0.0	0.0	0.0	0.0	0.0	0.7670668825397289	0.0	0.0	0.7670668825397289	0.9770557703112923	0.0	0.34482446178280984	0.0	0.0	0.0	2.027192306383071	0.34482446178280984	0.34482446178280984	0.34482446178280984	0.0	0.7670668825397289	0.0	0.7670668825397289	0.0	0.0	0.0	0.7670668825397289	0.0	0.0	0.5345845837207429	0.0	0.34482446178280984	0.0	0.34482446178280984	0.0	0.0	0.5345845837207429	0.34482446178280984	0.0	0.0	0.0	0.5345845837207429	2.7035281170503724	0.0	0.0	0.8488663270909956
