SAMPLE_ID	Acidobacteria	Actinobacteria	Aquificae	Armatimonadetes	Bacteroidetes	Balneolaeota	Calditrichaeota	Candidatus Cloacimonetes	Candidatus Omnitrophica	Candidatus Saccharibacteria	Chlamydiae	Chlorobi	Chloroflexi	Coprothermobacterota	Cyanobacteria	Deferribacteres	Deinococcus-Thermus	Elusimicrobia	Euryarchaeota	Fibrobacteres	Firmicutes	Fusobacteria	Gemmatimonadetes	Ignavibacteriae	Kiritimatiellaeota	Nitrospirae	Planctomycetes	Proteobacteria	Spirochaetes	Synergistetes	Tenericutes	Thermodesulfobacteria	Thermotogae	Verrucomicrobia
SRR5865065	0.8738797367361532	2.858591046839592	0.2845797216651721	1.722938051669973	4.981207751059768	0.2845797216651721	0.0	0.0	0.0	1.5115151495950543	0.5771448570228208	0.7503774304114659	1.4148536240983367	0.4550461121466369	1.9879730750301106	0.0	0.8738797367361532	0.2845797216651721	2.27411954800157	1.0830697572719004	4.856616011532747	3.8236080798527516	0.2845797216651721	1.722938051669973	0.4550461121466369	0.0	0.8738797367361532	4.310216286762825	0.8165039845833202	2.6020162065428964	1.5800854398621977	0.2845797216651721	0.2845797216651721	3.0320614344190795
SRR5865066	0.995760616512896	3.244243295865649	0.32487019402556583	1.6888900800270226	4.747496930063135	0.0	0.0	0.0	0.0	1.8519307910339389	1.2477980784612797	0.8171875723384392	1.0838097548274452	2.20146746822586	1.6134492754029592	0.508625976231461	1.9597159442760248	0.8171875723384392	3.6926371973152965	1.6581478429429946	5.045917624376987	2.776331793215562	0.0	1.8653156387861616	0.508625976231461	0.0	1.1894102033914353	4.312362891880798	0.995760616512896	1.8015410183867662	1.8015410183867662	0.8171875723384392	0.6373468396255998	3.27016867459694
SRR5865067	1.0075661338026896	3.7250681144147926	0.30524966604907877	0.0	5.008151034364139	0.30524966604907877	0.0	0.30524966604907877	0.0	0.9617160332753414	0.482738419939713	1.0868862577826643	0.6083742212264284	0.0	0.482738419939713	0.9617160332753414	0.30524966604907877	0.482738419939713	1.0868862577826643	1.183935104327124	4.947788084451835	1.423052041244718	0.30524966604907877	2.6832422906849835	0.30524966604907877	0.482738419939713	0.6083742212264284	2.9372966286949356	1.423052041244718	0.7057019366372621	1.6102507263942947	0.482738419939713	0.482738419939713	1.7864113301722362
SRR5865068	1.0142781295807677	3.6799690403826606	0.0	1.496046995716562	4.624782633304099	0.33581457163330625	0.0	0.0	0.0	1.5701942185125024	0.5229079556767942	0.9622486156378529	1.4065802726326837	0.33581457163330625	1.836787086517517	0.6532449696501336	2.466414847149235	1.7817964134935709	2.9355489459544497	1.3862416191448217	5.106560688045556	2.8798063599466035	0.0	2.079222626862777	0.753362031626974	0.0	0.9031264996805441	4.112384149536644	0.753362031626974	1.2672112014453438	2.7453767354932137	0.33581457163330625	0.33581457163330625	3.837682761020508
SRR5865069	0.8560419390856555	4.040239293535128	0.0	0.3753032736939767	4.40499802020109	0.22699023989547815	0.0	0.4856568976400612	0.0	2.1321218340203334	0.8560419390856555	0.7091928277256829	1.2908336085969985	0.0	1.4845866679344972	0.7091928277256829	0.9967172391881572	0.7091928277256829	1.2424510556988058	1.1682116644494966	5.158704871071641	3.118468732204433	0.8560419390856555	1.564651702735352	0.6466561529913606	0.0	1.5036978313203482	3.8414208793301556	0.6466561529913606	0.6466561529913606	1.8514084452764228	0.6466561529913606	1.2752973739732942	3.91873345926971
SRR5865070	0.6577971012632116	3.2703460837847036	0.3389711948012471	1.2727412466307553	4.9665045706822415	0.5270070457518273	0.0	0.3389711948012471	0.0	0.6577971012632116	0.6577971012632116	0.8396618903686249	0.3389711948012471	1.0195599647277607	1.2727412466307553	0.6577971012632116	2.085018156571784	1.2727412466307553	2.7512102031924095	1.3704967636612118	4.866656635433378	1.6732128451399442	0.5270070457518273	2.0721613721468786	0.6577971012632116	0.0	1.0195599647277607	4.447559610547142	1.146389668410476	0.8396618903686249	2.542427077582198	0.0	0.3389711948012471	1.9804888347393597
SRR5865071	0.5478098631198374	4.196615031419691	0.26562631937179854	0.8891575904145608	3.4960288387883534	0.0	0.0	0.26562631937179854	0.0	1.2310907750408098	0.0	0.4292445829706034	0.6408504176404483	0.4292445829706034	0.8891575904145608	0.0	0.5478098631198374	0.26562631937179854	1.046149429490219	0.4292445829706034	5.239924364286554	1.9720970076167539	0.0	1.1612139496153397	0.0	0.0	0.4292445829706034	3.6564417873338053	0.0	0.7825135832306722	1.4469984758325216	0.4292445829706034	0.9340365068898409	2.072751838602331
SRR5865072	0.5572522779944097	3.9078433372058856	0.0	1.6172327937479458	4.318909841818704	0.5572522779944097	0.0	0.0	0.0	1.92661102669838	0.6912426566129597	0.6912426566129597	0.945648018465455	0.0	1.5741510300230728	0.8762007470653599	0.793494462261809	0.793494462261809	1.2540942225299396	1.3397108051358022	5.215137897897625	1.8843907022368565	0.0	1.8989250003846088	0.0	0.0	1.0055059240334128	3.5894401685670476	1.7564037221556745	0.5572522779944097	1.4111965726696771	0.0	1.1473487967542104	1.6564239192213894
SRR5865073	0.9120018658722654	2.380825485482031	0.0	0.0	5.030842084114989	0.0	0.0	0.0	0.0	0.9822273741431697	0.3861727671730965	0.8281884271672686	0.0	0.0	0.8281884271672686	0.3861727671730965	0.5873004378055533	0.0	0.5873004378055533	0.9822273741431697	4.885209330672508	2.3885260462572298	0.5873004378055533	2.041080882910403	0.5873004378055533	0.0	0.7242361485253486	4.101948865168919	0.9120018658722654	0.3861727671730965	1.2244006914586942	0.3861727671730965	0.0	1.142969363617021
SRR5865074	1.139650661767155	3.4868135821416835	0.0	2.0569146347705733	4.820091973805494	0.49583893720687255	0.0	0.2331758801504559	0.0	1.3755292859443908	0.7763346990678511	0.8690187329790289	1.3201426147119506	0.8690187329790289	2.503363619011131	0.3840693990405703	2.6184066338518632	0.49583893720687255	2.8726351657071705	1.5952561988276581	4.89483491707987	4.246902344308362	0.5846513874911654	1.8986038545788282	0.6583491443225488	0.5846513874911654	1.2392064385267978	4.443172152312019	1.1614713681147042	1.9323430969764037	3.307815263164273	0.5846513874911654	0.3840693990405703	2.678677084841088
SRR5865075	0.7221196200767361	3.4531303077404822	0.0	1.3496418120281835	4.752402999614984	0.2682854262062414	0.0	0.0	0.0	1.0171273781874817	0.6453240795520208	0.8440576764058239	0.9798897572879846	0.2682854262062414	1.3151146470460724	0.9391572788743349	1.0171273781874817	3.0387674528135538	2.7441976067124054	1.7654320739693363	4.968009499011357	2.565479261545449	0.0	2.2726201840615685	0.7221196200767361	0.0	0.7221196200767361	3.5841019876491975	0.7873542747863209	2.2132587969815063	3.88580029897476	0.4328892189462342	0.0	4.493205026566472
SRR5865076	0.7756673082695704	3.1455195127795483	0.0	0.0	4.986375437411307	0.0	0.4241071088506447	0.0	0.0	1.1535735040707826	0.634529733144051	0.9673748652545973	0.0	0.0	0.8820143187584679	0.0	0.634529733144051	0.0	0.634529733144051	1.2013245464709508	4.958372232341719	2.0798276627800076	0.0	2.22148213917539	0.7756673082695704	0.0	0.0	3.8887969189752556	0.7756673082695704	0.634529733144051	1.6271764108429665	0.0	0.0	2.194776426889386
SRR5865077	0.6874630678444656	3.7995513796745675	0.0	1.9542087613316457	4.311884119063046	0.29387396702440816	1.2416550383604454	0.0	0.0	1.7018535043369667	0.6874630678444656	0.8327573942340921	1.028292730504159	1.2650933048347026	1.2416550383604454	0.7661581779948616	2.4921187966842098	1.7987071102597558	3.415002775565255	1.6293541100000468	5.108419448468268	1.4911763639582407	2.170355383447652	2.569937489303438	0.29387396702440816	0.29387396702440816	0.7661581779948616	4.55799856085263	1.100638741313582	1.9588519883726492	3.350500419098617	0.0	0.46755343836637	1.4911763639582407
SRR5865078	0.6358386187118842	3.192433784080381	0.0	0.9939980439311555	5.081553878294539	0.0	0.0	0.0	0.0	1.505416261957928	0.32383842558568204	0.32383842558568204	0.6358386187118842	0.0	1.082010775903139	0.0	0.0	0.5072738521197451	0.6358386187118842	0.5072738521197451	4.801964924226301	2.19030448749332	0.0	1.1201223542319942	0.8834946582199144	0.0	0.5072738521197451	4.061131809423021	0.5072738521197451	1.8361878047386029	1.2459481519904205	0.0	0.8834946582199144	1.343389533300048
SRR5865079	1.4200847773953236	2.933045289226662	0.0	0.5009553035752696	5.130678272928769	0.23630554879244042	0.388485011321014	0.0	0.0	1.5064029855066863	0.388485011321014	0.23630554879244042	0.5009553035752696	0.23630554879244042	1.1684541133144277	0.388485011321014	0.23630554879244042	2.9275145994859173	2.845233749134816	0.5902087276889365	4.5098183479316845	1.6401010899063657	0.0	2.0561443471814975	0.388485011321014	0.0	1.2462732452817535	3.4863868010511223	0.8315270263776204	1.0735792945602898	1.2462732452817535	0.23630554879244042	0.664209545903569	4.384728724492576
SRR5865080	1.4846442030836648	3.471718357920791	0.0	1.9035385015970943	4.733906649218049	0.0	0.0	0.0	0.0	1.6757340100151399	0.9232983520312026	0.8649032504187135	0.9232983520312026	0.7174825991918539	1.721541378404373	1.062369671359627	0.49260270031740794	0.0	0.7174825991918539	0.9232983520312026	4.860709116341667	2.907219515920925	0.6194383829663092	2.140120129540676	0.0	0.0	1.197613993875953	4.424867519543067	1.3441703514444945	1.4693765748768217	1.420062275927883	0.3126925098562156	0.49260270031740794	4.60051122363654
SRR5865081	0.7935602465868823	4.3531337795138985	0.651065003465042	0.7935602465868823	4.18280762425287	0.9006732896988041	0.0	0.0	0.0	1.3037988471908435	0.9865257746307348	1.0581757635887026	1.1196619838117856	0.0	1.6127281038203145	1.2214172231426368	1.0581757635887026	1.7662920085878528	4.027634519114538	1.531978457975974	5.136545286518931	1.8376967623924485	0.651065003465042	2.187586540504689	0.437576430616334	0.651065003465042	1.2214172231426368	3.972393231720681	1.3397856154637637	0.7935602465868823	3.3261272994596953	0.651065003465042	0.651065003465042	1.8694304369822605
SRR5865082	0.6020566457923284	3.348008179703969	0.0	1.830904904667755	4.93070775690293	0.24303613695480217	0.0	0.0	0.0	2.0854645458053094	0.9294149897873423	0.7403590398177289	1.113939234720858	1.0606937675242123	1.8404153814316344	0.24303613695480217	0.7403590398177289	0.3979373322455922	2.3541039981652947	0.8450942165428571	4.979893166658927	2.7115919032360063	1.9370116983141865	1.576912613410658	0.3979373322455922	0.0	0.7403590398177289	4.121858922750373	0.5118802727930503	1.4353622095897087	1.4471537299345278	0.0	0.3979373322455922	1.5938353140108492
SRR5865083	0.6080989204436321	3.3298350780260924	0.0	1.7482513344340707	4.906142507710039	0.6080989204436321	0.0	0.0	0.0	0.9733137758456958	0.6080989204436321	0.6830480628819533	1.3350175939997726	0.6080989204436321	1.723883636538107	0.5174607266824802	0.24649914074845425	1.1457568240838603	0.5174607266824802	0.40277785106305986	4.892699812933262	4.228101751313232	0.40277785106305986	1.9810765573907752	0.5174607266824802	0.0	0.7469464709574151	4.158804611249319	0.8519928590486068	1.656214496014877	1.3031972859723795	0.0	0.24649914074845425	3.6979618666809673
SRR5865084	0.0	3.27319003867714	0.0	0.44371951335800364	5.081372501152107	0.0	0.0	0.0	0.0	1.494497105418555	0.8016613119556715	0.2762225989043756	0.5642964464035736	0.0	0.8587004813429808	0.0	0.44371951335800364	0.5642964464035736	0.8016613119556715	0.9951784156039217	4.812675212366868	2.933015178369159	0.0	1.0669782380394428	0.8016613119556715	0.0	0.44371951335800364	3.95333759659471	0.2762225989043756	0.5642964464035736	1.494497105418555	0.0	0.0	1.8069671638026086
SRR5865085	1.2663528106863002	3.0174383059896206	0.41292077256861576	0.9512745551256191	4.432749207085051	0.41292077256861576	0.0	0.0	0.0	1.4216673018570058	1.1367816293504394	1.2663528106863002	0.866344247659621	1.0222817163928672	1.672508700938648	0.0	2.509620993416923	1.7143943580967729	3.376763673239464	2.645807207152309	5.190899168158314	3.0167753922446305	0.0	2.2327122409088536	0.6207065733898364	0.0	0.9512745551256191	3.9670161559958985	1.4709883961246062	1.7143943580967729	2.0908082150430545	0.6207065733898364	0.866344247659621	1.9834659237457493
SRR5865086	1.1323324544463103	3.8943081861021533	0.4463212561227007	1.8829434488079753	4.658009058678261	0.0	0.0	0.0	0.0	2.083641953036974	0.6617389352672122	1.1323324544463103	1.5224831680923065	0.4463212561227007	3.6921258551508993	0.8050813755249328	1.1323324544463103	0.9988280627392284	3.3727496533057546	1.6260942694173055	4.973786499112262	2.2476586198192736	0.4463212561227007	1.9402240078087727	0.6617389352672122	0.4463212561227007	1.1323324544463103	4.2712354990722305	1.566934626118275	1.6614838372205383	4.32763562752733	0.6617389352672122	0.9126705366166691	3.3152556812839507
SRR5865087	0.3926391254689715	3.8562118833513233	0.1359012235927424	1.174986044234959	4.854710602528424	0.2392583171953407	0.0	0.0	0.0	1.2058571860549439	0.8815854985369955	0.5954237157053992	0.45287294708184156	0.2392583171953407	0.9920242131523271	0.5529022685003278	0.7331180572551103	0.45287294708184156	2.6749821859503657	0.7884405308689546	5.013193234385996	3.717042221805483	0.2392583171953407	2.2775755759292	0.2392583171953407	0.0	0.9020539305593094	3.878494142062492	0.8375053924274147	1.559572786212388	1.2438760545415342	0.2392583171953407	0.5057611838735713	3.3151839930877918
SRR5865088	0.4720381909589438	3.3030500037902844	0.0	0.558723306243923	4.949996999437576	0.0	0.0	0.2188060560699022	0.0	1.4131516239485997	0.4720381909589438	0.6928631494540536	0.8385516776177395	0.0	1.0840584628171042	0.6928631494540536	0.7470398919574429	0.36362352609751697	0.36362352609751697	1.0073393109047202	4.855546965456022	2.504260017129227	1.4839634061163876	1.2560149574201147	0.36362352609751697	0.0	0.36362352609751697	4.53294536594351	1.168958193897955	0.8385516776177395	1.4345885154215174	0.36362352609751697	0.4720381909589438	1.3544160517152921
SRR5865089	0.9499620484399606	3.624612628134041	0.41201445103972856	1.7973471786259534	4.322651012967344	0.7594440950681759	0.0	0.0	0.0	1.5343976173242067	1.0819383098891358	1.264954870324439	1.2259153498796347	0.8650675033042325	2.2230968769931048	0.7594440950681759	2.38294700354133	2.0722264082774524	2.5913508625795445	1.3646043760710023	5.14653238448017	1.6854764557489879	1.590800685011563	1.967435993997205	0.7594440950681759	0.0	1.1354115579514836	4.471227433798123	1.3933152812699314	1.7260538309212663	3.034123851578594	0.0	1.0819383098891358	1.6407133810506713
SRR5865090	0.6940196675409355	2.7333869244225295	0.0	1.2246191080334168	5.098466740021819	0.0	0.3644465976363144	0.0	0.0	1.1505856277079374	0.5597734632071202	1.0086472192836449	0.9487386358475749	1.0086472192836449	1.7696395767335034	0.8792231018226135	0.6940196675409355	0.3644465976363144	3.294763940129994	0.9487386358475749	4.764142215350841	3.017884103710324	0.0	2.5792801519373	0.9487386358475749	0.0	0.6940196675409355	3.9402398064364985	0.6940196675409355	1.1891780074602494	2.5231664458598635	0.3644465976363144	0.6940196675409355	2.8849768605911668
SRR5865091	1.0146993054176063	2.0535819523035084	0.0	0.8199750055629831	5.02869385253481	0.0	0.0	0.0	0.0	2.0676985395420204	0.0	0.6755678166416414	0.6755678166416414	0.0	1.3335956868187788	0.4577080558781156	0.0	0.4577080558781156	0.6755678166416414	1.202782778210931	4.85324612974386	2.858763697549806	0.4577080558781156	2.4099882838117743	0.8199750055629831	0.0	0.6755678166416414	4.162640054179155	0.4577080558781156	1.3335956868187788	1.6613623944107458	0.8199750055629831	0.0	3.5329649588921397
SRR5865092	1.2482986476221842	2.9493591863551125	0.18249727081543066	1.676545205681673	5.0032186196576856	0.3106039240701632	0.18249727081543066	0.0	0.0	2.240244252794122	0.6163428840562055	0.8613835344141528	1.0780245160875968	0.7559210330893451	2.168028990234235	0.3106039240701632	0.8915243207414434	0.3106039240701632	0.7141885937873862	1.2482986476221842	4.846688247803948	2.703748412015388	0.5576813458469758	2.1786809094962036	0.668015486882767	0.18249727081543066	1.2080756380393631	4.289479446073116	1.3402771601891064	1.6570043194515993	1.6812960725115147	0.40940365420744607	0.18249727081543066	3.6875562155543564
SRR5865093	1.5176458834294226	2.3227151222740976	0.1692712324875682	0.5293202606321069	5.019178190919272	0.0	0.0	0.0	0.0	1.474740909910259	0.4975969027747008	0.6824183541499088	0.6371292525935982	0.23424960862718772	1.4497532647245914	0.09283086235673742	0.4262183122598011	0.23424960862718772	0.29075936840764777	1.1030300939417987	4.821888138700438	3.4320002556657943	0.09283086235673742	1.0863871918293664	0.6125809560223382	0.0	0.970393275570827	3.889263059403234	1.0863871918293664	0.6125809560223382	1.2972531489409125	0.34075557115654426	0.09283086235673742	4.197497238285337
SRR5865094	1.2392605420887388	2.329458450634869	0.0	0.0	5.069406582541617	0.0	0.0	0.0	0.0	1.3079427036399753	0.3955399454549477	0.0	0.7370865770264585	0.0	0.9963949129338362	0.0	0.7370865770264585	0.7370865770264585	1.2749579409482834	1.1576380664835844	4.79861579257644	3.906217061171546	0.0	2.4217048144002375	0.8416653040542608	0.3955399454549477	0.3955399454549477	3.924107053264917	0.8416653040542608	0.7370865770264585	1.7120732549857125	0.0	0.9258848150343651	2.157388261388991
SRR5865095	0.36911620021973246	1.8731488890390686	0.0	0.36911620021973246	5.202170122002366	0.0	0.36911620021973246	0.0	0.0	1.600367618446429	0.8033104424106007	0.36911620021973246	0.565721076772957	0.0	1.7776904842705377	0.0	0.8033104424106007	0.565721076772957	2.117032272001769	0.7005643495234682	4.4897099448993565	3.767982916044681	0.0	1.1157824627001094	0.565721076772957	0.36911620021973246	0.7005643495234682	2.9643591869425543	0.565721076772957	0.36911620021973246	1.7038082235003007	0.36911620021973246	0.36911620021973246	2.060147500593236
SRR5865096	0.9631491422947904	2.869732129500842	0.306062432772647	1.2647297839857303	5.004825607440495	0.306062432772647	0.0	0.306062432772647	0.0	1.5895304090126046	0.9118588491825267	0.6095869468580281	0.9631491422947904	1.389806073080942	1.88493656681577	0.4838182951047768	0.7865065381564809	0.306062432772647	2.7778879613817287	1.3713047282286979	4.865065660987506	3.213305949095798	0.4838182951047768	2.284112452357207	0.6095869468580281	0.0	1.1231889268713307	4.2071492642817185	0.9631491422947904	1.2882398418742556	2.3504061674555583	0.306062432772647	0.4838182951047768	3.517725131042479
SRR5865097	1.0600012474080924	3.474272520967317	0.0	1.8478217882138692	4.922570423428182	0.5587556323385439	0.0	0.0	0.0	1.3906442563609467	0.6928987538003559	0.6928987538003559	1.256057143582028	0.36364885559201443	3.4361846918784735	0.36364885559201443	1.7584458306522677	0.5587556323385439	3.6085247146456907	1.5761741915654779	4.884000175231849	3.051715193410727	0.36364885559201443	1.748406966844638	0.36364885559201443	0.0	1.0600012474080924	4.411157529926706	1.3149819303859238	1.831357808530021	1.7872409541041916	0.0	1.0600012474080924	2.0606489888199504
SRR5865098	1.1586476415016775	3.1546571321683725	0.3693913561234663	1.815347908315779	4.900149017318108	0.0	0.0	0.0	0.0	1.6425660598422547	0.5660709950029726	0.5660709950029726	0.8867573640665736	0.8037153721641838	2.163823482202311	0.3693913561234663	1.0164742642333493	0.5660709950029726	1.7374934542361704	1.1586476415016775	4.9554891701161266	3.184980620822076	0.0	2.0993627723541497	0.5660709950029726	0.0	1.069207896627552	4.2726308089440295	0.5660709950029726	1.8889311885112905	1.7683470103667627	0.0	0.5660709950029726	3.733442615954725
SRR5865099	1.1776373387205632	3.4251746094239293	0.0	1.1776373387205632	4.707047626001026	0.6152132145714921	0.0	0.0	0.0	1.0766584996457156	0.7546921400144901	1.015736731057327	0.9448525111471346	0.40849426345114076	1.693783933659906	0.40849426345114076	2.425623716011221	3.35629747799732	2.4479458676694184	1.3877899660464053	5.110903638243984	1.8432700055027362	0.40849426345114076	2.17418325949654	0.7546921400144901	0.40849426345114076	0.6152132145714921	4.020046851238074	1.4400505070353768	1.1776373387205632	1.7454845224411095	0.0	0.40849426345114076	3.0088807236369286
SRR5865100	1.2723003198489562	3.1582184532285233	0.0	1.5803593542083454	4.933634472252043	0.41678814945780507	0.0	0.0	0.0	1.6637465982740183	0.0	0.6254950720105025	0.7658668344156107	0.0	2.367295883100713	0.8717800965812239	0.9568614615187383	0.6254950720105025	3.177235703555868	1.1426115484853605	4.917424790788927	2.770096061945296	0.0	2.3361772851905793	0.41678814945780507	0.41678814945780507	1.1902752918069426	4.2699712113656165	0.41678814945780507	1.4997813721461555	1.5213701972315399	0.41678814945780507	1.0279740800466468	3.7868054497429187
SRR5865101	0.9873602559338075	3.380320253610371	0.4381673357616591	1.6227508258171943	4.67794944757214	0.5579816681096917	0.0	0.0	0.0	0.27214698203009996	1.0246690730177619	0.9873602559338075	0.9014868121918082	1.3230509628400533	1.51010718307535	0.7288873354356689	2.3002908530979695	2.574801433051513	3.2228309400151485	1.3406734689749207	5.12959871653014	3.1634500026254577	0.7943410832909241	1.8652175681700327	0.9873602559338075	0.4381673357616591	0.6517877620369705	3.8975023426334348	0.9014868121918082	1.5438359324150226	2.8176317745460024	0.7943410832909241	0.0	2.0375982074111203
SRR5865102	0.9266929517558444	2.7703352161023576	0.0	0.35046816025196226	5.106402623875267	0.0	0.0	0.0	0.0	0.0	0.5418626244016037	0.8576748912142588	0.5418626244016037	0.0	1.2338781408478694	0.0	0.8576748912142588	0.674255387376628	0.7755771691415709	1.0385838382307022	4.783286247466428	1.2642486252390257	0.674255387376628	2.313418771854671	0.35046816025196226	0.0	1.0385838382307022	3.9037697315319804	0.674255387376628	0.0	1.5824505537937044	0.5418626244016037	0.0	1.671376720173556
SRR5865103	1.6570481349594144	2.8383373885008614	0.8842219081663583	1.0409905187860478	4.832767774795539	0.0	0.0	0.3242783037441805	0.0	1.7687782895792963	0.6364818272097743	0.7355924586680327	0.3242783037441805	1.588151928369112	1.5491182579014358	0.0	1.3654804333286583	2.0405154066071853	3.1160549883974973	0.9429926015021993	4.888216883420673	3.4655846224996836	0.7355924586680327	2.461790693049997	0.816234613118898	0.0	1.2732253629885568	3.9803636790407686	1.2732253629885568	1.082778130804836	1.5491182579014358	0.816234613118898	0.816234613118898	4.567209922178461
SRR5865104	1.4493323698839948	3.579155332919368	0.0	1.6072098586525374	4.752779495277993	0.0	0.0	0.5399941102460288	0.0	2.0347426672644624	0.7733945962813119	1.1250453669545946	1.0362010134093318	0.9243808393662558	2.139678705257577	0.5399941102460288	0.9243808393662558	0.5399941102460288	0.34901721103870353	0.9838798981098852	4.999803048575289	1.8606513221492438	0.6721886088257529	2.217686248112019	0.7733945962813119	0.0	1.3880932774886703	4.251388382114551	1.5354060345941516	1.579895838361439	1.761539911446319	0.6721886088257529	0.34901721103870353	4.267455204703955
SRR5865105	0.5989257878975061	3.0010006822895914	0.5989257878975061	0.841514241075101	5.0587288010988365	0.5989257878975061	0.0	0.0	0.0	0.7369424336881002	0.9962362324543919	0.9257292719211143	0.9962362324543919	1.3939241597209968	2.073219100933874	0.3954344580457859	1.6293822322074238	1.274790833932093	1.5461627806365639	1.4431241709763691	4.684694004917354	1.8851719623616596	0.5989257878975061	1.367062743170211	0.5989257878975061	0.0	0.9257292719211143	4.5183516587266945	1.338429754409718	0.3954344580457859	2.104751859427276	0.0	0.3954344580457859	1.644270492646678
SRR5865106	0.6752625134867072	3.630593576266151	0.0	1.4336196722535	5.02505362779199	0.0	0.0	0.0	0.0	0.8435440587821623	0.7388794645324352	0.5106286544453911	0.9645246348359269	0.24226175312178538	1.5200327826172015	0.24226175312178538	0.5106286544453911	0.9278191548695951	0.7943571702911378	0.6752625134867072	4.887748704927816	2.2103852338487404	0.0	1.9426898033626083	0.39685280593155864	0.0	0.9645246348359269	3.9538503840369437	0.6007005621072188	1.3961991754788294	1.4454094109057494	0.24226175312178538	0.6007005621072188	2.7940694054713715
SRR5865107	0.6962421191038056	3.4996979701149487	0.2204869487916832	1.1917826858367477	5.031177179956561	0.0	0.0	0.0	0.0	1.2272378609296997	0.47484920857375323	0.47484920857375323	0.7987604123575454	0.0	1.4880596531936499	0.7987604123575454	0.7987604123575454	2.3083580306373013	1.6927214455557082	0.9178171354342757	4.867913257069601	2.434878526496729	0.0	2.2925382282130653	0.36603004581462784	0.0	0.47484920857375323	4.080054525951646	0.7987604123575454	1.1107942674481284	1.2904923823892949	0.6341994484644586	0.47484920857375323	2.3222561138077933
SRR5865108	1.5239234803845618	2.1947511494486283	0.2846795800951912	0.9247353953234451	5.080379174281576	0.0	0.0	0.45518098695169196	0.0	1.7665497020265004	0.9701110605550003	0.6725054676983007	0.6725054676983007	0.0	1.7996776690507597	0.0	0.577297583529351	0.2846795800951912	0.45518098695169196	0.9247353953234451	4.684746399675177	4.198742314908618	0.2846795800951912	1.4728910006333942	0.8740596829497278	0.0	0.45518098695169196	4.029507553434613	0.577297583529351	0.7505482436591769	1.8701823842013976	0.45518098695169196	0.0	3.2486194801158845
SRR5865109	1.1827345844455346	2.3076741495627906	0.0	0.5850367472807418	5.110871822369918	0.0	0.0	0.0	0.0	1.2571373974786524	0.7217582723685371	0.8255875040290547	0.3843752136063917	0.0	0.8255875040290547	0.0	0.5850367472807418	0.5850367472807418	0.7217582723685371	1.0398839096821835	4.640673163447855	4.237771921825931	0.0	1.5632204381762045	0.7217582723685371	0.0	0.7217582723685371	3.8430570532098995	0.9093210684997098	0.0	1.3760281953600766	0.0	0.0	1.7734059903973622
SRR5865110	0.3887362183084356	3.0868247472254953	0.0	0.23648387600660611	5.104119575730591	0.0	0.0	0.23648387600660611	0.0	0.9861201214708776	0.5905244503344941	0.3887362183084356	0.5905244503344941	0.6645423635763497	0.7277631090508856	0.3887362183084356	0.7829393929524759	0.5012461293345831	0.7829393929524759	0.7829393929524759	4.596130489658876	1.2095029482467143	1.6816592790180582	1.4322695498125202	0.3887362183084356	0.0	0.23648387600660611	4.4698177088789315	0.9861201214708776	0.23648387600660611	1.356286790341095	0.3887362183084356	0.0	1.4204934647946652
SRR5865111	0.5112946140043988	3.239761463026559	0.32690878793289707	1.930490021543609	4.8915479837790405	0.0	0.0	0.0	0.0	0.9474136263546092	0.8204637235480275	1.0455258837429064	0.888560891178927	0.32690878793289707	1.6401468511286148	0.7396668118130578	1.1930238500438928	1.8203480665797145	1.9188912331229897	1.0873549248309102	4.968446993957902	3.650391181080381	0.5112946140043988	1.936175282606388	0.5112946140043988	0.0	0.6403219741674785	4.293833244490119	1.1255067810509787	1.841926769141238	1.3905601478646001	0.0	0.6403219741674785	2.1866755813325502
SRR5865112	0.6752226733747231	3.0715350990962698	0.0	1.1761570323424664	4.9759870086191516	0.2863407607525295	0.0	0.0	0.0	1.4482587971308367	0.8770483015262784	0.45742308591404157	0.97319082822613	1.0518596621956824	1.2726817703388245	0.5798355237236333	1.476223198864857	0.8196037298505519	1.8455809222798827	1.0518596621956824	4.887539604975745	4.145766059997688	0.0	2.277755699849103	0.5798355237236333	0.2863407607525295	0.7533857024286582	3.9783270857545636	0.6752226733747231	1.3331784618792017	2.7041636254904815	0.2863407607525295	0.2863407607525295	1.6428630226190992
SRR5865113	0.7356275289170198	3.2056767423905543	0.27601848838637677	1.5296696869764488	4.961867279002237	0.6582296247712025	0.0	0.27601848838637677	0.0	1.330933999436625	1.0321668664594479	0.44344190329002126	1.2933516412404262	1.2522062701490972	1.7417216809933809	0.6582296247712025	1.8733784640399311	1.2522062701490972	2.2453895914425464	1.3975565583260188	4.943209937023825	2.247576089294475	0.0	1.5931429496102592	0.44344190329002126	0.0	0.8012960045202615	4.1610118558959375	1.0321668664594479	1.5831875755469058	3.0977059738082287	0.27601848838637677	0.9087301811321717	1.7052821257152044
SRR5865114	0.6915065805454127	3.491438662107778	0.29638040766066037	0.29638040766066037	4.828409483424123	0.0	0.0	0.0	0.0	1.269901235875687	0.29638040766066037	0.8370965743007506	0.6915065805454127	0.0	0.7703740498174231	1.221655004665429	0.5950668080416872	0.47091067590331603	0.47091067590331603	1.269901235875687	5.059270525896504	3.5609624333234757	0.6915065805454127	2.233742556207307	0.29638040766066037	0.0	0.29638040766066037	3.924290719612298	1.221655004665429	0.0	1.4680866750951793	0.0	1.0706186102812172	1.522407300514667
SRR5865115	0.7574855735137874	3.84857165796251	0.33851523373862724	1.7188571750416575	4.783133972023247	0.8389418794853967	0.0	0.20143739357056376	0.0	1.311221055873907	1.2287590630018124	1.0653053042829508	1.0187986194986927	1.1973821828635403	1.3696907716033906	1.107310006682125	2.286429666758246	2.060314190209124	3.626884984265546	1.2719443180414962	5.0625440153943675	1.919237620475571	0.44254911126432694	2.365015334949024	0.5264154981725868	0.0	0.5264154981725868	3.8665724742696272	1.1456079239334136	0.5966781400592869	2.447374717679432	0.20143739357056376	0.44254911126432694	3.1845443310414847
SRR5865116	0.8947887859820596	3.8352268547690596	0.2963058987374769	0.8947887859820596	4.425499997622452	0.0	0.0	0.0	0.0	2.264708789208307	0.5949544350164961	0.5949544350164961	0.5949544350164961	0.0	1.0704807641960095	0.991459274538584	0.7702489634625824	0.5949544350164961	2.200074152985973	1.2215133968507725	5.132610825420684	2.959459851028775	0.4708109700597074	3.1034472349344666	0.7702489634625824	0.0	0.6913865850763284	4.404587375502313	1.167230962025424	0.7702489634625824	1.680891905956916	0.5949544350164961	1.2697586770900178	2.3189245476335616
SRR5865117	0.8400653102791618	4.111206626710741	0.4732119602464095	1.0089354733698854	4.922820761918041	0.36462812053770743	0.0	0.36462812053770743	0.0	1.1894769130268648	0.6942746104260463	0.9800112152880232	0.632308237572367	0.21950739818771023	0.879500483002597	1.2881543081123203	0.5600049944208803	0.21950739818771023	0.36462812053770743	1.1085210630566547	4.984528302320922	1.5465511756733803	0.36462812053770743	2.1555315909168082	0.21950739818771023	0.21950739818771023	0.4732119602464095	3.5955685685491723	1.4466292444801538	0.21950739818771023	1.4037227307464888	0.632308237572367	0.0	1.779549609448819
SRR5865118	1.3373979373756495	3.3628562550411782	0.309064887320123	1.4467081136093358	4.976118450845475	0.0	0.309064887320123	0.0	0.0	1.3373979373756495	0.9170549731641896	0.9170549731641896	0.9170549731641896	0.309064887320123	2.015767443427188	0.0	0.7914613216896393	0.9684255812818588	1.0558927771528006	1.19097147001885	4.868458493251913	1.6968392029084653	0.48780174555568245	2.352311501078199	0.8587824693097975	0.309064887320123	0.8587824693097975	4.230925580063692	1.3161713455588182	1.4302953944177819	1.8790324491937433	0.7914613216896393	0.6140572626046872	3.9528879152119387
SRR5865119	1.23211883355161	2.3382256438088547	0.7003898386552307	1.2804344781573618	5.032175402489954	0.0	0.0	0.0	0.0	0.9558198169746369	0.7003898386552307	0.8466191136697621	0.7003898386552307	0.0	1.4330722557710862	0.47830477210216876	0.8466191136697621	0.0	1.1155812112630803	1.1777472817920644	4.9378301330637635	1.8278224460603076	0.47830477210216876	1.0430057740990348	0.47830477210216876	0.0	0.0	3.410182955949612	1.0430057740990348	1.0430057740990348	1.6549472374483751	0.0	0.0	1.7725960717680909
SRR5865120	0.9519078181958678	2.3879651879308117	0.0	0.4133583609656448	4.856367935331777	0.4133583609656448	0.4133583609656448	0.0	0.0	1.7282038454716842	0.6212488958809439	0.8669602935536045	0.0	0.0	1.2279765037134673	0.0	0.4133583609656448	0.6212488958809439	0.6212488958809439	1.0229270023797823	5.049334290409651	3.0983651995352863	0.8669602935536045	2.9532555912764376	0.4133583609656448	0.0	0.761254719073577	4.031864922916706	0.6212488958809439	0.4133583609656448	1.7015751841301623	0.0	1.1850644033194317	2.399128119544722
SRR5865121	1.3515643294955386	3.252318394820775	0.42347267609748684	1.282513967956728	4.939350487206959	0.0	0.0	0.0	0.0	1.282513967956728	0.7748199773197156	0.8811298890156282	1.2003704980288847	1.658844589362557	1.487490717476465	0.42347267609748684	2.6354951022532895	1.531832410017495	2.7183666717843264	1.3823661369906737	4.984941687205849	1.0377572981756356	0.0	2.021343174524868	0.42347267609748684	0.42347267609748684	0.9664665748379954	3.911276571971826	1.4381014765970794	1.0989789174546003	3.2172421211531352	0.42347267609748684	0.9664665748379954	2.989145670272921
SRR5865122	1.4912024796687184	2.93906581918167	0.0	1.1343937121414336	4.648892987785445	0.8641191693302752	0.0	0.0	0.0	1.6070122822103727	1.1343937121414336	0.9489870810520309	1.019950663998866	0.0	1.7118677621100518	0.0	2.192227898509132	3.395106744093043	2.8127139205438265	1.3635535188255707	5.1369811228665325	2.1742483705355644	0.0	2.242090071150419	0.9489870810520309	0.0	0.758537057364341	3.994682656943689	1.6396401787019976	0.9489870810520309	1.847864788706574	0.8641191693302752	1.2248823606747465	3.0522865468463296
SRR5865123	1.3705332874670464	3.023363061785952	0.0	1.2035965515404485	4.8827893230527515	0.0	0.0	0.0	0.0	1.940213490150464	0.4582737898259542	0.8207118587464092	1.3705332874670464	0.0	1.8106900523990708	0.4582737898259542	1.1494696602775818	0.676252867480155	3.6264618075361508	1.9211348175822187	5.0312604863245225	2.493945887375584	0.0	2.001072775494105	1.0154836044587374	0.0	1.1494696602775818	3.8454926214475007	1.0154836044587374	1.0154836044587374	1.7123125379972726	0.0	0.676252867480155	2.732639948873328
SRR5865124	1.047206110766329	2.327198594539596	0.4299738077076035	0.7834831850445008	4.973263990115231	0.6417461994704594	0.0	0.0	0.0	0.9757470705282464	0.7834831850445008	0.8901688608398888	0.6417461994704594	0.0	0.7834831850445008	0.4299738077076035	0.4299738077076035	0.8901688608398888	0.6417461994704594	1.2923690021861862	4.926719028054776	1.7672053386989497	0.4299738077076035	2.2086573368940874	0.6417461994704594	0.4299738077076035	0.6417461994704594	4.263692663627133	0.7834831850445008	0.4299738077076035	1.6994023636351776	0.0	0.8901688608398888	1.4211198010317605
SRR5865125	1.2488473933631592	2.7443996657810015	0.0	0.6126987467454184	4.968337411128035	0.0	0.3501857073099261	0.3501857073099261	0.3501857073099261	1.5819537417363014	0.7274497711037293	0.8181304347850925	0.6126987467454184	0.0	1.7949346068466931	0.0	0.7274497711037293	0.3501857073099261	0.4562928276509356	1.23339776803529	4.866084004084879	4.213926036446911	0.3501857073099261	1.9871078209970119	0.8181304347850925	0.20947193626985108	1.75895258048525	3.840900095235139	0.9570280555104266	0.7751525807235478	1.8590272860925494	0.20947193626985108	0.4562928276509356	3.8308441810633505
SRR5865126	1.2046340651750576	2.8568369467743135	0.0	1.6632942518164373	5.005731180932283	0.0	0.0	0.0	0.0	1.849009601233016	0.3738970932946243	0.8935840021222607	1.1659440822110045	0.5717924588154654	2.120818906041697	0.5717924588154654	0.7072360212536174	0.3738970932946243	0.9634173358257302	0.9634173358257302	4.542718244632845	4.446698402465557	0.3738970932946243	1.0763809269403124	0.810329088919765	0.7072360212536174	1.303520645357094	4.4792800496438705	0.5717924588154654	1.5936189320891478	1.7002963067656107	0.3738970932946243	0.3738970932946243	3.293226933329436
SRR5865127	0.8652538891031043	3.364058021271559	0.0	0.4121467123876023	4.874457698411959	0.0	0.0	0.0	0.0	1.3648108826679213	0.0	0.7596223746244544	0.7596223746244544	0.0	0.9501536617500853	0.6197469260036292	0.4121467123876023	0.0	0.6197469260036292	1.226118350176813	5.023536555511214	2.6746531585141113	0.9501536617500853	2.016630693834129	0.6197469260036292	0.0	0.6197469260036292	4.141556715023746	1.226118350176813	0.6197469260036292	1.5346071397143406	0.0	0.4121467123876023	2.0839255392944915
SRR5865128	1.2141028450370432	2.9757944142668937	0.33894723885282735	1.2726993919989522	4.606278676962089	0.0	0.0	0.0	0.0	1.0660344137574542	0.0	1.1463486105672858	0.9082055074976627	0.0	1.6839344540495382	0.0	0.526975970756392	0.0	0.9082055074976627	1.4851763553103192	5.1421855996057655	1.2726993919989522	1.0195199773797852	2.928213883815201	0.33894723885282735	0.0	0.839624072277055	4.207597661832246	1.6391749123292276	0.526975970756392	1.7704158270718637	0.0	1.1080454384196674	2.0764455515524505
SRR5865129	0.8863315992484551	3.2600603822182275	0.5657146411720366	0.7005572727154837	4.837587067088758	0.7005572727154837	0.0	0.0	0.0	0.7005572727154837	1.1157743017429953	0.8863315992484551	0.8863315992484551	0.8033029945722637	1.5376415159943715	0.3691111400708125	1.9578093123155582	1.158192313594504	2.8015503157388184	1.2956133161532406	5.084843901542624	1.158192313594504	1.8572727758087884	2.138689304839229	0.956005783406984	0.3691111400708125	0.3691111400708125	3.596559367932706	1.2956133161532406	0.7005572727154837	1.7966717881488903	0.0	1.3760366613117645	2.1511882600756165
SRR5865130	1.2646071793908422	3.7047641646363307	0.36880274868539054	1.323595028974538	4.84810926072731	0.0	0.0	0.0	0.0	1.0682675780935065	1.0155452742753646	0.9555266635213583	0.5653223842106831	0.36880274868539054	1.6916110569975804	0.0	0.0	0.0	0.5653223842106831	1.421895480032222	5.04738642022036	1.4433491204679059	0.7001259137438607	2.633898337537657	0.5653223842106831	0.0	1.0682675780935065	3.9804308099263044	1.5849833731089975	1.1963289571243316	1.3993267312340594	0.0	0.36880274868539054	2.098342883484217
SRR5865131	0.9825285125668373	3.3736699110875574	0.6476054910435354	1.4808594788398242	4.689555538599249	1.1155427605243622	0.0	0.0	0.0	1.0541082505842825	1.3687477342771273	1.1693540923085648	0.8967769689643328	1.1693540923085648	1.7870339169540561	0.43475052893255356	2.1474047159062475	2.242628163734988	3.540000368842568	1.6083780539509545	5.1002826948489615	3.0775385388342205	0.7898212898552783	2.398920363869695	0.6476054910435354	0.43475052893255356	1.2995621075153776	4.108879245240512	1.3687477342771273	1.4284112674106486	2.7050203811266833	0.6476054910435354	1.6083780539509545	3.1065594721977376
SRR5865132	1.35668910963598	3.385179747708841	0.0	1.2460218807992725	4.205513786730307	1.1394103622798852	0.0	0.0	0.0	2.3662558638072553	0.8687946820992007	1.0971393505608193	1.1779295074731921	0.6844444595013846	1.500843755165375	0.0	1.550470607430437	1.4448055415076584	0.8687946820992007	1.331552452788089	5.171416291097677	2.697526562669881	0.9380726123678365	3.0978341324776077	0.0	0.5510866491910746	0.9380726123678365	4.357046089660316	1.4448055415076584	0.35765120599588623	2.5312304311239187	0.0	0.0	3.721684261797687
SRR5865133	0.9965524042142043	2.9848579286679247	0.0	0.7851642398447646	4.779012832900129	0.0	0.0	0.0	0.0	1.4629548843366507	0.35687040461708674	0.6833403041254206	0.6833403041254206	0.35687040461708674	1.6075298400508322	0.0	1.2751237924090604	0.7851642398447646	2.822803429227236	1.936443608358631	4.9481632958096355	3.2422813519449343	1.7564415056767255	1.7366003145468378	0.5500860849725284	0.0	0.8675908149821274	4.634290286485993	1.4629548843366507	1.5331984371546377	2.953984334521275	0.0	0.9368409383932575	2.931895242293772
SRR5865134	1.1324068009606325	3.5536064828990477	0.0	1.8189978898008714	4.592919573294729	0.7150165432301805	0.0	0.0	0.0	1.3412562210156538	0.49053420652070245	1.1324068009606325	1.4506075936222378	0.0	1.9173472089866865	0.8622683885292254	2.5013454325884603	1.3412562210156538	3.220531845027921	1.8325802349027682	5.133753374922038	3.316841839595271	0.0	1.4816917547448472	0.49053420652070245	0.0	1.059582161390781	4.095913801561087	1.059582161390781	1.417125915179746	3.216683531448598	0.0	0.0	1.9491564902092902
SRR5865135	1.0936150853627786	3.81713237390077	0.3848353694924217	0.9801917100494416	5.004105721756461	0.3848353694924217	0.3848353694924217	0.0	0.0	1.4485226348820346	0.3848353694924217	1.290790632115009	0.3848353694924217	0.0	1.1408602884300392	0.3848353694924217	0.8262537730240067	0.0	0.5856164610993118	1.290790632115009	4.890666309309214	1.1834664136610331	0.3848353694924217	2.2020838983055118	0.8262537730240067	0.3848353694924217	0.9801917100494416	3.6807135319419007	1.4020331984842331	0.0	1.4700252477866282	0.0	0.3848353694924217	3.848604226740545
