SAMPLE_ID	Acidimicrobiia	Acidithiobacillia	Acidobacteriia	Actinobacteria	Alphaproteobacteria	Anaerolineae	Aquificae	Ardenticatenia	Bacilli	Bacteroidia	Betaproteobacteria	Blastocatellia	Caldilineae	Caldisericia	Calditrichae	Candidatus Babeliae	Candidatus Brocadiae	Candidatus Saccharimonia	Chitinophagia	Chlamydiia	Chlorobia	Chloroflexia	Chrysiogenetes	Chthonomonadetes	Clostridia	Coprothermobacteria	Coriobacteriia	Cytophagia	Deferribacteres	Dehalococcoidia	Deinococci	Deltaproteobacteria	Dictyoglomia	Elusimicrobia	Endomicrobia	Epsilonproteobacteria	Erysipelotrichia	Fibrobacteria	Fimbriimonadia	Flavobacteriia	Fusobacteriia	Gammaproteobacteria	Gemmatimonadetes	Gloeobacteria	Halobacteria	Hydrogenophilalia	Ignavibacteria	Kiritimatiellae	Ktedonobacteria	Limnochordia	Methanobacteria	Methanomicrobia	Methylacidiphilae	Mollicutes	Negativicutes	Nitriliruptoria	Nitrososphaeria	Nitrospira	Oligoflexia	Opitutae	Phycisphaerae	Planctomycetia	Rubrobacteria	Saprospiria	Spartobacteria	Sphingobacteriia	Spirochaetia	Synergistia	Tepidiformia	Thermococci	Thermodesulfobacteria	Thermoleophilia	Thermomicrobia	Thermoplasmata	Thermoprotei	Thermotogae	Tissierellia	Verrucomicrobiae	Vicinamibacteria	Zetaproteobacteria
SRR39238458	0.0	0.2845232201704511	0.2845232201704511	2.9210978227143185	2.722270445846002	1.38265179592522	0.0	0.0	3.2675987641977238	4.3453509313885235	4.04275908516288	0.2845232201704511	1.310345094335052	0.0	0.0	0.0	0.0	0.9244488292836341	0.672249367790278	0.2845232201704511	0.0	0.2845232201704511	0.2845232201704511	0.0	4.260713994982339	0.0	1.9919701583079727	2.746709541899118	0.0	2.6234671317985714	0.0	2.483636465405095	0.0	0.0	0.2845232201704511	3.1809344927476433	3.2514593674694603	0.0	0.5770584336887032	1.880574715806508	1.4299375766682039	3.8810517291618005	0.0	0.0	0.0	0.0	0.2845232201704511	0.0	0.672249367790278	0.0	0.0	0.2845232201704511	0.0	2.922541333290689	3.6100908177926256	0.0	0.0	0.0	0.0	0.0	0.0	0.4549697930096429	0.672249367790278	0.0	0.0	0.672249367790278	1.0829619180326364	0.9244488292836341	0.4549697930096429	0.0	0.0	0.0	0.8737779055913726	0.0	0.0	1.414740598175918	4.283500453873084	2.267539167830226	1.9444261054968286	0.0
SRR39238459	0.0	0.5078686793141998	0.8162570405993743	3.108262143219683	2.401177701959797	1.405193392135032	0.0	0.0	3.4798946302074403	4.615638101849218	3.5032084502371608	0.3242922279695523	1.5062523572426172	0.0	0.0	0.0	0.0	0.8842449212144745	0.8162570405993743	0.0	0.0	0.5078686793141998	0.0	0.0	4.443001803397824	0.5078686793141998	1.5755523013555026	2.7164225869395247	0.0	2.3146229598826342	0.8842449212144745	3.039615083944346	0.0	0.0	0.5078686793141998	2.26780013613631	2.663285892984625	0.0	1.490959182233025	1.5062523572426172	1.7849207217497338	3.9411452327616727	0.0	0.0	0.0	0.0	0.0	0.0	0.0	0.0	0.0	0.6365021828871744	0.0	2.1384158846121135	3.127732242863744	0.0	0.0	0.0	0.0	0.0	0.0	0.3242922279695523	0.5078686793141998	0.0	0.0	1.5210252694051447	0.6365021828871744	0.5078686793141998	0.0	0.0	0.0	0.9430160518896789	0.7356140616170642	0.0	0.0	1.218552958794152	3.2291523958590407	1.8959930730121188	1.1883832988462693	0.0
SRR39238460	0.8296006086054731	0.4651158037848012	1.325128668468289	4.004789801545387	2.603085616156545	1.4596031469639175	0.2920571637001829	0.2920571637001829	3.693169592993024	4.458436450750205	2.8099076133200307	0.9381603417354724	1.09723058688218	0.4651158037848012	0.0	0.0	0.0	0.8296006086054731	2.115540088593489	0.0	0.0	1.09723058688218	0.0	0.0	4.165904323824266	0.0	2.1493083285604784	2.46479952984728	0.6845231183692838	2.3493004271143176	0.5885302526249583	2.560553102811599	0.0	0.0	0.2920571637001829	1.9990764023933776	2.8598365123053378	0.0	1.09723058688218	2.22748290923187	4.134093509159086	3.9882473164196575	1.3975500639205358	0.0	0.0	0.0	0.0	0.0	0.2920571637001829	0.0	1.3975500639205358	0.0	0.0	1.722564299779433	3.0463389865146713	1.0249380022084473	0.0	0.4651158037848012	1.5621356965466555	1.4449011455326333	0.4651158037848012	0.7630918551148449	0.4651158037848012	0.6845231183692838	0.0	1.8333841333641716	0.9381603417354724	1.09723058688218	0.2920571637001829	0.0	0.0	0.4651158037848012	1.3975500639205358	0.0	0.0	0.9381603417354724	3.6839544317183615	2.1994611986207273	1.5843877508799076	0.0
SRR39238461	0.6787028273852911	1.2979821183951046	0.8625315141629659	4.3092577785579325	1.6409743969399284	0.6787028273852911	0.0	0.0	3.2133284277461267	4.17455477523658	2.4531684084986924	0.0	1.3246419585473825	0.0	0.0	0.0	0.0	0.3535973805530279	0.6787028273852911	0.0	0.0	0.7802718192680086	0.0	0.0	4.480058918335259	0.0	2.2480417014005964	1.6532798083185167	0.0	0.3535973805530279	1.0437055205820338	2.2892113061353805	0.0	0.6787028273852911	0.0	2.2571982332592855	2.1360637038113133	0.0	0.0	0.7802718192680086	2.8867689018736975	4.227910734309328	0.3535973805530279	0.0	0.0	0.0	0.0	0.0	0.0	0.0	0.0	0.0	0.0	0.9316639120784467	2.8745505496625254	0.5458863080222456	0.3535973805530279	0.0	0.6787028273852911	0.0	0.0	0.0	0.5458863080222456	0.0	0.0	0.0	0.3535973805530279	0.0	0.0	0.0	0.3535973805530279	0.0	1.090472461117551	0.0	0.0	0.3535973805530279	3.6765769062258338	0.3535973805530279	1.1711634963849018	0.0
SRR39238462	0.0	0.0	0.0	2.3860798211886243	0.8763634741021322	0.0	0.0	0.0	1.8939751223802437	4.825091444112953	2.4227477916901505	0.0	0.4569089795572332	0.0	0.0	0.0	0.0	0.28595966087295693	0.0	0.0	0.0	0.0	0.0	0.0	4.329893388681568	0.0	1.5499369526899864	0.9270782200902347	0.0	0.0	0.0	1.775993966181984	0.0	0.0	0.0	2.749687553832228	1.6035247041765817	0.0	0.0	1.271934230085459	2.5293117196469783	2.076775797359163	0.0	0.0	0.0	0.0	0.0	0.0	0.0	0.0	0.0	0.0	0.0	0.28595966087295693	3.0648610784033767	0.0	0.0	0.0	0.0	0.0	0.0	0.0	0.0	0.0	0.0	0.5792537345579354	0.28595966087295693	0.4569089795572332	0.0	0.0	0.0	0.0	0.4569089795572332	0.0	0.0	0.28595966087295693	2.4134766630051887	2.007035593887878	0.0	0.0
SRR39238463	0.0	0.0	0.0	2.74939773651424	0.6895567435038187	0.0	0.0	0.0	2.9700322738934517	4.57365095467184	3.7341365003975064	0.0	0.0	0.0	0.0	0.0	0.0	0.0	0.0	0.0	0.0	0.0	0.0	0.0	3.7280129714454238	0.0	2.384448573750721	0.0	0.0	0.0	0.0	1.1030636156788862	0.0	0.0	0.0	0.4692911078402967	2.189673536342115	0.0	0.0	0.0	4.5031873709055406	2.466807424803499	0.0	0.0	0.0	0.0	0.0	0.0	0.0	0.0	0.0	0.0	0.0	0.0	3.9652397912327513	0.0	0.0	0.0	0.0	0.0	0.0	0.0	0.0	0.0	0.0	0.0	0.0	0.0	0.0	0.0	0.0	0.0	0.0	0.0	0.0	0.0	0.4692911078402967	0.0	0.0	0.0
SRR39238464	0.669949142911826	0.0	0.871246303834543	2.6811540836108727	1.1699098509373707	0.45307388229432766	0.0	0.0	3.4051193963513806	4.552545273314755	3.638279665891917	0.28312044507614953	0.0	0.0	0.0	0.0	0.0	0.0	0.57491086912694	0.0	0.0	0.28312044507614953	0.0	0.0	4.227356167510827	0.0	3.098571071967972	0.7478780661265071	0.0	0.45307388229432766	0.0	1.8028124553833709	0.0	0.0	0.0	2.7030523289748047	2.756563523806017	0.0	0.0	1.0802804697178126	3.5678620121119367	2.5398530530076666	0.45307388229432766	0.0	0.0	0.0	0.0	0.0	0.0	0.0	0.0	0.0	0.0	0.669949142911826	3.459660176445258	0.0	0.0	0.0	0.0	0.0	0.0	0.0	0.57491086912694	0.0	0.0	0.28312044507614953	0.0	0.28312044507614953	0.0	0.0	0.0	0.0	0.669949142911826	0.0	0.0	0.28312044507614953	4.266543586431643	3.5719458905929637	0.669949142911826	0.0
SRR39238465	0.832173982085034	0.46710263008956543	1.871574486563364	2.8949935051384057	2.1055744864221264	0.5907726306662318	0.0	0.0	2.874765582883926	4.481219036327872	2.623408656449242	0.0	1.0276728512363484	0.0	0.0	0.0	0.0	1.347280148358071	0.5907726306662318	0.0	0.0	0.0	0.0	0.0	4.648453389047689	0.0	3.156328305899841	1.1000090216342133	0.0	0.46710263008956543	0.0	1.7333466603267564	0.0	0.0	0.0	2.573755408157271	2.237822995784796	0.0	0.2935377775935306	1.1619995634081748	3.3679873364495942	3.368885182793389	1.4478121312941357	0.0	0.0	0.0	0.46710263008956543	0.0	0.46710263008956543	0.0	0.0	0.0	0.0	0.2935377775935306	3.3081434473050852	0.2935377775935306	0.46710263008956543	0.2935377775935306	0.0	0.0	0.0	0.686919619138934	1.1321094094317707	0.0	0.686919619138934	0.9864195321776585	0.2935377775935306	1.1899643411961809	0.0	0.0	0.0	0.46710263008956543	1.666445619410764	0.0	0.0	0.0	3.749660400567876	1.1000090216342133	1.0276728512363484	0.0
SRR39238466	0.8688350799900226	0.28178776328198235	0.7455902765853578	3.206159372476467	1.1096854609143996	0.6677594360402227	0.45127070625067334	0.6677594360402227	2.2992688078858037	4.575911348797856	1.9248588940256286	0.45127070625067334	1.2848008746736101	0.0	0.0	0.0	0.0	0.28178776328198235	0.5728671906860083	0.0	0.0	0.0	0.0	0.0	4.539217745886914	0.0	2.581898162422939	1.1673117228138472	0.0	1.8185278645944616	0.0	1.7321733304389917	0.0	0.0	0.0	1.1673117228138472	3.4459322078824015	0.0	0.0	0.6677594360402227	1.8245103966376484	3.56106195518326	0.0	0.0	0.0	0.0	0.0	0.0	0.0	0.0	0.0	0.0	0.0	0.28178776328198235	3.99481421699841	0.28178776328198235	0.0	0.5728671906860083	0.0	0.0	0.0	0.0	0.8115699135628598	0.0	0.0	0.45127070625067334	0.0	0.0	0.0	0.0	0.0	0.0	1.0057469015590188	0.0	0.0	0.28178776328198235	2.547317357920395	1.2415408043047538	0.6677594360402227	0.0
SRR39238467	0.44293786636673427	0.0	0.9531871045918963	2.461048160708336	0.994080219293752	0.0	0.0	0.0	3.4590256180797927	4.548688675646374	3.5647786295197696	0.0	0.5634081082503284	0.0	0.0	0.0	0.0	0.0	0.5634081082503284	0.0	0.0	0.0	0.0	0.0	4.325423736076792	0.0	3.2912906890862397	1.5055048526812496	0.0	0.5634081082503284	0.0	2.1355417359206212	0.0	0.0	0.0	1.0658611926397898	2.2962141956373614	0.0	0.0	0.9080394207745026	4.245838775902947	3.1763497790789517	0.0	0.0	0.0	0.0	0.0	0.0	0.0	0.0	0.0	0.0	0.0	0.0	3.7621824450111894	0.0	0.0	0.0	0.0	0.0	0.0	0.0	0.44293786636673427	0.0	0.0	0.5634081082503284	0.0	0.0	0.0	0.0	0.0	0.0	1.1274437890291917	0.0	0.0	0.0	2.9384994724268485	1.1274437890291917	0.0	0.0
SRR39238468	0.0	0.9276362090171815	0.0	3.8390436834560218	1.3691330865655154	0.31522580914012377	0.0	0.0	3.6848007852749323	4.260148750187259	2.3042608508675233	0.0	0.0	0.0	0.0	0.0	0.0	0.0	0.0	0.0	0.0	0.0	0.0	0.0	4.116536778689644	0.31522580914012377	1.3488709536369967	0.49594773005121706	0.0	0.0	1.0252275568625886	1.8336991762762502	0.0	0.0	0.0	2.6772164338528275	2.74472803439261	0.0	0.0	0.7214657848787517	4.4864129679850775	4.156888498642555	0.31522580914012377	0.0	0.0	0.0	0.0	0.0	0.0	0.0	0.49594773005121706	0.0	0.0	0.31522580914012377	2.833400762282288	0.0	0.0	0.0	0.0	0.0	0.0	0.31522580914012377	0.0	0.0	0.0	0.0	1.6183124033203504	0.0	0.0	0.0	0.31522580914012377	0.0	1.6805529690510252	0.0	0.0	0.49594773005121706	3.1324080926315263	0.0	0.0	0.0
SRR39238469	0.5691292560299981	0.2793559086492444	0.8072522540399544	2.6359463701381864	0.8072522540399544	0.6637524991938393	0.0	0.0	2.3174445330390725	4.587069536317046	3.743759795266944	0.0	1.404340932129427	0.0	0.0	0.0	0.0	0.8072522540399544	0.2793559086492444	0.0	0.0	0.0	0.0	0.0	4.4885361933371914	0.4479752466534407	2.855939119200742	1.2367252390441121	0.0	2.254601485681573	0.0	1.3376718245461614	0.0	0.0	0.0	1.073045036982315	3.051765189670968	0.0	0.0	0.4479752466534407	1.7624243849021508	2.848224080548676	0.4479752466534407	0.0	0.0	0.0	0.0	0.0	0.0	0.0	0.0	0.0	0.0	0.4479752466534407	4.096370037957061	0.0	0.2793559086492444	0.0	0.0	0.0	0.0	0.0	0.9149296651118264	0.0	0.0	0.0	0.0	0.0	0.0	0.0	0.0	0.5691292560299981	0.5691292560299981	0.0	0.0	0.2793559086492444	2.6919955180701693	1.2588790353286248	0.6637524991938393	0.0
SRR39238470	0.3115492045190262	0.0	0.0	4.182695035650624	1.6537857502176638	0.3115492045190262	0.0	0.0	3.646919819152857	4.233987291068653	3.643206073260159	0.0	0.0	0.0	0.0	0.0	0.0	0.0	1.1955254620255313	0.6177447760698542	0.0	0.0	0.0	0.0	4.1602264434975575	0.0	3.2512266219453676	1.1654652595177644	0.7955443299928621	0.3115492045190262	1.018754893847316	1.8655975865835621	0.0	0.0	0.4910909984815831	0.7156805721345724	3.270221173016909	0.6177447760698542	0.3115492045190262	2.3260405051624	3.078437969653943	2.210990353238526	1.2236390246040008	0.0	0.0	0.3115492045190262	0.0	0.4910909984815831	0.0	0.7156805721345724	0.0	0.0	0.0	1.1331686502337572	3.0703771453276314	0.9727707305842217	0.0	0.7955443299928621	0.0	0.4910909984815831	0.0	0.3115492045190262	1.2749329085294658	0.3115492045190262	0.0	1.7016077588240996	1.018754893847316	0.0	0.3115492045190262	0.0	0.3115492045190262	0.7955443299928621	0.0	0.0	0.0	0.7156805721345724	4.461367420614631	2.3238846930476336	1.0603329505319907	0.0
SRR39238472	0.7160989703701215	0.0	1.0608059385891837	3.858956226946888	2.1578764547513107	0.31181450484259443	0.0	0.0	2.8651333225617446	4.59118410946789	3.1185483789021764	0.0	0.31181450484259443	0.0	0.0	0.0	0.0	0.0	0.9732336521529358	0.0	0.0	0.0	0.0	0.0	4.147502503892538	0.0	2.702505606544785	0.7959794687108819	0.8634250358617511	0.0	0.9217906904161752	2.382945111368269	0.0	0.0	0.0	3.7672371169749006	2.0742020828202574	0.31181450484259443	0.0	1.3425356919746976	3.0230206927014973	3.1062241657135794	0.7160989703701215	0.0	0.0	0.0	0.0	0.0	0.0	0.7160989703701215	0.0	0.0	0.0	1.1336485960849922	4.269623157471117	0.0	0.0	0.6181379633966793	0.0	0.0	0.0	0.4914418983267148	0.0	0.0	0.0	0.7959794687108819	0.31181450484259443	0.6181379633966793	0.0	0.0	0.4914418983267148	0.4914418983267148	0.0	0.0	0.0	0.0	3.1062241657135794	1.3212967687734567	0.4914418983267148	0.0
SRR39238473	1.1453458440277222	0.0	1.325988171002519	3.623451339323151	2.619295658487059	0.9845215471194577	0.0	0.0	3.687350085603943	4.519805597338836	3.5732791404655053	0.0	0.0	0.0	0.38768257608540907	0.5891998943332409	0.0	0.0	2.148724768533959	0.0	0.38768257608540907	0.0	0.0	0.0	4.5390279291818585	0.0	2.792017361889917	1.325988171002519	0.38768257608540907	0.0	0.9142493353071107	2.5766516119839413	0.0	0.0	0.0	2.9411114462035735	2.3102088178173816	0.0	0.38768257608540907	1.8887813670896156	2.88124029392143	3.643826086617355	0.8303693010214682	0.0	0.0	0.0	0.38768257608540907	0.0	0.0	0.7263143873192124	0.0	0.0	0.0	1.325988171002519	2.9302207278134778	0.5891998943332409	0.0	0.5891998943332409	0.38768257608540907	0.8303693010214682	0.0	0.38768257608540907	0.5891998943332409	0.9845215471194577	0.8303693010214682	1.1453458440277222	0.7263143873192124	0.9142493353071107	0.0	0.0	0.0	0.5891998943332409	0.0	0.0	0.0	0.0	3.3165247793609174	1.7683850899012474	0.0	0.0
SRR39238474	0.9955130179211518	0.0	0.9437448995252943	3.1667048648403937	2.1064809582461175	0.3247251508392171	0.0	0.0	3.7355528215908342	3.865042881943858	2.624687752988601	0.3247251508392171	0.3247251508392171	0.0	0.6371349179505706	0.0	0.0	0.0	0.9437448995252943	0.0	0.0	0.0	0.0	0.0	3.481355138508401	0.0	2.4609689851884955	1.2193258312311201	0.0	0.0	0.7362855359017532	1.851659246834691	0.0	0.5084359585427805	0.0	2.736270805907046	2.263382550503217	0.7362855359017532	0.0	1.5361107545428199	4.090543106101296	4.6398809279150415	1.2740291728650528	0.0	0.0	0.0	0.0	0.3247251508392171	0.0	0.5084359585427805	0.0	0.0	0.0	0.8169541221879706	2.3177714573487216	0.3247251508392171	0.7362855359017532	1.121680334842812	0.5084359585427805	0.5084359585427805	0.3247251508392171	0.0	0.9437448995252943	0.3247251508392171	0.0	1.3662928970029564	0.0	0.8169541221879706	0.3247251508392171	0.0	0.0	0.5084359585427805	0.3247251508392171	0.0	0.0	0.6371349179505706	4.208576136119737	2.0369430685453116	0.5084359585427805	0.0
SRR39238475	0.8522022638692551	0.0	0.7056042117000161	3.0682117907329567	3.1675376938004325	0.0	0.0	0.0	2.344698994748815	4.633733356016044	2.3506624569745114	0.0	0.0	0.0	0.0	0.0	0.0	0.0	2.1512328574475523	0.0	0.0	0.0	0.0	0.0	4.486453526089534	0.0	2.5857471541230703	1.369648270217828	0.0	0.3051882361880964	0.3051882361880964	3.021527757485921	0.0	0.0	0.0	2.2386777356645946	2.4882568386262163	0.0	0.0	1.8143288953155516	3.916546531240323	2.6004328328547164	1.3088969130653112	0.0	0.0	0.0	0.0	0.0	0.3051882361880964	0.0	0.0	0.0	0.0	0.0	3.469622644098179	0.0	0.0	0.4826567746975169	0.0	0.0	0.0	0.0	0.7056042117000161	0.0	0.0	0.7056042117000161	0.0	0.4826567746975169	0.0	0.0	0.0	0.3051882361880964	0.0	0.0	0.0	0.4826567746975169	2.985076733294448	0.3051882361880964	0.9103409867430258	0.0
SRR39238476	1.1776756846586538	1.1425017401480997	1.690379055805407	4.064272948610688	2.6075367185885883	0.9637239706311223	0.6545332695371737	0.0	4.414406996747565	4.0418576611509165	2.9336615113385553	0.3367068989355297	0.3367068989355297	0.0	0.6545332695371737	0.0	0.0	0.3367068989355297	1.4276025781540387	0.0	0.5240676060673546	0.3367068989355297	0.0	0.0	4.124055138633405	0.0	2.6425060846555897	1.6231793516019017	0.9637239706311223	0.0	1.5288471753538124	2.380088190728744	0.0	0.0	0.3367068989355297	3.024742355539885	2.4375885978036056	0.9045755551628929	0.3367068989355297	2.7433710505458024	2.728421408633846	3.83874868227453	1.557952818825663	0.0	0.0	0.0	0.8360820015307986	0.0	0.6545332695371737	1.344043049003831	0.9637239706311223	0.0	0.0	1.5436437775279748	3.495781824887206	0.3367068989355297	0.0	1.4276025781540387	0.8360820015307986	0.6545332695371737	0.0	0.6545332695371737	1.4640369559023863	0.5240676060673546	0.3367068989355297	1.6231793516019017	1.387829358675389	1.6108942945911087	0.5240676060673546	0.0	0.5240676060673546	1.0622478833150675	0.0	0.0	0.0	0.8360820015307986	4.166902006227721	1.6351264349025911	1.0622478833150675	0.0
SRR39238477	0.7177963521908906	0.2658321720384383	1.078309373730996	2.757205063555326	2.4732682392786183	0.8394854641234639	0.0	0.0	2.8214697802904594	4.651487804783489	2.681751108401887	0.0	0.7828891918902965	0.0	0.0	0.0	0.0	0.6411974115181465	1.3765070529931718	0.0	0.0	1.0123025996366024	0.0	0.0	3.7065405301007943	0.0	2.0606255046420894	2.2033834563478436	0.0	1.7271080437288822	0.4295270253951201	2.340106986813573	0.0	0.0	0.4295270253951201	3.5532678812788707	2.6590401582325733	0.0	0.0	1.5516500869059786	3.8262192962023858	3.63100762444689	0.5481322934689418	0.0	0.0	0.0	0.0	0.0	0.0	0.0	0.0	0.0	1.0123025996366024	1.4728483793906773	3.3164053054285594	0.4295270253951201	0.0	0.6411974115181465	0.5481322934689418	1.82513779504692	0.0	0.2658321720384383	0.5481322934689418	0.4295270253951201	0.0	1.900477131882734	0.6411974115181465	0.8394854641234639	0.0	0.0	0.4295270253951201	0.0	0.7828891918902965	0.0	0.0	0.5481322934689418	4.3347072759548775	1.644038886184006	1.0123025996366024	0.0
SRR39238478	0.0	0.6701165484291308	0.0	3.4815430302159878	1.4027565386065743	0.5958141595815714	0.0	0.0	2.7308441008722744	4.737534737744216	3.159934273368409	0.39295054993266954	1.5511925655365006	0.0	0.0	0.0	0.0	0.39295054993266954	0.0	0.0	0.0	0.23948000837230243	0.0	0.0	4.348132476085124	0.0	2.3113189615352203	1.6474569145121827	0.23948000837230243	1.5773317026967804	0.7335445753819024	2.787024155363111	0.0	0.0	0.39295054993266954	1.7078175052294533	3.0260877937481814	0.0	0.23948000837230243	1.023843919823482	1.957884946179192	3.652780107808745	0.0	0.0	0.0	0.0	0.0	0.0	0.0	0.0	0.0	0.39295054993266954	0.0	2.425852670338119	2.7138905446647805	0.23948000837230243	0.0	0.39295054993266954	0.23948000837230243	0.0	0.0	0.23948000837230243	0.5958141595815714	0.0	0.0	0.5958141595815714	0.5061211798418643	1.513697171273682	0.39295054993266954	0.0	0.39295054993266954	0.0	1.4273278070934798	0.0	0.0	0.23948000837230243	3.204643448669817	2.6304102469385797	1.1305673608138118	0.0
SRR39238479	1.6053601695426922	0.9741672864376668	1.0053693724598116	3.2365645139938737	2.32974100870204	2.539481979881724	0.4921498790226847	1.0053693724598116	4.388643553225407	4.241035262263537	2.7676482270818217	1.0053693724598116	1.5657974251621314	0.0	1.3955678547965267	0.23092818480157368	0.8205309313784908	0.8205309313784908	0.7718181197912648	0.8205309313784908	0.7718181197912648	0.38089004223753153	0.23092818480157368	0.7718181197912648	3.9461634329968875	0.7169429390414387	2.457373102188835	1.9341302784589922	1.3955678547965267	2.556737850411609	1.134616508279164	3.0688278973849443	0.4921498790226847	1.0344792094792419	1.8733036917855252	2.516900883854732	2.7318623943360683	0.0	0.23092818480157368	1.944644296601699	4.205098304942427	4.0729492156041465	1.5402055387727625	0.0	0.38089004223753153	0.0	1.1564178186441219	0.5806408526629463	0.0	0.0	0.5806408526629463	2.187546663380074	0.38089004223753153	2.9334831839696855	2.935609607558896	1.4635209552292743	0.0	1.4738803506757663	0.9405487409945581	0.9741672864376668	0.23092818480157368	1.268271951893132	2.2669176274137515	0.23092818480157368	0.0	0.8205309313784908	2.2552209916696935	0.6541173455783527	0.7718181197912648	0.0	1.4738803506757663	0.38089004223753153	0.9405487409945581	1.0874276284320177	2.1482124018890265	0.9741672864376668	3.5590306493991486	2.8107209232248587	1.7351408662754617	0.0
SRR39238480	1.104942795894594	0.27933965229898894	1.2588466564664338	3.389265904573785	1.7691128416770407	2.0527637198010216	0.6637256648032012	0.27933965229898894	3.1792622622317452	4.646959096145638	2.9295794725965716	0.9601420012299574	1.2133481527607721	0.0	0.7413744638249119	0.0	1.4620914164957468	0.44795319523130755	0.27933965229898894	0.44795319523130755	0.27933965229898894	0.27933965229898894	0.0	0.864390006081738	4.316755265853391	0.0	2.4996807785661352	1.7045032245121723	0.569104230957773	2.3304249232991934	0.864390006081738	3.040807902899288	0.569104230957773	0.27933965229898894	1.2799249138736921	1.7691128416770407	2.769798299349317	0.0	0.0	1.6723828125281344	2.6614347950800576	3.3030250239047625	1.637695677534621	0.0	0.0	0.0	0.27933965229898894	0.27933965229898894	0.0	0.0	0.6637256648032012	1.92910512802428	0.0	2.9700446807777103	3.905264274143805	0.569104230957773	0.0	1.3722516190015193	0.6637256648032012	1.9150350901396165	0.569104230957773	0.569104230957773	1.900493912453486	0.27933965229898894	0.0	0.569104230957773	2.3020429116354686	1.5999957023676599	1.7486260159398834	0.0	1.3000273283527772	0.44795319523130755	1.104942795894594	0.569104230957773	1.3722516190015193	1.038549516372833	3.8118516524383455	2.4370761338639	1.795006829728127	0.0
SRR39238482	0.3210236783464617	0.0	0.3210236783464617	3.4577257049634436	1.7866269690875523	0.7305324870769554	0.0	0.0	3.773339989238719	4.6002434294136245	2.8506245698413935	0.0	0.631715615046913	0.0	0.0	0.0	0.0	0.5035800557800163	0.5035800557800163	0.0	0.0	0.0	0.0	0.0	4.530691863304123	0.0	2.5131980297020147	1.5821054887902388	0.0	1.7787894704323046	0.3210236783464617	2.0387331379602642	0.0	0.3210236783464617	0.0	1.3992060568629872	2.9643749543913467	0.0	0.0	1.3992060568629872	2.076190540662984	3.5188141246241993	0.0	0.0	0.0	0.0	0.0	0.0	0.0	0.0	0.0	0.0	0.0	1.077086752327383	3.18053005132822	0.0	0.0	0.0	0.3210236783464617	0.0	0.0	0.0	0.0	0.0	0.0	0.3210236783464617	0.0	0.3210236783464617	0.0	0.0	0.3210236783464617	0.0	0.3210236783464617	0.0	0.0	0.9374971512251811	2.6941629686256596	3.083613287270287	0.0	0.0
SRR39238483	0.6690315569725789	0.34680482958286907	0.0	3.3596773117626477	1.961188513817929	2.2449953232017386	0.5371415627919494	0.0	3.6344416142572027	4.484022746336103	2.62477179130868	0.0	1.6648816718737056	0.0	0.0	0.0	0.0	0.7700595385490877	0.6690315569725789	0.0	0.0	0.0	0.0	0.0	4.668366705736876	0.0	2.4813147708194943	1.70854623818031	0.0	1.5468473904186366	0.34680482958286907	2.972440066913008	0.0	0.0	0.0	1.3842442152585557	2.4172262201711026	0.0	0.0	2.179965922641447	2.746925033041908	3.4546900947097408	0.5371415627919494	0.0	0.0	0.0	0.0	0.0	0.0	0.0	1.2579748868094303	0.0	0.0	1.0792101512598806	2.860835156043316	0.0	0.0	0.0	0.0	0.9208465029930776	0.0	0.34680482958286907	0.34680482958286907	0.0	0.0	0.7700595385490877	1.3842442152585557	0.8519645632374133	0.0	0.0	0.0	0.0	1.561662001935324	0.0	0.0	1.1597301927603147	3.0325607284341154	0.7700595385490877	0.34680482958286907	0.0
SRR39238484	0.0	0.0	0.0	2.962700449574705	1.3532630551211224	0.0	0.0	0.0	4.03289934495225	4.466062809763723	2.598736472393816	0.0	0.32930205247199973	0.0	0.0	0.0	0.0	0.0	0.32930205247199973	0.0	0.0	0.0	0.0	0.0	3.7319552791381705	0.0	2.1478217737360947	0.5144226166899549	0.0	0.6438065706429884	0.0	2.397004127183668	0.0	0.0	0.0	1.0032981463274118	2.9132814539390752	0.0	0.0	3.884626155310696	4.217883932495598	4.1044166068365415	0.0	0.0	0.0	0.0	0.0	0.0	0.0	0.0	0.0	0.0	0.0	0.0	3.5485358686673383	0.0	0.0	0.0	0.0	0.0	0.0	0.0	0.0	0.0	0.0	0.0	0.0	2.0837178156985408	0.0	0.0	0.0	0.0	1.655586234746034	0.0	0.0	0.0	3.4400430602590912	2.2666871431674482	0.0	0.0
SRR39238485	2.1548678141360345	0.637244579654114	2.303742473651256	4.200057460816	3.433411384246595	2.681185632988483	0.4263120302512756	1.355912592152341	3.0818959993315755	4.3923836660158635	3.664501099156512	1.5764917652052608	1.6306249988337262	0.0	0.4263120302512756	0.7786089207448367	0.0	0.637244579654114	2.5852557712320725	1.7487273734890914	0.7786089207448367	1.4918931368476436	0.0	0.8850841394339122	4.347214988624652	0.0	1.990289893075468	1.8618768331172986	0.637244579654114	1.4424861476605906	1.8517997656645722	2.8130159992336217	0.0	0.637244579654114	0.8850841394339122	1.5146371672471424	3.2487673978941456	0.4263120302512756	1.2046348279151202	2.898724936277735	2.5945717846925866	4.029838156680208	2.2292883631953133	0.0	0.0	0.8850841394339122	1.3227423072212658	1.4424861476605906	1.2868274983175068	0.4263120302512756	0.4263120302512756	0.8850841394339122	0.8850841394339122	2.1340840196460418	3.0925671733253406	0.9705271192757143	1.5764917652052608	1.9515565425725288	1.8517997656645722	1.8999979312257722	1.4424861476605906	2.3282459900170545	1.4155013863683792	1.2868274983175068	0.637244579654114	2.441456240241863	2.952856543747548	1.6133196177440343	1.6787524159009541	0.637244579654114	0.4263120302512756	1.386728197994526	1.1031681600412693	0.0	0.0	0.4263120302512756	1.990289893075468	2.5757355319372968	2.254207107300778	0.0
SRR39238486	1.9734783369681375	0.34726809065276176	1.8720453008089286	3.9600525768753774	3.3222412700129036	2.4340175294775728	0.0	1.287135035454578	3.24391098110856	4.175514565320119	3.951989492338328	1.2284228421157202	1.195794335776665	0.0	0.0	0.0	0.0	0.8526881754222821	2.483902849793286	1.3388469248697594	0.669693196012473	1.562480822625197	0.0	0.669693196012473	4.286263145331204	0.34726809065276176	1.9790955121235343	2.275026639022298	0.5377392195803625	1.2587703455263342	1.499921609414466	2.945848349022976	0.0	0.9215874659551315	0.7707585964739873	1.8575230645574456	2.9866481749868163	0.34726809065276176	1.287135035454578	3.0587499937032847	3.3202104489932247	4.37965474286692	1.899709437300385	0.0	0.0	0.34726809065276176	0.8526881754222821	0.5377392195803625	0.7707585964739873	0.8526881754222821	0.7707585964739873	0.34726809065276176	0.34726809065276176	1.9955238489673903	3.1058148539646573	0.5377392195803625	1.2284228421157202	1.677040405167297	2.07397315560731	1.4268094413148027	0.981038049508851	1.9319819162621206	1.4064321100827668	1.6988597723034808	1.033321689749722	3.110788616599485	3.0319218278280378	1.3388469248697594	1.7196351554007219	0.0	1.2587703455263342	1.3850513908524809	0.7707585964739873	0.0	0.0	0.5377392195803625	2.2997221227220024	2.5076762968931434	1.8107935374487372	0.34726809065276176
SRR39238487	1.2497253288904722	0.0	1.4616873419037972	3.792296911613895	2.679818538593936	1.6383687245641	0.0	0.6389193621273624	3.9638762257871334	3.474487779408297	2.7618837678585444	0.0	0.8869766569211973	0.0	0.0	0.0	0.0	0.32594715549554426	1.6706376458872614	0.6389193621273624	0.0	0.6389193621273624	0.0	0.0	4.434354351837872	0.0	1.9564002706643535	1.0856841521768643	0.0	0.7381789106526986	0.6389193621273624	2.148488279234002	0.0	0.32594715549554426	0.0	1.7006738622752862	2.821459292204774	0.7381789106526986	0.0	2.127280760619645	4.194451589503029	3.9854425577167296	0.8869766569211973	0.0	0.0	0.0	0.6389193621273624	0.510036263667643	0.0	0.9975972381148236	0.8189194816277199	0.0	0.32594715549554426	1.0438701847792942	3.9692257200877923	0.0	0.0	0.0	0.8189194816277199	1.4616873419037972	0.32594715549554426	1.4267775793667277	1.1238234696972427	0.32594715549554426	0.510036263667643	1.5656035597801965	0.8189194816277199	1.0438701847792942	0.0	0.0	0.6389193621273624	0.9975972381148236	0.510036263667643	0.0	0.0	0.9457995340214778	3.9430690649467786	1.6908908012680184	1.0438701847792942	0.0
SRR39238488	0.0	0.2892794796361616	0.2892794796361616	3.5344073724635012	1.4954277139016	1.2328033107347296	0.0	0.2892794796361616	3.2612919105725275	4.7037789506504595	3.189970447758193	0.0	1.1818203184029907	0.0	0.0	0.0	0.2892794796361616	0.9331277066386309	0.2892794796361616	0.0	0.0	0.0	0.0	0.0	4.015112335384457	0.0	1.6000042573527107	1.2784251295390698	0.0	1.2562130056799714	0.2892794796361616	2.083573460846903	0.0	0.0	0.2892794796361616	3.6889107819858244	1.629928652390372	0.0	0.2892794796361616	1.439413961854011	1.1538932811160925	2.3187061781700486	0.0	0.0	0.0	0.0	0.2892794796361616	0.0	0.0	0.0	0.0	0.0	0.0	0.6800134806972944	3.8999888171529946	0.0	0.0	0.0	0.0	0.0	0.0	0.0	0.0	0.0	0.0	0.0	1.4954277139016	0.2892794796361616	0.0	0.0	0.0	0.4613821711850892	0.6800134806972944	0.0	0.0	0.6800134806972944	4.01634144650009	0.0	0.0	0.0
SRR39238489	0.0	0.0	0.0	1.7679047055809123	0.583520002643402	0.2887583569693894	0.0	0.0	1.1528962882203657	4.649750313376567	2.6554888738897993	0.0	0.2887583569693894	0.0	0.0	0.0	0.0	0.0	0.0	0.0	0.0	0.0	0.0	0.0	4.371736056235992	0.0	1.1230546067616751	0.2887583569693894	0.0	0.0	0.46068078472379553	1.5321136623403324	0.0	0.0	0.0	2.5066541474407322	2.13962821425316	0.0	0.0	1.318685882365188	1.7884073126811606	4.321160449293899	0.0	0.0	0.0	0.0	0.0	0.0	0.2887583569693894	0.0	0.0	0.0	0.0	0.2887583569693894	2.679301022769435	0.0	0.0	0.0	0.0	0.0	0.0	0.0	0.2887583569693894	0.0	0.0	0.46068078472379553	0.0	0.0	0.0	0.0	0.0	0.0	0.0	0.0	0.0	0.583520002643402	2.9004423883069874	0.0	0.0	0.0
SRR39238490	0.0	0.0	0.0	3.767989245952016	0.9671723692217019	0.2830995542190257	0.2830995542190257	0.0	3.418834196390793	4.726286016981552	3.150912375162067	0.0	0.2830995542190257	0.0	0.0	0.4530456311204934	0.0	0.4530456311204934	0.5748788586128264	0.0	0.0	0.0	0.0	0.0	4.27641292725245	0.2830995542190257	2.5989390511414863	1.2207576413382402	0.0	0.0	0.0	1.4559597678669847	0.0	0.0	0.0	1.9131860965908305	1.9180338322180994	0.0	0.0	0.8712085521034838	3.2915604495505923	2.106656530869439	0.0	0.0	0.0	0.0	0.0	0.0	0.0	0.0	0.0	0.0	0.0	1.1122165078760933	2.877227297950873	0.0	0.0	0.0	0.0	0.0	0.0	0.0	0.0	0.0	0.0	0.6699148507982919	0.5748788586128264	0.0	0.0	0.0	0.0	0.0	0.9671723692217019	0.0	0.0	0.9218356646910382	3.7768202525812935	0.0	0.0	0.0
SRR39238491	0.0	0.0	0.0	1.4562839945167951	0.4532632641907157	0.0	0.0	0.0	2.064373710837537	4.868910717914731	0.0	0.0	0.0	0.0	0.0	0.0	0.0	0.0	0.0	0.0	0.0	0.0	0.0	0.0	4.15624482334837	0.0	1.24444434189143	0.5751254446280938	0.0	0.0	0.0	1.307842876312334	0.0	0.0	0.0	0.8141756240411946	1.2210734199611941	0.0	0.0	0.8141756240411946	1.7047532724691847	1.24444434189143	0.0	0.0	0.0	0.0	0.0	0.0	0.0	0.0	0.0	0.0	0.0	0.0	3.4646370011420453	0.0	0.0	0.0	0.0	0.0	0.0	0.0	0.0	0.0	0.0	0.4532632641907157	0.0	0.0	0.0	0.0	0.0	0.0	0.0	0.0	0.0	0.0	1.712566337974807	0.0	0.0	0.0
SRR39238493	0.7092272497476457	0.0	0.0	3.264901648786628	1.9668866571618087	0.9142965439253258	0.0	0.3074691071847157	3.525064336628171	4.473921926445757	3.30812491245387	0.0	0.7888306682295941	0.0	0.0	0.0	0.0	1.2908741972862698	0.6116832076104592	0.0	0.0	0.0	0.0	0.0	4.0633561014930875	0.0	2.883756004129567	1.267356207820979	0.0	2.0212607922173147	0.7092272497476457	2.155708305052191	0.0	0.0	0.3074691071847157	2.8975630848835676	2.592534589239247	0.0	0.0	1.9949241319792084	3.7241670765765575	3.357956072474561	0.4856856944993575	0.0	0.0	0.0	0.4856856944993575	0.7092272497476457	0.0	0.0	0.0	0.0	0.0	2.541663573067803	3.718645378431905	0.0	0.0	0.4856856944993575	0.7888306682295941	0.0	0.0	0.3074691071847157	0.0	0.3074691071847157	0.0	2.109593364808862	2.528619580071991	0.0	0.0	0.0	0.0	0.0	1.05303006230736	0.0	0.0	0.3074691071847157	4.4285246985868465	1.530916165975938	0.4856856944993575	0.0
SRR39238494	0.0	0.0	0.0	3.227040239378944	2.1746037112662546	0.6819067801336325	0.0	0.0	3.7926152142278893	4.502973883687861	3.2376920655685364	0.0	1.2103036941121075	0.0	0.0	0.0	0.0	0.8267899719559608	0.4629488646463194	0.0	0.0	0.0	0.0	0.0	4.09979723879637	0.0	2.8230727320187086	2.154801847221917	0.0	1.547359323818125	0.9352413165430801	2.7589178727452235	0.0	0.0	0.0	1.23505567552726	3.0120082225281144	0.0	0.4629488646463194	1.5701917917158024	4.043285999073019	4.000086276743304	0.29044429682347117	0.0	0.0	0.0	0.29044429682347117	0.0	0.29044429682347117	0.0	0.0	0.0	0.0	2.1518978394094597	3.509026443127304	0.0	0.0	0.0	0.0	0.0	0.0	0.0	0.29044429682347117	0.29044429682347117	0.0	0.0	0.29044429682347117	0.8267899719559608	0.0	0.0	0.29044429682347117	0.0	0.4629488646463194	0.0	0.0	0.0	4.015793372932738	0.29044429682347117	0.0	0.0
SRR39238509	1.6548987579624972	0.31752860201287236	1.3531236419502934	3.8206980415999636	2.826831251590517	0.7250750676315943	0.0	0.7250750676315943	3.541451689615383	4.547457768177323	3.9711595403702393	0.4989829931439903	0.7250750676315943	0.6265786624072844	0.0	0.0	0.0	0.31752860201287236	1.9296251001714095	0.0	0.4989829931439903	0.0	0.0	0.0	4.048294680354777	0.0	2.742449825149658	2.0774349857572942	0.0	2.005188966849503	1.0709389841420045	2.931627134413138	0.0	0.0	0.7250750676315943	1.2345579796280135	3.1999847638419516	0.0	0.31752860201287236	1.4113019888997929	1.309500917695702	3.637798366115762	1.3318597604849631	0.0	0.0	0.0	0.0	0.0	0.31752860201287236	0.0	0.0	0.0	0.0	1.587827870351476	3.937159050808085	0.31752860201287236	0.0	0.8730090556028134	0.7250750676315943	0.9831535963498026	0.0	0.0	1.5499603195530847	0.4989829931439903	0.0	1.3531236419502934	1.0292605685188456	2.0574045986433944	0.4989829931439903	0.0	0.0	0.31752860201287236	0.0	0.0	0.0	0.7250750676315943	3.9133170708258875	1.2610021808785035	1.3318597604849631	0.0
SRR39238542	0.0	0.676018944653409	0.0	3.43412341982417	1.149194272548127	0.28682833118482653	0.0	0.0	2.9583665100084753	4.786946997417328	1.149194272548127	0.0	0.8779237566060811	0.0	0.28682833118482653	0.0	0.0	0.0	0.676018944653409	0.0	0.0	0.28682833118482653	0.0	0.0	4.299293587855984	0.458080592405124	1.8348483089637646	1.6438493554266906	0.28682833118482653	0.676018944653409	0.8204602569660999	2.270119652494774	0.0	0.0	0.0	1.652979515709027	2.321497850062365	0.0	0.0	0.5805794598336025	0.7542170650299104	3.0503226569546715	0.0	0.0	0.0	0.0	0.0	0.0	0.0	0.0	0.0	0.0	0.0	0.28682833118482653	3.5120799268787457	0.0	0.0	0.0	0.0	0.0	0.0	0.458080592405124	0.0	0.0	0.0	0.8204602569660999	0.28682833118482653	0.676018944653409	0.0	0.0	0.0	0.0	0.458080592405124	0.0	0.0	0.28682833118482653	2.1445031860578396	3.2066623339016305	0.0	0.0
SRR39238543	0.0	0.0	0.5815109519455691	2.115599299574662	0.9297790399692263	0.6770158311747615	0.0	0.0	2.1218007032065604	4.673395002779089	3.0220104348425907	0.0	1.4205547171214328	0.0	0.0	0.0	0.0	0.7552577893159096	0.4589040492156192	0.0	0.0	0.0	0.2874392301641245	0.0	4.571892008653897	0.0	1.2526313363757646	1.2292333309292967	0.0	0.9752218466142721	0.4589040492156192	3.3189407817912087	0.0	0.2874392301641245	0.0	0.4589040492156192	1.8969980350535167	0.0	0.2874392301641245	0.7552577893159096	0.4589040492156192	2.2205137376479356	0.0	0.0	0.0	0.0	0.0	0.0	0.0	0.0	0.0	0.0	0.0	1.0163568934077225	3.3708516262643067	0.0	0.0	0.0	0.0	0.2874392301641245	0.0	0.2874392301641245	0.7552577893159096	0.0	0.0	0.4589040492156192	0.2874392301641245	2.9750057108993735	0.0	0.0	0.0	0.2874392301641245	1.0539306388455048	0.0	0.0	0.0	0.4589040492156192	0.0	0.0	0.0
SRR39238544	0.0	0.16027806018619675	0.4448972507692245	3.069190439979323	2.0156282545246467	0.0	0.0	0.0	2.1776301281061996	4.731154033385982	3.519053820522853	0.16027806018619675	0.5094481857648573	0.0	0.0	0.0	0.0	0.5094481857648573	0.8326846236509368	0.0	0.0	0.0	0.0	0.0	4.425353799474696	0.0	2.2086874245274046	0.6600040158753708	0.0	0.8032102791321653	0.6600040158753708	2.7024770150452886	0.0	0.0	0.16027806018619675	0.5656345279643518	3.3578769336638468	0.0	0.0	0.7715890037649643	0.0	2.4034577306098743	0.6153774827282188	0.0	0.0	0.0	0.0	0.0	0.0	0.16027806018619675	0.0	0.0	0.0	0.0	3.440976997706621	0.0	0.0	0.16027806018619675	0.0	0.0	0.0	0.0	0.6153774827282188	0.0	0.0	0.0	0.3690481504397189	0.5656345279643518	0.0	0.0	0.0	0.0	0.9768516220023279	0.0	0.0	0.4448972507692245	2.4829909819934843	0.5094481857648573	0.3690481504397189	0.0
SRR39238545	2.3085061418869226	0.7015081817285662	2.5863609368720586	3.6439491656625194	4.056056366261957	1.8482233216795392	0.47923743135148766	1.002854409082181	3.4537263007204455	4.018320208847363	4.1683551463945	1.304042434283791	1.304042434283791	1.3454494829126276	0.0	1.1168707052441307	0.9570617930360285	1.5471481923157187	3.14052221965888	0.9570617930360285	0.0	1.2070929192819282	0.0	0.6044399664846717	4.094626067827148	0.0	2.8147405417242832	3.3428191232422333	0.7015081817285662	2.343600101227481	1.281757723661996	3.48590007131106	0.0	0.9058653597363672	0.9570617930360285	2.3085061418869226	2.3475483906111623	0.0	1.8839424369331432	3.0393970487107027	2.6222561478062487	4.238168106481581	3.1920968498573403	0.847816949424093	0.0	1.233433476610727	0.30261809405048584	0.0	0.7807948639263855	0.30261809405048584	0.30261809405048584	0.0	1.304042434283791	2.8930280612099044	3.0965895483568557	1.8839424369331432	0.0	1.3252392571356764	2.1906706189066387	2.584087095283252	0.30261809405048584	1.6563127217420117	2.149275882434631	2.386972723291779	0.30261809405048584	2.6063069057511417	1.8419737183244411	1.7884484579005413	0.6044399664846717	0.0	0.30261809405048584	1.002854409082181	1.9007575144720246	0.0	0.0	1.4502156106986896	3.17342999169554	2.5863609368720586	2.599759509097419	0.0
SRR39238546	0.5592758630871262	0.0	0.7303423332753727	2.4632887277652165	1.3423803036514732	0.7958427256521656	0.0	0.0	2.5264565520832365	4.658769228551439	3.169372883359171	0.439304442842561	0.5592758630871262	0.0	0.0	0.0	0.0	0.27298055485244793	0.5592758630871262	0.0	0.0	0.0	0.0	0.0	4.442270719962135	0.0	2.24546852483823	1.7211485572665413	0.0	1.9554033072821255	0.27298055485244793	2.371946704754916	0.0	0.6531779845407981	0.0	1.3593186483742334	2.749595392859599	0.0	0.0	1.1499472044318073	4.113460268608389	2.5904631807600675	0.27298055485244793	0.0	0.0	0.0	0.0	0.0	0.0	0.0	0.0	0.0	0.0	1.6591594553250206	2.8089258291615806	0.439304442842561	0.0	0.27298055485244793	0.27298055485244793	0.27298055485244793	0.0	0.0	0.0	0.0	0.0	0.6531779845407981	0.27298055485244793	2.272667487566531	0.27298055485244793	0.0	0.0	0.0	1.3423803036514732	0.0	0.0	0.7958427256521656	2.8257062524280525	0.7303423332753727	0.5592758630871262	0.0
SRR39238547	2.822859921275526	1.2841480454845322	2.896763008213321	3.79378889245033	3.7742553262057843	2.2832041361222766	1.1421863843003282	1.6530628597973838	3.4087195785256776	4.329585543909748	3.9440611259610727	1.6732981884629918	1.2592277848324793	0.7235517438356691	0.0	0.4977014492663304	1.0275588866664571	0.8713835046759841	2.902049089715267	1.0692212122898614	0.4977014492663304	1.9595878648499125	0.31655584684190563	1.0275588866664571	3.5880148028156076	0.31655584684190563	2.228986302362852	2.6649246567170906	0.7235517438356691	1.3300698374466906	2.75800183332334	3.268293713326268	0.0	0.31655584684190563	0.8037276416347933	2.8100633017268692	3.458153127037346	0.0	1.0692212122898614	2.6325020781858326	3.529092623585899	3.8756095941930115	2.6079295982247253	0.8037276416347933	0.0	0.31655584684190563	1.5347438788785068	0.8713835046759841	1.728896001189189	0.31655584684190563	0.8037276416347933	0.9814716080258059	1.2327900588367704	2.1021479677268715	3.6225738957407234	1.949238670868577	0.0	2.228986302362852	1.9051839382832538	2.260791307548754	0.31655584684190563	1.8625911023410031	2.9411039654481175	1.4272754364296325	0.4977014492663304	2.378688461870388	1.2841480454845322	1.4094974191087264	1.6318384211786312	0.0	0.9299064979995838	1.460786734324872	1.6425802852310833	0.31655584684190563	0.0	1.5979203151700787	4.1612332196182145	2.7692425447703637	2.4160007517289204	0.0
SRR39238548	1.6064388862559185	1.0966746464436756	3.4050052229978314	3.8951904188784683	3.1203887824263785	1.7011938733936471	1.1980246102386993	0.0	3.0431066703663534	4.595041147393582	3.143026869953832	0.0	1.2410206347865105	0.0	0.0	0.0	1.640373401432286	0.8789557890641821	2.9113585945745197	1.4356888669504853	0.6318270847609656	1.2801408049716472	0.0	0.0	4.273299335566245	0.0	1.2410206347865105	2.3903018389001085	0.6318270847609656	2.303866503885734	1.150299409928012	2.2931080178223273	0.0	0.0	0.42191467090355084	2.0049885037539017	2.1772823611042624	2.0119811052170595	0.8789557890641821	2.372525783472461	2.3003098723852977	4.053349390324785	2.7819099599023267	0.0	0.0	0.0	0.0	0.0	0.8789557890641821	0.0	0.0	0.0	0.0	2.1912766626026468	2.969393275668254	1.5499797226062217	0.0	2.2179810279997207	0.9642336081613078	0.0	0.0	1.0966746464436756	2.384456959003374	2.2894618043973978	0.9642336081613078	1.8647669778442597	1.5884225527759002	1.9195721833839936	1.640373401432286	0.0	0.0	0.9642336081613078	2.167695855227555	0.0	0.0	1.6867684980445903	3.402754417573845	1.4610799946260808	1.4356888669504853	0.0
SRR39238549	0.0	0.0	0.614258175343804	3.6620008049531614	2.0534699609236564	0.711969346887793	0.0	0.0	3.572004542618613	4.20967462061262	2.844825597101598	0.0	0.7916838787324605	0.0	0.0	0.0	0.0	0.48798088145229546	0.0	0.0	0.0	0.30920006701561137	0.0	0.30920006701561137	3.97945580087112	0.0	2.8631219982524136	1.16118073931265	0.0	1.9080800996648144	0.614258175343804	2.360509640357677	0.0	0.0	0.0	0.48798088145229546	2.2439819421048854	0.0	0.0	0.9172883030343695	3.739477720040013	4.517330232806789	0.9686624948241468	0.0	0.0	0.0	0.0	0.0	0.0	0.614258175343804	0.0	0.614258175343804	0.0	0.7916838787324605	3.7684654530590094	0.0	0.0	0.0	0.0	0.0	0.0	0.0	0.30920006701561137	0.0	0.0	0.30920006701561137	0.0	0.48798088145229546	0.0	0.0	0.0	0.48798088145229546	0.30920006701561137	0.0	0.0	0.9172883030343695	3.906272758650936	3.4815666879317213	0.30920006701561137	0.0
SRR39238550	0.7031288922429948	0.0	0.37095147785703053	3.8853762893784607	3.073497581123163	0.37095147785703053	0.0	0.37095147785703053	2.7613121214383844	4.67261723866174	3.5183640246435037	0.0	0.37095147785703053	0.0	0.0	0.0	0.0	0.0	1.8840288001437404	0.0	0.0	0.5680538790504408	0.0	0.0	4.279896366139588	0.0	1.9136137086652594	0.9588610471468493	0.0	0.0	0.5680538790504408	2.0372257420203788	0.0	0.0	0.0	1.4255022026867081	2.9216401088231345	0.0	0.0	0.7031288922429948	3.8486113416737364	3.439493228560464	0.8060090236363856	0.0	0.0	0.0	0.0	0.0	0.37095147785703053	0.0	0.0	0.0	0.0	0.0	2.9650228309859954	0.0	0.0	0.8891252365109672	0.5680538790504408	0.5680538790504408	0.0	0.5680538790504408	1.0189330683474382	0.0	0.0	0.37095147785703053	0.0	1.235337614244788	0.0	0.0	0.0	0.8891252365109672	0.0	0.0	0.0	0.5680538790504408	2.863922927630329	0.0	0.9588610471468493	0.0
SRR39238551	2.088215993002882	0.0	1.1690059857441129	3.11962272023256	3.105796294074582	2.7162846205750317	0.0	1.8973953477398409	3.873323536591826	4.5561128511265405	3.7045641295302314	1.7572100772788204	1.4186601707869948	0.0	0.0	0.0	0.331718562948705	0.0	2.182785316604854	1.0073855364682576	0.0	1.3575983698930503	0.0	0.331718562948705	4.263630321271979	0.0	2.6967128647498058	1.4886552669853834	0.6473161757237095	0.5175756565102226	1.3575983698930503	2.590666701825839	0.0	0.0	0.0	1.0537678302642899	2.9563576626970964	0.8964509459184925	1.1690059857441129	3.227516059144043	4.0735300028734125	3.1915697520597774	1.4372446225234787	0.0	0.0	0.0	0.8281567064710706	1.0537678302642899	0.0	1.201498387437559	0.0	0.747081979513388	0.8281567064710706	1.701541042438454	3.182180091266568	0.5175756565102226	0.0	2.1452558612861603	0.331718562948705	0.0	0.747081979513388	1.9777601894556454	1.891043324494926	2.0364902490219987	0.0	2.0364902490219987	1.765832058760587	1.909827294243381	1.670779692394389	0.0	1.3575983698930503	1.903655803486704	0.8281567064710706	0.0	0.0	0.8281567064710706	3.199504481764912	1.6812774404731974	0.6473161757237095	0.331718562948705
