SAMPLE_ID	Acholeplasmatales	Acidaminococcales	Acidimicrobiales	Acidobacteriales	Acidothermales	Actinomycetales	Aeromonadales	Alteromonadales	Anaerolineales	Aquificales	Ardenticatenales	Bacillales	Bacteriovoracales	Bacteroidales	Bacteroidetes Order II. Incertae sedis	Bdellovibrionales	Bifidobacteriales	Bradymonadales	Bryobacterales	Burkholderiales	Campylobacterales	Candidatus Nanosynbacterales	Cardiobacteriales	Caulobacterales	Cellvibrionales	Chitinophagales	Chlorobiales	Chromatiales	Chroococcales	Chthonomonadales	Clostridiales	Coprothermobacterales	Coriobacteriales	Corynebacteriales	Cytophagales	Deferribacterales	Deinococcales	Desulfobacterales	Desulfovibrionales	Desulfuromonadales	Eggerthellales	Egicoccales	Elusimicrobiales	Emcibacterales	Endomicrobiales	Enterobacterales	Entomoplasmatales	Erysipelotrichales	Fibrobacterales	Fimbriimonadales	Flavobacteriales	Frankiales	Fusobacteriales	Gemmatimonadales	Glycomycetales	Halanaerobiales	Ignavibacteriales	Kiritimatiellales	Ktedonobacterales	Lactobacillales	Legionellales	Leptospirales	Limnochordales	Magnetococcales	Marinilabiliales	Methanobacteriales	Methylococcales	Micrococcales	Mycoplasmatales	Myxococcales	Nautiliales	Neisseriales	Nitrosomonadales	Nitrospirales	Nostocales	Oceanospirillales	Opitutales	Oscillatoriales	Parachlamydiales	Pasteurellales	Pelagibacterales	Petrotogales	Planctomycetales	Pleurocapsales	Propionibacteriales	Pseudomonadales	Puniceicoccales	Rhizobiales	Rhodobacterales	Rhodocyclales	Rhodospirillales	Rickettsiales	Rubrobacterales	Saprospirales	Sedimentisphaerales	Selenomonadales	Sphingobacteriales	Sphingomonadales	Spirochaetales	Streptomycetales	Synechococcales	Synergistales	Syntrophobacterales	Thermoanaerobacterales	Thermodesulfobacteriales	Thiotrichales	Tissierellales	Veillonellales	Verrucomicrobiales	Vibrionales	Xanthomonadales
SRR11856028	0.0	0.0	0.0	0.0	0.0	1.5431045608555154	0.0	0.0	0.0	0.0	0.0	2.346809124279797	0.393555660313732	3.306960215245094	0.5965726049473397	0.0	0.8388210505697644	0.0	0.0	1.2361283415275164	0.0	0.0	0.0	0.0	0.0	0.5965726049473397	0.0	0.393555660313732	0.0	0.0	4.416061592410261	0.0	1.7989634624814954	0.0	0.393555660313732	0.393555660313732	0.0	0.0	1.2361283415275164	0.0	2.754984113244144	0.393555660313732	0.0	0.0	0.0	1.1071797387660463	0.0	4.112435634890192	0.0	0.0	1.93723465819773	0.0	0.8388210505697644	0.0	0.0	0.0	0.0	0.0	0.0	4.027517607222972	0.0	0.0	0.9229559384936387	0.0	0.0	0.5965726049473397	0.0	1.1545456213080143	0.5965726049473397	0.0	0.0	0.393555660313732	0.393555660313732	0.0	0.393555660313732	0.0	0.0	0.0	0.0	1.4627405653503978	0.0	0.0	0.0	0.0	0.393555660313732	0.393555660313732	0.0	0.0	0.393555660313732	0.0	0.0	0.0	0.0	0.0	0.0	0.0	0.0	0.0	0.0	0.0	0.0	0.0	0.0	0.0	0.0	0.393555660313732	0.7343729945664863	3.186909444835209	2.171693881571555	0.0	0.0
SRR11856029	0.0	2.115886028666199	0.32377694557664605	0.0	0.0	1.0401238343372705	0.5071932515611228	0.0	0.32377694557664605	0.0	0.0	1.6768481742930217	0.0	3.504643264744934	0.32377694557664605	0.0	1.474160607464638	0.32377694557664605	0.0	1.1200142442006102	0.5071932515611228	0.32377694557664605	0.0	0.0	0.0	0.32377694557664605	0.0	0.0	0.0	0.0	4.4381104876782675	0.0	1.7595531536974238	0.32377694557664605	0.5071932515611228	0.0	0.0	0.0	1.5481916790443981	0.0	1.8070618471707116	0.0	0.0	0.0	0.0	1.7595531536974238	0.0	1.6966359166245601	0.0	0.0	0.5071932515611228	0.0	0.8154267924104692	0.0	0.0	0.0	0.6357486960394816	0.0	0.0	3.633741718681627	0.0	0.0	0.0	0.0	0.0	0.5071932515611228	0.0	0.734814364312471	0.32377694557664605	0.0	0.0	0.0	0.0	0.0	0.0	0.0	0.0	0.0	0.0	1.1200142442006102	0.0	0.0	0.0	0.0	0.0	1.8825990357275655	0.32377694557664605	0.734814364312471	0.0	0.0	0.32377694557664605	0.0	0.0	0.0	0.32377694557664605	0.5071932515611228	0.0	0.0	0.0	0.0	0.0	0.0	0.0	0.0	0.0	0.6357486960394816	1.1200142442006102	2.813667151155716	4.262106069507667	0.8154267924104692	0.0
SRR11856030	0.0	0.4157401602475781	0.0	0.0	0.2558264497444496	0.870309016555562	0.0	0.0	0.2558264497444496	0.0	0.0	1.1886853434405944	0.0	3.453246171829405	0.4157401602475781	0.0	3.779989557298371	0.0	0.0	2.3061603826431725	0.0	0.0	0.0	0.0	0.0	0.9553496930626093	0.2558264497444496	0.7644589102483346	0.0	0.0	4.459396506628899	0.0	0.5323583817239297	0.4157401602475781	0.8206008538244288	0.0	0.0	0.0	2.6238708442524508	0.0	1.892208995447635	0.2558264497444496	0.0	0.6999665965293095	0.0	0.9923445425723014	0.0	3.6145582418280453	0.0	0.0	0.6999665965293095	0.2558264497444496	1.1410343444724564	0.0	0.0	0.0	0.0	0.0	0.0	1.7922137349752243	0.0	0.0	0.0	0.0	0.2558264497444496	0.2558264497444496	0.0	0.2558264497444496	0.6999665965293095	0.4157401602475781	0.0	0.2558264497444496	0.0	0.0	0.0	0.0	0.0	0.0	0.0	0.6241984776417678	0.0	0.0	0.0	0.0	0.0	0.5323583817239297	0.2558264497444496	0.2558264497444496	0.4157401602475781	0.0	0.0	0.2558264497444496	0.0	0.0	0.0	0.6241984776417678	0.2558264497444496	0.0	0.0	0.0	0.0	0.0	0.0	0.0	0.0	0.0	0.0	3.4230133136448253	3.9638702541146755	0.5323583817239297	0.2558264497444496
SRR11856031	0.0	3.2674237856894086	0.0	0.2947235223206604	0.0	1.1022281589187477	0.0	0.0	0.2947235223206604	0.0	0.0	2.352837681761731	0.2947235223206604	4.262444857101278	0.46869210754118873	0.0	2.589386348759552	0.0	0.0	1.4648449524137794	0.5925656039397305	0.0	0.0	0.2947235223206604	0.46869210754118873	0.5925656039397305	0.0	0.0	0.0	0.46869210754118873	4.189128865289663	0.0	1.8199926072919037	0.2947235223206604	0.767589003531995	0.0	0.0	0.2947235223206604	2.481490042296497	0.0	1.8795539980703828	0.8342302075667691	0.2947235223206604	0.0	0.0	2.3258097590864795	0.46869210754118873	2.623811797334201	0.0	0.0	0.8919928241570678	0.0	0.2947235223206604	0.0	0.0	0.0	1.310126965140584	0.0	0.0	3.1739763809205574	0.0	0.0	0.8342302075667691	0.0	0.0	4.158348281874123	0.0	0.8342302075667691	0.2947235223206604	0.0	0.0	0.0	0.6888352164044353	0.0	0.0	0.2947235223206604	0.0	0.0	0.2947235223206604	1.029857373206527	0.0	0.0	0.0	0.0	0.0	1.0675485075665017	0.0	0.0	0.2947235223206604	0.0	2.2279174676251916	0.0	0.0	0.0	0.0	1.5191520987870748	0.46869210754118873	0.0	0.0	0.2947235223206604	0.0	0.0	0.0	2.8816266329620235	0.0	0.46869210754118873	0.6888352164044353	1.7433951243940413	2.166356451463077	0.767589003531995	0.0
SRR11856032	0.0	3.1150924573569063	0.0	0.0	0.0	0.30043838048657745	0.6011722660654844	0.0	0.0	0.0	0.0	1.0403164210328764	0.0	4.444840290100229	0.6980230328216089	0.0	3.1012506048363058	0.0	0.0	2.6199950808772585	0.6011722660654844	0.0	0.0	0.0	0.0	0.30043838048657745	0.0	0.0	0.0	0.30043838048657745	4.2811888619305885	0.0	0.9531901912942684	0.7771647768772769	0.9020541309424797	0.0	0.0	0.0	1.6220934819325838	0.0	1.5173658298886912	0.30043838048657745	0.0	0.0	0.0	1.0780960018392591	0.0	1.6709390464817246	0.6011722660654844	0.0	0.9020541309424797	0.0	1.4302236376305175	0.0	0.0	0.30043838048657745	0.6980230328216089	0.30043838048657745	0.0	2.521263756632236	0.30043838048657745	0.6980230328216089	0.0	0.0	0.0	0.30043838048657745	0.0	0.30043838048657745	0.30043838048657745	0.0	0.0	0.9989345117291732	0.7771647768772769	0.0	0.0	0.0	0.0	0.0	0.0	3.479685278130141	0.0	0.0	0.0	0.0	0.0	1.9988278189884126	0.30043838048657745	0.47633225525317313	0.0	0.0	0.0	0.0	0.0	0.0	0.0	0.6011722660654844	0.30043838048657745	0.0	0.0	0.0	0.0	0.0	0.47633225525317313	0.47633225525317313	0.0	0.30043838048657745	0.6980230328216089	2.736010776846064	2.4957493866427405	0.0	0.0
SRR11856033	0.0	2.8999020772984774	0.0	0.0	0.0	0.43405336195998967	0.0	0.0	0.0	0.0	0.0	1.5265807623739527	0.0	4.145954817147903	0.0	0.0	1.803881756356591	0.0	0.0	3.5810820006506647	0.5532954327565047	0.0	0.0	0.0	0.2691360488784405	0.0	0.0	0.7888976546088635	0.0	0.0	3.7013703506211297	0.0	0.43405336195998967	0.5532954327565047	0.2691360488784405	0.0	0.0	0.0	1.625338728351072	0.2691360488784405	0.7888976546088635	0.0	0.0	0.0	0.0	2.9659651178577517	0.0	1.9211926430941022	0.0	0.0	0.0	0.0	1.367692224980944	0.0	0.0	0.0	0.8958142420933748	0.0	0.0	2.798291844070052	0.0	0.0	0.0	0.2691360488784405	0.0	0.0	0.0	0.2691360488784405	0.0	0.0	0.0	0.43405336195998967	1.467264018162015	0.0	0.2691360488784405	0.0	0.0	0.0	0.0	0.2691360488784405	0.0	0.0	0.0	0.0	0.0	0.6467512304724059	0.0	0.0	0.0	0.0	0.0	0.0	0.0	0.0	0.0	0.7236143082111197	0.2691360488784405	0.0	0.0	0.0	0.2691360488784405	0.2691360488784405	0.0	0.0	0.0	0.6467512304724059	1.367692224980944	4.108183607309573	4.208190924509352	0.0	0.0
SRR11856035	0.0	3.243278723892126	0.0	0.330875851577346	0.0	0.330875851577346	0.0	0.0	0.0	0.330875851577346	0.0	1.4706596599021693	0.0	4.291526062048745	0.516476701710089	0.0	1.812696653467497	0.0	0.0	3.0275955180735896	0.0	0.0	0.0	0.0	0.0	0.330875851577346	0.0	0.745785988542638	0.0	0.0	4.151049060660645	0.0	0.9540468793741619	0.8950725771117616	1.0942188351028852	0.0	0.330875851577346	0.330875851577346	1.7810258803995942	0.0	0.516476701710089	0.0	0.0	0.0	0.0	0.516476701710089	0.0	2.3316418758473203	0.6460932712961913	0.0	0.516476701710089	0.0	0.0	0.0	0.0	0.0	0.330875851577346	0.0	0.0	3.4228619513818836	0.0	0.745785988542638	0.0	0.0	0.0	0.0	0.0	0.0	0.330875851577346	0.0	0.0	0.516476701710089	0.8268125143353303	0.0	0.0	0.0	0.0	0.0	0.0	0.516476701710089	0.0	0.0	0.0	0.0	0.0	0.745785988542638	0.0	0.330875851577346	0.0	0.0	0.0	0.330875851577346	0.0	0.0	0.0	1.612569136075669	0.330875851577346	0.0	0.0	0.0	0.0	0.330875851577346	0.0	0.6460932712961913	0.0	0.6460932712961913	0.516476701710089	4.168290035540448	1.9203530679761398	0.0	0.0
SRR11856036	0.0	0.0	0.0	0.2143167884855387	0.0	0.7376756918985203	0.2143167884855387	0.0	0.0	0.0	0.0	1.807285199706994	0.0	3.716761278230484	0.0	0.0	2.638336892467712	0.0	0.0	2.3344732028231756	0.0	0.0	0.0	0.0	0.0	0.4644944227400739	0.0	0.0	0.0	0.0	3.9598775728997384	0.0	1.7805694184013627	0.7376756918985203	0.4644944227400739	0.0	0.0	0.0	1.5086984792604914	0.0	0.8680627785424505	0.0	0.0	0.2143167884855387	0.0	1.0495348825019166	0.2143167884855387	2.2635677087163106	0.0	0.0	0.2143167884855387	0.0	0.9373238127413974	0.0	0.0	0.0	1.2125141802089086	0.0	0.0	2.3593988685787823	0.0	0.2143167884855387	0.0	0.0	0.0	0.0	0.0	0.3571764190158459	0.3571764190158459	0.0	0.0	0.0	0.2143167884855387	0.0	0.0	0.0	0.0	0.0	0.0	0.2143167884855387	0.0	0.0	0.0	0.0	0.2143167884855387	0.4644944227400739	0.2143167884855387	0.2143167884855387	0.0	0.0	0.2143167884855387	0.0	0.2143167884855387	0.0	0.0	0.0	0.3571764190158459	0.0	0.0	0.0	0.0	0.0	0.0	0.0	0.0	0.0	0.3571764190158459	3.1833290887444115	4.572440793069857	0.0	0.0
SRR11856037	0.0	3.431762226875501	0.0	0.0	0.0	0.9145314553847415	1.568996834796105	0.8640281853714833	0.0	0.0	0.0	1.4337563404433042	0.27914087617308403	4.251376182396071	0.8068695678604543	0.0	0.8068695678604543	0.0	0.0	2.884023141405829	0.27914087617308403	0.0	0.27914087617308403	0.27914087617308403	0.27914087617308403	0.7410314026663996	0.0	0.8068695678604543	0.0	0.0	4.182332008142737	0.0	0.663397491768732	0.7410314026663996	0.8068695678604543	0.0	0.0	0.0	2.6074114657345064	0.0	1.8069843937928132	0.0	0.0	0.0	0.0	2.269156689179226	0.0	2.489224213730747	0.27914087617308403	0.0	1.1882848804630308	0.0	2.041807440087315	0.27914087617308403	0.0	0.0	1.7687008602886962	0.0	0.0	2.8472149865963434	0.0	0.27914087617308403	0.0	0.0	0.0	0.0	0.0	0.568798193543752	0.568798193543752	0.27914087617308403	0.0	1.337239286100198	0.9597688442552845	0.0	0.0	0.663397491768732	0.0	0.27914087617308403	0.0	4.05849081458499	0.0	0.0	0.0	0.0	0.0	3.0050947401665797	0.0	0.663397491768732	0.0	0.0	0.0	0.27914087617308403	0.0	0.0	0.0	0.568798193543752	0.568798193543752	0.7410314026663996	0.0	0.44768353549008577	0.0	0.568798193543752	0.0	0.27914087617308403	0.0	1.1045566084716505	0.27914087617308403	3.0453561999334275	3.3727155244069094	1.2996292253138577	0.27914087617308403
SRR11856038	0.0	2.668111186304196	0.0	0.0	0.0	0.5708793473550924	1.1369356233639016	1.1909488212110746	0.2804935861813215	0.4495177542794872	0.0	2.699926812750526	0.0	4.623489616176531	0.6656288456616818	0.0	1.3215529923819562	0.0	0.0	2.656096783622176	0.4495177542794872	0.0	0.2804935861813215	0.4495177542794872	0.5708793473550924	0.2804935861813215	0.0	0.9170336951466935	0.0	0.0	3.960553212670177	0.0	0.4495177542794872	0.4495177542794872	0.5708793473550924	0.0	0.0	0.0	1.436499754366301	0.0	1.339956671631481	0.2804935861813215	0.0	0.0	0.0	2.495854861709621	0.0	2.0446296426038577	0.2804935861813215	0.0	1.0033000337667715	0.0	1.5822080611989464	0.0	0.2804935861813215	0.0	2.1255255793100307	0.0	0.0	2.343695797717563	0.4495177542794872	0.0	0.0	0.0	0.2804935861813215	0.8092744886529931	0.0	0.5708793473550924	0.0	0.0	0.0	0.2804935861813215	0.8664877689930203	0.0	0.0	0.2804935861813215	0.0	0.0	0.0	2.186055832969683	0.0	0.0	0.0	0.0	0.0	2.516738322451592	0.0	0.5708793473550924	0.2804935861813215	0.0	0.5708793473550924	0.4495177542794872	0.0	0.0	0.0	0.2804935861813215	0.8664877689930203	0.4495177542794872	0.0	0.0	0.0	0.8092744886529931	0.0	0.2804935861813215	0.0	1.282226628030698	0.0	2.4996139064675233	1.975365798904198	1.3909053822017239	0.0
SRR11856039	0.0	3.048707978125712	0.0	0.0	0.0	0.5977780976666993	0.5977780976666993	0.0	0.0	0.0	0.0	2.8384560267457597	0.0	4.276212264076107	0.735689431209589	0.0	3.0250887862773452	0.0	0.0	1.4858287210169032	0.994856638155847	0.0	0.0	0.0	0.0	0.9243770018056244	0.0	0.3945178777644445	0.0	0.0	3.9401689486069134	0.0	0.5977780976666993	0.5977780976666993	0.735689431209589	0.0	0.0	0.0	1.8665149087659465	0.0	1.6124681592123085	0.0	0.0	0.0	0.0	1.3655941233763804	0.0	2.2104822696651656	0.3945178777644445	0.0	1.392451580517354	0.0	0.5977780976666993	0.0	0.0	0.0	0.3945178777644445	0.3945178777644445	0.0	2.5121542640361727	0.0	0.3945178777644445	0.0	0.0	0.0	0.0	0.0	0.3945178777644445	0.5977780976666993	0.0	0.0	0.0	0.8402009863545684	0.0	0.0	0.0	0.0	0.3945178777644445	0.0	0.5977780976666993	0.0	0.0	0.0	0.0	0.0	0.9243770018056244	0.3945178777644445	0.3945178777644445	0.0	0.0	0.0	0.0	0.0	0.0	0.0	0.0	0.3945178777644445	0.0	0.0	0.0	0.0	0.0	0.0	0.0	0.0	0.5977780976666993	1.0554794874132716	1.0554794874132716	4.366456905673235	0.735689431209589	0.0
SRR11856040	0.3587113845685584	0.0	0.0	0.0	0.0	0.9995030004306866	0.3587113845685584	0.0	0.0	0.0	0.0	1.5676644022969342	0.0	4.470070328604314	0.5524444145134046	0.0	0.0	0.0	0.0	2.4426009205779957	0.0	0.0	0.0	0.0	0.0	0.3587113845685584	0.0	0.3587113845685584	0.3587113845685584	1.8056363515317673	3.9867564737621084	0.0	1.3584938617066138	0.6859423775251883	0.870427429939963	0.0	0.0	0.0	0.5524444145134046	0.0	3.161585621097342	0.0	0.0	0.0	0.0	1.6741893833127715	0.0	2.748853730975056	0.0	0.0	1.052025756926354	0.0	1.052025756926354	0.0	0.5524444145134046	0.0	0.870427429939963	0.0	0.0	3.258051127365694	0.0	0.0	0.0	0.0	0.0	0.0	0.0	0.7879081088468222	0.0	0.0	0.0	0.3587113845685584	0.6859423775251883	0.0	0.0	0.5524444145134046	0.0	0.0	0.0	2.284042464933851	0.0	0.0	0.0	0.0	0.0	1.5198543612096844	0.0	0.0	0.0	0.0	0.7879081088468222	0.0	0.0	0.0	0.0	1.637236011069211	2.782330603981747	0.0	0.3587113845685584	0.0	0.0	0.0	0.0	0.3587113845685584	0.0	0.0	0.0	3.9977133661157596	2.0519816909078794	0.6859423775251883	0.0
SRR11856041	0.2918209207289708	1.7060169725896308	0.0	0.0	0.0	1.3045065204150494	1.8267520412170462	1.8847100393853624	0.0	0.0	0.0	2.026876655120821	0.0	2.396428841608069	0.588172100106235	0.0	1.2833624163552066	0.0	0.0	1.7525566434267748	1.128866999954142	0.2918209207289708	0.2918209207289708	1.0967864972555639	0.588172100106235	0.0	0.0	1.5134203782350246	0.2918209207289708	0.0	3.8149784208306836	0.2918209207289708	0.588172100106235	0.8868436483642534	0.2918209207289708	0.0	0.0	0.8291894075983123	0.8291894075983123	0.7626924848165049	0.2918209207289708	0.0	0.0	0.2918209207289708	0.0	3.184971015141233	0.2918209207289708	1.990168963081291	0.0	0.0	0.2918209207289708	0.0	1.2129487884609096	0.0	0.0	0.0	0.0	0.0	0.2918209207289708	2.5316642706092343	0.2918209207289708	0.0	0.0	0.464798576349849	0.0	0.0	0.0	0.2918209207289708	0.9377333287541515	0.0	0.0	0.8291894075983123	0.464798576349849	0.0	0.0	1.1587399131954808	0.0	1.0245009045580717	0.0	0.588172100106235	0.0	0.0	0.0	0.0	0.2918209207289708	1.820507027862211	0.0	1.128866999954142	0.0	0.2918209207289708	0.0	0.464798576349849	0.0	0.0	0.0	0.0	0.464798576349849	0.684140270506979	0.0	0.0	0.0	1.2377103625313244	0.0	0.2918209207289708	0.0	1.5946299085244375	0.464798576349849	0.8291894075983123	4.6523610811216	2.1398769089963507	0.2918209207289708
SRR11856042	0.0	0.6294364992658238	0.0	0.0	0.0	1.6909832306384402	0.0	0.0	0.0	0.0	0.2588924139673583	1.0938041005099832	0.0	2.5479081697757566	0.0	0.0	2.449297381792935	0.0	0.2588924139673583	0.705464271836483	0.0	0.8762483177785834	0.0	0.2588924139673583	0.0	0.0	0.0	0.2588924139673583	0.0	0.0	4.613883682284547	0.0	0.7701444784187387	0.4199775346816841	0.0	0.0	0.0	0.2588924139673583	1.5047766882152938	0.0	0.8762483177785834	0.2588924139673583	0.0	0.998508927090382	0.0	1.0938041005099832	0.0	2.183560994078817	0.0	0.0	0.4199775346816841	0.0	1.9414964885402688	0.0	0.0	0.2588924139673583	1.493561778772753	0.0	0.0	2.96127343266316	0.0	0.0	0.0	0.0	0.0	0.0	0.0	1.4194112182674934	0.2588924139673583	0.0	0.0	0.7701444784187387	0.0	0.0	0.2588924139673583	0.0	0.0	0.0	0.0	0.6294364992658238	0.0	0.0	0.0	0.2588924139673583	0.0	0.2588924139673583	0.0	0.0	0.2588924139673583	0.0	0.0	0.0	0.0	0.0	0.0	0.8264286912139043	0.4199775346816841	0.2588924139673583	0.0	0.0	0.0	0.0	0.0	0.0	0.0	0.0	0.0	4.05296309997039	1.9455279572119815	0.0	0.0
SRR11856043	0.0	2.86985959061531	0.0	0.0	0.0	1.1110138798171267	0.0	0.0	0.2416803935006115	0.0	0.0	1.622727628357464	0.0	3.1341819441070626	0.2416803935006115	0.0	0.7932150080580753	0.0	0.0	0.8423784721415652	0.39603810080610585	0.0	0.0	0.2416803935006115	0.2416803935006115	0.2416803935006115	0.0	0.7377671084981995	0.0	0.0	4.365321723917882	0.0	1.394892945267519	0.0	0.2416803935006115	0.0	0.0	0.0	1.0285302569031907	0.0	2.259886880201447	0.0	0.0	0.2416803935006115	0.0	1.5738268587883912	0.0	2.0431541684859207	0.0	0.0	0.5996813022283447	0.0	1.2925539030288116	0.0	0.0	0.0	0.8423784721415652	0.0	0.0	2.8789271234033382	0.0	0.2416803935006115	0.0	0.0	0.0	0.0	0.0	0.5096881112257771	0.2416803935006115	0.2416803935006115	0.0	0.7932150080580753	0.0	0.0	0.0	0.0	0.0	0.0	0.0	0.5996813022283447	0.0	0.2416803935006115	0.0	0.0	0.0	0.39603810080610585	0.0	0.0	0.0	0.0	0.0	0.2416803935006115	0.0	0.0	0.0	0.39603810080610585	0.39603810080610585	0.0	0.2416803935006115	0.0	0.0	0.0	0.0	0.2416803935006115	0.0	0.39603810080610585	1.2210304963363137	3.1296476685735306	4.424838868800645	0.2416803935006115	0.0
SRR11856044	0.22431604165358737	2.1511912439443157	0.0	0.48122565511134585	0.22431604165358737	0.7038906505007348	0.0	0.0	0.0	0.37149721230653476	0.0	2.01040312982684	0.22431604165358737	3.4497158290693646	0.7038906505007348	0.0	2.3317658013895106	0.0	0.0	1.5819373859983124	0.37149721230653476	0.0	0.0	0.0	0.0	0.37149721230653476	0.22431604165358737	1.4478784844935706	0.0	0.22431604165358737	4.654134258626765	0.0	1.019791965564235	0.6415545154607403	0.8899524865956383	0.0	0.22431604165358737	0.0	1.5500359001893798	0.0	2.312179437946267	0.22431604165358737	0.0	0.22431604165358737	1.426416315937921	1.0469800295785596	0.22431604165358737	1.8053858760214943	0.7583921970793474	0.0	0.9597064684112424	0.0	0.9597064684112424	0.0	0.22431604165358737	0.22431604165358737	0.5687470418263719	0.0	0.0	2.8743863609274087	0.22431604165358737	0.926228412219751	0.5687470418263719	0.0	0.0	2.574718480738288	0.0	0.8503680367150688	0.5687470418263719	0.22431604165358737	0.0	0.6415545154607403	0.22431604165358737	0.0	0.22431604165358737	0.22431604165358737	0.22431604165358737	0.0	0.0	0.37149721230653476	0.0	0.0	0.0	0.0	0.22431604165358737	1.3548225218458345	0.22431604165358737	0.37149721230653476	0.22431604165358737	0.0	0.0	0.0	0.0	0.0	0.0	1.5156039578538765	0.5687470418263719	0.0	0.0	0.0	0.0	0.22431604165358737	0.0	0.37149721230653476	0.5687470418263719	0.0	0.22431604165358737	1.426416315937921	3.64532830568575	0.0	0.0
SRR11856046	0.0	2.259727306784428	0.0	0.0	0.0	1.07576154384495	0.0	0.28076575743665994	0.4498865617928156	0.0	0.0	1.7151180860852577	0.0	2.380248449080854	0.0	0.0	1.3914539945341857	0.0	0.0	0.4498865617928156	0.4498865617928156	0.4498865617928156	0.0	0.28076575743665994	0.0	0.0	0.0	0.0	0.0	0.0	4.500459178058178	0.0	1.4071908389339134	0.0	0.0	0.0	0.0	0.28076575743665994	0.7438323990734982	0.0	1.4649889279441979	0.4498865617928156	0.0	0.0	0.0	3.6207745131751015	0.0	2.268323209093638	0.28076575743665994	0.0	0.28076575743665994	0.0	3.223321017238312	0.0	0.0	0.0	0.7438323990734982	0.0	0.0	3.3419538306951564	0.0	0.4498865617928156	0.0	0.0	0.0	1.996305554812319	0.0	0.6660772593432002	0.4498865617928156	0.0	0.0	0.6660772593432002	0.0	0.0	0.28076575743665994	0.0	0.0	0.0	0.0	0.8669818920520376	0.0	0.0	0.0	0.0	0.28076575743665994	2.353106846478959	0.0	0.0	0.0	0.0	0.0	0.0	0.0	0.0	0.0	0.0	0.28076575743665994	0.0	0.0	0.0	0.0	0.28076575743665994	0.0	0.0	0.0	0.0	0.4498865617928156	1.5929600478288664	4.134949902244414	0.28076575743665994	0.0
SRR11856047	0.0	0.6242781172967673	0.0	0.0	0.0	0.980453220124873	0.0	0.0	0.0	0.0	0.0	1.2581532633431134	0.0	3.9093876534196674	0.0	0.0	3.960934801239248	0.0	0.0	1.2317194714027768	0.0	0.0	0.0	0.0	0.0	0.49692609188624487	0.0	0.6242781172967673	0.0	0.315967648254975	4.3686298930666165	0.0	2.5303482009804767	0.0	0.49692609188624487	0.0	0.0	0.0	2.9055586235185347	0.0	2.454153390315497	0.315967648254975	0.0	0.0	0.0	2.921436741764197	0.0	3.2235971450755088	0.8027693290565877	0.0	0.315967648254975	0.0	0.7226296928233029	0.0	0.0	0.0	0.0	0.0	0.0	2.569626162493428	0.0	0.0	0.0	0.0	0.0	0.315967648254975	0.0	0.6242781172967673	0.6242781172967673	0.315967648254975	0.0	0.0	0.49692609188624487	0.0	0.315967648254975	0.0	0.0	0.315967648254975	0.0	0.8703993905461125	0.0	0.0	0.0	0.0	0.315967648254975	0.6242781172967673	0.0	0.0	0.315967648254975	0.0	0.0	0.0	0.0	0.0	0.0	0.49692609188624487	0.0	0.49692609188624487	0.0	0.0	0.0	0.0	0.0	0.0	0.315967648254975	0.0	0.315967648254975	3.9687946971226093	2.2223210242978317	0.0	0.0
SRR11856048	0.0	0.35779331570781686	0.0	0.0	0.0	0.8690136658285562	0.0	0.0	0.0	0.0	0.0	2.143513691209897	0.0	3.180229458246192	0.0	0.0	1.6606188499755223	0.0	0.0	1.246260743345037	0.0	0.0	0.0	0.0	0.5512687024000953	0.5512687024000953	0.0	0.5512687024000953	0.0	0.0	4.437772875406404	0.0	2.178035666967812	0.0	0.0	0.0	0.0	0.0	1.2135465804771726	0.0	2.1705977707312134	0.0	0.0	0.0	0.0	1.246260743345037	0.0	3.4871295728127505	0.5512687024000953	0.0	0.5512687024000953	0.0	0.7865404959183984	0.0	0.35779331570781686	0.0	1.0505366143639152	0.0	0.0	2.6225425431472678	0.0	0.0	0.6846453328764113	0.0	0.0	0.6846453328764113	0.0	0.5512687024000953	0.8690136658285562	0.0	0.0	0.0	0.0	0.0	0.35779331570781686	0.0	0.0	0.0	0.0	0.5512687024000953	0.0	0.0	0.0	0.0	0.0	1.0973723380932474	0.0	0.35779331570781686	0.0	0.0	0.7865404959183984	0.0	0.0	0.0	0.0	1.8835261226000295	0.0	0.0	0.0	0.0	0.0	0.0	0.0	0.5512687024000953	0.0	0.0	0.8690136658285562	1.8534496093690347	4.329044036239157	0.0	0.0
SRR11856049	0.0	2.754103642249587	0.0	0.0	0.0	0.5117136736949047	0.0	0.0	0.0	0.0	0.0	2.083886137908657	0.0	4.457343494528117	0.32722917948724584	0.32722917948724584	1.6178088798276664	0.32722917948724584	0.0	1.7742759614807522	0.740162142852407	0.0	0.0	0.0	0.0	0.5117136736949047	0.0	0.0	0.0	0.8209777663556543	4.325224367649004	0.0	1.3035029472968933	0.6407889730196747	0.6407889730196747	0.0	0.740162142852407	0.0	1.3271253476484428	0.0	2.9212465578779034	0.0	0.0	0.0	0.0	0.32722917948724584	0.0	1.8425236046682307	0.32722917948724584	0.0	0.5117136736949047	0.0	0.0	0.0	0.0	0.0	0.8209777663556543	0.0	0.0	1.8697228890676705	0.0	0.0	0.0	0.0	0.0	1.3708331708063595	0.0	0.0	0.0	0.0	0.0	0.0	0.32722917948724584	0.0	0.0	0.0	0.0	0.0	0.0	0.5117136736949047	0.0	0.0	0.0	0.0	0.0	1.1260669974514363	0.0	0.0	0.0	0.0	0.32722917948724584	0.0	0.0	0.0	0.0	0.5117136736949047	0.0	0.0	0.0	0.0	0.32722917948724584	0.0	0.0	0.0	0.0	0.0	1.9797608139146883	3.408249330793919	2.161124568085693	0.6407889730196747	0.0
SRR11856050	0.0	2.6378719413502174	0.0	0.0	0.0	0.5036270893055923	0.0	0.0	0.0	0.0	0.0	1.9525325772758098	0.32105948300451703	4.00177779456466	0.0	0.0	2.4119290462578515	0.0	0.0	1.0354134730279347	0.7305882673614629	0.0	0.0	0.0	0.0	0.32105948300451703	0.0	0.32105948300451703	0.0	0.0	4.283722914292821	0.0	1.3596075772283018	0.0	0.6317681393729503	0.0	0.0	0.0	2.110740231240715	0.0	2.6664533012012996	0.32105948300451703	0.0	0.0	0.0	1.5293274006155624	0.0	3.312157097083873	0.0	0.0	0.6317681393729503	0.0	0.8788890538563965	0.0	0.0	0.0	0.7305882673614629	0.0	0.0	3.298031793895165	0.0	0.0	0.0	0.0	0.0	4.142120817089388	0.0	0.6317681393729503	0.0	0.0	0.0	0.8110382720422233	0.5036270893055923	0.0	0.0	0.0	0.0	0.0	0.0	0.0	0.32105948300451703	0.0	0.0	0.0	0.0	0.5036270893055923	0.0	0.0	0.0	0.0	2.375462873614081	0.0	0.0	0.32105948300451703	0.0	1.5821722187978007	0.0	0.0	0.0	0.0	0.0	0.0	0.0	0.0	0.0	0.0	0.6317681393729503	2.4155953347146184	3.725357322832704	0.0	0.0
SRR11856051	0.0	2.8502677539994585	0.0	0.0	0.0	0.4294718276072486	0.2657919393505253	0.0	0.0	0.0	0.0	1.1078149871357934	0.0	4.093112156561976	0.4294718276072486	0.0	2.953427213039278	0.0	0.0	1.9685313165046088	0.0	0.0	0.0	0.0	0.0	0.2657919393505253	0.0	0.0	0.0	0.0	4.579730666348645	0.0	0.6411296024793643	0.4294718276072486	1.0122232543995857	0.0	0.0	0.0	0.4294718276072486	0.0	2.0508643943076175	0.2657919393505253	0.0	0.0	0.0	0.2657919393505253	0.0	2.575924847576183	0.8894727979851783	0.0	0.7177252962681088	0.0	0.0	0.0	0.0	0.0	1.7536802771341722	0.0	0.0	2.885539729679511	0.0	0.7177252962681088	0.0	0.0	0.0	0.4294718276072486	0.0	0.0	0.0	0.0	0.0	0.0	0.8894727979851783	0.2657919393505253	0.0	0.0	0.0	0.0	0.0	1.8957545978299295	0.0	0.0	0.0	0.0	0.0	1.6002109539335974	0.2657919393505253	0.0	0.0	0.0	0.0	0.0	0.0	0.0	0.0	1.0122232543995857	0.2657919393505253	0.0	0.2657919393505253	0.0	0.0	0.2657919393505253	0.0	0.0	0.0	0.0	0.0	2.9190453122206543	1.9184538159910456	0.2657919393505253	0.0
SRR11856052	0.0	1.0610271637134405	0.0	0.0	0.33598634847213976	1.2392219633817076	0.0	0.0	0.0	0.0	0.33598634847213976	1.3427669674937681	0.0	2.3658471053712424	0.0	0.0	2.464997996770785	0.0	0.0	0.7536247144535424	0.0	0.0	0.0	0.0	0.33598634847213976	0.5231312488563109	0.5231312488563109	0.6534930642441054	0.0	0.0	4.6665883966383985	0.0	1.6993234682503786	0.6534930642441054	0.33598634847213976	0.0	0.0	0.0	1.3652086618415675	0.0	1.3427669674937681	0.0	0.0	0.33598634847213976	0.0	0.9034055935297723	0.0	3.6715180066857935	0.7536247144535424	0.0	0.0	0.0	0.5231312488563109	0.0	0.0	0.0	2.5556556947998446	0.0	0.0	2.880124885393383	0.0	0.33598634847213976	0.5231312488563109	0.0	0.0	0.0	0.0	0.8349405178816461	0.5231312488563109	0.0	0.0	0.5231312488563109	0.0	0.0	0.0	0.0	0.0	0.0	0.0	0.8349405178816461	0.33598634847213976	0.0	0.0	0.0	0.0	3.0694114805387533	0.0	0.33598634847213976	0.33598634847213976	0.0	0.0	0.0	0.0	0.0	0.0	0.5231312488563109	0.0	0.0	0.0	0.0	0.0	0.0	0.0	0.0	0.0	0.0	1.3427669674937681	2.361457071880293	2.1159684234928866	0.0	0.0
SRR11856053	0.0	3.146800727400247	0.0	0.0	0.31182852371817343	1.0192481024552875	0.0	0.0	0.0	0.0	0.0	1.5770588534845338	0.0	4.061895945875028	0.7960024573750994	0.0	2.2253248984852765	0.0	0.0	2.9558092989654634	0.0	0.0	0.0	0.0	0.0	1.0192481024552875	0.4914604384886385	1.0192481024552875	0.0	0.0	4.425157984426831	0.0	2.0211268123446304	0.618158736797467	1.1659734349205821	0.0	0.0	0.31182852371817343	2.4542275165146936	0.0	1.3821567535250523	0.31182852371817343	0.0	0.0	0.0	1.683640055312852	0.0	2.8512509538954407	0.618158736797467	0.0	0.973258107779975	0.0	0.4914604384886385	0.0	0.0	0.31182852371817343	0.0	0.0	0.0	3.5294541314688654	0.0	0.31182852371817343	0.0	0.0	0.0	0.0	0.0	1.0608309257126862	0.618158736797467	0.0	0.0	0.0	1.1336739505626747	0.0	0.0	0.0	0.0	0.0	0.0	0.7960024573750994	0.31182852371817343	0.0	0.0	0.0	0.0	0.618158736797467	0.0	0.0	0.0	0.0	0.0	0.0	0.0	0.0	0.0	1.321322829018652	0.31182852371817343	0.0	0.0	0.0	0.0	0.31182852371817343	0.31182852371817343	0.31182852371817343	0.0	0.4914604384886385	0.7161210750721071	3.9566887339430625	2.0033893663521214	0.0	0.0
SRR11856054	0.0	0.331903440165924	0.0	0.0	0.0	1.1693286184082368	0.0	0.0	0.0	0.0	0.0	1.858151364554108	0.0	2.2820794052100264	0.0	0.0	2.299925628741476	0.331903440165924	0.0	0.8967531105396309	0.0	0.0	0.0	0.0	0.0	0.6475843180675613	0.0	0.0	0.0	0.0	4.428929082797141	0.0	1.5201674710367272	0.331903440165924	0.331903440165924	0.0	0.0	0.0	0.9557584865395607	0.0	0.8284513930429371	0.0	0.0	0.331903440165924	0.0	0.8284513930429371	0.331903440165924	2.762016905652295	0.0	0.0	0.331903440165924	0.0	0.9557584865395607	0.0	0.0	0.0	2.1732111449152676	0.0	0.0	2.9398653333874125	0.0	0.0	0.0	0.0	0.0	0.0	0.0	0.5178166627189126	0.7473661181780182	0.0	0.0	0.331903440165924	0.0	0.0	0.0	0.0	0.331903440165924	0.0	0.0	0.7473661181780182	0.0	0.0	0.0	0.0	0.0	0.8284513930429371	0.0	0.0	0.0	0.0	0.5178166627189126	0.0	0.0	0.0	0.0	0.331903440165924	0.0	0.0	0.0	0.0	0.0	0.0	0.0	0.331903440165924	0.0	0.0	0.8284513930429371	2.2266347910320996	4.403122809520793	0.0	0.0
SRR11856055	0.0	2.219994473008186	0.0	0.43717720728442755	0.0	0.6505765739123776	0.0	0.0	0.0	0.6505765739123776	0.0	2.2084833221683433	0.0	2.555775611957983	0.5568543745317289	0.0	1.4179295463504253	0.0	0.0	0.9859617228505202	0.27142162877299136	0.27142162877299136	0.0	0.0	0.0	0.0	1.0232573053672946	0.5568543745317289	0.0	0.0	4.707691557734181	0.0	1.2639637459197448	0.8498705285028529	0.9859617228505202	0.0	0.0	0.0	0.8498705285028529	0.0	2.8519804391541395	0.0	0.0	0.27142162877299136	0.0	0.7276195366381811	0.0	2.5671600803432315	0.43717720728442755	0.0	0.43717720728442755	0.0	0.0	0.0	0.0	0.0	2.57924832866944	0.0	0.0	2.9696817074944213	0.0	0.6505765739123776	0.0	0.0	0.0	0.0	0.0	0.0	0.6505765739123776	0.0	0.0	0.0	0.27142162877299136	0.27142162877299136	0.0	0.0	0.0	0.27142162877299136	0.27142162877299136	0.6505765739123776	0.0	0.27142162877299136	0.0	0.0	0.27142162877299136	1.9215735408697299	0.27142162877299136	0.0	0.0	0.0	0.27142162877299136	0.0	0.0	0.0	0.0	0.5568543745317289	0.0	0.0	0.0	0.0	0.0	0.0	0.0	0.0	0.0	0.0	0.7276195366381811	2.1293729091191613	1.7720934866910902	0.27142162877299136	0.0
SRR11856057	0.0	3.4357317570756063	0.3495521912111929	0.3495521912111929	0.0	1.2323195384831631	0.0	0.0	0.0	0.0	0.0	2.140639843882884	0.0	3.8744077574245503	0.3495521912111929	0.0	3.453099608388709	0.3495521912111929	0.0	1.4689012296861288	0.0	0.0	0.0	0.3495521912111929	0.0	0.0	0.0	0.3495521912111929	0.0	1.1643693162017812	4.547888775372238	0.3495521912111929	1.2910625414091357	0.7741997617948301	0.9252338731655538	0.3495521912111929	0.0	0.0	1.94834150647609	0.0	2.8531957643802146	0.3495521912111929	0.0	0.0	0.0	0.9252338731655538	0.0	3.410396067849106	0.3495521912111929	0.0	0.9252338731655538	0.0	0.7741997617948301	0.0	0.3495521912111929	0.0	1.4307954769108517	0.0	0.0	3.283840881321691	0.3495521912111929	0.7741997617948301	0.5406832601182071	0.0	0.3495521912111929	2.281959511836721	0.0	0.7741997617948301	0.7741997617948301	0.0	0.0	0.0	0.6729509928956905	0.0	0.3495521912111929	0.0	0.0	0.0	0.3495521912111929	0.5406832601182071	0.0	0.0	0.3495521912111929	0.0	0.0	1.861606142328556	0.5406832601182071	0.0	0.0	0.0	0.0	0.0	0.0	0.0	0.0	1.3665247658344286	0.9252338731655538	0.0	0.0	0.0	0.0	0.0	0.0	0.8562496164131731	0.0	0.0	1.0370801811225983	1.994214623722255	2.0644074310191636	0.0	0.0
SRR11856058	0.0	2.940223905502159	0.0	0.7779071678920141	0.0	0.7779071678920141	0.3008835626311498	0.0	0.0	0.4769259997019456	0.0	1.518229903551265	0.0	3.762535688322762	0.8448469817210554	0.0	3.9578407924871697	0.0	0.0	3.3183964951612706	0.4769259997019456	0.0	0.0	0.0	0.0	0.9997363849816013	0.6987356877783533	0.4769259997019456	0.0	0.0	4.51954820765306	0.0	0.6018403232594948	1.3799305350116255	0.9028336967740308	0.3008835626311498	0.3008835626311498	0.0	2.413007979953157	0.0	2.1844004304834437	0.3008835626311498	0.0	0.4769259997019456	0.0	0.9997363849816013	0.0	2.5748957087643984	0.6018403232594948	0.3008835626311498	1.4310817009475305	0.0	0.0	0.0	0.4769259997019456	0.0	2.190040673124943	0.0	0.0	1.8257862605701418	0.0	0.7779071678920141	0.4769259997019456	0.0	0.0	0.0	0.3008835626311498	0.0	0.6018403232594948	0.3008835626311498	0.0	0.3008835626311498	1.2549958679123323	0.4769259997019456	0.0	0.0	0.0	0.0	0.0	0.9539821499030607	0.0	0.0	0.0	0.0	0.0	1.7400751015377327	0.0	0.0	0.0	0.0	0.0	0.3008835626311498	0.0	0.0	0.0	1.3421430839921002	0.3008835626311498	0.3008835626311498	0.3008835626311498	0.0	0.3008835626311498	0.0	0.0	0.6018403232594948	0.0	0.0	0.3008835626311498	2.0040313594484194	3.3476224025603463	0.0	0.3008835626311498
SRR11856059	0.0	0.2552301307575412	0.0	0.0	0.0	0.6231766461307846	0.0	0.0	0.0	0.0	0.0	1.8584431702305564	0.0	3.26852947161611	0.41491467469879645	0.0	2.211025779625907	0.0	0.0	0.9911404579560622	0.41491467469879645	0.0	0.0	0.0	0.2552301307575412	0.0	0.2552301307575412	0.0	0.0	1.6210832149815557	4.581524401171682	0.0	0.8691492577389658	1.230359182576365	0.8691492577389658	0.41491467469879645	0.0	0.0	1.0252195131694284	0.0	2.685646587125051	0.0	0.0	0.0	0.0	0.6231766461307846	0.0	2.394706813270269	0.2552301307575412	0.0	0.0	0.0	0.7633490862900546	0.0	0.0	0.0	1.0862722987870834	0.0	0.0	2.466772597717068	0.0	0.7633490862900546	0.0	0.0	0.0	0.0	0.0	0.0	0.0	0.0	0.0	0.5314116146792743	0.2552301307575412	0.0	0.0	0.0	0.0	0.0	0.0	0.6231766461307846	0.0	0.0	0.0	0.0	0.0	1.3383655197357016	0.0	0.41491467469879645	0.0	0.0	0.2552301307575412	0.0	0.0	0.0	0.0	1.0252195131694284	0.0	0.0	0.0	0.0	0.0	0.0	0.0	0.41491467469879645	0.0	0.0	0.6231766461307846	4.114335483968262	1.710869626123464	0.2552301307575412	0.0
SRR11856060	0.0	3.9757313989444056	0.0	0.0	0.0	0.7401474809708882	1.6625005046662444	1.8354313656170775	0.0	0.0	0.0	1.3495117565603238	0.3272196939902779	4.114443845084373	0.8209625509206933	0.0	0.3272196939902779	0.0	0.0	2.894676094426443	0.6407751493381496	0.0	0.0	1.046060623730923	0.3272196939902779	0.3272196939902779	0.0	1.446904381500833	0.0	0.0	4.078479180644555	0.3272196939902779	0.8209625509206933	0.3272196939902779	0.6407751493381496	0.0	0.0	0.6407751493381496	0.8890726058993522	0.0	0.7401474809708882	0.3272196939902779	0.0	0.0	0.0	2.9057354239421076	0.0	1.605856005237234	0.0	0.5117012684012023	0.6407751493381496	0.0	1.046060623730923	0.0	0.0	0.0	0.0	0.0	0.0	3.0225778133968086	0.3272196939902779	0.0	0.0	0.0	0.0	0.0	0.0	1.2519977234787198	0.0	0.0	0.5117012684012023	0.7401474809708882	1.087894520782913	0.0	0.5117012684012023	0.8890726058993522	0.0	0.9479349616801955	0.0	2.4804632017027193	0.0	0.0	0.0	0.0	0.0	1.4963290737942292	0.3272196939902779	1.046060623730923	0.0	0.0	0.0	0.7401474809708882	0.0	0.3272196939902779	0.0	0.6407751493381496	0.3272196939902779	0.6407751493381496	0.0	0.0	0.0	1.087894520782913	0.0	0.0	0.0	1.4290952164525281	0.3272196939902779	1.6832397239252643	4.219265829404761	1.8494671161616016	0.0
SRR11856061	0.0	0.0	0.32399047666462394	0.0	0.0	2.0486677922354755	0.0	0.0	0.0	0.0	0.0	1.272707255705962	0.0	2.190591876776897	0.0	0.0	2.568386877900777	0.0	0.0	1.3436656737000998	0.0	1.3649567395288043	0.0	0.0	0.0	0.5074731765067213	0.0	0.32399047666462394	0.0	0.32399047666462394	4.688791601248359	0.0	0.7351458194212654	1.0404930489516457	0.32399047666462394	0.0	0.0	0.0	0.9425077442522772	0.0	1.5876187658737375	0.32399047666462394	0.0	0.0	0.0	0.5074731765067213	0.0	3.5310426658283953	0.0	0.0	0.0	0.0	1.1203896798754205	0.0	0.0	0.0	0.8157709172061396	0.0	0.0	3.067979925818035	0.0	0.0	0.0	0.0	0.0	0.0	0.0	0.9942579796299343	0.7351458194212654	0.0	0.0	0.32399047666462394	0.32399047666462394	0.0	0.0	0.0	0.0	0.0	0.0	0.5074731765067213	0.0	0.0	0.0	0.0	0.0	0.5074731765067213	0.0	0.0	0.0	0.0	0.6360609883073577	0.0	0.0	0.0	0.0	0.5074731765067213	0.0	0.0	0.0	0.0	0.0	0.0	0.0	0.6360609883073577	0.0	0.0	1.7428862041057758	1.7159596442639948	2.2320122022771782	0.0	0.0
SRR11856062	0.0	2.206006514191977	0.0	0.0	0.0	1.2470887199151839	0.0	1.0302214698104544	0.0	0.0	0.0	1.973315346718224	0.0	2.967192114620497	0.0	0.0	1.2115295576565654	0.0	0.0	0.8165503088765536	0.0	0.3781553419701594	0.0	0.3781553419701594	0.0	0.3781553419701594	0.0	0.3781553419701594	0.0	0.3781553419701594	4.646656729223818	0.0	2.2784300721703117	0.0	0.3781553419701594	0.0	0.3781553419701594	0.3781553419701594	1.2799554317811581	0.0	2.735573528816978	0.3781553419701594	0.0	0.0	0.0	1.7524066590639023	0.3781553419701594	3.8285828983717938	0.0	0.0	0.3781553419701594	0.0	0.3781553419701594	0.0	0.0	0.0	2.0218089241056916	0.0	0.0	2.939671289042302	0.0	0.0	0.0	0.0	0.0	1.783278958258975	0.0	0.3781553419701594	0.713154114503324	0.0	0.0	0.0	0.0	0.0	0.0	0.0	0.0	0.0	0.0	0.3781553419701594	0.0	0.0	0.0	0.0	0.0	1.4794597911195808	0.0	0.3781553419701594	0.0	0.0	0.3781553419701594	0.0	0.0	0.0	0.0	0.8165503088765536	0.3781553419701594	0.0	0.0	0.0	0.0	0.0	0.0	0.0	0.0	0.3781553419701594	0.713154114503324	1.310508881375959	2.4297723745902013	0.9699744119975477	0.0
SRR11856063	0.0	2.429648936241491	0.0	0.0	0.0	0.2993668427008751	0.0	0.0	0.0	0.0	0.0	1.3947411092945265	0.0	4.184582872145937	0.0	0.0	1.4117693031950638	0.0	0.0	1.7449150647707021	0.47490229905583936	0.0	0.0	0.0	2.117266575763536	0.7753757798006661	0.2993668427008751	1.2521256279950628	0.0	0.0	4.447808839636474	0.0	0.8422430090532103	0.47490229905583936	0.5995628673459301	0.2993668427008751	0.0	0.0	1.9312046513438275	0.0	2.462061609007963	0.2993668427008751	0.0	0.0	0.2993668427008751	0.5995628673459301	0.0	3.0455003767103195	0.5995628673459301	0.0	1.6688363338227892	0.0	0.0	0.0	0.2993668427008751	0.0	0.9970017236190412	0.0	0.0	2.2035139556113448	0.8422430090532103	0.47490229905583936	0.2993668427008751	0.0	0.0	2.0865996103857896	0.0	0.0	0.47490229905583936	0.0	0.0	0.0	0.2993668427008751	0.0	0.0	0.5995628673459301	0.0	0.0	0.0	1.297864539889202	0.0	0.0	0.0	0.2993668427008751	0.0	1.6199962387741411	0.0	0.47490229905583936	0.0	0.0	2.2615033052524365	0.0	0.0	0.0	0.0	1.6095327475458112	0.0	0.0	0.0	0.0	0.0	0.0	0.0	0.696305893801973	0.0	0.0	0.5995628673459301	1.0383640173101767	3.928176414019381	0.0	0.0
SRR11856064	0.0	1.4154812594437045	0.0	0.0	0.0	2.4470191129936905	1.1847794167260075	1.6425565141956457	0.4452752449890771	0.0	0.0	2.3812539700787765	0.0	2.8384313934426353	0.6604646616129906	0.0	1.4443307820402083	0.0	0.0	1.4968478649152968	0.0	0.0	0.0	0.6604646616129906	0.4452752449890771	0.0	0.0	1.2759761114662997	0.0	0.0	4.568070437508008	0.0	2.019936208425116	0.0	0.4452752449890771	0.0	0.0	0.0	1.3513062906419109	0.0	2.0555194260331326	0.0	0.0	0.0	0.0	3.1057702711097215	0.0	2.545833828071972	0.0	0.4452752449890771	0.0	0.0	3.181022396039423	0.0	0.0	0.0	2.506548138939097	0.0	0.0	3.711666218058028	0.0	0.6604646616129906	0.0	0.0	0.0	2.5652773594615064	0.0	0.9973618076735951	0.8037071390261504	0.0	0.0	0.0	0.4452752449890771	0.0	0.0	0.9973618076735951	0.0	0.4452752449890771	0.0	1.3513062906419109	0.0	0.0	0.4452752449890771	0.0	0.0	2.5715697892952005	0.0	0.6604646616129906	0.0	0.0	1.0691989614493407	0.6604646616129906	0.0	0.0	0.0	0.9973618076735951	0.0	0.4452752449890771	0.0	0.0	0.0	0.8037071390261504	0.0	0.6604646616129906	0.0	1.1308228790207588	0.9112401972531126	1.972989920644158	3.7961052775233153	1.9295758187309222	0.0
