SAMPLE_ID	Acetobacteraceae	Acholeplasmataceae	Acidaminococcaceae	Acidobacteriaceae	Acidothermaceae	Actinomycetaceae	Aerococcaceae	Aeromonadaceae	Akkermansiaceae	Alcaligenaceae	Alcanivoracaceae	Alicyclobacillaceae	Alteromonadaceae	Amoebophilaceae	Anaerolineaceae	Anaeromyxobacteraceae	Anaplasmataceae	Aquificaceae	Ardenticatenaceae	Atopobiaceae	Bacillaceae	Bacteriovoracaceae	Bacteroidaceae	Barnesiellaceae	Bdellovibrionaceae	Bernardetiaceae	Bifidobacteriaceae	Blattabacteriaceae	Bradymonadaceae	Burkholderiaceae	Campylobacteraceae	Candidatus Desulfofervidaceae	Candidatus Nanosynbacteraceae	Cardiobacteriaceae	Carnobacteriaceae	Caulobacteraceae	Cellvibrionaceae	Chitinophagaceae	Chlorobiaceae	Christensenellaceae	Chromatiaceae	Chromobacteriaceae	Chroococcaceae	Chthonomonadaceae	Clostridiaceae	Clostridiales Family XIII. Incertae Sedis	Clostridiales Family XVII. Incertae Sedis	Comamonadaceae	Coprothermobacteraceae	Coriobacteriaceae	Corynebacteriaceae	Cyanothecaceae	Cyclobacteriaceae	Cytophagaceae	Deferribacteraceae	Deinococcaceae	Dermocarpellaceae	Desulfobacteraceae	Desulfobulbaceae	Desulfomicrobiaceae	Desulfovibrionaceae	Dietziaceae	Dysgonomonadaceae	Ectothiorhodospiraceae	Eggerthellaceae	Egicoccaceae	Elusimicrobiaceae	Emcibacteraceae	Endomicrobiaceae	Enterobacteriaceae	Enterococcaceae	Entomoplasmataceae	Erwiniaceae	Erysipelotrichaceae	Erythrobacteraceae	Eubacteriaceae	Fibrobacteraceae	Fimbriimonadaceae	Flammeovirgaceae	Flavobacteriaceae	Francisellaceae	Frankiaceae	Fusobacteriaceae	Gallionellaceae	Gemmatimonadaceae	Geobacteraceae	Glycomycetaceae	Gottschalkiaceae	Granulosicoccaceae	Hafniaceae	Halanaerobiaceae	Halieaceae	Haliscomenobacteraceae	Halobacteriovoraceae	Halobacteroidaceae	Halomonadaceae	Helicobacteraceae	Heliobacteriaceae	Hungateiclostridiaceae	Hymenobacteraceae	Hyphomicrobiaceae	Hyphomonadaceae	Iamiaceae	Ichthyobacteriaceae	Ignavibacteriaceae	Kangiellaceae	Kiritimatiellaceae	Ktedonosporobacteraceae	Lachnospiraceae	Lactobacillaceae	Legionellaceae	Leptospiraceae	Leptotrichiaceae	Leuconostocaceae	Limnochordaceae	Listeriaceae	Magnetococcaceae	Marinifilaceae	Marinilabiliaceae	Melioribacteraceae	Methanobacteriaceae	Methylococcaceae	Methylophilaceae	Microbacteriaceae	Microbulbiferaceae	Micrococcaceae	Microcoleaceae	Moraxellaceae	Morganellaceae	Moritellaceae	Muribaculaceae	Mycobacteriaceae	Mycoplasmataceae	Nautiliaceae	Neisseriaceae	Nitrosomonadaceae	Nitrospiraceae	Nocardiaceae	Nostocaceae	Oceanospirillaceae	Odoribacteraceae	Opitutaceae	Oscillatoriaceae	Oscillospiraceae	Oxalobacteraceae	Paenibacillaceae	Paludibacteraceae	Parachlamydiaceae	Pasteurellaceae	Pectobacteriaceae	Pelagibacteraceae	Peptococcaceae	Peptoniphilaceae	Peptostreptococcaceae	Petrotogaceae	Phyllobacteriaceae	Piscirickettsiaceae	Planctomycetaceae	Planococcaceae	Porphyromonadaceae	Prevotellaceae	Propionibacteriaceae	Pseudomonadaceae	Puniceicoccaceae	Rhizobiaceae	Rhodanobacteraceae	Rhodobacteraceae	Rhodocyclaceae	Rhodospirillaceae	Rhodothermaceae	Rickettsiaceae	Rikenellaceae	Ruaniaceae	Rubrobacteraceae	Ruminococcaceae	Saccharospirillaceae	Scytonemataceae	Sedimentisphaeraceae	Selenomonadaceae	Shewanellaceae	Simkaniaceae	Solibacteraceae	Sphingobacteriaceae	Sphingomonadaceae	Spirochaetaceae	Spiroplasmataceae	Spongiibacteraceae	Sporomusaceae	Staphylococcaceae	Sterolibacteriaceae	Streptococcaceae	Streptomycetaceae	Succinivibrionaceae	Sutterellaceae	Symbiobacteriaceae	Synechococcaceae	Synergistaceae	Syntrophaceae	Syntrophobacteraceae	Syntrophomonadaceae	Tannerellaceae	Tenuifilaceae	Thermoactinomycetaceae	Thermoanaerobacteraceae	Thermoanaerobacterales Family III. Incertae Sedis	Thermodesulfobacteriaceae	Thermodesulfobiaceae	Thioalkalispiraceae	Thiobacillaceae	Thiovulaceae	Vallitaleaceae	Veillonellaceae	Verrucomicrobiaceae	Vibrionaceae	Vulgatibacteraceae	Weeksellaceae	Wenzhouxiangellaceae	Xanthobacteraceae	Xanthomonadaceae	Yersiniaceae
SRR11856028	0.0	0.0	0.0	0.0	0.0	1.5107475116588733	0.3739916825341917	0.0	2.1385787858640484	0.0	0.0	0.0	0.0	0.0	0.0	0.0	0.0	0.0	0.0	1.204787692308475	1.45205472103297	0.3739916825341917	2.803546962817008	1.7762114088274932	0.0	0.0	0.8104675882820496	0.0	0.0	0.3739916825341917	0.0	0.0	0.0	0.0	2.8810570483459585	0.0	0.0	0.5719123987171041	0.0	1.023710006331566	0.0	0.0	0.0	0.0	2.0530849759196363	1.430584767520201	0.0	0.0	0.0	1.6369100097818339	0.0	0.0	0.0	0.3739916825341917	0.3739916825341917	0.0	0.0	0.0	0.0	0.0	1.204787692308475	0.0	0.0	0.3739916825341917	2.721696578443332	0.3739916825341917	0.0	0.0	0.0	0.8937269246411981	0.8937269246411981	0.0	0.5719123987171041	4.07908984413283	0.0	0.8104675882820496	0.0	0.0	0.0	0.0	0.0	0.0	0.8104675882820496	0.0	0.0	0.0	0.0	0.0	0.0	0.0	0.0	0.0	0.0	0.0	0.0	0.0	0.0	0.0	1.904286525365555	0.0	0.0	0.3739916825341917	0.0	0.0	0.0	0.0	0.0	0.0	4.300676820106698	1.8656448319777925	0.0	0.0	0.0	0.5719123987171041	0.8937269246411981	0.0	0.0	0.0	0.0	0.0	0.5719123987171041	0.0	0.0	0.0	0.0	1.1236187405027587	0.0	0.3739916825341917	0.3739916825341917	0.0	2.063458893856481	0.0	0.5719123987171041	0.0	0.3739916825341917	0.0	0.0	0.0	0.3739916825341917	0.0	1.3036763550527941	0.0	0.0	1.8656448319777925	0.3739916825341917	1.991124498504132	0.0	0.0	1.430584767520201	0.0	0.0	0.0	0.7073677272358759	2.073590781879403	0.0	0.0	0.3739916825341917	0.0	0.0	0.0	2.7261769740377932	0.3739916825341917	0.0	0.0	0.0	0.0	0.0	0.0	0.0	0.5719123987171041	0.0	2.3107257687569707	0.0	0.0	3.550673341630954	0.0	0.0	0.0	0.0	0.0	0.0	0.0	0.0	0.0	0.0	0.0	0.0	0.0	1.023710006331566	0.3739916825341917	3.9548712600619638	0.0	0.0	0.0	0.0	0.0	0.0	0.0	0.0	0.0	1.3589620365414725	0.0	0.8104675882820496	0.0	0.0	0.0	0.0	0.0	0.0	0.0	0.0	3.153583517560698	0.0	0.0	0.0	0.0	0.0	0.0	0.0	0.0
SRR11856029	0.0	0.0	2.0879898037645286	0.0	0.0	1.0146457005418286	0.0	0.4880170893514787	4.233831176016453	0.0	0.0	0.0	0.0	0.30922739191601667	0.30922739191601667	0.0	0.0	0.0	0.0	1.0146457005418286	1.0146457005418286	0.0	3.0452057181362453	0.0	0.0	0.0	1.4470158105420587	0.0	0.30922739191601667	0.0	0.0	0.0	0.30922739191601667	0.0	2.405343933361148	0.0	0.0	0.30922739191601667	0.0	0.8590574125790346	0.0	0.0	0.0	0.0	1.7061135192239532	1.3579403239515744	0.0	0.0	0.0	1.6493404584640654	0.0	0.0	0.0	0.30922739191601667	0.0	0.0	0.0	0.0	0.0	0.0	1.5208944028177853	0.0	0.7917288604414736	0.0	1.7793959554877943	0.0	0.0	0.0	0.0	1.7061135192239532	0.30922739191601667	0.0	0.0	1.669101008907445	0.0	0.6142987836703071	0.0	0.0	0.0	0.30922739191601667	0.4880170893514787	0.0	0.7917288604414736	0.0	0.0	0.0	0.0	0.0	0.0	0.0	0.0	0.0	0.0	0.0	0.0	0.0	0.4880170893514787	0.0	2.225659517298054	0.0	0.712012582473203	0.0	0.30922739191601667	0.0	0.0	0.0	0.0	0.0	3.8313531448704805	1.4306026521115953	0.0	0.0	0.0	0.0	0.0	0.0	0.0	0.0	0.0	0.6142987836703071	0.4880170893514787	0.0	0.0	0.0	0.0	0.712012582473203	0.0	1.8420797103638311	0.0	0.0	2.529411619677039	0.30922739191601667	0.30922739191601667	0.0	0.0	0.0	0.0	0.0	0.0	0.0	1.4628311944554013	0.0	0.0	2.700157048416616	0.30922739191601667	0.712012582473203	0.0	0.0	1.094093559272563	0.0	0.0	0.8590574125790346	1.056183831089607	1.2706288094043083	0.0	0.0	0.30922739191601667	0.0	0.0	0.0	0.8590574125790346	0.0	0.4880170893514787	0.30922739191601667	0.0	0.0	0.0	0.0	0.30922739191601667	0.30922739191601667	0.0	2.7421245904037312	0.0	0.0	4.251062878436915	0.0	0.0	0.30922739191601667	0.0	0.0	0.0	0.0	0.0	0.0	0.0	0.0	0.0	0.4880170893514787	1.3164750437376707	0.0	3.5739862547967065	0.0	0.0	0.9173354613706284	0.0	0.0	0.0	0.0	0.0	0.30922739191601667	1.7319395676083311	0.0	0.4880170893514787	0.0	0.0	0.0	0.0	0.0	0.0	0.0	0.0	2.785593138459423	0.4880170893514787	0.7917288604414736	0.0	0.0	0.0	0.0	0.0	0.0
SRR11856030	0.0	0.0	0.39744903251329844	0.0	0.24268740807752553	0.8443964754677915	0.0	0.0	3.9331367367274006	2.251432032127076	0.0	0.24268740807752553	0.0	0.0	0.24268740807752553	0.0	0.0	0.0	0.0	0.39744903251329844	0.5113168007369041	0.0	3.233762425432274	0.0	0.0	0.0	3.7499020194759254	0.24268740807752553	0.0	0.0	0.0	0.24268740807752553	0.0	0.0	0.0	0.0	0.0	0.9286967097500768	0.24268740807752553	0.0	0.0	0.0	0.0	0.0	1.773712134271841	0.9286967097500768	0.24268740807752553	0.6014461843530496	0.0	0.24268740807752553	0.39744903251329844	0.0	0.0	0.39744903251329844	0.0	0.0	0.0	0.0	0.0	0.0	2.5938522126530197	0.0	0.39744903251329844	0.6760474729761612	1.8625154820461494	0.24268740807752553	0.0	0.6760474729761612	0.0	0.6760474729761612	0.6014461843530496	0.0	0.0	3.584473101569348	0.0	0.888588813110422	0.0	0.0	0.0	0.6014461843530496	0.0	0.24268740807752553	0.9992633274590411	0.0	0.0	0.0	0.0	0.0	0.0	0.0	0.0	0.0	0.0	0.0	0.0	0.0	0.0	0.0	0.9286967097500768	0.6760474729761612	0.24268740807752553	0.39744903251329844	0.0	0.0	0.0	0.0	0.0	0.0	4.410476977016366	1.5401597851665234	0.0	0.0	0.6014461843530496	0.24268740807752553	0.0	0.0	0.0	0.24268740807752553	0.0	0.0	0.24268740807752553	0.0	0.0	0.24268740807752553	0.0	0.0	0.0	0.39744903251329844	0.24268740807752553	0.0	1.6326689081422456	0.0	0.6760474729761612	0.0	0.24268740807752553	0.0	0.0	0.0	0.0	0.0	0.5113168007369041	0.0	0.0	1.370284125626346	0.0	0.0	0.0	0.0	0.6014461843530496	0.39744903251329844	0.0	0.39744903251329844	0.0	1.3265788892275785	0.0	0.0	0.0	0.0	0.0	0.0	0.8443964754677915	0.0	0.24268740807752553	0.24268740807752553	0.0	0.0	0.0	0.0	0.0	0.39744903251329844	0.24268740807752553	2.0792732966816465	0.0	0.0	2.8851088030727303	0.0	0.0	0.0	0.6014461843530496	0.0	0.0	0.0	0.24268740807752553	0.0	0.0	0.0	0.0	0.0	0.8443964754677915	0.0	1.277978121536778	0.0	0.0	0.0	0.24268740807752553	0.0	0.0	0.0	0.0	0.0	1.223245124247882	0.0	0.0	0.0	0.0	0.0	0.0	0.0	0.0	0.0	0.39744903251329844	3.3929323690410143	0.7396930388437818	0.5113168007369041	0.0	0.0	0.24268740807752553	0.0	0.24268740807752553	0.24268740807752553
SRR11856031	0.0	0.0	3.2439099774997593	0.2832913718706063	0.0	1.0806076244811398	0.0	0.0	2.1429943772150972	0.2832913718706063	0.0	0.0	0.0	0.0	0.2832913718706063	0.0	0.0	0.0	0.0	0.871555129491153	1.45634618137692	0.2832913718706063	3.354364507695737	2.7956926781267013	0.0	0.0	2.5659217051099246	0.0	0.0	0.0	0.0	0.0	0.0	0.0	0.7481711294413282	0.2832913718706063	0.0	0.5751727450073241	0.0	1.2211339871868017	0.0	0.0	0.0	0.4533050124450143	3.415720473084955	1.6457950122591074	0.2832913718706063	0.4533050124450143	0.0	1.7425478354636335	0.2832913718706063	0.0	0.0	0.0	0.0	0.0	0.0	0.0	0.2832913718706063	0.2832913718706063	2.4566491302663493	0.0	0.5751727450073241	0.0	1.8563460389755457	0.8142301798264442	0.2832913718706063	0.0	0.0	1.6547338177424564	0.5751727450073241	0.0	0.6702296776408567	2.600342412021126	0.0	1.1125860178049878	0.0	0.0	0.0	0.871555129491153	0.0	0.0	0.2832913718706063	0.0	0.0	0.0	0.0	0.0	0.0	0.0	0.0	0.2832913718706063	0.0	0.0	0.0	0.0	0.5751727450073241	0.2832913718706063	1.7278462633779386	0.7481711294413282	0.0	0.0	0.0	0.0	0.0	0.0	0.0	0.0	3.775214033087624	1.7425478354636335	0.0	0.0	0.0	0.5751727450073241	0.8142301798264442	0.0	0.0	0.0	0.0	1.2877822192811623	4.134823092394855	0.0	0.0	0.0	0.0	0.8142301798264442	0.0	1.0460860661636402	0.6702296776408567	0.0	2.463573901892593	0.0	0.2832913718706063	0.0	0.0	0.6702296776408567	0.0	0.0	0.0	0.2832913718706063	1.5329890543763725	0.0	0.0	2.980001012052019	0.2832913718706063	1.3271349099002483	0.0	0.2832913718706063	1.00858161753765	0.871555129491153	0.0	0.7481711294413282	0.6702296776408567	2.4538480068638915	0.0	0.0	0.4533050124450143	0.0	0.0	1.3271349099002483	4.050058983131596	0.0	0.0	0.0	0.0	0.0	0.2832913718706063	0.0	2.204533617543259	0.4533050124450143	0.0	3.1689951776603276	0.0	0.0	3.6486204251358885	0.0	0.0	0.0	0.4533050124450143	0.0	0.0	0.0	0.4533050124450143	0.0	0.0	0.4533050124450143	0.2832913718706063	1.470096478982207	2.21439949381879	0.0	3.1296306734751225	0.2832913718706063	0.0	1.1964332792869177	0.0	0.0	0.0	0.0	0.0	0.0	1.4421462579393955	0.2832913718706063	0.0	2.8581315141491284	0.0	0.0	0.0	0.0	0.0	0.0	0.0	1.7203045380710393	0.0	0.7481711294413282	0.0	0.0	0.0	0.0	0.0	0.2832913718706063
SRR11856032	0.0	0.0	3.119063042284817	0.0	0.0	0.30242702653791803	0.0	0.47898296567880794	2.4997103746436102	0.0	0.0	0.0	0.0	0.0	0.0	0.0	0.0	0.0	0.0	0.7804771447677293	0.0	0.0	4.348809736063701	0.6041538560157476	0.0	0.30242702653791803	3.105221091485193	0.30242702653791803	0.0	0.7012031017169825	0.30242702653791803	0.0	0.0	0.0	0.7804771447677293	0.0	0.0	0.30242702653791803	0.0	0.6041538560157476	0.0	0.0	0.0	0.30242702653791803	1.72701298369237	0.47898296567880794	0.0	0.0	0.0	0.6041538560157476	0.7804771447677293	0.0	0.30242702653791803	0.6041538560157476	0.0	0.0	0.0	0.0	0.0	0.0	1.6259726617920545	0.0	0.6041538560157476	0.0	1.5212192520249697	0.30242702653791803	0.0	0.0	0.0	0.8474902058343778	0.47898296567880794	0.0	0.0	1.6748282735134379	0.0	0.8474902058343778	0.6041538560157476	0.0	0.30242702653791803	0.7804771447677293	0.30242702653791803	0.0	1.38288494836921	0.0	0.0	0.0	0.0	0.0	0.0	0.0	0.30242702653791803	0.0	0.0	0.0	0.0	0.0	0.47898296567880794	0.0	0.7804771447677293	0.30242702653791803	0.0	0.0	0.0	0.0	0.0	0.0	0.30242702653791803	0.0	3.7074542187802932	1.6259726617920545	0.30242702653791803	0.7012031017169825	0.6041538560157476	0.0	0.0	0.0	0.0	0.0	0.0	0.7012031017169825	0.30242702653791803	0.0	0.0	0.0	0.0	0.30242702653791803	0.0	2.0027617748964106	0.0	0.0	1.7187394486619916	0.0	0.30242702653791803	0.0	1.0025114289268637	0.7804771447677293	0.0	0.0	0.0	0.0	0.30242702653791803	0.0	0.0	2.6311719695226445	0.30242702653791803	0.0	0.30242702653791803	0.0	3.483657586978692	0.7012031017169825	0.0	0.47898296567880794	0.7012031017169825	1.72701298369237	0.0	0.0	0.0	0.0	0.0	0.0	1.1487189551516748	0.0	0.0	0.30242702653791803	0.30242702653791803	0.0	0.0	0.0	0.0	0.7012031017169825	0.0	1.582499997864239	0.0	0.0	4.1293103999629315	0.0	0.0	0.0	0.6041538560157476	0.0	0.0	0.0	0.30242702653791803	0.0	0.0	0.0	0.0	0.0	0.6041538560157476	0.0	2.437348263173668	0.0	0.0	2.585981095954664	0.0	0.0	0.0	0.0	0.47898296567880794	0.0	2.856483899511061	0.30242702653791803	0.30242702653791803	0.30242702653791803	0.30242702653791803	0.0	0.0	0.0	0.0	0.0	0.47898296567880794	2.739977132132777	0.0	0.0	0.0	0.30242702653791803	0.0	0.30242702653791803	0.0	0.0
SRR11856033	0.0	0.0	2.9978356151497776	0.0	0.0	0.49852796521005227	0.0	0.0	4.306160303865067	0.9825565632146773	0.0	0.0	0.0	0.0	0.0	0.0	0.0	0.0	0.0	0.49852796521005227	1.0703292656014205	0.0	3.688680402237992	0.3171831341268645	0.0	0.0	1.9005450264785169	0.0	0.0	1.863785701697676	0.6260698466675726	0.0	0.0	0.0	2.3680456767619917	0.0	0.0	0.0	0.0	0.0	0.0	0.0	0.0	0.0	2.8890169604020794	0.49852796521005227	0.0	0.6260698466675726	0.0	0.0	0.3171831341268645	0.0	0.0	0.0	0.0	0.0	0.0	0.0	0.0	0.0	1.7212981872149289	0.0	0.0	0.7245342898417321	0.8724320311244621	0.0	0.0	0.0	0.0	1.9234291320221841	0.49852796521005227	0.0	1.4619560663099658	2.0181831594298814	0.0	0.8047487403413852	0.0	0.0	0.3171831341268645	0.0	0.0	0.0	1.4619560663099658	0.0	0.0	0.3171831341268645	0.0	0.0	0.3171831341268645	0.0	0.0	0.0	0.0	0.0	0.0	0.0	0.0	0.0	0.49852796521005227	0.0	0.0	0.0	0.0	0.0	0.0	0.0	0.0	0.0	3.487778479202148	1.6107046573858967	0.0	0.0	0.0	0.3171831341268645	0.0	0.49852796521005227	0.3171831341268645	0.0	0.0	0.9825565632146773	0.0	0.0	0.0	0.0	0.0	0.3171831341268645	0.0	0.3171831341268645	0.3171831341268645	0.0	1.507827156168359	0.0	0.0	0.0	0.49852796521005227	1.5623050677214323	0.0	0.0	0.3171831341268645	0.0	0.6260698466675726	0.0	0.0	1.6220063505753686	0.9825565632146773	0.0	0.0	0.0	0.3171831341268645	0.6260698466675726	0.0	0.0	1.4619560663099658	0.9825565632146773	0.0	0.0	0.7245342898417321	0.0	0.0	1.1433103906125046	1.8236248887608333	0.0	0.6260698466675726	0.0	0.0	0.0	0.0	0.0	0.0	0.0	0.0	2.621597901998756	0.0	0.0	3.0691253877001317	0.0	0.0	0.0	0.8047487403413852	0.0	0.0	0.0	0.3171831341268645	0.0	0.0	0.0	0.3171831341268645	0.0	0.9825565632146773	0.0	2.7065234115834644	0.0	0.0	1.3088672640503298	0.0	0.0	0.3171831341268645	0.0	0.0	0.0	2.784489331863571	0.0	0.6260698466675726	0.0	0.0	0.0	0.0	0.0	0.0	0.0	0.0	4.206220832336343	0.3171831341268645	0.0	0.0	0.0	0.3171831341268645	0.0	0.0	0.0
SRR11856035	0.0	0.0	3.2740515654387403	0.34756437814580693	0.0	0.34756437814580693	0.0	0.0	1.9507856712541793	0.0	0.0	0.34756437814580693	0.0	0.0	0.0	0.0	0.0	0.34756437814580693	0.0	0.0	0.6701162015969252	0.0	3.779715294728667	3.372499294858715	0.0	0.34756437814580693	1.8430287135329497	0.0	0.0	1.2592787776841374	0.0	0.7712054935254878	0.0	0.0	0.5381213655215463	0.0	0.0	0.34756437814580693	0.0	0.0	0.0	0.0	0.0	0.0	1.9386901656585693	1.617677834065518	0.0	0.0	0.0	0.9815199402533065	0.9220611148197791	0.0	0.0	0.8531507482139168	0.0	0.34756437814580693	0.0	0.34756437814580693	0.0	0.0	1.811323291716688	0.0	1.0804752949051424	0.6701162015969252	0.5381213655215463	0.0	0.0	0.0	0.0	0.34756437814580693	0.0	0.0	0.0	2.362293167538735	0.0	1.7589515906669657	0.6701162015969252	0.0	0.5381213655215463	0.0	0.0	0.0	0.0	0.0	0.0	0.0	0.0	0.0	0.0	0.0	0.0	0.0	0.0	0.0	0.0	0.0	0.0	0.0	0.9220611148197791	0.0	0.34756437814580693	0.0	0.0	0.34756437814580693	0.0	0.0	0.0	0.0	3.716727322462488	1.6046410571394198	0.0	0.7712054935254878	0.0	0.0	0.0	0.0	0.0	0.0	0.0	0.34756437814580693	0.0	0.0	0.0	0.0	0.0	0.0	0.0	0.5381213655215463	0.34756437814580693	0.0	2.208528244592036	0.0	0.34756437814580693	0.0	0.5381213655215463	0.8531507482139168	0.0	0.0	0.0	0.0	2.0118861542647943	0.0	0.0	2.191734105103497	0.6701162015969252	0.8531507482139168	0.0	0.0	0.5381213655215463	0.0	0.0	0.8531507482139168	0.5381213655215463	1.4069490843602865	0.0	0.0	0.6701162015969252	0.0	0.0	0.7712054935254878	1.2289291292650364	0.0	0.5381213655215463	0.0	0.0	0.0	0.0	0.0	0.0	0.5381213655215463	0.34756437814580693	3.6934155449466446	0.0	0.0	3.974477595928337	0.0	0.0	0.0	1.6426330198651755	0.0	0.0	0.0	0.34756437814580693	0.0	0.0	0.0	0.0	0.0	1.3142721562046593	0.0	3.445316902186872	0.0	0.0	0.6701162015969252	0.0	0.0	0.34756437814580693	0.0	0.0	0.0	1.617677834065518	0.34756437814580693	0.0	0.0	0.0	0.0	0.6701162015969252	0.34756437814580693	0.0	0.0	0.0	4.199077835488669	0.0	0.0	0.0	0.0	0.0	0.0	0.0	0.0
SRR11856036	0.21112150104816985	0.0	0.0	0.21112150104816985	0.0	0.7309457232154901	0.0	0.21112150104816985	4.564137825739087	0.21112150104816985	0.0	0.0	0.0	0.0	0.0	0.0	0.0	0.0	0.0	0.0	0.6159519410233087	0.0	2.9306255507916465	0.0	0.0	0.0	2.630104773572725	0.0	0.0	0.677243814765312	0.0	0.0	0.0	0.0	0.8217775843902629	0.0	0.0	0.4590924163735581	0.0	0.6159519410233087	0.0	0.0	0.0	0.0	2.036120129948099	1.5175413911324251	0.0	0.0	0.0	1.7724561865481097	0.677243814765312	0.0	0.21112150104816985	0.3525697721632963	0.0	0.0	0.0	0.0	0.0	0.0	1.500705326673609	0.0	0.0	0.0	0.8609387703097331	0.0	0.0	0.21112150104816985	0.0	0.8609387703097331	0.0	0.21112150104816985	0.21112150104816985	2.2553618344645567	0.0	0.21112150104816985	0.0	0.0	0.0	0.0	0.0	0.0	0.8217775843902629	0.0	0.0	0.0	0.0	0.0	0.0	0.0	0.0	0.0	0.0	0.0	0.0	0.0	0.0	0.0	0.6159519410233087	0.0	0.21112150104816985	0.0	0.0	0.0	0.0	0.0	0.0	0.0	3.7549303163716816	1.2678309004915478	0.0	0.21112150104816985	0.4590924163735581	0.21112150104816985	0.0	0.0	0.0	0.0	0.0	1.2047732737037835	0.0	0.0	0.0	0.0	0.0	0.3525697721632963	0.0	0.0	0.4590924163735581	0.0	1.3831352698097228	0.21112150104816985	0.3525697721632963	0.0	0.0	0.21112150104816985	0.0	0.0	0.0	0.0	0.21112150104816985	0.0	0.0	2.259868602703367	0.3525697721632963	0.8609387703097331	0.0	0.0	0.21112150104816985	0.21112150104816985	0.0	0.21112150104816985	0.3525697721632963	2.594257986102134	0.0	0.0	0.0	0.0	0.0	0.3525697721632963	1.2962286542220418	0.21112150104816985	0.4590924163735581	0.21112150104816985	0.0	0.0	0.0	0.0	0.0	0.0	0.0	2.9948482189872307	0.0	0.21112150104816985	3.3446709754579813	0.0	0.0	0.0	0.0	0.0	0.0	0.0	0.3525697721632963	0.0	0.0	0.0	0.0	0.0	1.6574981022800688	0.0	2.298453812390616	0.0	0.0	0.21112150104816985	0.0	0.0	0.0	0.0	0.0	0.0	2.1158857898993184	0.0	0.0	0.0	0.0	0.0	0.0	0.0	0.0	0.0	0.0	3.1750832753833698	0.677243814765312	0.0	0.0	0.0	0.0	0.0	0.0	0.0
SRR11856037	0.0	0.0	3.49384802701053	0.0	0.0	0.9695351448291927	0.0	1.6295400254345607	3.4336345279205602	0.9181477694962552	0.0	0.30969826252987337	0.0	0.0	0.0	0.30969826252987337	0.30969826252987337	0.0	0.0	0.6149983631637205	0.9181477694962552	0.0	3.865538397727348	0.0	0.0	0.30969826252987337	0.8598536820744817	0.0	0.0	1.4314923792822032	0.30969826252987337	0.6149983631637205	0.0	0.30969826252987337	1.5079852855517322	0.30969826252987337	0.30969826252987337	0.792503711261821	0.0	0.0	0.4886409181085858	0.0	0.0	0.0	2.0126320411164222	0.8598536820744817	0.0	0.4886409181085858	0.0	0.30969826252987337	0.30969826252987337	0.0	0.0	0.6149983631637205	0.0	0.0	0.0	0.0	0.0	0.0	2.6693757519463346	0.0	1.057026698192181	0.30969826252987337	1.868188113424702	0.0	0.0	0.0	0.0	2.1276261101740817	0.0	0.0	1.057026698192181	2.5511437871778466	0.7127573820001886	0.9181477694962552	0.30969826252987337	0.0	0.0	0.8598536820744817	0.30969826252987337	0.0	1.9992627643016694	0.0	0.30969826252987337	0.0	0.0	0.0	0.0	0.0	0.0	0.0	0.0	0.30969826252987337	0.0	0.30969826252987337	0.0	0.0	0.8598536820744817	0.4886409181085858	0.0	0.0	0.0	0.0	0.0	0.0	0.0	0.0	4.073994076278566	1.6400152429541142	0.0	0.30969826252987337	1.4479068078644182	0.6149983631637205	0.0	0.30969826252987337	0.0	0.0	0.0	1.8298212253709127	0.0	0.0	0.0	0.0	0.0	0.6149983631637205	0.0	3.065981944628761	1.3173544776372004	0.30969826252987337	2.5536764098679403	0.7127573820001886	0.6149983631637205	0.0	1.3966762402816426	0.9695351448291927	0.0	0.0	0.0	0.0	0.30969826252987337	0.0	0.30969826252987337	1.8092870205163212	0.6149983631637205	0.0	0.0	0.0	4.1205929712713845	1.4637233710819582	0.0	0.30969826252987337	0.30969826252987337	1.6889064821166306	0.0	0.4886409181085858	1.1298135466145187	0.0	0.0	0.7127573820001886	3.1461994548757923	0.0	0.6149983631637205	0.0	0.4886409181085858	0.0	0.0	0.0	0.0	0.8598536820744817	0.0	0.792503711261821	0.0	0.0	3.6750791370488236	0.0	0.0	0.0	0.4886409181085858	0.8598536820744817	0.0	0.0	0.6149983631637205	0.30969826252987337	0.0	0.0	0.0	0.30969826252987337	1.2202336044514792	0.0	2.864715649735565	0.4886409181085858	0.0	0.792503711261821	0.0	0.0	0.6149983631637205	0.0	0.0	0.0	1.4314923792822032	0.30969826252987337	0.0	0.0	0.0	0.0	0.30969826252987337	0.6149983631637205	0.30969826252987337	0.0	0.30969826252987337	3.107411279645645	0.30969826252987337	1.3588238138478919	0.0	1.015480426300353	0.0	0.0	0.30969826252987337	0.4886409181085858
SRR11856038	0.0	0.0	2.6949865319121815	0.0	0.0	0.5907392165334631	0.0	1.1619577115966444	1.9978260840359345	0.8321356501011353	0.0	0.29351569560773133	0.29351569560773133	0.0	0.29351569560773133	0.0	0.46707301541014656	0.46707301541014656	0.0	0.29351569560773133	0.46707301541014656	0.0	4.4647314863541645	0.5907392165334631	0.0	0.0	1.3472372215241064	0.0	0.0	0.29351569560773133	0.29351569560773133	0.0	0.0	0.29351569560773133	0.6868839146281182	0.46707301541014656	0.0	0.29351569560773133	0.0	0.0	0.0	0.0	0.0	0.0	1.6084555762606145	1.0276321214270747	0.29351569560773133	0.29351569560773133	0.0	0.29351569560773133	0.0	0.0	0.0	0.46707301541014656	0.0	0.0	0.0	0.0	0.0	0.0	1.4624743310363886	0.0	1.6479322000096766	0.0	1.3656927189885513	0.29351569560773133	0.0	0.0	0.0	2.4178653119176157	0.0	0.0	0.9407925209727473	2.0713253690606233	0.0	1.1320677781654513	0.29351569560773133	0.0	0.0	1.0276321214270747	1.0999676447508069	0.0	1.565028516356926	0.0	0.0	0.0	0.29351569560773133	0.0	0.0	0.5907392165334631	0.0	0.0	0.0	0.0	0.0	0.29351569560773133	0.29351569560773133	0.0	1.3472372215241064	0.0	0.29351569560773133	0.29351569560773133	0.0	0.0	0.0	0.0	0.0	0.0	3.6133338268827484	1.565028516356926	0.46707301541014656	0.0	0.6868839146281182	0.46707301541014656	0.0	0.0	0.0	0.0	0.29351569560773133	2.1522613713323806	0.8321356501011353	0.0	0.29351569560773133	0.0	0.0	0.5907392165334631	0.0	2.538765213787246	0.7655542004606177	0.0	3.4891788347994965	0.46707301541014656	0.0	0.0	0.29351569560773133	0.8321356501011353	0.0	0.0	0.0	0.0	2.4146487242780967	0.0	0.0	2.158128896519165	0.0	0.6868839146281182	0.0	0.0	2.212817081275523	1.4325477975214445	0.0	0.0	0.0	1.7175184739898557	0.0	0.46707301541014656	0.9407925209727473	0.0	0.0	0.29351569560773133	1.21619463409838	0.0	0.6868839146281182	0.0	0.0	0.0	0.0	0.0	0.5907392165334631	0.6868839146281182	0.0	2.6457382562048677	0.0	0.0	3.708953958630969	0.0	0.0	0.0	0.29351569560773133	1.1899222963466074	0.0	0.0	0.8898533902570492	0.29351569560773133	0.0	0.0	0.5907392165334631	0.0	2.7204663527625645	0.0	2.2749528179134515	0.0	0.0	2.6624784571406015	0.0	0.0	0.8321356501011353	0.0	0.0	0.0	3.5818796595100797	0.0	0.0	0.0	0.29351569560773133	0.0	0.0	0.9407925209727473	0.0	0.0	0.0	2.5264626693781085	0.0	1.4167739122558962	0.0	0.0	0.0	0.0	0.0	0.9407925209727473
SRR11856039	0.0	0.0	3.07885101134891	0.0	0.0	0.620525673954203	0.0	0.4127748321664506	4.396209785121688	0.0	0.0	1.0830759811730923	0.0	0.0	0.0	0.0	0.0	0.0	0.0	0.4127748321664506	1.8784238601614485	0.0	3.9214143500452443	0.0	0.0	0.0	3.05523036327855	0.4127748321664506	0.0	0.8661387334572527	0.4127748321664506	0.0	0.0	0.0	0.7604687809248262	0.0	0.0	0.9510632916502789	0.0	1.4467982410931977	0.4127748321664506	0.0	0.0	0.0	2.8446159520615915	1.5356016701402715	0.0	0.0	0.0	0.4127748321664506	0.4127748321664506	0.0	0.0	0.4127748321664506	0.0	0.0	0.0	0.0	0.0	0.0	1.8962874910865057	0.0	1.8692087275035778	0.0	1.6419252908946584	0.0	0.0	0.0	0.0	1.2661278142129342	0.4127748321664506	0.0	0.0	2.2404718119842397	0.0	2.4715235747715028	0.4127748321664506	0.0	0.0	1.3350430194125549	0.0	0.0	0.620525673954203	0.0	0.0	0.0	0.0	0.4127748321664506	0.0	0.0	0.0	0.0	0.0	0.0	0.0	0.0	0.9510632916502789	0.0	1.1841757112584301	0.620525673954203	0.4127748321664506	0.0	0.0	0.0	0.0	0.0	0.4127748321664506	0.0	3.6778989032611853	1.9379742796065988	0.0	0.4127748321664506	0.0	0.9510632916502789	0.0	1.1365611124118697	0.0	0.0	0.0	0.4127748321664506	0.0	0.0	0.0	0.0	0.0	0.4127748321664506	0.0	0.9510632916502789	0.0	0.0	3.118378035490798	0.0	0.620525673954203	0.0	0.0	0.8661387334572527	0.0	0.0	0.0	0.0	0.620525673954203	0.0	0.0	2.936643417464631	0.0	2.7159256094778663	0.0	0.0	0.620525673954203	0.8661387334572527	0.0	0.7604687809248262	1.0220664379656657	1.2661278142129342	0.0	0.0	0.620525673954203	0.0	0.0	0.4127748321664506	1.0830759811730923	0.0	0.0	0.4127748321664506	0.0	0.0	0.0	0.0	0.0	0.7604687809248262	0.0	3.2853431915658065	0.0	0.0	3.3822796287111516	0.0	0.0	0.0	0.0	0.0	0.0	0.0	0.4127748321664506	0.0	0.0	0.0	0.0	0.0	2.061658786735591	0.0	2.3030789139120214	0.0	0.4127748321664506	0.0	0.7604687809248262	0.0	0.0	0.0	0.0	0.0	2.4715235747715028	0.0	0.0	0.0	0.0	0.0	0.0	0.0	0.0	0.0	0.0	1.0830759811730923	0.8661387334572527	0.7604687809248262	0.0	0.4127748321664506	0.0	0.0	0.0	0.0
SRR11856040	0.0	0.39730824674058784	0.0	0.0	0.0	1.059736098313172	0.0	0.39730824674058784	2.112898017816228	0.0	0.0	0.0	0.0	0.0	0.0	0.0	0.0	0.0	0.0	1.4222322254138622	0.9284895457525197	0.0	4.0860178445233615	0.6012701452130419	0.0	0.0	0.0	0.0	0.0	1.9989570994410497	0.0	0.39730824674058784	0.0	0.0	1.059736098313172	0.0	0.0	0.39730824674058784	0.0	1.549204614946404	0.0	0.0	0.0	1.8711169822239304	2.2845093261822482	1.1603872881996093	0.0	0.0	0.0	0.0	0.6012701452130419	0.0	0.39730824674058784	0.0	0.0	0.0	0.0	0.0	0.0	0.0	0.6012701452130419	0.0	1.4222322254138622	0.0	3.2279887479193587	0.0	0.0	0.0	0.0	1.702258815592661	0.39730824674058784	0.0	0.6012701452130419	2.8151894625634237	0.0	0.9990520121376508	0.0	0.0	0.39730824674058784	1.059736098313172	0.0	0.0	0.7395009679054032	0.0	0.0	0.0	0.6012701452130419	0.0	0.39730824674058784	0.0	0.0	0.0	0.0	0.0	0.0	0.0	0.0	0.7395009679054032	2.510833158584027	0.6012701452130419	0.0	0.0	0.0	0.0	0.0	0.0	0.0	0.0	3.8289897606656824	1.7948434449435995	0.0	0.0	0.9284895457525197	0.39730824674058784	0.0	0.0	0.0	0.0	0.0	0.9284895457525197	0.0	0.0	0.0	0.0	0.0	0.8441952413846335	0.0	1.490342268238495	0.0	0.0	3.1083571626926623	0.39730824674058784	0.0	0.0	0.39730824674058784	0.7395009679054032	0.0	0.0	0.0	0.39730824674058784	2.894922624848338	0.0	0.0	2.7440232408731493	0.0	0.9990520121376508	0.0	0.0	2.350167595732318	0.39730824674058784	0.0	1.059736098313172	0.0	1.059736098313172	0.0	0.0	0.0	0.0	0.0	1.7623927304251163	1.2777556616252963	0.0	0.9284895457525197	0.0	0.0	0.0	0.0	0.0	0.8441952413846335	0.6012701452130419	0.0	3.6411144271311002	0.0	0.0	3.4491190253123305	0.0	0.0	0.0	0.9990520121376508	0.0	0.0	0.0	2.8486744872784486	0.0	0.39730824674058784	0.0	0.0	1.6170200633672536	1.2420448668886974	0.0	3.307831484638362	0.0	0.0	0.9284895457525197	0.0	0.0	0.0	0.0	0.0	0.0	3.4491190253123305	0.0	0.39730824674058784	0.0	0.39730824674058784	0.0	0.0	0.0	0.0	0.0	0.0	4.064152771127841	0.39730824674058784	0.7395009679054032	0.0	0.0	0.0	0.0	0.0	0.0
SRR11856041	0.0	0.2749430706116576	1.671514530202444	0.0	0.0	1.271098810241209	0.4419784538851905	1.7858375116521628	4.61504858424308	0.9518531045258818	0.2749430706116576	0.0	0.4419784538851905	0.0	0.0	0.0	0.4419784538851905	0.0	0.0	0.5623174417286984	1.7982234124476146	0.0	1.821983346614863	0.0	0.0	0.0	1.2500451169202125	0.0	0.0	0.99273117022166	0.4419784538851905	0.0	0.2749430706116576	0.2749430706116576	1.3633309079400167	1.064488922463875	0.0	0.0	0.0	0.0	0.5623174417286984	0.0	0.2749430706116576	0.0	0.9518531045258818	0.99273117022166	0.2749430706116576	0.8563551588029512	0.2749430706116576	0.0	0.733759712666374	0.0	0.0	0.0	0.0	0.0	0.0	0.0	0.7993690277522225	0.0	0.7993690277522225	0.0	0.0	0.0	0.2749430706116576	0.0	0.0	0.2749430706116576	0.0	3.064797457140367	1.0300904152476444	0.0	1.4393653142713245	1.9553202528521763	0.2749430706116576	0.4419784538851905	0.0	0.0	0.0	0.2749430706116576	0.2749430706116576	0.0	1.1799662126984307	0.0	0.0	0.5623174417286984	0.0	0.0	0.0	1.2279185530015992	0.0	0.2749430706116576	0.0	0.0	0.0	0.8563551588029512	0.99273117022166	0.0	0.0	0.0	0.0	0.0	0.0	0.0	0.0	0.0	0.0	0.2749430706116576	3.7333448199964705	1.5274479095345754	0.2749430706116576	0.0	0.0	0.2749430706116576	0.0	0.9518531045258818	0.4419784538851905	0.0	0.0	0.0	0.0	0.0	0.2749430706116576	0.0	0.4419784538851905	0.2749430706116576	0.0	1.6285922634193797	1.1538463402501877	0.0	1.5809579385755068	0.0	0.9067237663084331	0.0	0.7993690277522225	0.2749430706116576	0.0	0.4419784538851905	0.0	0.733759712666374	0.2749430706116576	0.0	0.99273117022166	0.5623174417286984	1.1799662126984307	0.733759712666374	0.0	0.0	0.5623174417286984	1.7858375116521628	0.0	0.0	0.4419784538851905	0.2749430706116576	0.0	1.064488922463875	1.5496491360042006	0.0	0.0	0.0	0.0	0.0	1.2911788816220298	0.0	0.0	0.0	0.0	0.2749430706116576	0.0	0.5623174417286984	0.0	1.064488922463875	0.0	0.0	2.763811078441747	0.2749430706116576	0.0	0.0	0.0	1.8389873410098545	0.0	0.0	0.4419784538851905	0.0	0.0	0.2749430706116576	0.0	0.0	0.733759712666374	0.0	2.3777344840692596	0.0	0.2749430706116576	0.0	0.0	0.0	1.204603875207256	0.0	0.0	0.0	1.1799662126984307	0.0	0.0	0.0	0.2749430706116576	0.0	0.0	1.4393653142713245	0.0	0.2749430706116576	0.0	0.7993690277522225	1.491861186849727	2.1049188451243213	0.0	0.0	0.0	0.2749430706116576	0.2749430706116576	1.5707704145003236
SRR11856042	0.0	0.0	0.6164755964974102	0.0	0.0	1.6743214871464611	0.4095105187907529	0.0	1.9206125227153215	0.0	0.0	0.0	0.0	0.0	0.0	0.0	0.0	0.0	0.25133403399762794	0.6164755964974102	0.8119937758638234	0.0	1.770833716056202	0.0	0.0	0.0	2.432343949837433	0.0	0.0	0.4095105187907529	0.0	0.0	0.8615345048308587	0.0	0.7560653838007433	0.25133403399762794	0.0	0.0	0.0	0.0	0.0	0.0	0.0	0.0	2.1735614858380763	0.9463295234351023	0.25133403399762794	0.0	0.0	0.4095105187907529	0.4095105187907529	0.0	0.0	0.0	0.0	0.0	0.25133403399762794	0.0	0.25133403399762794	0.0	1.4883039935634539	0.0	0.0	0.25133403399762794	0.8615345048308587	0.25133403399762794	0.0	0.9832315972020234	0.0	0.5252069034372416	0.0	0.0	0.25133403399762794	2.1666595944866587	0.0	1.1791927046675763	0.0	0.0	0.0	0.25133403399762794	0.0	0.0	1.9246798973588286	0.0	0.0	0.0	0.0	0.0	0.0	0.0	0.25133403399762794	0.0	0.0	0.0	0.0	0.0	0.0	0.0	0.6164755964974102	0.0	0.0	0.25133403399762794	0.0	0.0	0.0	0.0	0.0	0.0	4.566970536973151	1.4416559717515747	0.0	0.0	0.0	0.0	0.0	0.0	0.0	0.0	0.0	1.4771032640664685	0.0	0.0	0.0	0.0	0.0	1.3893877111901387	0.0	0.25133403399762794	0.25133403399762794	0.0	1.4030562493449898	0.0	0.25133403399762794	0.0	0.7560653838007433	0.0	0.0	0.0	0.0	0.0	0.0	0.0	0.0	1.261084457911226	0.0	0.4095105187907529	0.0	0.0	0.6164755964974102	0.0	0.0	0.0	0.0	1.9596674350697971	0.0	0.0	0.0	0.0	0.0	0.0	0.7560653838007433	0.0	0.0	0.0	0.0	0.0	0.0	0.0	0.0	0.0	0.0	0.6918548365106548	0.25133403399762794	0.0	1.2968845789976784	0.0	0.25133403399762794	0.0	0.7560653838007433	0.0	0.0	0.25133403399762794	0.4095105187907529	0.25133403399762794	0.0	0.0	0.0	0.25133403399762794	0.25133403399762794	0.0	2.927310149002335	0.0	0.0	0.25133403399762794	0.0	0.0	0.0	0.0	0.0	0.25133403399762794	1.1791927046675763	0.0	0.0	0.0	0.0	0.0	0.0	0.0	0.0	0.0	0.0	4.035949538667505	0.4095105187907529	0.0	0.0	0.0	0.0	0.0	0.0	0.25133403399762794
SRR11856043	0.0	0.0	2.8369177544382715	0.0	0.0	1.0806719685653383	0.22790695664379518	0.0	4.391621028517061	0.22790695664379518	0.0	0.0	0.0	0.0	0.22790695664379518	0.0	0.22790695664379518	0.0	0.0	1.3632832566280453	1.1277984210908865	0.0	2.9109459608785935	0.0	0.0	0.0	0.7657096483726744	0.0	0.0	0.22790695664379518	0.3766057180612312	0.0	0.0	0.0	1.8140965610571538	0.22790695664379518	0.0	0.22790695664379518	0.0	1.1048741085849452	0.0	0.0	0.0	0.0	2.125465427526529	0.9340369909583056	0.0	0.0	0.0	0.0	0.0	0.0	0.0	0.0	0.0	0.0	0.0	0.0	0.0	0.0	0.998739784652276	0.0	0.22790695664379518	0.6483984662771365	2.227087151997301	0.0	0.0	0.22790695664379518	0.0	1.4564139000420082	0.0	0.0	0.22790695664379518	2.0104762896227104	0.0	0.5752242548151285	0.0	0.0	0.0	0.48717182050426777	0.0	0.0	1.2271617436725002	0.0	0.0	0.0	0.0	0.0	0.0	0.0	0.0	0.0	0.0	0.0	0.0	0.0	0.0	0.22790695664379518	0.9340369909583056	0.0	0.0	0.0	0.0	0.0	0.0	0.0	0.0	0.0	3.2244064981015	1.3885040260873243	0.0	0.22790695664379518	0.3766057180612312	0.0	0.0	0.0	0.0	0.0	0.0	0.8142895896879766	0.0	0.0	0.0	0.0	0.22790695664379518	0.48717182050426777	0.0	0.22790695664379518	0.3766057180612312	0.0	1.3365070493294031	0.0	0.22790695664379518	0.0	0.7657096483726744	0.0	0.0	0.0	0.0	0.0	0.48717182050426777	0.0	0.0	2.5150883280179026	0.22790695664379518	0.6483984662771365	0.0	0.0	0.5752242548151285	0.0	0.0	0.3766057180612312	1.1703079652685888	0.8579779866902328	0.22790695664379518	0.0	0.3766057180612312	0.0	0.0	0.0	0.7657096483726744	0.0	0.22790695664379518	0.0	0.0	0.0	0.0	0.0	0.0	0.22790695664379518	0.0	1.722271124839141	0.0	0.0	4.271313929801057	0.0	0.0	0.0	0.22790695664379518	0.0	0.0	0.0	0.3766057180612312	0.0	0.22790695664379518	0.0	0.0	0.22790695664379518	0.7110030705376859	0.0	2.7860622975359943	0.0	0.0	0.3766057180612312	0.0	0.0	0.0	0.0	0.0	0.0	2.561901862545691	0.0	0.3766057180612312	0.0	0.22790695664379518	0.0	0.0	0.22790695664379518	0.0	0.0	0.0	3.0966850135437576	0.8142895896879766	0.22790695664379518	0.22790695664379518	0.22790695664379518	0.0	0.0	0.0	0.22790695664379518
SRR11856044	0.0	0.21093889184241502	2.1174919328290427	0.458782862335708	0.21093889184241502	0.6768691458838523	0.3523060510231951	0.0	3.610789293422476	0.0	0.0	0.3523060510231951	0.0	0.0	0.0	0.0	0.0	0.21093889184241502	0.0	0.9892041514022956	1.5489124989847536	0.21093889184241502	2.900793990730184	2.24573373882249	0.0	0.0	2.297981725262021	0.21093889184241502	0.0	0.3523060510231951	0.0	0.0	0.0	0.0	2.127730411680788	0.0	0.0	0.3523060510231951	0.21093889184241502	0.5442268659267584	0.21093889184241502	0.0	0.0	0.21093889184241502	3.0591698394560995	0.7783365365770193	0.0	0.0	0.0	0.0	0.5442268659267584	0.0	0.0	0.8213746640084205	0.0	0.21093889184241502	0.0	0.0	0.0	0.3523060510231951	1.5002458395517302	0.0	0.458782862335708	1.4046196250943055	2.2784029470933436	0.21093889184241502	0.0	0.21093889184241502	1.3937885562338994	0.929615108634141	0.21093889184241502	0.0	0.0	1.7719897282348895	0.0	1.4550593946918051	0.730559446697465	0.0	0.0	0.860529680533737	0.0	0.0	0.8213746640084205	0.0	0.0	0.0	0.21093889184241502	0.0	0.0	0.0	0.0	0.0	0.0	0.0	0.21093889184241502	0.21093889184241502	0.3523060510231951	0.6768691458838523	1.435580683528163	0.21093889184241502	0.3523060510231951	0.21093889184241502	0.0	0.0	0.0	0.0	0.0	0.0	3.256187827179141	1.3937885562338994	0.21093889184241502	0.8964446698356179	0.458782862335708	1.464480636085035	0.5442268659267584	0.21093889184241502	0.0	0.0	0.0	0.5442268659267584	2.5408639482504367	0.0	0.0	0.0	0.0	0.8213746640084205	0.0	1.322431043931611	0.21093889184241502	0.0	2.087469383522643	0.21093889184241502	0.5442268659267584	0.0	0.61559239814607	0.21093889184241502	0.0	0.0	0.0	0.0	1.9681187674174176	0.21093889184241502	0.0	3.059880206566896	1.3712807375189509	0.8964446698356179	0.0	0.0	0.3523060510231951	0.21093889184241502	0.0	0.929615108634141	0.21093889184241502	1.204328424066258	0.0	0.0	0.0	0.0	0.21093889184241502	0.21093889184241502	1.7719897282348895	0.21093889184241502	0.0	0.21093889184241502	0.0	0.0	0.0	0.0	0.0	0.6768691458838523	0.0	2.8928730832194542	0.0	0.0	4.572909548156236	0.0	0.21093889184241502	0.0	0.6768691458838523	0.0	0.0	0.0	0.5442268659267584	0.0	0.0	0.21093889184241502	0.0	1.425503601880821	1.445429235866502	0.0	2.7016819375145125	0.0	0.0	0.0	0.0	0.0	0.21093889184241502	0.0	0.0	0.0	2.2268209200016833	0.0	0.5442268659267584	0.21093889184241502	0.0	0.5442268659267584	0.21093889184241502	0.0	0.0	0.0	0.0	1.3937885562338994	0.5442268659267584	0.0	0.0	0.0	0.0	0.0	0.0	0.0
SRR11856046	0.0	0.0	2.255466039554526	0.0	0.0	1.0718381307155525	0.0	0.0	4.130607413108586	0.0	0.0	0.0	0.0	0.0	0.4471272137240757	0.0	0.0	0.0	0.0	1.3710219628945666	1.2988075460921007	0.0	1.5236999627395664	0.8061395254115868	0.0	0.0	1.3873438517126964	0.0	0.0	0.0	0.0	0.0	0.4471272137240757	0.0	2.1797913054288536	0.2787308934462182	0.0	0.0	0.0	0.6627203142918439	0.0	0.0	0.0	0.0	2.679380057447321	0.7403234666916069	0.0	0.0	0.0	0.4471272137240757	0.0	0.0	0.0	0.0	0.0	0.0	0.0	0.0	0.2787308934462182	0.0	0.7403234666916069	0.0	0.2787308934462182	0.0	1.4608515621877696	0.4471272137240757	0.0	0.0	0.0	2.257630900280546	0.6627203142918439	0.0	1.1874758944871229	2.2640614778240935	0.0	0.7403234666916069	0.2787308934462182	0.0	0.0	0.2787308934462182	0.0	0.0	3.2190386466559686	0.0	0.0	0.0	0.0	0.0	0.0	0.0	0.0	0.0	0.0	0.0	0.0	0.0	0.4471272137240757	0.0	1.2787081847522614	0.0	0.0	0.0	0.0	0.0	0.0	0.0	0.0	0.0	3.5649730019357855	1.4182551817052604	0.0	0.4471272137240757	0.0	0.2787308934462182	0.0	0.0	0.0	0.0	0.0	0.7403234666916069	1.992064036533432	0.0	0.0	0.0	0.0	0.6627203142918439	0.0	2.3488409983075016	0.7403234666916069	0.0	1.6273190478392734	0.0	0.4471272137240757	0.0	0.6627203142918439	0.0	0.0	0.0	0.0	0.0	0.4471272137240757	0.0	0.0	2.893269933445392	0.0	0.0	0.0	0.0	0.8632814880207815	1.1874758944871229	0.0	0.4471272137240757	0.4471272137240757	2.782926134503069	0.0	0.0	0.0	0.0	0.0	0.0	1.787413317145482	0.2787308934462182	0.0	0.0	0.0	0.0	0.0	0.0	0.0	0.0	0.0	0.9999568547222624	0.0	0.0	4.409193481713822	0.0	0.2787308934462182	0.0	0.0	0.2787308934462182	0.0	0.0	0.2787308934462182	0.0	0.0	0.0	0.0	0.0	1.133494494048833	0.0	3.2997861252209306	0.0	0.0	0.0	0.0	0.0	0.2787308934462182	0.0	0.0	0.0	0.9137717594808249	0.0	0.8061395254115868	0.0	0.0	0.0	0.0	0.0	0.0	0.0	0.0	1.5887850217517083	0.0	0.2787308934462182	0.0	0.0	0.0	0.0	0.0	0.8632814880207815
SRR11856047	0.0	0.0	0.6073030998877925	0.0	0.0	0.9604496558042266	0.0	0.0	2.2000570688837233	0.0	0.0	0.0	0.0	0.0	0.0	0.0	0.0	0.0	0.0	0.30453242507398715	0.7045604130790599	0.0	2.0932799354677747	3.1104330068855917	0.0	0.0	3.938535595649216	0.0	0.0	0.4817849117450599	0.0	0.0	0.0	0.0	0.7839730383825827	0.0	0.0	0.4817849117450599	0.0	0.6073030998877925	0.0	0.0	0.0	0.30453242507398715	2.117512893872109	0.7045604130790599	0.0	0.0	0.0	2.5066420186625535	0.0	0.30453242507398715	0.4817849117450599	0.0	0.0	0.0	0.0	0.0	0.0	0.0	2.8831854757099333	0.0	0.8510850234701335	0.6073030998877925	2.431832455492074	0.30453242507398715	0.0	0.0	0.0	1.8819458110943332	0.0	0.0	1.085580943445182	3.201209162249736	0.4817849117450599	0.4817849117450599	0.7839730383825827	0.0	0.0	0.30453242507398715	0.0	0.0	0.7045604130790599	0.0	0.0	0.0	0.0	0.0	0.0	0.0	0.0	0.0	0.0	0.0	0.0	0.0	0.0	0.0	0.4817849117450599	0.0	0.0	0.30453242507398715	0.0	0.0	0.0	0.0	0.0	0.0	4.31380882002438	1.7992568833537332	0.0	0.0	0.0	1.8197837039738418	0.0	0.0	0.0	0.0	0.0	0.0	0.30453242507398715	0.0	0.0	0.0	0.0	0.6073030998877925	0.0	0.30453242507398715	0.30453242507398715	0.0	2.847700086146257	0.0	0.6073030998877925	0.0	0.0	0.4817849117450599	0.0	0.0	0.0	0.0	0.30453242507398715	0.0	0.0	1.085580943445182	0.0	0.6073030998877925	0.0	0.0	0.8510850234701335	0.7045604130790599	0.0	0.0	0.30453242507398715	1.3076606416683698	0.0	0.0	0.0	0.0	0.0	0.0	3.0718030971760775	0.30453242507398715	0.4817849117450599	0.0	0.0	0.0	0.0	0.0	0.0	0.0	0.0	2.5584073950561748	0.0	0.0	2.7179264924194846	0.0	0.30453242507398715	0.0	0.4817849117450599	0.0	0.0	0.0	0.0	0.0	0.0	0.0	0.0	0.0	0.4817849117450599	0.0	2.341398546655168	0.0	0.0	0.7045604130790599	0.0	0.0	0.0	0.0	0.0	0.0	3.5728227767388745	0.0	0.0	0.0	0.0	0.30453242507398715	0.0	0.0	0.0	0.0	0.0	3.9463954464195936	0.0	0.0	0.0	0.0	0.0	0.0	0.0	0.30453242507398715
SRR11856048	0.7646611540777415	0.0	0.34323583896527193	0.0	0.0	0.8463751772816364	0.0	0.0	4.302602058255598	0.0	0.0	0.34323583896527193	0.0	0.0	0.0	0.0	0.0	0.0	0.0	1.982839614894253	0.6639240625057694	0.0	2.965936222799386	0.34323583896527193	0.0	0.0	1.634923499833756	0.0	0.0	0.0	0.0	0.0	0.0	0.0	1.4928033497759898	0.0	0.0	0.532530949877237	0.0	1.3555322631116866	0.0	0.0	0.0	0.0	2.0969957361693856	1.7511994831354725	0.0	0.0	0.0	1.6698436328112003	0.0	0.0	0.0	0.0	0.0	0.0	0.0	0.0	0.0	0.0	1.18891377547428	0.0	0.0	0.0	2.1444937305442693	0.0	0.0	0.0	0.0	1.115318575516735	0.0	0.0	0.0	3.460851439808417	0.0	0.532530949877237	0.532530949877237	0.0	0.0	0.532530949877237	0.0	0.0	0.7646611540777415	0.0	0.0	0.0	0.34323583896527193	0.0	0.532530949877237	0.0	0.0	0.0	0.0	0.0	0.0	0.0	0.0	0.34323583896527193	1.115318575516735	0.0	0.34323583896527193	0.0	0.0	0.0	0.0	0.0	0.0	0.0	4.285410112782098	1.5969481059315298	0.0	0.0	0.0	0.9744592539134486	0.6639240625057694	0.34323583896527193	0.0	0.0	0.0	1.0266551811333224	0.6639240625057694	0.0	0.0	0.34323583896527193	0.0	0.34323583896527193	0.0	1.0266551811333224	0.532530949877237	0.0	1.8502732659448564	0.0	0.8463751772816364	0.0	0.0	0.0	0.0	0.0	0.0	0.0	1.2518260794370941	0.0	0.0	2.4605752513375383	0.0	1.905645454598595	0.0	0.0	0.532530949877237	0.0	0.0	1.3780040991512745	0.34323583896527193	2.8379381754136066	0.0	0.0	0.0	0.0	0.0	0.0	0.8463751772816364	0.0	0.34323583896527193	0.0	0.0	0.0	0.0	0.0	0.0	0.0	0.0	2.328228000423552	0.0	0.0	3.6046552906466967	0.0	0.0	0.0	0.0	0.0	0.0	0.0	0.0	0.0	0.0	0.0	0.532530949877237	1.8575933611870585	1.3993701503349338	0.0	2.495360970314667	0.0	0.0	0.9744592539134486	0.0	0.0	0.0	0.0	0.0	0.0	1.5251915700827687	0.0	0.0	0.0	0.532530949877237	0.0	0.0	0.0	0.0	0.0	0.34323583896527193	1.827542235771985	0.34323583896527193	0.0	0.0	0.0	0.0	0.0	0.0	0.0
SRR11856049	0.0	0.0	3.0065027424729767	0.0	0.0	0.7010625891013319	0.0	0.0	2.4125371412427703	0.478865774803418	0.0	0.7010625891013319	0.0	0.0	0.0	0.0	0.0	0.0	0.0	1.0437698427756796	1.3642286628249356	0.0	3.480457768317861	0.0	0.478865774803418	0.0	1.8659013151162371	0.0	0.478865774803418	0.7010625891013319	0.956566982446698	0.478865774803418	0.0	0.0	0.7010625891013319	0.0	0.0	0.7010625891013319	0.0	0.478865774803418	0.0	0.0	0.0	1.0437698427756796	1.8154874170594226	2.9780432098068705	0.0	0.0	0.0	1.400449903167515	0.478865774803418	0.0	0.0	0.478865774803418	0.0	0.956566982446698	0.0	0.0	0.0	0.478865774803418	1.521049112989165	0.0	0.7010625891013319	0.0	3.17375355287231	0.0	0.0	0.0	0.0	0.478865774803418	0.478865774803418	0.0	0.0	2.0924980807355107	0.0	0.478865774803418	0.478865774803418	0.0	0.0	0.7010625891013319	0.0	0.0	0.0	0.0	0.0	0.0	0.0	0.0	0.0	0.0	0.0	0.0	0.0	0.0	0.0	0.0	0.0	0.0	1.281230564518264	0.0	0.0	0.0	0.0	0.0	0.0	0.0	0.0	0.0	4.293783001710646	1.9519748806090704	0.0	0.0	0.0	0.0	0.0	0.0	0.0	0.0	0.0	1.0437698427756796	1.6153344428990477	0.0	0.0	0.0	0.0	0.0	0.0	1.3642286628249356	0.0	0.0	2.250572700515546	0.0	0.0	0.0	0.0	0.478865774803418	0.0	0.0	0.0	0.0	1.400449903167515	0.0	0.0	2.5009164390227996	0.478865774803418	0.478865774803418	0.0	0.0	0.7010625891013319	0.0	0.0	1.4338813828320665	2.2094238467893907	1.4338813828320665	0.0	0.0	0.0	0.0	0.0	1.4338813828320665	1.7429294588062962	0.0	0.0	0.0	0.0	0.0	0.0	0.0	0.478865774803418	0.478865774803418	0.0	2.4291156591077376	0.0	0.0	4.200693470298842	0.0	0.0	0.0	0.7010625891013319	0.0	0.0	0.0	0.0	0.0	0.0	0.0	0.0	0.0	2.265051006683882	0.0	1.521049112989165	0.0	0.0	0.0	0.0	0.0	0.0	0.0	0.0	0.0	3.017551990917842	0.478865774803418	0.478865774803418	0.0	0.0	0.0	0.0	0.0	0.0	0.0	0.0	3.6609112371739854	0.0	0.8473397100050528	0.0	0.0	0.0	0.0	0.0	0.0
SRR11856050	0.3053517215691004	0.0	2.607369923794626	0.0	0.0	0.48287405156092994	0.0	0.0	3.694609405569186	0.0	0.0	0.0	0.0	0.0	0.0	0.0	0.0	0.0	0.0	0.7853304180330731	1.1218886297748258	0.3053517215691004	3.6182998795429784	3.013343601009419	0.0	0.0	2.3814767847182114	0.0	0.0	0.3053517215691004	0.0	0.3053517215691004	0.0	0.0	1.786610158590808	0.0	0.0	0.3053517215691004	0.0	0.6085265591589137	0.3053517215691004	0.0	0.0	0.0	3.342044191719404	1.4554546416851726	0.0	0.3053517215691004	0.0	1.2121882589626893	0.0	0.0	0.0	0.3053517215691004	0.0	0.0	0.0	0.0	0.0	0.0	2.0804106987012045	0.0	0.48287405156092994	0.0	2.635946639707507	0.3053517215691004	0.0	0.0	0.0	1.00774840684009	0.48287405156092994	0.0	0.0	3.2815975991359547	0.0	0.7853304180330731	0.0	0.0	0.0	0.48287405156092994	0.0	0.0	0.8524805930361823	0.0	0.0	0.0	0.0	0.0	0.0	0.0	0.0	0.0	0.3053517215691004	0.0	0.0	0.0	0.7058642723526062	0.3053517215691004	1.7244404075849973	0.0	0.0	0.0	0.0	0.0	0.3053517215691004	0.0	0.0	0.0	3.5218158568120854	1.732716024786166	0.0	0.0	0.0	0.0	0.0	0.0	0.0	0.0	0.0	0.6085265591589137	4.1115481652126675	0.0	0.0	0.0	0.0	0.6085265591589137	0.0	0.3053517215691004	0.3053517215691004	0.0	2.6480678252211356	0.0	0.0	0.0	0.7853304180330731	0.48287405156092994	0.0	0.0	0.0	0.0	1.4996877578910033	0.0	0.0	3.646788550176217	0.0	1.5268566637367065	0.0	0.0	0.0	0.0	0.3053517215691004	0.6085265591589137	0.6085265591589137	3.089580848518481	0.0	0.0	0.0	0.0	0.0	0.3053517215691004	3.226342784089847	0.0	0.3053517215691004	0.0	0.0	0.0	0.0	0.0	2.3430151913256716	0.0	0.0	3.102365788127933	0.0	0.0	3.8086288786989844	0.0	0.0	0.0	0.0	0.0	0.0	0.0	0.0	0.0	0.0	0.0	0.0	1.552425523500123	1.5268566637367065	0.0	3.238789235428081	0.0	0.0	0.3053517215691004	0.0	0.0	0.0	0.0	0.0	0.3053517215691004	1.3506362744957987	0.3053517215691004	0.3053517215691004	0.0	0.0	0.0	0.0	0.0	0.0	0.0	0.3053517215691004	2.385142042072187	0.48287405156092994	0.0	0.0	0.0	0.0	0.0	0.0	0.0
SRR11856051	0.0	0.0	2.881143240489249	0.0	0.0	0.44914397238708886	0.0	0.2802178057564973	1.9445615852352804	0.0	0.0	0.0	0.0	0.0	0.0	0.0	0.0	0.0	0.0	0.44914397238708886	0.6651742999778802	0.0	3.6723364497730424	0.2802178057564973	0.0	0.0	2.9843116074090057	0.0	0.0	0.44914397238708886	0.0	0.0	0.0	0.0	1.2150842803325732	0.0	0.0	0.2802178057564973	0.0	0.0	0.0	0.0	0.0	0.0	1.5026751108747138	0.0	0.0	0.0	0.0	0.2802178057564973	0.2802178057564973	0.0	0.0	0.9617887452485211	0.0	0.0	0.0	0.0	0.0	0.0	0.44914397238708886	0.0	0.2802178057564973	0.0	2.081516484740258	0.2802178057564973	0.0	0.0	0.0	0.0	0.2802178057564973	0.0	0.0	2.606763222458827	0.0	0.8087846638294978	0.916524094222526	0.0	0.0	0.7428886784336837	0.0	0.0	0.0	0.0	0.0	0.0	0.0	0.0	0.0	0.0	0.0	0.0	0.0	0.0	0.0	0.0	0.0	0.2802178057564973	0.5704553403485861	0.44914397238708886	0.0	0.0	0.0	0.0	0.0	0.0	0.0	0.0	3.9883362959196704	2.0580541036777666	0.0	0.7428886784336837	0.0	0.2802178057564973	0.0	0.0	0.0	0.0	0.0	1.7840713652198774	0.44914397238708886	0.0	0.0	0.0	0.0	0.0	0.0	1.621059338734652	0.0	0.0	1.89234736124882	0.2802178057564973	0.0	0.0	0.0	0.916524094222526	0.2802178057564973	0.0	0.0	0.0	0.2802178057564973	0.0	0.0	1.6905511575199332	0.0	0.2802178057564973	0.0	0.0	1.926292659958307	0.0	0.0	0.2802178057564973	0.0	1.4771984143364316	0.0	0.0	0.0	0.0	0.0	0.2802178057564973	0.9617887452485211	0.0	0.2802178057564973	0.2802178057564973	0.0	0.0	0.0	0.0	0.0	0.44914397238708886	0.0	0.5704553403485861	0.0	0.0	4.487951418128298	0.0	0.0	0.0	1.0402296817608927	0.0	0.0	0.0	0.2802178057564973	0.0	0.2802178057564973	0.0	0.0	0.0	0.7428886784336837	0.0	2.8370561955140943	0.0	0.0	1.8769458245485087	0.0	0.0	0.2802178057564973	0.0	0.0	0.0	1.6824489041161033	0.0	0.0	0.0	0.0	0.0	0.0	0.0	0.0	0.0	0.0	2.94992696945542	0.2802178057564973	0.2802178057564973	0.0	0.0	0.0	0.0	0.0	0.0
SRR11856052	0.0	0.0	1.0313010919542365	0.0	0.31869720575416194	1.2085094213437102	0.0	0.0	2.083564337446675	0.0	0.0	0.0	0.0	0.0	0.0	0.0	0.0	0.0	0.31869720575416194	0.9335513865602321	0.7269025414918526	0.0	1.8403031011743916	0.0	0.0	0.0	2.4324505162682604	0.0	0.0	0.31869720575416194	0.0	0.0	0.0	0.0	1.6248536924052066	0.0	0.0	0.5005213528744497	0.5005213528744497	0.0	0.0	0.0	0.0	0.0	2.520256315858081	1.3340056174863044	0.31869720575416194	0.0	0.0	1.5900202906279985	0.6282984022217881	0.0	0.0	0.31869720575416194	0.0	0.0	0.0	0.0	0.0	0.0	1.3340056174863044	0.0	0.0	0.6282984022217881	1.3116412504062132	0.0	0.0	0.31869720575416194	0.0	0.7269025414918526	0.0	0.0	0.0	3.6388614898449507	0.0	0.9335513865602321	0.7269025414918526	0.0	0.0	0.0	0.0	0.0	0.5005213528744497	0.0	0.0	0.0	0.0	0.0	0.0	0.0	0.0	0.0	0.0	0.0	0.0	0.0	0.0	0.0	1.3340056174863044	0.0	0.31869720575416194	0.31869720575416194	0.0	0.0	0.0	0.0	0.0	0.0	4.543360896868455	1.5900202906279985	0.0	0.31869720575416194	0.0	0.31869720575416194	0.5005213528744497	0.0	0.0	0.0	0.0	2.523086312656747	0.0	0.0	0.0	0.0	0.0	0.8072095447254402	0.0	3.03677664809832	0.31869720575416194	0.0	1.538751887995294	0.0	0.5005213528744497	0.0	0.5005213528744497	0.0	0.0	0.0	0.0	0.0	0.0	0.0	0.0	1.5249299550830027	0.0	0.9335513865602321	0.0	0.0	0.8072095447254402	0.0	0.31869720575416194	0.0	1.3116412504062132	3.4517703862609554	0.0	0.0	0.0	0.0	0.0	1.0313010919542365	0.31869720575416194	0.0	0.0	0.0	0.0	0.0	0.0	0.0	0.0	0.0	0.0	1.288062386575516	0.0	0.0	3.6248079959378514	0.0	0.0	0.0	0.5005213528744497	0.0	0.0	0.0	0.0	0.0	0.0	0.0	0.31869720575416194	0.0	0.8072095447254402	0.0	2.7934975980343366	0.0	0.0	0.31869720575416194	0.0	0.0	0.0	0.0	0.0	0.0	1.2085094213437102	0.0	0.31869720575416194	0.0	0.0	0.0	0.0	0.0	0.0	0.0	0.0	2.328940887933671	0.0	0.0	0.0	0.0	0.0	0.0	0.0	0.31869720575416194
SRR11856053	0.0	0.0	3.1584428220547505	0.0	0.31783575665231845	1.029797294746583	0.0	0.0	2.014925583884003	0.31783575665231845	0.0	0.0	0.0	0.31783575665231845	0.0	0.0	0.0	0.0	0.0	0.9320865977388947	0.7255556677455126	0.0	3.7467216881891283	2.8908765573817745	0.0	0.0	2.236906763490364	0.0	0.0	1.2069538413569936	0.0	0.7255556677455126	0.0	0.0	1.1095115112040008	0.0	0.0	1.029797294746583	0.49938746100734344	0.0	0.0	0.0	0.0	0.0	2.0857826068054077	0.49938746100734344	0.0	0.31783575665231845	0.0	2.0011266178006344	0.6270308886152663	0.0	0.0	0.6270308886152663	0.0	0.0	0.0	0.31783575665231845	0.0	0.0	2.4658374154996032	0.0	0.6270308886152663	1.029797294746583	1.3933299497671918	0.31783575665231845	0.0	0.0	0.0	0.8058100986463113	0.0	0.0	0.0	2.862885055625461	0.0	1.7313196128662691	0.6270308886152663	0.0	0.8058100986463113	0.8058100986463113	0.31783575665231845	0.0	0.49938746100734344	0.31783575665231845	0.0	0.0	0.0	0.0	0.0	0.0	0.0	0.0	0.0	0.0	0.31783575665231845	0.0	0.0	0.0	0.8058100986463113	0.6270308886152663	0.0	0.0	0.0	0.49938746100734344	0.0	0.0	0.0	0.0	4.363803333722144	1.7806057952388792	0.0	0.31783575665231845	0.0	0.31783575665231845	0.0	0.0	0.0	0.0	0.0	0.0	0.0	0.0	0.0	0.0	0.0	1.071480772117022	0.0	0.49938746100734344	0.0	0.0	1.8713738514179765	0.0	0.6270308886152663	0.0	0.0	1.1095115112040008	0.0	0.0	0.0	0.0	1.029797294746583	0.0	0.0	1.286489603366421	0.49938746100734344	0.8058100986463113	0.0	0.0	0.8058100986463113	0.7255556677455126	0.31783575665231845	0.0	0.7255556677455126	1.286489603366421	0.0	0.0	0.31783575665231845	0.0	0.0	0.31783575665231845	1.029797294746583	0.0	0.31783575665231845	0.0	0.0	0.0	0.0	0.0	0.0	0.8058100986463113	0.0	2.447836512357534	0.0	0.0	3.5289356064274657	0.0	0.0	0.0	1.332424243444834	0.0	0.0	0.0	0.31783575665231845	0.0	0.0	0.0	0.0	0.0	1.2069538413569936	0.0	3.531561481478573	0.0	0.0	0.7255556677455126	0.0	0.0	0.31783575665231845	0.31783575665231845	0.0	0.0	2.7404932397541177	0.0	0.31783575665231845	0.0	0.0	0.0	0.31783575665231845	0.0	0.0	0.0	0.0	3.968337756882323	0.0	0.0	0.0	0.0	0.0	0.0	0.0	0.0
SRR11856054	0.3151268360773507	0.0	0.3151268360773507	0.0	0.0	1.139620990950037	0.0	0.0	4.37115783262437	0.0	0.0	0.0	0.0	0.0	0.0	0.0	0.0	0.0	0.0	0.49581716080945776	0.49581716080945776	0.0	1.6503592179855087	0.3151268360773507	0.0	0.0	2.2681451819516516	0.0	0.3151268360773507	0.0	0.0	0.0	0.0	0.0	0.49581716080945776	0.0	0.0	0.6230372946709314	0.0	0.6230372946709314	0.0	0.0	0.0	0.0	1.8907049091805492	1.281526919974741	0.0	0.0	0.0	1.4581174328991238	0.3151268360773507	0.0	0.0	0.0	0.0	0.0	0.0	0.0	0.0	0.0	0.9274670715859559	0.0	0.3151268360773507	0.0	0.8013980291455315	0.0	0.0	0.3151268360773507	0.0	0.7213104155740285	0.49581716080945776	0.3151268360773507	0.0	2.7301276529612135	0.0	0.8689910679941657	0.0	0.0	0.0	0.3151268360773507	0.0	0.0	0.9274670715859559	0.0	0.0	0.0	0.0	0.0	0.0	0.0	0.0	0.0	0.0	0.0	0.0	0.0	0.0	0.0	1.2020458458872776	0.3151268360773507	0.0	0.0	0.0	0.0	0.0	0.0	0.0	0.0	4.338718448519675	1.4739473391210025	0.0	0.0	0.0	0.6230372946709314	0.0	0.49581716080945776	0.0	0.0	0.0	2.141486972983524	0.0	0.0	0.0	0.3151268360773507	0.0	0.3151268360773507	0.0	0.8013980291455315	0.3151268360773507	0.0	1.4739473391210025	0.0	0.7213104155740285	0.0	0.3151268360773507	0.0	0.0	0.0	0.0	0.0	0.0	0.3151268360773507	0.0	1.5182441091700585	0.0	1.4068401507801502	0.0	0.0	0.7213104155740285	0.0	0.0	0.49581716080945776	0.8013980291455315	2.9236910308675514	0.0	0.0	0.0	0.0	0.0	0.0	0.8689910679941657	0.0	0.0	0.0	0.0	0.0	0.0	0.0	0.3151268360773507	0.0	0.0	1.025053858736871	0.0	0.0	3.1551591888018953	0.0	0.0	0.0	0.3151268360773507	0.0	0.0	0.0	0.0	0.0	0.0	0.0	0.0	0.0	1.4892204842228405	0.0	2.8856484361516888	0.0	0.0	0.0	0.0	0.0	0.0	0.0	0.0	0.0	1.139620990950037	0.3151268360773507	0.0	0.0	0.3151268360773507	0.0	0.0	0.0	0.0	0.0	0.0	2.1948848804231598	0.0	0.0	0.0	0.0	0.0	0.0	0.0	0.0
SRR11856055	0.2549962016295888	0.0	2.1840735684128876	0.4145907271053531	0.0	0.6227755196195427	1.024742645786786	0.0	1.736582111177156	0.0	0.0	0.0	0.0	0.0	0.0	0.0	0.0	0.6227755196195427	0.0	0.9536897265923174	1.268924473788821	0.0	2.0878736164259815	0.0	0.0	0.2549962016295888	1.3832191530234692	0.0	0.0	0.4145907271053531	0.2549962016295888	0.0	0.2549962016295888	0.0	2.530091741529783	0.0	0.0	0.0	0.9906676485762029	0.0	0.0	0.0	0.0	0.0	1.8228616438498053	0.4145907271053531	0.4145907271053531	0.0	0.0	0.9536897265923174	0.8190162944578097	0.0	0.0	0.9132678150306096	0.0	0.0	0.0	0.0	0.0	0.0	0.8190162944578097	0.0	0.2549962016295888	0.5310399999601484	2.8158854564564666	0.0	0.0	0.2549962016295888	0.0	0.5310399999601484	0.0	0.0	0.0	2.531114208512518	0.0	0.6227755196195427	0.4145907271053531	0.0	0.0	0.0	0.0	0.0	0.0	0.0	0.0	0.0	0.0	0.0	0.0	0.0	0.0	0.0	0.0	0.0	0.0	0.0	0.0	0.2549962016295888	2.1361031798202976	0.0	0.0	0.0	0.0	0.0	0.0	0.0	0.0	0.0	3.9702919221370236	1.4371513464682226	0.0	0.6227755196195427	0.0	0.2549962016295888	0.0	0.2549962016295888	0.0	0.0	0.0	2.543199654171199	0.0	0.0	0.0	0.0	0.0	0.0	0.2549962016295888	1.8858768776980674	0.0	0.0	1.736582111177156	0.0	0.6227755196195427	0.0	0.0	0.2549962016295888	0.2549962016295888	0.0	0.0	0.0	0.0	0.0	0.0	1.620569240690453	0.0	0.0	0.0	0.0	0.6227755196195427	0.0	0.0	0.5310399999601484	0.6984725314463861	2.7980297047118206	0.2549962016295888	0.0	0.0	0.0	0.0	0.4145907271053531	1.287211879767686	0.2549962016295888	0.0	0.2549962016295888	0.0	0.0	0.0	0.0	0.0	0.5310399999601484	0.0	0.4145907271053531	0.0	0.0	4.562804585310588	0.0	0.0	0.0	0.5310399999601484	0.0	0.2549962016295888	0.0	0.0	0.0	0.0	0.0	0.0	0.0	2.079287715269658	0.0	2.680077397733707	0.0	0.0	0.0	0.0	0.0	0.0	0.0	0.0	0.0	1.1133692945235256	0.0	0.9906676485762029	0.0	0.0	0.0	0.0	0.0	0.0	0.0	0.2549962016295888	2.093504676687494	0.0	0.2549962016295888	0.0	0.0	0.0	0.0	0.0	0.0
SRR11856057	0.0	0.0	3.4185828794687123	0.3401516635005127	0.0	1.2161879444463857	0.0	0.0	2.0427501803536168	0.0	0.0	0.6594956992949184	0.0	0.0	0.0	0.0	0.0	0.0	0.0	0.8415239466007254	1.4142886448756433	0.0	3.4637918721076084	0.6594956992949184	0.0	0.3401516635005127	3.4359504792616637	0.3401516635005127	0.3401516635005127	0.0	0.0	0.0	0.0	0.0	1.274801570443922	0.3401516635005127	0.0	0.0	0.0	0.9101522174498508	0.0	0.0	0.0	1.148410862718465	2.528084307567186	1.8801108560973887	0.0	0.0	0.3401516635005127	1.0680645344819275	0.7599776356456234	0.0	0.0	0.6594956992949184	0.3401516635005127	0.0	0.0	0.0	0.0	0.0	1.9313832571587477	0.0	0.8415239466007254	0.3401516635005127	2.836065006265433	0.3401516635005127	0.0	0.0	0.0	0.3401516635005127	0.0	0.0	0.0	3.393247575670435	0.0	1.148410862718465	0.3401516635005127	0.0	0.3401516635005127	0.8415239466007254	0.0	0.0	0.7599776356456234	0.0	0.0	0.0	0.3401516635005127	0.0	0.0	0.0	0.0	0.0	0.0	0.0	0.0	0.0	0.0	0.3401516635005127	2.589345633755477	0.3401516635005127	0.0	0.0	0.3401516635005127	0.0	0.0	0.0	0.0	0.0	4.274869086042994	1.7548122849781156	0.3401516635005127	0.7599776356456234	0.0	0.3401516635005127	0.5285376871081346	0.0	0.0	0.0	0.3401516635005127	1.4142886448756433	2.2648956292361344	0.0	0.0	0.0	0.0	0.6594956992949184	0.0	1.8372472347994955	0.6594956992949184	0.0	2.884461497953285	0.0	0.7599776356456234	0.0	0.0	0.6594956992949184	0.0	0.0	0.0	0.0	1.433730910339569	0.0	0.0	2.817609141444163	0.0	1.4873242771537711	0.0	0.3401516635005127	0.5285376871081346	0.5285376871081346	0.0	1.4701842919816044	0.9694010167070027	1.716892801221165	0.0	0.0	0.0	0.3401516635005127	0.0	1.1100931064512962	1.452339962431478	0.0	0.3401516635005127	0.5285376871081346	0.0	0.0	0.0	0.0	0.0	0.3401516635005127	0.0	3.0998395050151224	0.3401516635005127	0.0	4.119071526567093	0.0	0.3401516635005127	0.0	0.8415239466007254	0.0	0.0	0.0	0.9101522174498508	0.0	0.0	0.0	0.0	1.2161879444463857	1.8141169628301694	0.0	3.2469810488915307	0.0	0.0	1.148410862718465	0.0	0.0	0.0	0.0	0.0	0.0	1.8446914386654054	0.0	0.3401516635005127	0.5285376871081346	0.6594956992949184	0.0	0.0	0.0	0.0	0.0	0.0	1.9772366267913744	0.0	0.0	0.0	0.0	0.0	0.0	0.0	0.0
SRR11856058	0.0	0.0	2.9248691015896946	0.7651360775620656	0.0	0.7651360775620656	0.0	0.29326778942653786	3.331280962238667	0.46674050723491645	0.0	0.7651360775620656	0.0	0.0	0.0	0.0	0.29326778942653786	0.46674050723491645	0.0	0.0	0.8894137033043499	0.0	3.211458861985004	0.5903640287209655	0.0	0.29326778942653786	3.9424697561379	0.0	0.0	1.79749302115235	0.0	0.8317052127947288	0.0	0.0	0.0	0.0	0.0	0.985926566187969	0.6864829965644572	0.0	0.0	0.29326778942653786	0.0	0.0	2.637582284302267	0.985926566187969	0.0	0.0	0.0	0.29326778942653786	1.286161170391706	0.0	0.0	0.8317052127947288	0.29326778942653786	0.29326778942653786	0.0	0.0	0.0	0.0	2.3976956729540406	0.6864829965644572	1.5033313781748414	0.46674050723491645	2.1691300013043158	0.29326778942653786	0.0	0.46674050723491645	0.0	0.46674050723491645	0.29326778942653786	0.0	0.0	2.5595645913177516	0.0	0.8894137033043499	0.5903640287209655	0.29326778942653786	0.0	1.3999207637661921	0.0	0.0	0.0	0.29326778942653786	0.0	0.0	0.46674050723491645	0.0	0.0	0.0	0.0	0.0	0.0	0.0	0.0	0.0	0.46674050723491645	0.0	2.24449334942289	0.0	0.0	0.0	0.0	0.0	0.0	0.0	0.0	0.0	4.131052497470968	1.6379011740971425	0.0	0.7651360775620656	0.0	0.29326778942653786	0.46674050723491645	0.0	0.0	0.0	0.0	2.1747689236987084	0.0	0.29326778942653786	0.0	0.0	0.0	0.0	0.0	1.7089110636969571	0.5903640287209655	0.0	3.3853963846414246	0.0	0.5903640287209655	0.0	0.0	1.1894501418583492	0.46674050723491645	0.0	0.0	0.0	0.46674050723491645	0.0	0.0	2.79593394578132	0.46674050723491645	0.940345631632592	0.0	0.0	0.940345631632592	0.46674050723491645	0.0	1.0648428435742128	0.29326778942653786	1.762751353691729	0.0	0.0	0.0	0.0	0.0	0.8894137033043499	0.0	0.0	0.46674050723491645	0.0	0.0	0.29326778942653786	0.0	0.0	0.0	0.8317052127947288	0.0	3.0193783213638272	0.0	0.0	4.219964684956137	0.0	0.0	0.0	1.3073125573179736	0.0	0.0	0.0	0.29326778942653786	0.29326778942653786	0.29326778942653786	0.0	0.0	0.29326778942653786	0.8317052127947288	0.29326778942653786	1.1894501418583492	0.0	0.0	0.8317052127947288	0.29326778942653786	0.29326778942653786	0.0	0.0	0.0	0.0	2.052656503081573	0.0	0.46674050723491645	0.29326778942653786	0.0	0.0	0.46674050723491645	0.0	0.0	0.0	0.46674050723491645	1.9888136060386865	0.6864829965644572	0.0	0.0	0.29326778942653786	0.0	0.0	0.0	0.0
SRR11856059	0.0	0.0	0.2398555528751109	0.0	0.0	0.5964752250326434	0.6708129094162432	0.0	1.6693896128429142	0.0	0.0	0.0	0.0	0.0	0.0	0.0	0.0	0.0	0.0	0.7896202272358961	0.9228411139344423	0.0	3.109731724748674	0.2398555528751109	0.0	0.0	2.175856768508016	0.0	0.0	0.2398555528751109	0.2398555528751109	0.2398555528751109	0.0	0.0	2.1332571516031145	0.0	0.0	0.0	0.2398555528751109	0.5067307510656793	0.0	0.0	0.0	1.58656895802351	1.2884856130939535	1.1763007021982521	0.0	0.0	0.0	0.0	1.1971277308234651	0.0	0.0	0.8387095549008481	0.3934779557544853	0.0	0.0	0.0	0.0	0.0	0.9594922623135935	0.0	0.0	0.0	2.650326830012385	0.0	0.0	0.0	0.0	0.3934779557544853	0.3934779557544853	0.0	0.0	2.3594595983232827	0.0	0.6708129094162432	0.2398555528751109	0.0	0.0	0.0	0.0	0.0	0.5964752250326434	0.0	0.0	0.0	0.0	0.0	0.0	0.0	0.0	0.0	0.0	0.0	0.0	0.0	0.2398555528751109	0.0	1.5947856941842333	0.0	0.2398555528751109	0.0	0.0	0.0	0.0	0.0	0.0	0.0	3.5355517729895714	1.2884856130939535	0.0	0.7342666378925214	0.3934779557544853	0.0	0.0	0.0	0.0	0.0	0.0	1.0538894324815908	0.0	0.0	0.0	0.0	0.0	0.0	0.0	1.3046584431611716	0.0	0.0	1.6028498541158198	0.0	0.0	0.0	0.5067307510656793	0.2398555528751109	0.0	0.0	0.0	0.0	1.0538894324815908	0.0	0.0	2.601883637056542	0.0	0.9594922623135935	0.0	0.0	0.5964752250326434	0.0	0.0	0.0	0.5964752250326434	1.5337089275205569	0.0	0.0	0.0	0.0	0.0	0.0	0.993289610428057	0.0	0.0	0.0	0.0	0.0	0.0	0.0	0.2398555528751109	0.3934779557544853	0.0	2.0753851425740564	0.0	0.0	4.492379478380537	0.0	0.0	0.0	0.8828094033123743	0.0	0.0	0.0	0.0	0.0	0.0	0.0	0.2398555528751109	0.5067307510656793	1.1070595306859456	0.0	2.0475997436990423	0.0	0.0	0.0	0.0	0.0	0.0	0.0	0.0	0.0	1.6483224631043147	0.0	0.3934779557544853	0.2398555528751109	0.0	0.0	0.2398555528751109	0.0	0.0	0.0	0.2398555528751109	4.0789425135134625	0.2398555528751109	0.2398555528751109	0.0	0.0	0.0	0.0	0.0	0.0
SRR11856060	0.0	0.0	4.012961817775635	0.0	0.0	0.7708416957663009	0.0	1.6989578315765008	4.255376484055022	1.122204394546542	0.0	0.0	0.0	0.3473231767300048	0.0	0.0	0.6697718509900094	0.0	0.0	0.3473231767300048	0.6697718509900094	0.0	3.556148311000993	0.3473231767300048	0.0	0.0	0.3473231767300048	0.0	0.0	1.2285169900761417	0.5378102742670838	0.0	0.0	0.0	0.3473231767300048	1.0800736968196003	0.3473231767300048	0.3473231767300048	0.0	0.0	0.0	0.0	0.0	0.0	2.8353927717529657	1.1606070093372365	0.0	0.0	0.3473231767300048	0.7708416957663009	0.3473231767300048	0.0	0.0	0.0	0.0	0.0	0.0	0.3473231767300048	0.5378102742670838	0.0	0.9216755418828667	0.0	1.25886489255755	0.9216755418828667	0.7708416957663009	0.3473231767300048	0.0	0.0	0.0	2.849161229491153	0.0	0.0	1.3851473290866985	1.6422049913950736	0.0	1.1606070093372365	0.0	0.5378102742670838	0.0	0.6697718509900094	0.7708416957663009	0.0	1.0334124844250225	0.0	0.0	0.0	0.0	0.0	0.0	0.7708416957663009	0.0	0.0	0.3473231767300048	0.3473231767300048	0.0	0.6697718509900094	0.3473231767300048	0.0	0.7708416957663009	0.3473231767300048	0.6697718509900094	0.0	0.0	0.0	0.0	0.0	0.0	0.0	4.047251735880523	1.2872299310938173	0.3473231767300048	0.0	0.3473231767300048	0.0	0.0	0.0	0.0	0.0	0.0	0.0	0.0	0.0	0.0	0.0	0.0	1.2872299310938173	0.0	1.4065282463592756	0.6697718509900094	0.3473231767300048	2.7028272524405264	0.0	0.0	0.5378102742670838	0.7708416957663009	1.0800736968196003	0.0	0.0	0.5378102742670838	0.6697718509900094	1.9194580782838726	0.0	0.9811276587224182	1.8348850998200075	0.3473231767300048	0.5378102742670838	0.0	0.0	2.5175793472456833	1.7766889705167501	0.0	0.0	0.3473231767300048	1.5165233308326258	0.0	0.9216755418828667	1.3851473290866985	0.0	0.0	0.3473231767300048	0.5378102742670838	0.0	0.9811276587224182	0.3473231767300048	0.0	0.0	0.0	0.0	0.0	0.8527741908396989	0.3473231767300048	3.056520846056533	0.0	0.0	2.4734015938337515	0.0	0.0	0.0	0.5378102742670838	1.8649435754407904	0.0	0.0	0.3473231767300048	0.0	0.0	0.0	0.0	0.3473231767300048	1.122204394546542	0.0	3.048982591641164	0.0	0.0	0.5378102742670838	0.0	0.0	1.122204394546542	0.0	0.0	0.0	3.0117905544869523	0.0	0.0	0.0	0.0	0.0	0.0	1.3626590474264233	0.0	0.0	0.0	1.71973330816574	1.0334124844250225	1.8861963644019726	0.0	0.0	0.0	0.0	0.0	1.1606070093372365
SRR11856061	0.607897403214113	0.0	0.0	0.0	0.0	2.0120110695013143	0.7051938013798674	0.0	2.1952366473839766	0.0	0.0	0.0	0.0	0.0	0.0	0.0	0.0	0.0	0.0	0.607897403214113	0.30493030846422836	0.0	1.5986331152929636	0.0	0.0	0.0	2.531489330839506	0.0	0.0	0.0	0.0	0.0	1.3296185307459614	0.0	1.0863052738536385	0.0	0.0	0.48231392644662674	0.0	0.0	0.0	0.0	0.0	0.30493030846422836	2.299982708959399	0.8517629995734086	0.0	0.0	0.0	0.30493030846422836	1.0069955376030322	0.0	0.0	0.30493030846422836	0.0	0.0	0.0	0.0	0.0	0.0	0.9098927179841297	0.0	0.0	0.30493030846422836	1.5516139867944116	0.30493030846422836	0.0	0.0	0.0	0.0	0.0	0.0	0.0	3.494052158127099	0.0	2.3694602792126163	0.0	0.0	0.0	0.0	0.0	0.0	1.0863052738536385	0.0	0.0	0.0	0.0	0.0	0.0	0.0	0.0	0.0	0.0	0.0	0.0	0.0	0.0	0.0	1.8337258177987654	0.0	0.0	0.0	0.30493030846422836	0.0	0.0	0.0	0.0	0.0	4.642434411006857	1.4846305252015783	0.0	0.0	0.0	0.0	0.0	0.0	0.0	0.0	0.0	0.7846324466863666	0.0	0.0	0.0	0.0	0.0	0.9611523657826954	0.0	0.30493030846422836	0.30493030846422836	0.0	1.1533438189317113	0.0	0.7051938013798674	0.0	0.30493030846422836	0.30493030846422836	0.0	0.0	0.0	0.0	1.0484583130390888	0.0	0.0	1.575759559455521	0.0	0.0	0.0	0.0	0.48231392644662674	0.0	0.0	0.30493030846422836	1.7065819485097495	2.24576751938318	0.0	0.0	0.0	0.0	0.0	0.607897403214113	0.607897403214113	0.0	0.30493030846422836	0.0	0.0	0.0	0.0	0.0	0.0	0.0	0.0	1.0484583130390888	0.0	0.0	1.9714700666780847	0.0	0.0	0.0	0.48231392644662674	0.0	0.0	0.0	0.0	0.0	0.0	0.0	0.0	0.0	0.30493030846422836	0.0	3.0112188054540656	0.0	0.0	1.28611422177085	0.0	0.0	0.0	0.0	0.0	0.30493030846422836	1.0069955376030322	0.0	0.0	0.30493030846422836	0.48231392644662674	0.0	0.0	0.0	0.0	0.0	0.0	1.6796999727003017	0.0	0.0	0.0	0.0	0.0	0.0	0.0	0.0
SRR11856062	0.0	0.0	2.224269327826939	0.0	0.0	1.2644437699872042	0.5907705069330961	0.0	2.445832258053888	0.0	0.0	0.0	0.0	0.0	0.0	0.0	0.0	0.0	0.0	2.256805054847633	1.4552244135521613	0.0	2.90187985596352	0.38893202087567086	0.0	0.0	1.2287974893071316	0.0	0.0	0.38893202087567086	0.0	0.0	0.38893202087567086	0.0	2.1971631640735096	0.38893202087567086	0.0	0.38893202087567086	0.0	0.38893202087567086	0.38893202087567086	0.0	0.0	0.38893202087567086	2.078426923557369	1.2287974893071316	0.0	0.0	0.0	1.2644437699872042	0.0	0.0	0.0	0.0	0.0	0.38893202087567086	0.0	0.0	0.38893202087567086	0.0	1.2973848870657634	0.0	0.0	0.0	2.7539152405515313	0.38893202087567086	0.0	0.0	0.0	1.7011802924699206	0.38893202087567086	0.0	0.7280321857586569	3.8469550160613184	0.0	1.3280026222832757	0.0	0.0	0.0	0.0	0.0	0.0	0.38893202087567086	0.0	0.0	0.0	0.0	0.38893202087567086	0.0	0.0	0.0	0.0	0.0	0.0	0.0	0.0	0.0	0.0	1.1899616689374095	0.0	0.0	0.0	0.0	0.0	0.0	0.0	0.0	0.0	4.4721897831191635	1.6753911304301832	0.0	0.0	0.0	0.0	0.0	0.38893202087567086	0.0	0.0	0.0	2.040012574618107	1.8013573059464847	0.0	0.0	0.0	0.0	0.38893202087567086	0.0	1.497237672641374	0.7280321857586569	0.0	1.5534985205864595	0.0	0.7280321857586569	0.0	0.0	0.0	0.0	0.0	0.0	0.0	0.0	0.0	0.0	1.5168123662489144	0.38893202087567086	1.2973848870657634	0.0	0.0	0.38893202087567086	0.0	0.0	0.0	0.5907705069330961	0.9864169702048531	0.0	0.0	0.38893202087567086	0.0	0.0	0.0	0.5907705069330961	0.0	0.0	0.0	0.0	0.0	0.0	0.0	0.38893202087567086	0.0	0.0	1.497237672641374	0.0	0.0	3.9732633285068206	0.0	0.0	0.0	0.0	1.0469147982231257	0.0	0.0	0.38893202087567086	0.0	0.0	0.38893202087567086	0.0	0.8321715457963741	1.6618985679329303	0.0	2.8455398054651484	0.0	0.0	0.38893202087567086	0.0	0.0	0.0	0.0	0.0	0.0	1.7135224411020382	0.0	0.38893202087567086	0.0	0.0	0.0	0.0	0.0	0.0	0.0	0.0	1.3280026222832757	0.38893202087567086	0.9864169702048531	0.0	0.0	0.0	0.38893202087567086	0.0	0.0
SRR11856063	0.0	0.0	2.467970217853881	0.0	0.0	0.31894774242892776	0.31894774242892776	0.0	3.966477654411189	0.0	0.0	0.0	0.0	0.0	0.0	0.0	0.0	0.0	0.0	0.8753761840629785	1.1464654419473677	0.0	3.6309436754139925	2.2576398290724082	0.0	0.0	1.4487990715153918	1.647085543482015	0.0	0.6286668130812011	0.5008509911263155	0.0	0.0	0.0	1.288519318853234	0.0	0.0	0.8076162229264474	0.31894774242892776	0.0	0.0	0.0	0.0	0.0	2.7071515153921357	1.1464654419473677	0.0	0.0	0.0	0.0	0.5008509911263155	0.0	0.0	0.31894774242892776	0.31894774242892776	0.0	0.31894774242892776	0.0	0.0	0.0	1.9692313749373602	0.0	0.5008509911263155	1.288519318853234	2.5003927354740316	0.31894774242892776	0.0	0.0	0.31894774242892776	0.5008509911263155	0.31894774242892776	0.0	0.0	3.0839253873039283	0.0	1.0734397542231378	0.6286668130812011	0.0	0.0	0.8076162229264474	0.0	0.0	0.0	0.0	0.0	0.0	0.31894774242892776	0.0	0.0	0.0	0.0	0.0	0.0	0.0	0.0	0.0	0.0	0.6286668130812011	2.424153793923144	0.0	0.31894774242892776	0.0	0.0	0.0	0.31894774242892776	0.0	0.0	0.0	3.974391161642091	1.4487990715153918	0.8753761840629785	0.5008509911263155	0.0	1.4963583570497458	0.31894774242892776	0.31894774242892776	0.0	0.0	0.0	0.985602519112127	2.1247561512723103	0.0	0.0	0.0	0.0	0.0	0.0	1.6575706088830446	0.0	0.0	2.021549189772787	0.0	0.5008509911263155	0.0	0.0	0.31894774242892776	0.0	0.0	0.0	0.0	2.1103887741396945	0.0	0.0	3.0385525120922434	0.31894774242892776	0.5008509911263155	0.0	0.0	1.3344650397540252	0.0	0.0	1.031738026839772	0.6286668130812011	1.6778105789961122	0.0	0.0	0.0	0.0	0.0	0.31894774242892776	3.1982636555483315	0.0	0.0	0.0	0.31894774242892776	0.0	0.0	0.0	2.299759856982971	0.0	0.0	2.9266195963320367	0.0	0.0	4.280808903804562	0.6286668130812011	0.0	0.0	1.4139284784337058	0.0	0.0	0.0	0.0	0.0	0.0	0.0	2.1554436867412763	1.288519318853234	0.7272939727543745	0.0	1.9742566901941838	0.0	0.0	1.3120994934722559	0.0	0.0	0.0	0.0	0.0	0.0	2.0347878995797486	0.0	0.31894774242892776	0.31894774242892776	0.0	0.0	0.6286668130812011	0.0	0.0	0.0	0.0	1.0734397542231378	0.6286668130812011	0.0	0.0	0.0	0.0	0.0	0.0	0.0
SRR11856064	0.8833934956101042	0.0	1.3848636954596572	0.0	0.0	2.415250520890112	0.42509716955663396	1.1550493547049525	3.7638511210006396	0.6357491563790454	0.0	0.0	0.0	0.0	0.42509716955663396	0.0	0.6357491563790454	0.0	0.0	1.9883653339963472	1.4900114337371106	0.0	1.9883653339963472	0.42509716955663396	0.0	0.0	1.4136317567699146	0.0	0.0	0.776988777641549	0.0	0.0	0.0	0.0	2.8166126144460524	0.6357491563790454	0.42509716955663396	0.0	0.0	0.776988777641549	0.42509716955663396	0.0	0.0	0.0	3.348400675890017	1.2028119817937144	0.0	0.6357491563790454	0.0	0.0	0.0	0.0	0.0	0.0	0.0	0.0	0.0	0.0	0.0	0.0	1.3208905001588638	0.0	0.0	0.0	2.023923708682331	0.0	0.0	0.0	0.0	2.829622845115054	0.42509716955663396	0.0	1.4900114337371106	2.5140411872089956	0.0	1.0401243786197774	0.0	0.42509716955663396	0.0	0.0	0.42509716955663396	0.0	3.149157424056732	0.0	0.0	0.0	0.0	0.0	0.0	0.9687911509260192	0.0	0.0	0.0	0.0	0.0	0.776988777641549	0.0	0.0	0.8833934956101042	0.0	0.0	0.0	0.0	0.0	0.0	0.42509716955663396	0.0	0.0	3.998068838345834	1.8794366400216695	0.0	0.6357491563790454	0.0	0.8833934956101042	0.0	0.0	0.0	0.0	0.0	2.4747644097677464	2.5334805973288494	0.0	0.42509716955663396	0.0	0.0	0.9687911509260192	0.0	2.5334805973288494	1.2028119817937144	0.0	1.6917734480315514	0.0	0.776988777641549	0.0	0.0	0.0	0.0	0.0	0.0	0.42509716955663396	0.6357491563790454	0.0	0.42509716955663396	1.6613928717561435	0.0	1.4136317567699146	0.0	0.0	1.3208905001588638	1.6768487605753397	0.0	0.9687911509260192	0.8833934956101042	3.734150589866893	0.0	0.6357491563790454	1.0401243786197774	0.42509716955663396	0.0	0.42509716955663396	2.5757170145590145	0.0	0.776988777641549	0.0	0.0	0.0	0.0	0.0	0.6357491563790454	0.6357491563790454	0.0	0.776988777641549	0.0	0.0	4.216903869281149	0.0	0.0	0.0	0.0	1.6114226016759694	0.0	0.0	0.0	0.0	0.0	0.0	0.0	0.9687911509260192	1.720167026702527	0.0	3.606345888036992	0.0	0.0	0.6357491563790454	0.0	0.0	0.776988777641549	0.0	0.0	0.0	1.2458383751197064	0.0	1.1550493547049525	0.0	0.0	0.0	0.6357491563790454	1.2028119817937144	0.0	0.0	0.0	1.9414550943654454	0.6357491563790454	1.8980779774510372	0.0	0.0	0.0	0.0	0.0	1.2028119817937144
