SAMPLE_ID	Acholeplasmatales	Acidaminococcales	Acidiferrobacterales	Acidimicrobiales	Acidithiobacillales	Acidobacteriales	Acidothermales	Actinomycetales	Actinopolysporales	Aeromonadales	Alteromonadales	Anaerolineales	Aquificales	Ardenticatenales	Bacillales	Bacteriovoracales	Bacteroidales	Bacteroidetes Order II. Incertae sedis	Bdellovibrionales	Bifidobacteriales	Brachyspirales	Bradymonadales	Bryobacterales	Burkholderiales	Caldilineales	Caldisericales	Calditrichales	Campylobacterales	Candidatus Babeliales	Candidatus Brocadiales	Candidatus Nanopelagicales	Candidatus Nanosynbacterales	Cardiobacteriales	Catenulisporales	Caulobacterales	Cellvibrionales	Chitinophagales	Chlamydiales	Chlorobiales	Chloroflexales	Chromatiales	Chroococcales	Chroococcidiopsidales	Chrysiogenales	Chthonomonadales	Clostridiales	Coprothermobacterales	Coriobacteriales	Corynebacteriales	Cytophagales	Deferribacterales	Dehalococcoidales	Deinococcales	Desulfarculales	Desulfobacterales	Desulfovibrionales	Desulfurellales	Desulfurobacteriales	Desulfuromonadales	Dictyoglomales	Eggerthellales	Egibacterales	Egicoccales	Elusimicrobiales	Emcibacterales	Endomicrobiales	Enterobacterales	Entomoplasmatales	Erysipelotrichales	Euzebyales	Fibrobacterales	Fimbriimonadales	Flavobacteriales	Frankiales	Fusobacteriales	Gemmatales	Gemmatimonadales	Geodermatophilales	Gloeobacterales	Glycomycetales	Halanaerobiales	Halobacteriales	Holosporales	Hydrogenophilales	Ignavibacteriales	Immundisolibacterales	Isosphaerales	Jiangellales	Kineosporiales	Kiritimatiellales	Kordiimonadales	Kosmotogales	Ktedonobacterales	Lactobacillales	Legionellales	Leptospirales	Limnochordales	Magnetococcales	Marinilabiliales	Mariprofundales	Methanobacteriales	Methanocellales	Methanomassiliicoccales	Methanomicrobiales	Methanosarcinales	Methylacidiphilales	Methylococcales	Micrococcales	Micromonosporales	Mycoplasmatales	Myxococcales	Nakamurellales	Natranaerobiales	Nautiliales	Neisseriales	Nevskiales	Nitrosomonadales	Nitrosopumilales	Nitrososphaerales	Nitrospirales	Nostocales	Oceanospirillales	Opitutales	Orbales	Oscillatoriales	Parachlamydiales	Parvularculales	Pasteurellales	Pelagibacterales	Petrotogales	Phycisphaerales	Pirellulales	Planctomycetales	Pleurocapsales	Propionibacteriales	Pseudomonadales	Pseudonocardiales	Puniceicoccales	Rhizobiales	Rhodobacterales	Rhodocyclales	Rhodospirillales	Rickettsiales	Rubrobacterales	Saprospirales	Sedimentisphaerales	Selenomonadales	Silvanigrellales	Solirubrobacterales	Sphaerobacterales	Sphingobacteriales	Sphingomonadales	Spirochaetales	Sporichthyales	Streptomycetales	Streptosporangiales	Sulfolobales	Synechococcales	Synergistales	Syntrophobacterales	Tepidiformales	Thermales	Thermoanaerobacterales	Thermococcales	Thermodesulfobacteriales	Thermomicrobiales	Thermoproteales	Thermosediminibacterales	Thermotogales	Thiotrichales	Tissierellales	Trueperales	Veillonellales	Verrucomicrobiales	Vibrionales	Xanthomonadales
SRR39238458	2.922910947054319	2.5060246228987886	0.0	0.0	0.28845177450142623	0.0	0.0	1.4225645659126571	0.0	0.4602680148712741	0.7569804915980425	1.390451965288541	0.0	0.0	2.78339506785627	0.0	4.353484753921529	0.0	0.0	1.9337986432169434	0.0	0.0	0.28845177450142623	3.997105404594515	1.3180847275282852	0.0	0.0	3.1890633663377113	0.0	0.0	1.7810590395317285	0.9316229863891826	0.0	0.0	1.8381513127700995	0.4602680148712741	0.6786661899598704	0.0	0.0	0.28845177450142623	1.65625711567837	0.0	0.0	0.28845177450142623	0.0	4.267500613396444	0.0	1.5662067357838827	1.6992401255120162	2.754829288802278	0.0	2.630624617499516	0.0	0.0	1.1802288141924786	2.4399412689775244	0.28845177450142623	0.0	0.7569804915980425	0.0	1.8073638303521375	0.0	0.0	0.0	0.0	0.28845177450142623	2.6896863920676957	0.5830533572912633	3.2595890373957177	0.0	0.0	0.5830533572912633	1.8886027981847504	2.3474917853253627	1.4377722156296127	0.28845177450142623	0.0	0.0	0.0	0.0	1.5878931433623273	0.0	0.4602680148712741	0.0	0.28845177450142623	0.0	0.0	0.0	0.0	0.0	0.0	1.355773940449382	0.6786661899598704	2.9170024930842717	1.5433802425374672	0.0	0.0	0.0	0.0	0.0	0.0	0.0	0.0	0.0	0.28845177450142623	0.0	0.0	1.4524653078967327	0.0	0.9316229863891826	0.0	0.6786661899598704	0.0	0.0	2.0239211227513803	0.0	3.072786875015181	0.0	0.0	0.0	0.0	1.961511121722111	0.0	0.28845177450142623	0.4602680148712741	0.28845177450142623	0.0	2.470096714031549	0.0	0.6786661899598704	0.0	0.0	0.28845177450142623	0.28845177450142623	1.2546038236124815	3.3945992115438584	0.0	0.0	1.5433802425374672	2.04287893315773	0.0	0.9770901432403449	1.355773940449382	0.6786661899598704	0.0	0.0	2.69218924605608	0.0	0.0	0.0	0.6786661899598704	2.1564849288560115	1.0904298738728362	0.0	2.4339521558378747	0.0	0.0	0.7569804915980425	0.9316229863891826	0.8233069739520843	0.4602680148712741	0.0	0.5830533572912633	0.0	0.0	0.8808331083476423	0.0	0.0	0.0	0.4602680148712741	4.25322335350332	0.0	3.5238469430208084	2.2756298294785164	2.58198831783026	3.5849220384068277
SRR39238459	2.06386142497274	2.4049972666002812	0.0	0.0	0.5091914710521752	0.0	0.0	0.8178821846391531	0.0	0.32530193305300714	0.8859124142816432	1.407035434706437	0.0	0.0	2.5616696545064714	0.0	4.617555360298767	0.0	0.0	1.443404031317009	0.0	0.0	0.8178821846391531	3.4608765815411857	1.5081100257977065	0.0	0.0	2.2697071148035475	0.0	0.0	1.3876413771566813	0.8859124142816432	0.0	0.0	1.5228849325584608	0.32530193305300714	0.8178821846391531	0.0	0.0	0.5091914710521752	1.042757780996773	0.0	0.0	0.0	0.0	4.444501647285816	0.5091914710521752	0.9964972786992244	1.300036527193262	2.718336216280404	0.0	2.3165309939441117	0.5091914710521752	0.0	0.5091914710521752	3.0281240052072675	0.0	0.0	0.9447151711880644	0.0	1.4605065401678117	0.0	0.0	0.0	0.0	0.5091914710521752	3.348049253449678	0.5091914710521752	2.6651990439558633	0.0	0.0	1.4928147132021863	1.5081100257977065	2.223051494373986	1.7868066339144129	0.0	0.0	0.0	0.0	0.32530193305300714	1.2485711398505255	0.0	0.0	0.0	0.0	0.0	0.0	0.0	0.0	0.0	0.0	1.1226924539551706	0.0	3.366759852974142	0.9964972786992244	0.0	0.0	0.0	0.0	0.0	0.0	0.0	0.0	0.0	0.6379774577640178	0.0	0.0	1.6796847084438271	0.0	1.2485711398505255	0.32530193305300714	0.7371795673515805	0.0	0.0	1.407035434706437	0.32530193305300714	2.3651068613518778	0.0	0.0	0.0	0.32530193305300714	0.0	0.0	0.0	0.0	0.0	0.0	3.5572535354420567	0.0	0.6379774577640178	0.0	0.0	0.32530193305300714	0.0	0.5091914710521752	2.6974661965851277	0.32530193305300714	0.0	1.2203545890699994	1.407035434706437	0.6379774577640178	1.042757780996773	0.7371795673515805	0.5091914710521752	0.0	0.0	2.8158206714440244	0.0	0.9447151711880644	0.0	1.5228849325584608	2.0199100870317666	0.6379774577640178	0.0	2.9832177660529733	0.0	0.0	0.5091914710521752	0.5091914710521752	0.8178821846391531	0.0	0.0	0.8178821846391531	0.0	0.0	0.7371795673515805	0.0	0.0	0.0	0.0	3.184263652759434	0.0	2.6448409548492458	1.897886069664562	1.300036527193262	3.266816378210397
SRR39238460	1.4705830810396816	1.6561406386788315	0.0	0.8393056081827812	0.472622722974943	1.1398493957332785	0.0	1.2488857449500521	0.0	0.0	1.8194111643951323	1.4705830810396816	0.29766047285393094	0.29766047285393094	3.1449156462610954	1.3552587924529815	4.46980563425186	0.0	1.197780528405908	1.7415443734277636	0.0	0.0	0.9482340523110752	2.6007064653566547	1.1077021323173235	0.472622722974943	0.0	2.006138024363517	0.0	0.0	0.29766047285393094	0.8393056081827812	0.0	0.0	1.7492290666088695	1.7492290666088695	2.1268236475026803	0.0	0.0	1.1077021323173235	0.7725207670369012	0.29766047285393094	0.0	0.0	0.0	4.176191523487778	0.0	1.952350919928232	2.0901991634907913	2.4761306188593464	0.6935661474595634	2.360619790404727	0.29766047285393094	0.5969958525740651	0.6935661474595634	2.4689285986194647	0.0	0.0	0.9482340523110752	0.0	1.7492290666088695	0.0	0.6935661474595634	0.0	0.0	0.29766047285393094	3.7592766359123293	0.897176054153256	2.8711905894837852	0.8393056081827812	0.0	1.1077021323173235	2.238786013789227	2.4213948419406615	4.145462259076075	0.472622722974943	1.4084701205596526	0.0	0.0	0.0	1.4985976069149436	0.0	0.29766047285393094	0.0	0.0	0.0	0.0	0.0	0.0	0.0	0.0	0.9482340523110752	0.29766047285393094	3.563662618745375	1.6923409571947081	0.29766047285393094	0.0	0.0	0.0	0.0	1.4084701205596526	0.0	0.0	0.0	0.0	0.0	0.0	1.3552587924529815	0.472622722974943	1.2488857449500521	1.7337212490439189	0.6935661474595634	0.0	0.29766047285393094	2.1836102923853193	1.1398493957332785	2.0144888380100703	0.0	0.0	0.472622722974943	0.0	0.7725207670369012	1.455867657247873	0.9939159086245786	0.0	0.0	0.0	2.871765421410358	0.29766047285393094	0.0	0.0	0.5969958525740651	0.0	0.0	1.391447264593198	2.443507893242603	0.6935661474595634	0.0	2.2054640398414316	1.294605387077745	0.5969958525740651	1.6166462090430191	0.9482340523110752	0.472622722974943	0.6935661474595634	0.472622722974943	2.283304182923136	0.0	0.472622722974943	0.0	1.8445889783884792	1.9071316021967946	0.897176054153256	0.0	3.9905779836262596	0.0	0.0	0.5969958525740651	1.1077021323173235	0.29766047285393094	0.29766047285393094	0.0	0.7725207670369012	0.0	0.0	1.4084701205596526	0.0	0.0	0.0	1.0352467014180595	3.68334343824494	0.0	2.9575016403550327	2.2107598726641866	1.4248508297329945	1.7926833709582943
SRR39238461	0.0	0.3642763898191529	0.0	0.6937805771481368	1.3160343358599174	0.5595563400785861	0.0	1.224337241144212	0.0	0.3642763898191529	0.7961680660093364	0.6937805771481368	0.0	0.0	2.8656685272765765	0.5595563400785861	4.193542281726173	0.0	0.3642763898191529	1.4142577925084858	0.0	0.0	0.6937805771481368	2.178237677763856	1.3427499940526355	0.0	0.0	2.2760842072482323	0.0	0.0	0.0	0.3642763898191529	0.0	0.0	0.0	0.0	0.6937805771481368	0.0	0.0	0.7961680660093364	0.3642763898191529	0.0	0.0	0.0	0.0	4.498974729847461	0.0	2.2282275698778182	1.4561271103880138	1.6718555452740318	0.0	0.3642763898191529	0.0	0.0	0.5595563400785861	2.2214289017472946	0.0	0.0	1.2875669135009447	0.0	1.0610109277024025	0.0	0.3642763898191529	0.6937805771481368	0.0	0.0	4.077472205959001	0.0	2.1549166092270413	0.3642763898191529	0.0	0.0	0.7961680660093364	0.0	2.9057335368135666	0.0	0.3642763898191529	0.0	0.0	0.0	0.5595563400785861	0.0	0.3642763898191529	0.0	0.0	0.0	0.0	0.0	0.0	0.0	0.0	0.3642763898191529	0.0	2.9774370979366673	0.3642763898191529	0.0	0.0	0.0	0.0	0.0	0.0	0.0	0.0	0.0	0.0	0.0	0.0	1.224337241144212	0.0	0.9484726328027195	0.7961680660093364	0.0	0.0	0.0	2.1217359823791497	0.3642763898191529	0.8789629553342353	0.0	0.3642763898191529	0.0	0.3642763898191529	1.3679170395670754	0.0	1.3679170395670754	0.3642763898191529	0.0	0.0	2.868766432361894	0.0	0.0	0.0	0.0	0.0	0.0	0.5595563400785861	1.9161341600573816	0.0	0.0	1.4756393341536338	0.0	0.0	0.6937805771481368	0.5595563400785861	0.5595563400785861	0.0	0.0	1.2571017768826271	0.0	0.0	0.0	0.0	0.5595563400785861	0.3642763898191529	0.0	4.3259354999487805	0.0	0.0	0.6937805771481368	0.0	0.0	0.0	0.0	0.3642763898191529	0.0	0.3642763898191529	1.1079500191478568	0.0	0.0	0.0	0.0	3.6923299937762946	0.0	2.883187035750875	0.3642763898191529	1.4943124660121823	0.8789629553342353
SRR39238462	0.0	2.7746030982781726	0.0	0.0	0.0	0.0	0.0	0.0	0.0	0.0	0.0	0.0	0.0	0.0	1.638519203580752	0.0	4.821423620016069	0.0	0.0	1.5348281380879236	0.28420015880238747	0.0	0.0	2.419105889216472	0.4545333524218408	0.0	0.0	2.746038315163032	0.0	0.0	0.0	0.28420015880238747	0.0	0.0	0.0	0.0	0.0	0.0	0.0	0.0	0.0	0.0	0.0	0.0	0.0	4.326143115812795	0.0	1.5107495173866543	0.5765641723335088	0.9238564715944789	0.0	0.0	0.0	0.0	0.0	1.7723996814730905	0.0	0.0	0.0	0.0	0.5765641723335088	0.0	0.0	0.0	0.0	0.0	1.8174230781172092	0.0	1.5999603938271307	0.0	0.0	0.0	1.2684746930819826	2.271189975372686	2.52566679943913	0.0	0.0	0.0	0.0	0.0	0.0	0.0	0.0	0.0	0.0	0.0	0.0	0.0	0.0	0.0	0.0	0.0	0.0	1.5348281380879236	0.0	0.0	0.0	0.0	0.4545333524218408	0.0	0.0	0.0	0.0	0.0	0.0	0.0	0.0	0.5765641723335088	0.0	0.28420015880238747	0.0	0.28420015880238747	0.0	0.0	0.0	0.0	0.0	0.0	0.0	0.0	0.0	0.28420015880238747	0.0	0.0	0.0	0.0	0.0	1.3289403897099592	0.0	0.0	0.0	0.0	0.0	0.0	0.0	0.0	0.4545333524218408	0.0	0.8731954563904034	0.0	0.0	0.0	0.0	0.0	0.0	0.0	0.28420015880238747	0.0	0.0	0.0	0.5765641723335088	0.0	0.0	0.0	1.0823450753173698	0.0	0.0	0.0	0.4545333524218408	0.0	0.0	0.0	0.4545333524218408	0.0	0.0	0.4545333524218408	0.0	0.0	0.28420015880238747	0.0	2.3423888162275848	0.0	2.745317592701599	2.0034159427162437	0.28420015880238747	0.4545333524218408
SRR39238463	0.0	2.4522055475115345	0.0	0.0	0.0	0.0	0.0	1.2648273846675349	0.0	0.0	0.0	0.0	0.0	0.0	2.594918031583075	0.0	4.570736692054046	0.0	0.0	2.2798290394135443	0.0	0.0	0.0	3.730598604417361	0.0	0.0	0.0	0.0	0.0	0.0	0.0	0.0	0.0	0.0	0.0	0.0	0.0	0.0	0.0	0.0	0.0	0.0	0.0	0.0	0.0	3.7250991777793714	0.0	2.21326210148941	1.417204532234185	0.0	0.0	0.0	0.0	0.0	0.0	1.0280378868600282	0.0	0.0	0.0	0.0	1.8939565896469395	0.0	0.0	0.0	0.0	0.0	2.0959925585551304	0.0	2.1867780893050845	0.0	0.0	0.0	0.0	0.0	4.500273122035627	0.0	0.0	0.0	0.0	0.0	0.0	0.0	0.0	0.0	0.0	0.0	0.0	0.0	0.0	0.0	0.0	0.0	0.0	2.6356278554146884	0.4673680816386144	0.0	0.0	0.0	0.0	0.0	0.0	0.0	0.0	0.0	0.0	0.0	0.0	0.0	0.0	0.0	0.4673680816386144	0.0	0.0	0.4673680816386144	0.6872396346180483	0.0	0.4673680816386144	0.0	0.0	0.0	0.0	0.0	0.0	0.0	0.0	0.0	0.0	1.7259215534097676	0.0	0.0	0.0	0.0	0.0	0.0	0.6872396346180483	0.4673680816386144	0.0	0.0	0.0	0.0	0.0	0.0	0.0	0.0	0.0	0.0	1.5042540489008442	0.0	0.0	0.0	0.0	0.0	0.0	0.0	2.497216259695816	0.0	0.0	0.0	0.0	0.0	0.0	0.0	0.0	0.0	0.0	0.0	0.0	0.0	0.0	0.0	0.4673680816386144	0.0	3.9472313710682236	0.0	0.0	0.0
SRR39238464	0.4508165938636191	1.4926324521046521	0.0	0.6672076719520066	0.0	0.6672076719520066	0.0	1.3595366281816277	0.0	0.7450137159350523	1.341877564835234	0.4508165938636191	0.0	0.0	3.0292541731664033	0.0	4.5490552848660775	0.0	0.0	2.517543862315553	0.0	0.0	0.5723523314701439	3.631194751207106	0.0	0.0	0.0	2.6995691850144823	0.0	0.0	0.0	0.0	0.0	0.0	0.281452368002162	0.0	0.5723523314701439	0.0	0.0	0.281452368002162	0.4508165938636191	0.0	0.0	0.0	0.0	4.223393022813781	0.0	3.0801969947850267	1.8297191127170453	0.7450137159350523	0.0	0.4508165938636191	0.0	0.0	0.0	1.7734792024981485	0.0	0.0	0.5723523314701439	0.0	1.6329106543320433	0.0	0.0	0.0	0.0	0.0	2.368324314878699	0.0	2.7530795750178805	0.0	0.0	0.0	1.0770815596071905	0.0	3.5643728732871245	0.0	0.4508165938636191	0.0	0.0	0.0	0.4508165938636191	0.0	0.0	0.0	0.0	0.0	0.0	0.0	0.0	0.0	0.0	0.281452368002162	0.0	3.159976123888608	0.0	0.0	0.0	0.0	0.0	0.0	0.0	0.0	0.0	0.0	0.0	0.0	0.0	1.005113401247464	0.4508165938636191	0.4508165938636191	0.281452368002162	0.0	0.0	0.0	1.284134468050911	0.281452368002162	0.8109755454394564	0.0	0.0	0.0	0.6672076719520066	0.4508165938636191	0.0	0.0	0.281452368002162	0.0	0.0	1.6509724866411113	0.0	0.0	0.0	0.0	0.0	0.0	0.5723523314701439	0.6672076719520066	0.4508165938636191	0.0	0.7450137159350523	0.6672076719520066	0.0	0.281452368002162	0.0	0.5723523314701439	0.0	0.0	1.9426287481157867	0.0	0.0	0.0	0.281452368002162	0.6672076719520066	0.0	0.0	1.3928364385027499	0.0	0.0	0.0	0.281452368002162	0.0	0.0	0.0	1.1388017961331298	0.0	0.0	0.6672076719520066	0.0	0.0	0.0	0.0	4.261928522982852	0.0	3.4380677588031543	3.568456742897253	0.7450137159350523	1.1090371863066195
SRR39238465	0.0	2.594463087199281	0.0	0.8339581992792501	0.4684817451196271	1.620751250402931	0.0	1.163947241303517	0.0	0.8917150005045176	1.163947241303517	0.5923283576851526	0.0	0.0	2.496218873592732	0.0	4.483310346312107	0.0	0.0	2.270345505724282	0.0	0.5923283576851526	1.5314210660473138	2.598731052734157	1.029568430200482	0.0	0.0	2.575841219859098	0.0	0.0	0.0	1.3492777377402372	0.0	0.0	0.988295595418064	0.29456652940031236	0.5923283576851526	0.0	0.0	0.0	0.0	0.0	0.0	0.0	0.0	4.650346781184606	0.0	3.14504540072271	2.139356864706788	1.1019346475477914	0.0	0.4684817451196271	0.0	0.0	0.0	1.5058898360590989	0.0	0.0	0.9426845437481568	0.0	1.6500205868633535	0.0	0.29456652940031236	0.0	0.0	0.0	3.1414086571651794	0.0	2.239902308461946	0.0	0.0	0.29456652940031236	1.163947241303517	2.008290621891532	3.370077821195998	0.6885817755724549	1.449829103388889	0.29456652940031236	0.0	0.0	0.0	0.0	0.8339581992792501	0.0	0.4684817451196271	0.0	0.0	0.0	0.0	0.0	0.0	0.0	0.4684817451196271	2.6431028070064237	0.0	0.29456652940031236	0.0	0.0	0.0	0.0	0.0	0.0	0.0	0.0	0.0	0.0	0.0	1.4188286052161787	0.8917150005045176	0.29456652940031236	1.0672570905051968	0.0	0.0	0.0	0.9426845437481568	0.0	0.988295595418064	0.0	0.4684817451196271	0.29456652940031236	0.0	0.29456652940031236	0.0	0.0	0.0	0.0	0.0	1.4787634145980575	0.4684817451196271	0.0	0.0	0.0	0.0	0.0	1.309823869516774	2.0164827474927045	0.0	0.0	1.7865257881096026	1.1019346475477914	0.29456652940031236	1.28866600434014	0.29456652940031236	1.1340468470588159	0.0	0.0	3.0962266685054627	0.0	0.4684817451196271	0.0	0.988295595418064	0.8917150005045176	0.0	0.0	2.359943442819338	0.0	0.0	0.0	1.1919209819554293	0.0	0.0	0.0	1.2182014005301667	0.0	0.0	1.668492023997055	0.0	0.0	0.0	0.5923283576851526	3.7213775983816673	0.0	2.6061005314252204	1.1019346475477914	0.6885817755724549	1.24298185068387
SRR39238466	0.2804066092358924	2.6453449689531836	0.0	0.8663298103122833	0.2804066092358924	0.0	0.0	0.962142415980483	0.0	0.0	1.648826126492615	0.6654855090738031	0.449399878269209	0.6654855090738031	1.9124604200858306	0.0	4.573002452217744	0.0	0.0	2.760568487248027	0.0	0.0	0.7432139460944253	1.8667576801124384	1.2820533497006539	0.0	0.0	1.1646110706502952	0.0	0.0	0.0	0.2804066092358924	0.0	0.0	0.2804066092358924	0.0	0.5707456376255282	0.0	0.0	0.0	0.0	0.0	0.0	0.0	0.0	4.536113056433879	0.0	2.562061334179494	0.6654855090738031	1.1646110706502952	0.0	1.8156735861942417	0.0	0.0	0.0	1.6214468475714268	0.0	0.0	0.5707456376255282	0.0	1.1907777759953362	0.0	0.2804066092358924	0.0	0.0	0.0	3.5162056791520593	0.0	3.443034807413044	0.0	0.0	0.0	0.6654855090738031	0.9168730043941448	1.821655514072086	0.0	0.0	0.0	0.0	0.0	0.449399878269209	0.0	0.0	0.0	0.0	0.0	0.0	0.0	0.0	0.0	0.0	0.2804066092358924	0.0	2.0515044559479927	0.0	0.0	0.0	0.0	0.2804066092358924	0.0	0.0	0.0	0.0	0.0	0.0	0.0	0.0	0.809120031424442	0.2804066092358924	0.0	0.5707456376255282	0.0	0.0	0.0	0.8663298103122833	0.0	0.6654855090738031	0.0	0.0	0.5707456376255282	0.2804066092358924	0.0	0.0	0.0	0.0	0.0	0.0	1.944954081555349	0.0	0.0	0.0	0.0	0.0	0.0	0.449399878269209	0.7432139460944253	0.2804066092358924	0.0	0.449399878269209	0.5707456376255282	0.0	0.6654855090738031	0.2804066092358924	0.809120031424442	0.0	0.0	3.57630655869626	0.0	0.0	0.2804066092358924	0.449399878269209	0.0	0.0	0.0	2.9891746101949663	0.2804066092358924	0.0	0.0	0.0	0.0	0.0	0.0	1.1070128668938448	0.0	0.0	0.962142415980483	0.0	0.0	0.0	0.0	2.5421716814885125	0.0	3.7486502254800413	1.2388090833466419	0.9168730043941448	0.0
SRR39238467	0.0	2.5942609332270528	0.0	0.44048615075990943	0.0	0.44048615075990943	0.0	0.9497758621149786	0.0	0.0	1.3931140370896458	0.0	0.0	0.0	2.7191661350341696	0.0	4.544848073473201	0.0	0.0	2.355671365916554	0.0	0.0	0.8543423223938995	3.5566177402227197	0.5606203251978075	0.0	0.0	1.0623518463397614	0.0	0.0	0.0	0.0	0.0	0.0	0.44048615075990943	0.0	0.5606203251978075	0.0	0.0	0.0	0.0	0.0	0.0	0.0	0.0	4.3215468099519665	0.0	3.2750720095535755	0.0	1.5017845807891956	0.0	0.5606203251978075	0.0	0.0	0.0	2.117407863737503	0.0	0.0	0.44048615075990943	0.0	1.7441107697737324	0.0	0.0	0.0	0.0	0.0	2.643776678162027	0.0	2.2923929877712674	0.0	0.0	0.0	0.9046752016823292	0.7318532744691881	4.241998283700426	0.0	0.0	0.0	0.0	0.0	0.27384743989764165	0.0	0.0	0.0	0.0	0.0	0.0	0.0	0.0	0.0	0.0	0.0	0.0	3.3667598852385416	0.0	0.0	0.0	0.0	0.0	0.0	0.0	0.0	0.0	0.0	0.0	0.0	0.0	0.6546218789670962	0.0	0.0	0.5606203251978075	0.0	0.0	0.0	1.3441517194330794	0.0	0.27384743989764165	0.0	0.0	0.0	0.0	0.0	0.0	0.0	0.0	0.0	0.0	3.0038133845508574	0.0	0.0	0.0	0.0	0.0	0.0	0.5606203251978075	0.27384743989764165	0.0	0.0	0.27384743989764165	0.0	0.6546218789670962	0.7318532744691881	0.0	0.44048615075990943	0.0	0.0	3.6496947738589127	0.0	0.0	0.0	0.5606203251978075	0.44048615075990943	0.0	0.0	1.6171913364995127	0.0	0.0	0.0	0.0	0.0	0.0	0.0	0.27384743989764165	0.0	0.0	1.1238906493015217	0.0	0.0	0.0	0.0	2.9324397853117343	0.0	2.943444775897669	1.1238906493015217	0.0	0.27384743989764165
SRR39238468	0.0	2.029927100903808	0.0	0.0	0.9335377063916105	0.0	0.0	0.7268899608819183	0.0	0.3186891548477779	1.5387368512002146	0.3186891548477779	0.0	0.0	2.991719694420708	0.0	4.266834363689669	0.0	0.0	0.3186891548477779	0.0	0.0	0.0	2.1897314573433424	0.0	0.0	0.0	2.68291344500955	0.0	0.0	0.0	0.0	0.0	0.0	0.3186891548477779	0.3186891548477779	0.0	0.0	0.0	0.0	0.3186891548477779	0.0	0.0	0.0	0.0	4.123186832653475	0.3186891548477779	1.311626521293817	0.7268899608819183	0.5005107590713508	0.0	0.0	0.0	0.0	0.0	1.7974819928665589	0.0	0.0	0.0	0.0	0.5005107590713508	0.0	0.0	0.0	0.0	0.0	3.8654043966547427	0.0	2.751402069632812	0.0	0.0	0.0	0.7268899608819183	1.6966619053500935	4.493098729493012	0.0	0.3186891548477779	0.0	0.0	0.0	0.3186891548477779	0.0	0.0	0.0	0.0	0.0	0.0	0.0	0.0	0.0	0.0	0.5005107590713508	0.0	3.5946453175312434	1.0312870480973095	0.0	0.0	0.0	0.0	0.0	0.5005107590713508	0.0	0.0	0.0	0.0	0.0	0.3186891548477779	1.4805959341233914	0.0	0.3186891548477779	0.0	0.0	0.0	0.3186891548477779	1.687100481241588	0.0	0.0	0.0	0.0	0.0	0.0	1.2631148668812457	0.0	0.0	0.0	0.0	0.0	3.670204798717944	0.0	0.0	0.0	0.0	0.3186891548477779	0.0	0.5005107590713508	2.4165071493200845	0.0	0.0	1.1110269467912306	0.8749452442317673	0.0	0.0	0.5005107590713508	0.0	0.0	0.0	1.0312870480973095	0.0	0.0	0.0	0.0	0.0	1.6248385750638463	0.0	3.8395798198305044	0.0	0.0	0.0	0.0	0.0	0.0	0.0	0.0	0.0	0.3186891548477779	1.687100481241588	0.0	0.0	0.0	0.3186891548477779	3.136348976372761	0.0	2.7604772997348612	0.0	1.1783723345124502	0.3186891548477779
SRR39238469	0.2777398713694556	2.7133632031573685	0.0	0.5666390457329655	0.2777398713694556	0.6610816969983112	0.0	1.0699211397587625	0.0	0.0	1.1018299575416806	0.6610816969983112	0.0	0.0	1.9348980631377646	0.0	4.583656186775288	0.0	0.0	2.4925750235149935	0.0	0.0	0.4457816812606404	3.7335761502930187	1.401062542923257	0.0	0.0	1.0699211397587625	0.0	0.0	0.5666390457329655	0.8043726184378872	0.0	0.0	0.2777398713694556	0.0	0.2777398713694556	0.0	0.0	0.0	0.0	0.0	0.0	0.0	0.0	4.484842759483377	0.4457816812606404	2.828384809640776	0.9571345132018947	1.2335104447608702	0.0	2.251207114744172	0.0	0.0	0.0	1.2767237700025873	0.2777398713694556	0.0	0.4457816812606404	0.0	1.5765530083142876	0.0	0.0	0.0	0.0	0.0	2.791022109900193	0.0	3.048354793265903	0.0	0.0	0.0	0.4457816812606404	0.9571345132018947	1.7590701636097448	0.0	0.4457816812606404	0.0	0.0	0.0	0.6610816969983112	0.0	0.0	0.0	0.0	0.0	0.0	0.0	0.0	0.0	0.0	0.0	0.0	2.0795821893667843	0.0	0.0	0.0	0.0	0.0	0.0	0.0	0.0	0.0	0.0	0.0	0.0	0.0	0.738610212950582	0.0	0.2777398713694556	0.0	0.0	0.0	0.0	0.4457816812606404	0.4457816812606404	0.738610212950582	0.0	0.2777398713694556	0.0	0.0	0.0	0.0	0.0	0.0	0.0	0.0	1.5661169009346776	0.0	0.0	0.0	0.0	0.0	0.0	0.0	0.2777398713694556	0.738610212950582	0.0	0.0	0.6610816969983112	0.0	0.2777398713694556	0.0	0.911932867771245	0.0	0.0	3.968552825647828	0.0	0.5666390457329655	0.0	0.0	0.0	0.0	0.0	1.8665306280825829	0.0	0.0	0.0	0.0	0.0	0.0	0.0	1.2101764961966424	0.0	0.0	0.5666390457329655	0.0	0.0	0.0	0.0	2.686192342995769	0.0	3.409999173050968	1.2556543642746207	0.6610816969983112	0.5666390457329655
SRR39238470	0.9185202516371761	2.0344580547639377	0.0	0.30991430301879	0.0	0.0	0.0	3.0718052012108927	0.30991430301879	0.4889270639479177	0.30991430301879	0.30991430301879	0.0	0.0	2.89895251005087	0.0	4.230495843885593	0.8602188195641772	0.0	4.060046318221116	0.0	0.0	0.0	3.6384508551106567	0.0	0.0	0.0	0.7130989469152724	0.0	0.0	0.0	0.0	0.0	0.0	0.6153192145312676	0.7130989469152724	1.192530974144065	0.30991430301879	0.0	0.0	0.9185202516371761	0.0	0.0	0.0	0.0	4.15664933408123	0.0	3.203121416416148	3.380253957686803	1.1624854345418592	0.792859039772345	0.30991430301879	0.0	0.0	1.057413173265858	1.741540990043013	0.0	0.0	0.0	0.0	2.210604584696079	0.0	0.0	0.0	0.0	0.4889270639479177	1.6506578697772014	0.0	3.267023761670589	0.9699133323319078	0.6153192145312676	0.30991430301879	2.3228565263314893	0.792859039772345	3.075241515172581	0.30991430301879	1.2206317116444978	0.0	0.0	0.0	0.30991430301879	0.0	0.0	0.30991430301879	0.0	0.0	0.0	0.0	0.0	0.4889270639479177	0.0	0.0	0.0	3.548936599755936	0.6153192145312676	0.4889270639479177	0.7130989469152724	0.0	0.7130989469152724	0.0	0.0	0.0	0.0	0.0	0.0	0.0	0.4889270639479177	1.2206317116444978	0.30991430301879	0.792859039772345	0.4889270639479177	0.0	0.0	0.0	0.0	0.7130989469152724	0.6153192145312676	0.0	0.0	0.792859039772345	0.0	0.7130989469152724	0.4889270639479177	0.0	0.0	0.4889270639479177	0.0	0.792859039772345	0.4889270639479177	0.6153192145312676	0.0	0.0	0.0	0.0	1.057413173265858	1.508395746799553	0.30991430301879	0.0	1.192530974144065	0.6153192145312676	0.8602188195641772	0.9185202516371761	0.30991430301879	1.2719042307291921	0.30991430301879	0.0	0.30991430301879	0.0	0.792859039772345	0.0	1.69847244936081	1.057413173265858	0.9185202516371761	0.30991430301879	0.30991430301879	1.0158631735989307	0.0	0.30991430301879	0.0	0.0	0.30991430301879	1.0158631735989307	0.8602188195641772	0.0	0.30991430301879	0.0	0.0	0.0	0.30991430301879	0.8602188195641772	4.458026647819904	0.0	3.024894508724757	2.320700789635997	0.4889270639479177	1.0953327860637112
SRR39238472	1.1305846086263966	2.3681689660163747	0.0	0.7134289252533341	0.0	0.7932023041266183	0.0	2.238001527653169	0.0	1.3974756308775675	1.2210162650330956	0.31012307426962377	0.0	0.0	2.235376739939121	0.0	4.587876171661886	0.31012307426962377	0.0	3.685822258460986	0.0	0.0	0.7932023041266183	3.1018459330019112	0.31012307426962377	0.0	0.0	3.763929661573901	0.0	0.0	0.31012307426962377	0.0	0.0	0.0	0.8605715520335397	0.0	0.9702786606721325	0.0	0.0	0.0	0.8605715520335397	0.0	0.0	0.0	0.0	4.1437072739763705	0.0	2.6442983507641302	3.315094422157923	0.7932023041266183	0.8605715520335397	0.0	0.0	0.0	0.48920353780635845	2.34013499388458	0.0	0.0	0.48920353780635845	0.0	1.7811235592455201	0.0	0.0	0.0	0.0	0.0	2.683542575831104	0.0	2.07092205018892	0.0	0.31012307426962377	0.0	1.3393785423651754	0.48920353780635845	3.0197158189816657	0.0	0.7134289252533341	0.0	0.0	0.0	0.48920353780635845	0.0	0.31012307426962377	0.0	0.0	0.0	0.0	0.0	0.0	0.0	0.0	0.0	0.0	2.7339691031190165	0.7932023041266183	0.0	0.7134289252533341	0.0	0.0	0.0	0.0	0.0	0.0	0.0	0.0	0.0	0.0	1.6510578889263718	0.31012307426962377	0.0	1.1628664624407994	0.0	0.0	0.0	0.31012307426962377	0.6156291964956281	0.48920353780635845	0.0	0.0	0.6156291964956281	0.0	1.5738121212364757	0.0	0.0	0.0	0.0	0.0	2.680719168114861	0.0	0.0	0.0	0.31012307426962377	0.0	0.0	1.4322943412678022	1.9622819330170516	0.31012307426962377	0.0	1.3789602282805649	1.1929138826195247	0.6156291964956281	1.2210162650330956	0.6156291964956281	0.0	0.0	0.0	4.232948353813657	0.0	0.48920353780635845	0.0	0.7932023041266183	1.8628457526557158	0.31012307426962377	0.0	0.0	0.48920353780635845	0.0	0.0	0.6156291964956281	0.0	0.0	0.9188800732544509	0.48920353780635845	0.0	0.48920353780635845	0.0	0.0	0.0	0.0	1.0162329028781791	3.102561433997492	0.0	3.054612357439966	1.318147179553064	1.5857245963382933	1.1628664624407994
SRR39238473	0.5873229262256812	2.6874211875721135	0.3861906344731882	1.142997514997895	0.0	1.142997514997895	0.0	1.5310348524092907	0.0	1.755093968507334	1.4042455110789946	0.9822545479774046	0.0	0.0	2.911973045055009	0.0	4.517143390837406	0.0	0.0	3.2992489157320115	0.0	0.0	0.9120284851005865	3.555949989048539	0.0	0.0	0.3861906344731882	2.935706930161624	0.5873229262256812	0.0	0.0	0.0	0.9120284851005865	0.0	1.095733216285198	0.3861906344731882	2.146212934599557	0.0	0.3861906344731882	0.0	0.9822545479774046	0.724260758628478	0.0	0.0	0.0	4.536081715514359	0.0	2.7134719538930243	3.296112517310293	1.3235780824623966	0.3861906344731882	0.0	0.3861906344731882	0.0	1.0426898019487638	2.5098557173527944	0.0	0.0	0.0	0.0	1.9672174465605183	0.0	0.0	0.0	0.0	0.0	3.364150756803549	0.3861906344731882	2.307691389884203	0.5873229262256812	0.0	0.3861906344731882	1.886284294966188	0.9120284851005865	2.8787137804887344	0.0	0.8282142556730555	0.3861906344731882	0.0	0.3861906344731882	0.3861906344731882	0.0	0.3861906344731882	0.0	0.3861906344731882	0.0	0.0	0.0	0.0	0.0	0.0	0.0	0.0	3.6021969650691257	0.9120284851005865	0.0	0.724260758628478	0.0	0.0	0.0	0.0	0.0	0.0	0.0	0.0	0.0	0.724260758628478	1.8162229591251284	0.3861906344731882	1.2244292159799357	1.352164720688929	0.3861906344731882	0.0	0.3861906344731882	1.8256241067972707	0.0	1.142997514997895	0.0	0.0	0.5873229262256812	0.0	1.993270800185622	0.8282142556730555	0.0	0.0	0.0	0.0	3.0871236693959596	0.3861906344731882	0.0	0.0	0.3861906344731882	0.0	0.0	1.894297675028868	2.310745562057994	0.0	0.0	2.052290639540822	1.378985342524193	0.9822545479774046	2.255655921722362	0.8282142556730555	0.5873229262256812	0.9822545479774046	0.0	1.7967871975291125	0.3861906344731882	0.5873229262256812	0.0	1.142997514997895	1.8697998341099662	0.724260758628478	0.0	0.8282142556730555	0.3861906344731882	0.0	0.0	0.9120284851005865	0.3861906344731882	0.0	0.8282142556730555	0.724260758628478	0.0	0.0	0.0	0.0	0.0	0.0	1.5828024948471495	3.311876455929156	0.0	2.475846247515414	1.7658984880356976	2.3015178450200193	1.6966293176994716
SRR39238474	0.6345541228842402	1.5857085788922687	0.0	0.9924961105644861	0.0	0.9407710661362513	0.0	1.1185776318633929	0.5061226818264076	2.7862429832882323	1.0804777005255681	0.3229605996952173	0.0	0.0	2.8714062178871576	0.0	3.8616860361441585	0.0	0.5061226818264076	1.881064701898034	0.0	0.0	0.0	2.5817650729425816	0.3229605996952173	0.0	0.6345541228842402	2.7329196860573877	0.0	0.0	0.0	0.0	0.0	0.0	0.5061226818264076	0.0	0.9407710661362513	0.0	0.0	0.0	0.9407710661362513	0.3229605996952173	0.0	0.0	0.0	3.4765616264594077	0.0	2.385044154225708	3.0904344729246396	1.2161718750686146	0.0	0.0	0.0	0.0	0.814110221140179	1.6951124908724498	0.0	0.0	0.3229605996952173	0.0	1.6215163192913469	0.0	0.0	0.5061226818264076	0.0	0.0	2.6512324235286218	0.3229605996952173	2.260043622021909	0.3229605996952173	0.7335463547750954	0.0	1.5328515131578508	0.8820419087129485	4.087186074046723	0.0	1.2708511554405073	0.0	0.0	0.3229605996952173	0.0	0.0	0.0	0.0	0.0	0.0	0.0	0.0	0.0	0.3229605996952173	0.0	0.0	0.0	3.6673885905159684	0.7335463547750954	0.0	0.5061226818264076	0.0	0.0	0.0	0.0	0.0	0.0	0.0	0.0	0.0	0.0	1.7663128481458577	0.9924961105644861	0.3229605996952173	0.814110221140179	0.8820419087129485	0.0	0.0	1.295808676423119	0.0	0.6345541228842402	0.0	0.7335463547750954	1.1185776318633929	0.0	1.8483493640238968	0.3229605996952173	0.0	0.0	0.0	0.0	4.621559516570936	0.0	0.6345541228842402	0.0	0.0	0.0	0.0	1.3833725790690092	2.15976680995371	0.3229605996952173	0.3229605996952173	1.5857085788922687	1.609905380523772	0.0	1.341793765566099	0.3229605996952173	0.9407710661362513	0.3229605996952173	0.3229605996952173	1.4391131556869072	0.0	0.5061226818264076	0.3229605996952173	1.3630805703842317	1.3630805703842317	0.0	0.0	0.814110221140179	0.9924961105644861	0.0	0.0	0.814110221140179	0.0	0.3229605996952173	0.7335463547750954	0.5061226818264076	0.0	0.0	0.0	0.0	0.0	0.0	0.0	4.205219038952448	0.0	2.153080396589844	2.0336167165481704	1.9114873019485064	1.3194095758682924
SRR39238475	0.0	2.692928339199348	0.0	0.8489732475492487	0.0	0.4801382883479096	0.0	1.2830347208010005	0.0	0.9070455614574472	0.6054526847164454	0.0	0.0	0.0	1.7033978357698294	0.0	4.629963838237963	0.30329473353996117	0.0	1.2347021966205243	0.0	0.0	0.4801382883479096	2.3204663602162174	0.0	0.0	0.0	2.234940210399952	0.0	0.0	0.0	0.0	0.0	0.0	0.0	0.0	2.147500192828336	0.0	0.0	0.0	0.30329473353996117	0.0	0.0	0.0	0.0	4.4825498943014	0.0	2.1506136592208205	3.04353094078005	1.3660501141872654	0.0	0.0	0.0	0.0	1.0455016461148727	3.0096937984097427	0.0	0.0	0.4801382883479096	0.0	2.382896822841526	0.0	0.0	0.0	0.0	0.0	2.266944256909194	0.0	2.4845097878262776	0.0	0.0	0.0	1.810627471651268	0.30329473353996117	3.912787671315032	0.0	1.3053229489290958	0.4801382883479096	0.0	0.0	0.30329473353996117	0.0	0.0	0.0	0.0	0.0	0.0	0.0	0.0	0.0	0.0	0.0	0.30329473353996117	2.2298002560006416	0.0	0.0	0.0	0.0	0.0	0.0	0.0	0.0	0.0	0.0	0.0	0.0	0.0	0.6054526847164454	0.30329473353996117	0.0	0.7025879377076443	0.30329473353996117	0.0	0.0	0.30329473353996117	0.0	0.0	0.0	0.0	0.4801382883479096	0.0	0.0	0.0	0.0	0.30329473353996117	0.0	0.0	1.4814891454721297	0.0	0.0	0.0	0.0	0.0	0.0	0.4801382883479096	1.9439853177516033	0.7025879377076443	0.0	3.1459642553457625	0.7025879377076443	0.7819192788717737	1.6765199507262347	0.30329473353996117	0.7025879377076443	0.0	0.0	1.259540476332259	0.0	0.30329473353996117	0.0	0.7025879377076443	0.7025879377076443	0.0	0.0	0.6054526847164454	0.0	0.0	0.0	0.4801382883479096	0.0	0.0	0.30329473353996117	0.0	0.0	0.0	0.0	0.0	0.0	0.4801382883479096	0.4801382883479096	2.9813213234252793	0.0	3.3827319954409725	0.30329473353996117	0.7025879377076443	1.782594065695235
SRR39238476	0.96393046333128	1.4813925653454492	0.0	1.1778919720972574	1.1427167296879328	1.55817808173243	0.0	2.175587931391985	0.0	2.2387069913184874	2.500003644024903	0.96393046333128	0.6547136259912301	0.0	3.9483073986387534	0.3368318858337692	4.040469560357851	0.0	0.0	2.2559827799693157	0.0	0.0	1.1427167296879328	2.7889138083867087	0.3368318858337692	0.0	0.6547136259912301	3.021597271588846	0.0	0.0	0.0	0.3368318858337692	1.5137531833311688	0.0	1.6111202930630029	1.2955619262698732	1.4278255974664784	0.0	0.5242299795421375	0.3368318858337692	1.529071993998909	0.6547136259912301	0.0	0.0	0.0	4.123023457575408	0.0	2.5428783201304253	4.0340235844395735	1.6234055083203132	0.96393046333128	0.0	1.1427167296879328	0.0	1.1044394097548955	2.15826282216123	0.0	0.0	1.1044394097548955	0.0	1.960153111375303	0.0	0.0	0.0	0.0	0.3368318858337692	3.3914782498124287	0.8362798911161857	2.4378194243688203	0.3368318858337692	0.904778373942987	0.3368318858337692	2.7436023045174918	0.6547136259912301	2.7286526479591595	0.0	1.55817808173243	0.7549169182212697	0.0	0.3368318858337692	0.5242299795421375	0.0	0.3368318858337692	0.0	0.8362798911161857	0.0	0.0	0.5242299795421375	0.0	0.0	0.0	0.0	0.6547136259912301	4.231555326384778	1.2689967243474916	0.3368318858337692	1.344264232512967	0.3368318858337692	1.0624594867456982	0.0	0.96393046333128	0.0	0.0	0.0	0.0	0.0	0.3368318858337692	2.2019461728630176	0.6547136259912301	1.3205954138800313	1.497874215785912	0.5242299795421375	0.0	0.6547136259912301	1.7008605573372235	1.1778919720972574	1.497874215785912	0.0	0.0	1.4278255974664784	0.0	2.2445422786394023	0.6547136259912301	1.0624594867456982	0.5242299795421375	0.0	0.0	3.051080722052846	0.0	0.5242299795421375	0.0	0.5242299795421375	0.3368318858337692	0.0	2.3450005191018466	2.937434083057109	0.8362798911161857	0.0	2.076851132076749	1.9192361920995855	1.3880515481192162	1.6469800917698136	1.210430459634945	1.4642606715221742	0.5242299795421375	0.0	1.880808214362213	0.7549169182212697	1.0624594867456982	0.0	1.6234055083203132	1.9253228247079106	1.3667095083801264	0.0	1.0624594867456982	0.5242299795421375	0.0	0.0	1.6111202930630029	0.0	0.5242299795421375	1.3205954138800313	1.0624594867456982	0.0	0.5242299795421375	0.0	0.0	0.0	0.6547136259912301	2.333347373283384	4.167133662631583	0.0	3.4813117474915267	1.6353527412796673	2.932706078213646	1.90044709580049
SRR39238477	1.3446573142979965	1.2316289392947988	0.0	0.717894934857635	0.2658879954170817	0.6412914903121822	0.0	1.5085023418460548	0.0	0.5482197156126115	1.3609346365246053	0.8395897526743082	0.0	0.0	2.5364108309253277	0.5482197156126115	4.6516097339020055	0.0	0.0	1.9917666566741377	0.0	0.0	0.9345417198735837	2.610732658388647	0.782991024610094	0.0	0.0	3.553389779014721	0.0	0.0	0.2658879954170817	0.6412914903121822	0.0	0.0	1.7969307421110232	2.2170644297462623	1.3766238615095159	0.0	0.0	1.0124126803527143	0.0	0.5482197156126115	0.0	0.0	0.0	3.703407212863892	0.0	1.9842255901492492	1.209560953934476	2.203504624925338	0.0	1.7272276902356276	0.4296036098948165	0.0	0.4296036098948165	2.2594301760945634	0.2658879954170817	0.0	0.6412914903121822	0.0	1.2918098554466495	0.0	0.2658879954170817	0.0	0.0	0.4296036098948165	3.5571683331946478	0.2658879954170817	2.659161822760516	0.2658879954170817	0.0	0.0	1.551768595737531	1.7340473447886335	3.826341209850724	0.0	0.5482197156126115	0.0	0.0	0.0	1.2918098554466495	0.0	0.0	0.0	0.0	0.0	0.0	0.0	0.0	0.0	0.0	0.5482197156126115	0.0	2.504323283854416	1.1080084426369758	0.2658879954170817	0.0	0.0	0.0	0.0	0.0	0.0	0.0	0.0	0.0	1.0124126803527143	0.0	1.3446573142979965	0.0	0.8896555619498758	1.4342611033798298	0.2658879954170817	0.0	0.0	0.9345417198735837	1.3277460834078296	1.7728586373873199	0.0	0.0	0.6412914903121822	0.2658879954170817	0.4296036098948165	1.819738358027414	0.0	0.2658879954170817	0.0	0.0	1.635754920712152	0.2658879954170817	0.0	0.0	0.0	0.2658879954170817	0.0	1.186311306793265	2.247148667598101	0.2658879954170817	0.2658879954170817	1.952679440823487	1.2918098554466495	0.6412914903121822	1.3609346365246053	1.0124126803527143	0.5482197156126115	0.4296036098948165	0.0	1.186311306793265	0.0	0.0	0.0	1.900597530588386	1.8518499991599098	0.5482197156126115	0.0	2.4891318773019067	0.2658879954170817	0.0	0.0	0.8395897526743082	0.4296036098948165	0.0	0.0	0.2658879954170817	0.0	0.4296036098948165	0.782991024610094	0.0	0.0	0.0	0.4296036098948165	4.3228574834952935	0.0	3.3101094015425674	1.6441580509620177	0.8896555619498758	1.4851375436502028
SRR39238478	2.4220512921350617	2.403534246694569	0.0	0.0	0.6699659246663562	0.0	0.0	0.23939881411471098	0.0	0.0	0.7333883867236786	0.5956711773575865	0.0	0.0	2.472214410941171	0.23939881411471098	4.73734316258408	0.0	0.0	1.9915467551319213	0.0	0.0	0.0	3.1521600542322745	1.55100637263808	0.0	0.0	1.7076296816802652	0.0	0.0	0.0	0.3928364983812472	0.0	0.0	0.3928364983812472	0.0	0.0	0.0	0.0	0.23939881411471098	0.0	0.0	0.0	0.0	0.0	4.347295399812313	0.0	2.2650864004354294	0.9218928526866144	1.647269650875749	0.23939881411471098	1.55100637263808	0.23939881411471098	0.5059893448436239	0.7887181913302082	2.7615904601284798	0.23939881411471098	0.0	0.9218928526866144	0.0	1.3342750271586796	0.23939881411471098	0.0	0.0	0.0	0.3928364983812472	3.5634335612191532	0.0	3.025896395530507	0.0	0.0	0.23939881411471098	1.0236704791796787	0.0	1.9576954788462615	0.0	0.0	0.0	0.0	0.0	1.253195682835887	0.0	0.23939881411471098	0.0	0.0	0.0	0.0	0.0	0.0	0.0	0.0	0.0	0.0	2.370802048392567	0.3928364983812472	0.0	0.0	0.0	0.0	0.0	0.0	0.0	0.0	0.3928364983812472	0.0	0.0	0.0	0.5059893448436239	0.0	0.3928364983812472	0.0	1.08030004129826	0.0	0.0	1.234991092264926	0.3928364983812472	0.0	0.0	0.0	0.3928364983812472	0.0	0.7333883867236786	0.0	0.0	0.6699659246663562	0.0	0.0	1.897363521247186	0.3928364983812472	0.23939881411471098	0.0	0.0	0.23939881411471098	0.0	0.5956711773575865	1.08030004129826	0.23939881411471098	0.0	1.08030004129826	0.7333883867236786	0.23939881411471098	0.5059893448436239	0.0	0.5956711773575865	0.0	0.0	0.8377888174850286	0.0	0.0	0.0	0.5956711773575865	0.3928364983812472	0.5059893448436239	0.0	3.461285463201779	0.5059893448436239	0.0	0.3928364983812472	1.513511464022509	0.23939881411471098	0.3928364983812472	0.0	1.196119171335413	0.0	0.3928364983812472	1.4271433917003604	0.0	0.0	0.0	0.0	3.2028533772970134	0.0	2.413508154304904	2.6302191170506064	0.7887181913302082	0.23939881411471098
SRR39238479	2.92402497755316	1.5484336389431268	0.7165511457875982	1.6048873264839487	0.973733891933924	0.23072827940212856	0.49182118752399673	1.792357831644528	0.49182118752399673	0.23072827940212856	1.4835294230086544	2.5389985008980993	0.38060694589768	1.0049324089171758	3.4798931928763777	0.8639081576963696	4.240007606150185	0.9401194899976145	0.23072827940212856	3.076333993784451	0.0	1.5397346439829642	0.973733891933924	2.7021584176884708	1.565325730091628	0.0	1.395102486829445	2.5032396684088427	0.23072827940212856	0.8201193861483896	0.38060694589768	0.8201193861483896	0.0	0.0	1.4189535573982446	1.251060062663347	0.7714152784012381	0.0	0.7714152784012381	0.38060694589768	2.398962726569745	0.49182118752399673	0.0	0.23072827940212856	0.7714152784012381	3.938090616533456	0.7165511457875982	2.2857816444836163	1.7175028467962954	1.933651044652031	1.395102486829445	1.999366491321712	1.0049324089171758	1.9774793190521711	2.578512679572627	2.5191900159941896	1.251060062663347	0.23072827940212856	1.7175028467962954	0.49182118752399673	1.9710177508037123	1.1341672114161176	1.0869824155702965	1.0340391396416229	0.23072827940212856	1.8728253068024308	2.904743336270173	0.0	2.7313784140211554	0.7165511457875982	0.0	0.23072827940212856	1.9441649277496655	1.0340391396416229	4.204613455355144	1.0340391396416229	1.5397346439829642	0.0	0.0	0.9036834081495327	1.6681165100514515	0.38060694589768	0.38060694589768	0.0	1.1559667796990434	0.0	0.0	0.0	0.0	0.5802833735871642	0.0	0.23072827940212856	0.0	4.330324074493992	1.2336346122912578	0.7165511457875982	0.0	0.49182118752399673	1.356674135389234	0.0	0.5802833735871642	0.23072827940212856	1.0869824155702965	1.2839440650427405	2.1232165433862544	0.38060694589768	0.8201193861483896	1.8561878345280662	0.973733891933924	1.2154806584462525	1.4304052191251038	1.3145124553604783	0.0	0.0	1.512540640693857	0.6537400392766616	1.251060062663347	0.49182118752399673	0.0	1.47341176334847	1.061317044046574	0.8639081576963696	0.8201193861483896	0.0	1.9043021860278024	0.8201193861483896	0.0	4.016519635806841	0.49182118752399673	0.38060694589768	0.0	0.38060694589768	0.49182118752399673	0.0	1.47341176334847	2.1729845411256123	0.8639081576963696	0.5802833735871642	1.9406885048262357	1.356674135389234	0.7714152784012381	1.5894923907732537	0.7714152784012381	2.266435371535451	0.23072827940212856	0.23072827940212856	1.5972580703051242	0.23072827940212856	0.38060694589768	0.7165511457875982	0.8201193861483896	0.49182118752399673	2.2444561801566407	0.0	2.2231304061977597	0.973733891933924	2.074757105121452	1.7290192458658047	0.6537400392766616	1.9264976660425477	0.7714152784012381	0.5802833735871642	1.8768869593112978	0.0	1.47341176334847	0.6537400392766616	0.6537400392766616	0.0	0.8639081576963696	1.1965346204652996	3.549877447100103	0.0	2.89670718096867	2.810236793546292	1.061317044046574	1.407191736515681
SRR39238480	2.962686463274601	2.4515476809866215	0.0	1.1040088527340732	0.2788590856690297	0.4473011829630583	0.0	1.4611128000826274	0.0	0.7405448742783984	0.9592395896959051	2.0517590734911635	0.6629320969771478	0.2788590856690297	2.663828885065	0.6629320969771478	4.645644924227859	0.0	0.0	3.2923456500202253	0.0	1.3543212492672556	1.2123966074879051	2.899495566522775	1.2123966074879051	0.0	0.7405448742783984	1.7476304856213605	0.0	1.4611128000826274	0.5683642168829202	0.4473011829630583	0.0	0.0	0.2788590856690297	0.2788590856690297	0.2788590856690297	0.2788590856690297	0.2788590856690297	0.2788590856690297	1.6956998484214207	0.2788590856690297	0.0	0.0	0.863515025424263	4.313372480559697	0.0	2.4515476809866215	1.5355102900303987	1.7035096300341603	0.5683642168829202	2.0376471156229012	0.7405448742783984	1.8243451564447435	2.700406545574403	2.3955481571973545	1.4999026980824213	0.0	1.4033343824702327	0.5683642168829202	1.5239624619195675	0.5683642168829202	0.0	0.2788590856690297	0.2788590856690297	1.2789645447705291	3.14928758219226	0.0	2.76878639014262	0.0	0.0	0.0	1.6713907562748247	0.5683642168829202	2.6604233745190418	0.0	1.6367054152946272	0.0	0.0	0.2788590856690297	1.5577236954930715	0.0	0.6629320969771478	0.0	0.2788590856690297	0.0	0.0	0.0	0.0	0.2788590856690297	0.0	0.7405448742783984	0.0	3.0178400195011976	1.0720858021634068	1.4033343824702327	0.0	0.2788590856690297	1.4999026980824213	0.0	0.6629320969771478	0.0	0.5683642168829202	1.161575309958202	1.852699527096158	0.0	0.0	1.2123966074879051	0.8063678508112594	0.6629320969771478	0.8063678508112594	1.2123966074879051	0.0	0.4473011829630583	1.5239624619195675	0.4473011829630583	0.863515025424263	0.0	0.0	1.371281049621903	1.037628735095961	1.1040088527340732	1.9140337976214012	0.0	1.0720858021634068	0.2788590856690297	0.0	2.4860852622891274	0.2788590856690297	0.0	0.4473011829630583	0.0	0.5683642168829202	0.0	1.037628735095961	1.2357381646037706	0.6629320969771478	0.0	1.3876033630904505	0.863515025424263	0.2788590856690297	0.9140093647616594	0.863515025424263	1.8994930401258743	0.2788590856690297	0.2788590856690297	1.1337452001204298	0.0	0.4473011829630583	0.6629320969771478	0.5683642168829202	0.4473011829630583	2.2447459038132944	0.0	2.516889541585527	0.863515025424263	1.2123966074879051	0.9140093647616594	1.599007559517348	1.787679503050455	1.7476304856213605	0.0	1.599007559517348	0.0	1.2990645501079794	0.9592395896959051	0.2788590856690297	1.0002003990598571	0.8063678508112594	0.4473011829630583	3.8073177242811655	0.0	3.888008665930036	2.4360662099058654	0.4473011829630583	0.4473011829630583
SRR39238482	0.3200653218095701	2.887254048607803	0.0	0.3200653218095701	0.0	0.3200653218095701	0.0	0.8772366833886505	0.0	0.3200653218095701	1.1484584266400222	0.7290385029617746	0.0	0.0	2.0236746057173973	0.0	4.598407435711881	0.0	0.3200653218095701	3.208973642512735	0.0	0.0	0.0	2.831701953860063	0.6303089831428965	0.0	0.0	1.3974433935916597	0.0	0.0	0.9875269836496436	0.5023206920908972	0.0	0.0	1.0336848018548523	0.5023206920908972	0.5023206920908972	0.0	0.0	0.0	0.6303089831428965	0.0	0.0	0.0	0.0	4.528729838551485	0.0	2.0581202477852245	1.5676983940816254	1.5803176071687626	0.0	1.7769840498690999	0.0	0.0	0.0	2.0191702656612103	0.0	0.0	0.5023206920908972	0.0	2.320386405481741	0.0	0.0	0.3200653218095701	0.0	0.0	3.4317085198715485	0.0	2.9625409117121904	0.0	0.0	0.0	1.3974433935916597	0.8772366833886505	2.0743699391669934	0.0	0.0	0.0	0.0	0.0	0.9358735321571426	0.0	0.0	0.0	0.0	0.0	0.0	0.0	0.0	0.0	0.0	0.9358735321571426	0.0	3.756595711948499	0.8094285323304016	0.0	0.0	0.0	0.0	0.0	0.0	0.0	0.0	0.0	0.0	0.0	0.0	1.0336848018548523	0.0	1.0336848018548523	0.0	0.5023206920908972	0.0	0.0	1.3365117193121112	0.0	0.5023206920908972	0.0	0.0	0.0	0.0	0.7290385029617746	0.0	0.0	0.3200653218095701	0.0	0.0	1.3577864009157237	0.0	0.0	0.0	0.0	0.0	0.0	0.8094285323304016	2.2725919831151447	0.0	0.0	1.2109748344904694	0.8772366833886505	0.0	0.5023206920908972	1.1134658483108824	0.0	0.0	0.0	1.917614622238213	0.0	0.0	0.0	0.3200653218095701	0.8094285323304016	0.0	0.0	3.0645873108437964	0.0	0.0	0.3200653218095701	0.3200653218095701	0.0	0.0	0.0	0.0	0.0	0.3200653218095701	0.3200653218095701	0.0	0.0	0.0	0.0	2.6816288328178133	0.0	2.817529317586667	3.0817787650792465	1.2656140809493936	0.9875269836496436
SRR39238483	0.7679390592119255	2.490864788105574	0.0	0.6670249310970733	0.34540114151161255	0.0	0.34540114151161255	0.8497693517416341	0.0	1.78205569142942	0.34540114151161255	2.2424544422401085	0.53532952220093	0.0	2.7781975180778624	0.0	4.481467369883715	0.0	0.0	2.6081424394779518	0.0	0.0	0.0	2.5315095797093656	1.6623816532398972	0.0	0.0	1.3817945461344057	0.0	0.0	0.34540114151161255	0.7679390592119255	0.0	0.0	1.0768682068182829	0.0	0.6670249310970733	0.0	0.0	0.0	0.0	0.0	0.0	0.0	0.0	4.66570876026564	0.0	2.4422237202238057	1.6008038668075308	1.7060409167063604	0.0	1.5443646850345387	0.0	0.0	0.0	2.959005394610411	0.34540114151161255	0.0	1.2252270031512835	0.0	1.359313949873112	0.0	0.0	0.0	0.0	0.0	3.3413014163033883	0.0	2.414680566186244	0.0	0.0	0.0	2.1774273966327797	3.0640940161177794	2.7443741625828175	0.0	0.53532952220093	0.0	0.0	0.0	0.8497693517416341	0.0	0.34540114151161255	0.0	0.0	0.0	0.0	0.0	0.0	0.0	0.0	1.1189719231288482	0.0	3.556625011887365	0.0	0.0	0.0	0.0	0.0	0.0	1.255560908503936	0.0	0.0	0.0	0.0	0.0	0.0	2.1331571954608	0.0	0.8497693517416341	0.0	0.7679390592119255	0.0	0.0	0.9779968343369456	0.0	1.8155937501382586	0.0	0.0	0.0	0.0	0.6670249310970733	0.9185984732071517	0.0	0.0	0.0	0.0	1.6264918144597835	0.0	0.0	0.0	0.0	0.34540114151161255	0.0	0.9185984732071517	2.555658112500272	0.34540114151161255	0.0	1.2252270031512835	0.6670249310970733	0.0	1.7457092983339142	0.0	0.34540114151161255	0.0	0.0	2.0706045611972517	0.0	0.0	0.0	0.7679390592119255	0.53532952220093	1.3817945461344057	0.0	2.696161516352954	0.0	0.0	0.34540114151161255	0.8497693517416341	0.34540114151161255	0.0	0.0	0.53532952220093	0.0	0.0	1.5591768567844289	0.0	0.0	0.34540114151161255	0.0	3.0270425695536622	0.0	2.4717008305323875	0.7679390592119255	0.0	0.34540114151161255
SRR39238484	0.0	1.4478034023437945	0.0	0.0	0.0	0.0	0.0	1.6416320268310725	0.0	2.328025042587375	1.7912953872253665	0.0	0.0	0.0	3.5917615292866936	0.0	4.463069102017371	0.0	0.0	2.2870661236632635	0.0	0.0	0.0	2.5741192915680786	0.32771337444191856	0.0	0.0	0.9487622594471962	0.0	0.0	0.0	0.0	0.0	0.0	0.0	0.0	0.32771337444191856	0.0	0.0	0.0	0.0	0.0	0.0	0.0	0.0	3.7288706795148006	0.0	1.5944918780131923	1.5416048194117133	0.5123468013426207	0.0	0.6414944308596128	0.0	0.0	0.0	2.379971980731902	0.0	0.0	0.8898846601470618	0.0	2.00552117679141	0.0	0.0	0.0	0.0	0.0	4.0375574707037005	0.0	2.9102913115515685	0.0	0.0	0.0	3.881632736671577	0.32771337444191856	4.214890303930492	0.0	0.0	0.0	0.0	0.0	0.0	0.0	0.0	0.0	0.0	0.0	0.0	0.0	0.0	0.0	0.0	0.0	0.0	3.8322750120853066	0.5123468013426207	0.0	0.0	0.0	0.0	0.0	0.0	0.0	0.0	0.0	0.0	0.0	0.0	1.2793876579171828	0.0	0.0	0.0	0.0	0.0	0.32771337444191856	1.2793876579171828	0.0	0.0	0.0	0.0	0.0	0.0	0.0	0.0	0.0	0.0	0.0	0.0	2.0847929884046157	0.0	0.0	0.0	0.0	0.0	0.0	0.5123468013426207	3.0429980041985556	0.32771337444191856	0.0	1.0006023760919847	0.8217541842397642	0.0	0.0	0.5123468013426207	0.0	0.0	0.0	1.1619911350216372	0.0	0.0	0.0	0.0	0.6414944308596128	0.0	0.0	2.763534143191279	0.0	0.0	0.0	2.080748778987718	0.32771337444191856	0.0	0.0	0.32771337444191856	0.0	0.0	1.6526588142739238	0.0	0.0	0.0	0.0	3.437050340424315	0.0	3.540497620658404	2.2637095891906647	0.8217541842397642	1.8291581076673191
SRR39238485	0.7810008834721498	1.833741798950776	0.8875796883339778	2.1577159772393864	0.6394531907351424	1.6334262511916846	0.6394531907351424	1.0445004510213385	0.42810770810203247	2.6733464605502397	1.833741798950776	2.684047852725776	0.0	1.358654782185465	2.8932746575553225	1.1595269764019938	4.3950755133874715	0.973089241234275	1.666101150071142	2.3607018202077037	0.0	0.42810770810203247	2.20570260070091	3.5854039947659877	1.6334262511916846	0.0	0.42810770810203247	1.4946691991079395	0.7810008834721498	0.0	2.20570260070091	0.6394531907351424	0.42810770810203247	0.0	2.219122273401709	2.0286910744950246	2.588116518621021	0.0	0.7810008834721498	1.4946691991079395	2.109468178731048	1.418259731304475	0.0	0.0	0.8875796883339778	4.347796341375503	0.0	1.6964887797604815	4.168196098685652	1.8647057163229919	0.6394531907351424	0.0	1.2503792206076054	0.0	1.8003995961899943	1.710920750379955	0.0	0.42810770810203247	2.196520100655789	0.0	1.470662682237906	0.0	0.0	0.6394531907351424	0.0	0.8875796883339778	3.8332135847512747	0.7810008834721498	3.2516339619622054	0.973089241234275	0.42810770810203247	1.2073245087678097	2.9015895029780565	1.3254744961832754	2.5974326897410647	1.5792841327912694	2.232139678055263	0.973089241234275	0.0	1.7766586972831018	1.2073245087678097	0.0	1.6161181493177998	0.8875796883339778	1.3254744961832754	0.6394531907351424	0.973089241234275	0.7810008834721498	0.0	1.4452511100276102	0.0	0.0	1.2895479614797787	2.6047443620658233	1.7766586972831018	0.7810008834721498	0.42810770810203247	0.42810770810203247	1.0445004510213385	0.0	0.42810770810203247	0.0	0.0	0.42810770810203247	0.7810008834721498	0.8875796883339778	1.811800463303741	2.3763149021752508	1.470662682237906	2.103760851899221	2.408807222165433	0.42810770810203247	0.0	0.42810770810203247	1.946212986933487	2.0421387773297743	2.3763149021752508	0.0	1.5792841327912694	1.9543927569379163	2.074041844069974	2.357510700129085	1.7248885189690117	0.973089241234275	1.418259731304475	1.7515445613949028	0.0	1.9780464182263275	0.6394531907351424	0.0	0.42810770810203247	1.9028301165548522	1.844310305372723	0.0	1.9780464182263275	3.185068148525009	1.470662682237906	1.4452511100276102	3.1493360698002997	2.403077482667774	1.7515445613949028	2.491486705331026	1.911860316032113	1.418259731304475	1.2895479614797787	1.418259731304475	1.2895479614797787	1.1058108515452445	1.389479018832734	0.7810008834721498	2.4443140716768688	2.4521115289716344	2.953291206496355	0.0	2.3207677232005994	1.5792841327912694	0.0	1.710920750379955	1.6161181493177998	1.7384210192631344	1.6815606889147139	1.7384210192631344	1.4452511100276102	0.6394531907351424	0.42810770810203247	0.8875796883339778	0.0	0.42810770810203247	0.42810770810203247	1.811800463303741	1.9856530969691972	0.0	3.0644896890721376	2.578596114678177	2.1261534817649124	2.6029279519571515
SRR39238486	0.8547139201817148	2.994451892496007	0.9236616268996741	1.9758090325215876	0.34856646140407255	1.1242901714168299	0.34856646140407255	1.0354597256926794	0.7727158116788619	2.8762869219348506	1.4850431651901466	2.4363645498900275	0.0	1.289369403551949	2.9955338261020716	1.7219460192148055	4.177443804015963	1.7789069542185854	1.821259385135684	2.0851894966994786	0.0	0.6715459489654692	1.7963465986716074	3.90879073545193	1.1980003058661428	0.0	0.0	1.8598461171719427	0.0	0.0	1.83710780218715	0.8547139201817148	0.0	0.34856646140407255	2.2420926277800852	1.7963465986716074	2.486250808657724	0.34856646140407255	0.6715459489654692	1.5647721501336966	2.2829805146955358	0.7727158116788619	0.0	0.0	0.6715459489654692	4.286688468475646	0.34856646140407255	1.5022029671015766	3.9294682393756326	2.277369836157467	0.5394132742671861	0.0	1.0821421691390332	0.34856646140407255	1.9814265286078268	2.0851894966994786	0.0	0.0	2.1310295551364864	0.0	1.6444093181449193	0.0	0.34856646140407255	0.9236616268996741	0.0	0.7727158116788619	4.265682650402589	0.7727158116788619	2.9890014209127718	0.34856646140407255	0.34856646140407255	1.289369403551949	3.06110361022513	0.9236616268996741	3.322564993666714	1.2306396486692595	1.9020355092432504	0.34856646140407255	0.0	1.3648170380982794	1.1242901714168299	0.0	1.8814529211844406	0.34856646140407255	0.8547139201817148	0.6715459489654692	0.6715459489654692	0.5394132742671861	0.0	0.5394132742671861	0.0	0.0	0.7727158116788619	2.812858634692782	1.579100869570798	0.34856646140407255	0.8547139201817148	0.6715459489654692	0.9831482349957539	0.34856646140407255	0.7727158116788619	0.0	0.0	0.0	0.34856646140407255	0.34856646140407255	1.579100869570798	2.2857589042435187	1.4485449412473634	1.9465770291133444	2.6488623872645944	0.7727158116788619	0.0	0.0	2.0763090101115984	1.7011684405770118	2.1935400416274695	0.0	1.2306396486692595	1.6793466516394493	1.1242901714168299	2.223317806934725	1.3648170380982794	0.6715459489654692	1.8743694260639552	1.31600178158451	0.0	1.4671773554975092	0.0	0.0	0.5394132742671861	1.5022029671015766	1.518710445476392	0.0	1.6793466516394493	3.5103039980479838	1.31600178158451	0.6715459489654692	2.983481674629012	2.265926227913777	2.1270565509823425	2.412209849345841	1.821259385135684	1.4086956168741227	1.7011684405770118	0.8547139201817148	1.4850431651901466	0.34856646140407255	1.3873102463746005	0.34856646140407255	3.1131424648452044	2.3931691984869006	3.033780848673049	0.0	1.8292558828562835	1.2609965255733246	0.0	1.83710780218715	1.3410949112709627	1.6903945903279902	1.7219460192148055	1.31600178158451	1.2609965255733246	0.0	1.2609965255733246	0.6715459489654692	0.0	0.0	0.5394132742671861	1.5647721501336966	2.293988990660802	0.0	2.426462833270228	2.5100246664501893	2.003196927157868	2.626700458828442
SRR39238487	0.8850587147142919	0.5085141156424584	0.0	1.2476451153131674	0.0	0.5085141156424584	0.3247848074391231	0.8170501465313108	0.0	1.5764633066562783	1.2991043083750082	1.6362149829340735	0.0	0.637222085779446	2.3764860017128115	0.0	3.469834370379649	0.0	0.8170501465313108	2.475866466538225	0.0	0.0	1.4246557373230677	2.4627496900890224	0.8850587147142919	0.0	0.0	1.6579892774865816	0.0	0.0	0.3247848074391231	0.3247848074391231	0.0	0.0	1.2991043083750082	0.8850587147142919	1.668480265335205	0.0	0.0	0.637222085779446	1.4595591114555113	0.0	0.0	0.0	0.0	4.4320248252109335	0.0	0.9956148628765787	3.7303952442649204	1.0836609963325732	0.0	0.0	0.0	0.5085141156424584	1.3451069796059512	0.9438452955272523	0.0	0.0	1.1217850654112733	0.0	1.9089985168434427	0.0	0.0	0.3247848074391231	0.0	0.0	3.4013262287122967	0.0	2.8192580650177033	0.0	0.7363780358908303	0.0	2.1250926862273407	0.5085141156424584	4.192247169573701	0.7363780358908303	0.8850587147142919	0.0	0.0	0.9438452955272523	0.5085141156424584	0.0	0.0	0.0	0.637222085779446	0.3247848074391231	0.5085141156424584	0.0	0.0	0.5085141156424584	0.0	0.0	0.0	3.949795986191583	1.4060924642390713	0.5085141156424584	0.9956148628765787	0.0	1.1217850654112733	0.0	0.8170501465313108	0.0	0.0	0.0	0.0	0.3247848074391231	1.4760122986181774	2.1531442915663273	0.7363780358908303	0.637222085779446	1.4918648450122776	0.8850587147142919	0.0	0.3247848074391231	2.1889762823839343	0.0	1.79368084553392	0.0	0.0	0.0	0.5085141156424584	0.9438452955272523	1.4595591114555113	0.0	0.0	0.637222085779446	0.0	3.8143898103917957	0.0	0.0	0.0	1.1217850654112733	0.8170501465313108	0.0	2.4096993110227127	2.075250734025687	1.3867001642273213	0.0	2.48545044211615	1.4060924642390713	1.668480265335205	1.7080799005572813	1.041865358913636	1.1217850654112733	0.3247848074391231	0.3247848074391231	0.9956148628765787	0.0	0.9956148628765787	0.5085141156424584	1.5634590870967255	1.8163847585384245	0.637222085779446	0.0	1.274136436041527	0.637222085779446	0.0	0.0	1.041865358913636	1.4760122986181774	0.0	0.637222085779446	0.637222085779446	0.0	0.637222085779446	0.0	0.0	0.0	0.9438452955272523	0.5085141156424584	3.9407540214066143	0.0	3.9664998400098437	1.6887312710929197	1.5890894306894279	1.3227144639365414
SRR39238488	0.5908622023072918	3.0220464118202597	0.0	0.0	0.2935969745416279	0.0	0.0	1.4169330064094825	0.0	0.0	0.0	1.2411238324236558	0.0	0.2935969745416279	2.429104196921699	0.0	4.7126111225259955	0.0	0.0	3.526588150076923	0.0	0.0	0.2935969745416279	3.193723977257068	1.1900770446586266	0.0	0.0	3.697488817643912	0.0	0.2935969745416279	0.5908622023072918	0.9409389943048947	0.0	0.0	0.46718201799882764	0.0	0.2935969745416279	0.0	0.0	0.0	0.0	0.0	0.0	0.0	0.0	4.022711233844722	0.0	1.5651894426755042	0.5908622023072918	1.2867967166999417	0.0	1.264560400704418	0.2935969745416279	0.0	0.0	2.0854961403155974	0.0	0.0	0.0	0.0	0.6870153295562238	0.0	0.0	0.0	0.0	0.2935969745416279	2.1434729549706732	0.0	1.6385559559763359	0.0	0.0	0.2935969745416279	1.447928317481142	0.6870153295562238	1.1621117495136033	0.0	0.0	0.0	0.0	0.0	1.2411238324236558	0.0	0.0	0.0	0.2935969745416279	0.0	0.0	0.0	0.0	0.0	0.0	0.0	0.0	3.2017073846552337	0.0	0.46718201799882764	0.0	0.0	0.0	0.0	0.0	0.0	0.0	0.0	0.0	0.0	0.0	0.9409389943048947	0.2935969745416279	0.2935969745416279	0.2935969745416279	0.0	0.0	0.2935969745416279	0.9409389943048947	0.0	0.5908622023072918	0.0	0.0	0.0	0.0	0.0	0.0	0.0	0.0	0.0	0.0	1.3281201662728261	0.0	0.0	0.0	0.0	0.0	0.0	0.0	0.5908622023072918	0.0	0.0	1.4327071176464004	0.46718201799882764	0.0	0.0	0.2935969745416279	0.0	0.0	0.0	1.447928317481142	0.0	0.46718201799882764	0.0	0.0	0.0	1.4768581101854679	0.0	1.791422826808087	0.0	0.0	0.0	0.2935969745416279	0.0	0.0	0.0	0.0	0.0	0.0	0.6870153295562238	0.0	0.0	0.6870153295562238	0.0	3.902144121072139	0.0	3.8468396167368684	0.0	0.0	0.2935969745416279
SRR39238489	0.0	2.6059138745435146	0.0	0.0	0.0	0.0	0.0	1.4774418395668751	0.0	0.0	0.0	0.28694987855389714	0.0	0.0	0.28694987855389714	0.0	4.6459909162774995	0.0	0.0	0.5807648487501151	0.0	0.0	0.0	2.6360739728841787	0.28694987855389714	0.0	0.0	2.502933897579677	0.0	0.0	0.0	0.0	0.0	0.0	0.0	0.28694987855389714	0.0	0.0	0.0	0.0	0.28694987855389714	0.0	0.0	0.0	0.0	4.3679345921571695	0.0	1.0875820350783107	0.754424214596767	0.28694987855389714	0.0	0.0	0.4582444634165831	0.0	0.0	1.5284918010359756	0.0	0.0	0.0	0.0	0.28694987855389714	0.0	0.0	0.0	0.0	0.0	4.316841029612528	0.0	2.1359234668167204	0.0	0.0	0.0	1.3151338576780756	0.0	1.7847363954852389	0.0	0.0	0.0	0.0	0.0	0.28694987855389714	0.0	0.0	0.0	0.0	0.0	0.0	0.0	0.0	0.0	0.0	0.5807648487501151	0.28694987855389714	1.0154429578101873	0.0	0.0	0.0	0.0	0.5807648487501151	0.0	0.0	0.0	0.0	0.0	0.0	0.0	0.0	0.28694987855389714	0.28694987855389714	0.28694987855389714	0.0	0.0	0.0	0.0	1.1196049156424202	0.0	0.4582444634165831	0.0	0.0	0.0	0.0	0.0	0.0	0.0	0.0	0.0	0.0	0.8781418788148716	0.0	0.0	0.0	0.0	0.0	0.0	0.28694987855389714	0.4582444634165831	0.0	0.0	0.0	0.0	0.0	0.0	0.5807648487501151	0.28694987855389714	0.0	0.0	0.0	0.0	0.0	0.0	0.4582444634165831	0.0	0.0	0.0	1.0530086226026902	0.0	0.0	0.0	0.0	0.0	0.0	0.0	0.0	0.0	0.0	0.0	0.0	0.0	0.0	0.0	2.883094367380721	0.0	1.8525707909686766	0.0	0.0	0.4582444634165831
SRR39238490	0.0	0.0	0.0	0.0	0.0	0.0	0.0	1.9472845372782508	0.0	0.28152945808672497	0.0	0.28152945808672497	0.28152945808672497	0.0	3.2351850752701887	0.0	4.72297873849973	0.0	0.0	3.739541116052794	0.0	0.0	0.0	3.1422386869212646	0.28152945808672497	0.0	0.0	1.9099415139272615	0.45092098187937135	0.0	0.0	0.45092098187937135	0.0	0.0	0.6673345184057977	0.0	0.5724706898954214	0.0	0.0	0.0	0.0	0.45092098187937135	0.0	0.0	0.0	4.272980371547067	0.28152945808672497	2.5865211830856043	1.786780370774845	1.2176710819888332	0.0	0.0	0.0	0.0	0.0	1.3929915160073723	0.0	0.0	0.6673345184057977	0.0	0.9642429940863024	0.0	0.0	0.0	0.0	0.0	1.529412243393192	0.28152945808672497	1.9147888025974065	0.0	0.0	0.0	0.8683670337935366	0.0	3.288277284554347	0.0	0.0	0.0	0.0	0.0	0.45092098187937135	0.0	0.0	0.0	0.0	0.0	0.0	0.0	0.0	0.0	0.0	0.9189453864966514	0.0	2.9446526228747496	0.0	0.0	0.0	0.0	0.5724706898954214	0.0	0.0	0.0	0.0	0.0	0.0	0.0	0.0	0.28152945808672497	0.0	1.0772296459735486	0.0	0.0	0.0	0.0	0.6673345184057977	0.0	0.5724706898954214	0.0	0.0	0.0	0.0	0.0	0.0	0.0	0.0	0.0	0.0	0.9642429940863024	0.0	0.0	0.0	0.0	0.0	0.0	0.9642429940863024	0.7451462658481808	0.0	0.0	0.5724706898954214	0.45092098187937135	0.0	0.0	0.0	0.0	0.0	0.0	1.3929915160073723	0.0	0.0	0.0	0.6673345184057977	0.0	0.5724706898954214	0.0	2.1335487674440152	0.0	0.0	0.0	0.0	0.0	0.0	0.0	0.45092098187937135	0.0	0.0	0.9642429940863024	0.0	0.0	0.0	0.0	3.7722662025352443	0.0	2.8599551419466684	0.0	0.28152945808672497	0.0
SRR39238491	0.0	2.740128611151156	0.0	0.0	0.0	0.0	0.0	0.0	0.0	0.0	0.0	0.0	0.0	0.0	1.9975546798300292	0.0	4.864943901761224	0.0	0.0	0.0	0.0	0.0	0.0	0.0	0.0	0.0	0.0	0.7448669042499002	0.0	0.0	0.0	0.0	0.0	0.0	0.0	0.572221242727628	0.0	0.0	0.0	0.0	0.28136699486326	0.0	0.0	0.0	0.0	4.15225575575512	0.0	1.0424237469983713	0.0	0.572221242727628	0.0	0.0	0.0	0.0	0.0	1.2839647565352421	0.0	0.0	0.28136699486326	0.0	0.8680725363415853	0.0	0.0	0.0	0.0	0.0	1.138635783868288	0.0	1.2173510885149215	0.0	0.0	0.0	0.8108241954799082	1.0769175336320487	1.7008703366499154	0.0	0.0	0.0	0.0	0.0	0.0	0.0	0.0	0.0	0.0	0.0	0.0	0.0	0.0	0.0	0.0	0.0	0.0	1.1926645982782111	0.0	0.0	0.0	0.0	0.28136699486326	0.0	0.0	0.0	0.0	0.0	0.0	0.0	0.0	1.004952077541708	0.0	0.0	0.0	0.0	0.0	0.28136699486326	0.0	0.0	0.0	0.0	0.0	0.0	0.0	0.0	0.0	0.0	0.0	0.0	0.0	0.0	0.0	0.0	0.0	0.0	0.0	0.0	0.28136699486326	0.0	0.0	0.0	0.0	0.4507009820702781	0.0	0.0	0.0	0.0	0.0	0.0	3.3691836497720784	0.0	0.0	0.0	0.4507009820702781	0.0	0.0	0.0	0.4507009820702781	0.0	0.0	0.0	0.0	0.0	0.0	0.0	0.0	0.0	0.0	0.0	0.0	0.0	0.0	0.0	1.7008703366499154	0.0	0.0	0.0	0.0	0.0
SRR39238493	1.446405546739864	1.4922198961863158	0.0	0.7115025975310146	0.0	0.0	0.0	2.906011321713775	0.0	0.0	1.9931722138252832	0.9167791785253534	0.0	0.30890514505286576	2.692271365517259	0.7911982675952705	4.476672620088888	0.0	0.0	2.5825948485212296	0.48759003673007806	0.30890514505286576	0.0	3.10017369487036	0.7911982675952705	0.0	0.0	2.9003854095701493	0.0	0.0	0.7115025975310146	1.2935558960069626	0.0	0.0	0.7115025975310146	1.1606414870933626	0.6138198041819755	0.0	0.0	0.0	1.5064768413251564	0.0	0.0	0.0	0.0	4.065485389675473	0.0	2.8493719286524812	2.5234182883361425	1.2700298815401214	0.0	2.0240598606217364	0.6138198041819755	0.0	1.2187706587530813	1.9130429982007036	0.30890514505286576	0.0	1.1283723362074596	0.0	1.8077543521017527	0.0	0.0	0.0	0.30890514505286576	0.30890514505286576	2.4998596015988714	0.0	2.5953532819245013	0.0	0.0	0.0	1.9977215234290016	0.0	3.7269924356780946	0.0	0.48759003673007806	0.0	0.0	0.0	0.7911982675952705	0.0	0.0	0.0	0.48759003673007806	0.0	0.0	0.0	0.0	0.7115025975310146	0.0	0.0	0.0	3.4588674988113657	0.6138198041819755	0.0	0.0	0.0	0.7911982675952705	0.0	0.0	0.0	0.0	0.0	0.0	0.0	1.7228794650192976	1.5949899502988352	0.30890514505286576	2.50832112125963	0.7911982675952705	0.48759003673007806	0.0	0.0	2.7590921239918567	0.0	2.303332724269587	0.0	0.0	0.48759003673007806	1.3766707158455056	1.1906779023636496	0.0	2.8121598759145896	0.48759003673007806	0.0	0.0	2.642939729486678	0.0	0.0	0.0	0.0	0.30890514505286576	0.0	1.7712158120674573	2.635709320775185	0.0	0.0	1.3158727135018533	1.3158727135018533	0.0	1.5714864166073483	0.30890514505286576	0.0	0.30890514505286576	0.0	2.473438505688881	0.0	0.0	0.0	2.112397369783954	0.8585121302454163	2.5287806010354896	0.0	2.1886933880595163	0.0	0.0	0.9681455482402779	0.0	0.9167791785253534	0.0	0.30890514505286576	0.30890514505286576	0.0	0.0	1.055606586679398	0.0	0.0	0.30890514505286576	0.8585121302454163	4.410306196712549	0.0	3.693669723891469	1.533659096714786	2.2560711563676565	0.7911982675952705
SRR39238494	0.29106441501054137	2.059187999073868	0.0	0.0	0.0	0.0	0.0	1.8939002765901916	0.0	0.587024533903218	2.0838009969926823	0.6829134304869457	0.0	0.0	3.572127874714457	0.0	4.504218536787744	0.0	0.0	1.7283912359242546	0.0	0.0	0.0	3.2090166609674733	1.211496167722484	0.0	0.0	1.2362524810020248	0.0	0.0	0.29106441501054137	0.8278715285498486	0.0	0.0	1.1572999119685323	0.0	0.4637823408170926	0.0	0.0	0.0	0.0	0.29106441501054137	0.0	0.0	0.0	4.070834752828528	0.0	2.0803691105527715	3.048038284208501	2.1560636231622476	0.0	1.5485940042125281	0.29106441501054137	0.0	0.29106441501054137	2.7462829705410687	0.0	0.0	0.9363646682124946	0.0	2.7387826315195793	0.0	0.0	0.0	0.0	0.0	3.2372847579101776	0.0	3.0132776480228824	0.0	0.0	0.4637823408170926	1.5714283148844759	0.0	4.044556543926483	0.0	0.29106441501054137	0.0	0.0	0.0	1.411962343920494	0.0	0.0	0.0	0.29106441501054137	0.0	0.0	0.0	0.0	0.0	0.587024533903218	0.0	0.29106441501054137	3.389775935851449	1.0230998521810295	0.0	0.0	0.0	0.29106441501054137	0.0	0.0	0.0	0.0	0.0	0.0	0.0	0.0	1.7930655711292778	0.0	2.1502359384316656	0.0	1.457643515044332	0.0	0.0	2.013449612292016	0.0	0.7614125959986098	0.0	0.0	0.0	0.29106441501054137	1.0230998521810295	0.0	0.0	0.0	0.0	0.0	3.6632463590555275	0.0	0.0	0.0	0.0	0.0	0.0	1.1572999119685323	3.48512690349308	0.0	0.0	1.4856293030667784	0.587024533903218	0.0	0.0	0.6829134304869457	0.29106441501054137	0.29106441501054137	0.0	1.6792174035852752	0.0	0.0	0.0	0.0	1.6430410922422303	0.29106441501054137	0.0	2.352834235976903	0.29106441501054137	0.0	0.88549722273915	0.8278715285498486	0.0	0.0	0.6829134304869457	0.4637823408170926	0.0	0.29106441501054137	0.4637823408170926	0.0	0.0	0.0	0.0	4.016784789112059	0.0	3.4879667234053575	0.29106441501054137	2.6369360957800927	1.1572999119685323
SRR39238509	1.1464904956824555	1.3954096358758457	0.0	1.6575969946218323	0.3189617774944297	0.8076390007170572	0.3189617774944297	1.3121251577698898	0.5008694556868648	0.5008694556868648	0.875399568804706	0.7273158969798696	0.0	0.7273158969798696	3.4062059281998676	0.628687448501916	4.550216813785511	0.0	0.3189617774944297	2.88513799626558	0.5008694556868648	0.0	1.237156810233835	3.9655370897263538	0.7273158969798696	0.628687448501916	0.0	1.237156810233835	0.0	0.0	0.875399568804706	0.3189617774944297	0.0	0.0	1.7827370538303884	0.0	1.9323518805206041	0.0	0.5008694556868648	0.0	0.9856267095971654	0.5008694556868648	0.3189617774944297	0.0	0.0	4.0495436848828925	0.0	2.4743623211640355	2.0260338088040193	2.0801710965696683	0.0	2.0079209124634367	0.9340008505001572	0.0	0.628687448501916	2.8044723299877896	0.0	0.0	1.6140465055020368	0.0	2.4134090270046538	0.3189617774944297	0.0	0.0	0.0	0.7273158969798696	3.4158921536641063	0.0	3.202742151986114	0.0	0.0	0.3189617774944297	1.413954417574817	0.3189617774944297	1.3121251577698898	0.0	1.3344907700569841	0.0	0.0	0.0	1.0317624983882305	0.0	0.5008694556868648	0.0	0.0	0.0	0.0	0.3189617774944297	0.0	0.0	0.0	0.628687448501916	0.3189617774944297	2.9338349791546054	1.2636104821614331	0.0	0.0	0.0	0.0	0.0	0.0	0.0	0.0	0.0	0.0	0.0	0.0	1.715689614565346	2.255057057531653	1.3954096358758457	2.228060521915899	0.9340008505001572	0.0	0.0	1.9485542946244123	1.1464904956824555	1.7246588371656772	0.0	0.0	0.875399568804706	0.0	0.3189617774944297	0.9856267095971654	0.0	0.3189617774944297	0.0	0.5008694556868648	2.7163233181834623	0.3189617774944297	0.0	0.0	0.0	0.0	0.0	1.9039275987647888	2.1747867613448424	1.5526419129571845	0.0	2.669551351711174	1.4317396428000726	0.628687448501916	1.5782546232725696	1.1464904956824555	1.5526419129571845	0.5008694556868648	0.0	1.0317624983882305	0.0	0.3189617774944297	0.0	1.35576077400102	1.481102810172368	0.9340008505001572	0.0	3.7125697759440546	0.628687448501916	0.0	1.5392458979833856	2.0601396231812084	0.0	0.5008694556868648	0.0	0.628687448501916	0.0	0.0	0.0	0.0	0.0	0.0	0.9856267095971654	3.915618581466675	0.0	3.9382382013215693	1.2636104821614331	1.1464904956824555	1.7420600000797983
SRR39238542	0.0	3.034708732121865	0.0	0.0	0.6747243668866079	0.0	0.0	0.7528654015960874	0.0	0.45701172533720535	0.45701172533720535	0.2860358155555526	0.0	0.0	1.1755673214586382	0.0	4.785305891364778	0.0	0.0	0.579370014211764	0.0	0.0	0.0	0.6747243668866079	0.8765003605557075	0.0	0.2860358155555526	1.6513749394850872	0.0	0.0	0.0	0.0	0.0	0.0	0.0	0.0	0.6747243668866079	0.0	0.0	0.2860358155555526	0.0	0.0	0.0	0.0	0.0	4.297509721573866	0.45701172533720535	1.8272468722656494	0.8765003605557075	1.64224555583476	0.2860358155555526	0.2860358155555526	0.579370014211764	0.0	0.0	2.222505050062773	0.0	0.0	1.2498901741801483	0.0	0.2860358155555526	0.0	0.0	0.0	0.0	0.0	2.813376115999812	0.0	2.3198645598048033	0.0	0.0	0.0	0.579370014211764	2.5572680609873166	0.7528654015960874	0.0	0.0	0.0	0.0	0.0	0.0	0.0	0.2860358155555526	0.0	0.0	0.0	0.0	0.0	0.0	0.0	0.0	0.2860358155555526	0.0	2.946774924210408	0.579370014211764	0.0	0.0	0.0	0.0	0.0	0.0	0.0	0.0	0.0	0.0	0.0	0.0	0.45701172533720535	0.0	0.2860358155555526	0.2860358155555526	0.0	0.0	0.0	0.819067654763236	0.0	0.579370014211764	0.0	0.0	0.0	0.0	1.051283916156855	0.0	0.0	0.0	0.0	0.0	0.927217419218855	0.0	0.0	0.0	0.0	0.45701172533720535	0.0	0.0	0.2860358155555526	0.0	0.0	0.9726262241006052	0.0	0.0	0.2860358155555526	0.45701172533720535	0.0	0.0	0.0	2.6198536528451495	0.0	0.0	0.0	0.819067654763236	0.0	0.2860358155555526	0.0	3.360423352467315	0.0	0.0	0.2860358155555526	0.6747243668866079	0.0	0.0	0.0	0.8765003605557075	0.0	0.0	0.45701172533720535	0.0	0.0	0.0	0.0	2.134044787766587	0.0	3.240636646151314	3.2050222226435956	0.2860358155555526	0.7528654015960874
SRR39238543	0.7523475685940627	3.36714658359551	0.0	0.0	0.0	0.5789067709903806	0.0	0.8759549838669825	0.0	0.0	0.0	0.6742284489786143	0.0	0.0	1.2926009577484792	0.0	4.669801544443913	0.0	0.0	1.8613548546287229	0.0	0.0	0.0	3.01419844477669	1.4171563794971416	0.0	0.0	0.2857324668951385	0.0	0.0	0.0	0.7523475685940627	0.0	0.0	0.4566024183681297	0.0	0.4566024183681297	0.0	0.0	0.0	0.2857324668951385	0.0	0.0	0.2857324668951385	0.0	4.566619133303488	0.0	0.4566024183681297	0.0	1.2259095235312936	0.0	0.8759549838669825	0.4566024183681297	0.0	0.0	3.302912776295867	0.2857324668951385	0.0	1.513836241090886	0.0	1.2011910425283043	0.0	0.0	0.2857324668951385	0.0	0.0	2.0625284460719056	0.0	1.8935099880436286	0.0	0.0	0.2857324668951385	0.7523475685940627	0.0	0.4566024183681297	0.0	0.0	0.0	0.0	0.0	0.0	0.0	0.2857324668951385	0.0	0.0	0.0	0.0	0.0	0.0	0.0	0.0	0.0	0.0	2.026034446154139	0.0	0.2857324668951385	0.0	0.0	0.8759549838669825	0.0	0.0	0.0	0.0	0.0	0.0	0.0	0.0	0.2857324668951385	0.0	0.7523475685940627	0.0	0.0	0.0	0.2857324668951385	0.2857324668951385	0.4566024183681297	0.2857324668951385	0.0	0.0	0.0	0.0	0.0	0.2857324668951385	0.0	0.0	0.0	0.0	0.2857324668951385	0.0	0.0	0.0	0.0	0.2857324668951385	0.0	0.0	0.9720642407125566	0.2857324668951385	0.0	0.0	0.7523475685940627	0.0	0.0	0.0	0.7523475685940627	0.0	0.0	0.0	0.0	0.2857324668951385	0.0	0.4566024183681297	0.0	0.0	0.0	1.659701097147033	0.0	0.0	0.0	2.971476454589007	0.0	0.0	0.0	2.130437060947621	0.0	0.0	1.0507108278951267	0.0	0.0	0.0	0.0	0.4566024183681297	0.0	0.2857324668951385	0.0	0.0	0.2857324668951385
SRR39238544	0.0	3.433017209634298	0.0	0.0	0.15921836616299717	0.3670803300840167	0.0	0.8297493110150499	0.0	0.0	0.27546828922695754	0.0	0.0	0.0	1.7709412442349104	0.0	4.727710926409574	0.0	0.0	2.8366514916526104	0.0	0.0	0.15921836616299717	3.513022488882861	0.5070733285034349	0.0	0.0	0.44269334494173407	0.0	0.0	0.0	0.5070733285034349	0.0	0.0	0.15921836616299717	0.15921836616299717	0.8297493110150499	0.0	0.0	0.0	0.0	0.0	0.0	0.0	0.0	4.421888918086913	0.0	2.137970665532517	0.6977144482780532	0.6573164577672621	0.0	0.15921836616299717	0.6127716193455031	0.0	0.3670803300840167	2.68097943347507	0.0	0.0	1.1935069735156592	0.0	1.3807124400444224	0.0	0.0	0.0	0.0	0.15921836616299717	2.218256766498208	0.0	3.3544352788532126	0.0	0.0	0.0	0.7687303534838404	0.0	0.0	0.0	0.6127716193455031	0.0	0.0	0.0	0.15921836616299717	0.0	0.0	0.0	0.0	0.0	0.0	0.0	0.0	0.0	0.0	0.15921836616299717	0.0	1.9255907353075892	0.0	0.15921836616299717	0.15921836616299717	0.0	0.0	0.0	0.0	0.0	0.0	0.0	0.0	0.0	0.0	0.7687303534838404	0.0	0.0	0.0	0.0	0.0	0.27546828922695754	0.6977144482780532	0.0	0.9077042078957798	0.0	0.0	0.15921836616299717	0.15921836616299717	0.0	0.0	0.0	0.0	0.0	0.0	0.7687303534838404	0.0	0.15921836616299717	0.0	0.0	0.0	0.0	0.15921836616299717	0.7346723531051429	0.0	0.0	1.9412824216473727	0.9737729088149824	0.15921836616299717	0.7687303534838404	0.3670803300840167	0.6127716193455031	0.0	0.0	0.0	0.0	0.0	0.0	0.0	0.0	0.27546828922695754	0.0	2.651109502990698	0.0	0.0	0.0	0.5631301659522631	0.0	0.0	0.0	0.0	0.0	0.0	0.9737729088149824	0.0	0.0	0.27546828922695754	0.0	2.4795591788340854	0.0	1.46748676585093	0.5070733285034349	0.27546828922695754	0.3670803300840167
SRR39238545	2.750689003476918	1.583697051113246	1.1609281447671942	2.321191946389117	0.7117507041659327	1.723181560707437	1.0558874260751214	2.248822657539772	1.3769657073472	2.0913335578423466	2.671021813244677	1.8607926590618133	0.3090619000949293	1.0143521622562366	3.1089766503197698	1.6283204342574873	4.0310246100604505	0.7914564030783865	2.0243648705970267	2.1771781562650014	0.0	0.4877977867736857	2.538315253667227	3.9957832443789107	1.3161657619317457	1.357629613758917	0.0	2.3190362493433647	1.128657353648904	0.9684203452970148	1.0937947667690073	1.5595392085747255	0.4877977867736857	0.0	3.270457338274657	3.226494359510146	3.1532606782144175	0.0	0.0	1.2190599804311055	2.312504203788911	0.6140528224554306	0.0	0.0	0.6140528224554306	4.100778812448762	0.0	2.3080942792442793	2.8439097985266333	3.3555609665692407	0.7117507041659327	2.350299344012251	1.0143521622562366	0.7117507041659327	1.9699867695045137	2.102149657826711	1.2190599804311055	0.3090619000949293	2.373784248904288	0.0	2.671021813244677	0.3090619000949293	0.7117507041659327	0.9170498164032056	0.8587774145250595	0.9684203452970148	3.1808546407670417	1.1609281447671942	2.3602395039217408	1.8607926590618133	0.0	1.8965258476028704	3.0521331239879035	1.8730333209163403	2.634973716385265	0.9684203452970148	3.2048363262411423	0.6140528224554306	0.8587774145250595	0.3090619000949293	1.9400111364045993	0.0	1.5339580108549074	1.2454465072830447	0.3090619000949293	0.0	0.9170498164032056	1.8481969611938964	0.9684203452970148	0.0	1.0143521622562366	1.0558874260751214	0.7914564030783865	3.2037104549388906	2.34218008827613	0.7914564030783865	0.3090619000949293	0.3090619000949293	0.0	0.0	0.3090619000949293	0.0	0.0	0.0	0.0	1.3161657619317457	0.4877977867736857	2.864700520953791	1.6590152679443033	2.3482837161622596	3.389926093207757	0.7117507041659327	0.3090619000949293	0.3090619000949293	3.096892034906995	1.800991492543274	3.5472645251707537	0.0	0.0	1.3373923402350827	1.2190599804311055	2.6833372981279915	2.595660422640591	0.0	1.1909659810512505	0.9684203452970148	0.6140528224554306	3.3274522892899894	1.3161657619317457	1.2454465072830447	0.0	1.0937947667690073	1.1909659810512505	0.0	2.9990767835240972	3.752470939313663	2.283005193874042	0.3090619000949293	3.7833680071158198	2.758614825735366	2.515555577447106	3.131516493627475	2.1680962205555265	2.161934339037327	2.3996687342897234	0.3090619000949293	1.9699867695045137	1.128657353648904	1.0143521622562366	1.771518521459117	2.6190233528343914	2.7122428983133275	1.821853649025196	0.0	2.6833372981279915	2.497309000981636	0.0	1.890770775340336	1.800991492543274	0.8587774145250595	0.6140528224554306	0.6140528224554306	1.907812133682012	0.0	0.3090619000949293	1.3769657073472	0.0	0.0	0.3090619000949293	2.3401263331763578	3.163583158660978	0.0	3.063178808380002	2.5990759221976196	3.1654338954797367	3.409486847120269
SRR39238546	1.542308573790047	2.6471529216814207	0.0	0.5568449396889836	0.0	0.27141556078833984	0.0	1.5736024308438863	0.0	0.0	0.6505664359294676	0.7930215551528201	0.0	0.0	2.021933042872216	0.27141556078833984	4.655408627039125	0.0	0.0	1.5085834606906376	0.0	0.0	0.6505664359294676	3.1597959351404854	0.5568449396889836	0.0	0.0	1.3561054468972449	0.0	0.0	0.4371689217600483	0.27141556078833984	0.0	0.0	0.4371689217600483	0.4371689217600483	0.5568449396889836	0.0	0.0	0.0	0.0	0.0	0.0	0.0	0.0	4.438058450678721	0.0	2.011043519019366	1.242917966460476	1.717851991974472	0.0	1.9520800157720393	0.27141556078833984	0.0	0.27141556078833984	2.3315668529657922	0.0	0.0	1.0575899248083667	0.0	1.8584749134149379	0.0	0.0	0.6505664359294676	0.0	0.0	2.353829905699917	0.6505664359294676	2.74624072228201	0.4371689217600483	0.0	0.0	1.1468253327892637	1.7720806500676134	4.1100998528828985	0.0	0.27141556078833984	0.0	0.0	0.0	1.6956332972779076	0.0	0.27141556078833984	0.0	0.0	0.0	0.0	0.0	0.0	0.0	0.0	0.7276089241103463	0.0	2.353829905699917	0.4371689217600483	0.0	0.0	0.0	0.0	0.0	0.0	0.0	0.0	0.0	0.0	0.0	0.0	0.945148298214354	0.0	0.9001120129476943	0.9001120129476943	0.0	0.0	0.0	0.5568449396889836	0.4371689217600483	0.27141556078833984	0.0	0.0	0.27141556078833984	0.0	0.0	0.27141556078833984	0.0	0.0	0.0	0.0	1.8838344275724312	0.0	0.27141556078833984	0.0	0.0	0.0	0.0	0.7276089241103463	1.3391729665571952	0.0	0.0	0.9001120129476943	0.4371689217600483	0.4371689217600483	0.7276089241103463	0.27141556078833984	0.0	0.0	0.0	0.4371689217600483	0.0	0.0	0.0	0.6505664359294676	0.6505664359294676	0.27141556078833984	0.0	2.066199657744772	0.0	0.0	0.27141556078833984	2.269324818627566	0.0	0.27141556078833984	0.0	0.0	0.0	0.0	1.3391729665571952	0.0	0.0	0.0	0.0	2.791784997175222	0.0	2.289145315458061	0.7276089241103463	0.5568449396889836	1.0894162877637916
SRR39238547	1.4642528429193777	0.6154136827855465	0.3099779217453849	2.810078900964678	1.2720222673466923	2.551690556844434	1.597041756980089	1.6894435757567046	0.7131995107547694	2.305427452919103	1.317876399357716	2.270471254188267	1.0954474781985108	1.6405510000630272	3.334724945674391	1.3786876609368304	4.316436451418624	0.0	1.4484355809741816	2.878029273163781	0.0	1.9570348911158604	2.6131673721887165	3.8066581152866963	1.247141825662408	0.7131995107547694	0.0	2.7951130522251306	0.48901131821180555	1.0159758554774214	2.9320372235407333	0.8603263198859645	0.0	0.0	2.7320114577000174	2.289463979372051	2.8892648136226895	0.8603263198859645	0.48901131821180555	1.946929867298109	2.110996882933549	2.5440028217030046	0.0	0.3099779217453849	1.0159758554774214	3.5635120276202725	0.3099779217453849	1.931317318896903	2.6491184196342887	2.652152203113424	0.7131995107547694	1.0954474781985108	2.74522395913843	0.9186299131016055	2.1074791707118448	2.1144863310593425	0.48901131821180555	0.3099779217453849	2.0261451648172493	0.0	1.8983003377754666	1.317876399357716	1.5085165827530138	0.3099779217453849	0.0	0.7929636537562577	3.396832105440462	0.0	3.445357097105442	1.548683275179325	0.0	1.0575269519798722	2.61973180262433	1.0575269519798722	3.5162959119368926	1.2720222673466923	2.595161085127642	0.7929636537562577	0.7929636537562577	0.6154136827855465	1.5085165827530138	0.0	1.0575269519798722	0.3099779217453849	1.5223223882312544	0.0	0.9186299131016055	1.4642528429193777	0.3099779217453849	0.8603263198859645	0.48901131821180555	1.397202567270659	1.716337900577504	2.466359750924244	2.1511264620108053	1.0159758554774214	0.3099779217453849	0.6154136827855465	1.247141825662408	0.0	0.7929636537562577	0.0	0.3099779217453849	0.48901131821180555	0.8603263198859645	1.2207489128368987	1.1626015609352183	2.900785847461667	2.1907849613831227	1.976565805135903	3.100486234369538	1.4942574538004734	0.0	0.6154136827855465	2.4103418795495624	1.8808002140758233	3.147714291981859	0.0	0.0	2.216262417832373	3.12626671461183	1.4149603128018946	2.2429211538283598	0.0	3.0168283577638118	0.7131995107547694	0.3099779217453849	1.6193410156192143	2.844411859782885	0.0	0.0	1.0575269519798722	1.4149603128018946	0.0	2.564208556382069	3.3565620011185127	1.7249448850908728	0.48901131821180555	3.226951337092289	3.149962098270051	2.333601688969342	2.9641478383340276	1.8435308497244316	2.928318289478404	1.4149603128018946	0.3099779217453849	1.8499687720762805	1.4484355809741816	1.4484355809741816	1.5735352553543274	2.36594222445342	2.307660793308116	0.970024672550103	0.0	3.153471026320781	1.4942574538004734	0.0	3.274182799467624	1.397202567270659	1.4942574538004734	1.6193410156192143	0.0	1.6300754760816638	0.0	0.9186299131016055	0.7929636537562577	0.0	0.48901131821180555	1.1626015609352183	1.936584110634662	4.146436204098642	0.0	3.6019288007813017	2.756464091127697	0.970024672550103	2.896214043941773
SRR39238548	2.078224105494219	2.8978152682440315	0.0	1.6142226190227897	1.1040207727937577	3.3327662805020775	2.61531291030171	1.7365139240557061	0.42689098787753826	1.1577191495719699	1.3567973748351774	1.7090159794307496	1.2055026326734655	0.0	2.8996492927052513	0.9713536858836305	4.602893567573924	0.0	0.0	1.2485459468961697	0.42689098787753826	0.42689098787753826	2.6409577830812503	3.1196280059318395	1.2485459468961697	0.0	0.0	2.0057814679634944	0.0	1.648171848507714	0.9713536858836305	0.8858891870830141	1.323623856125708	0.0	1.2485459468961697	0.42689098787753826	2.919328356494084	0.0	0.63795690356969	1.2877052558284465	1.557736275605195	1.042733501300343	0.0	0.0	0.0	4.278227360761488	0.0	0.8858891870830141	2.308249730859338	2.3982491090428204	0.63795690356969	2.2302084339240937	0.7793804898199092	0.0	0.0	1.9524717298481904	0.42689098787753826	0.0	1.809887840582407	0.0	1.042733501300343	0.63795690356969	0.9713536858836305	0.0	0.0	0.42689098787753826	3.7129441661552867	0.0	2.1852092505066967	1.3876157714300525	2.0198836427078732	0.8858891870830141	2.380471708714314	0.9713536858836305	2.308249730859338	0.42689098787753826	2.7898763544849268	0.0	0.0	0.42689098787753826	0.0	0.0	0.63795690356969	0.0	0.0	0.7793804898199092	0.0	0.0	1.042733501300343	0.0	0.9713536858836305	1.6142226190227897	0.8858891870830141	2.48003627499904	2.255127482106772	0.0	0.0	0.0	1.1040207727937577	0.0	0.0	0.0	0.0	0.0	0.0	0.0	0.9713536858836305	1.9604998846940274	1.5155344225816036	1.5773927732195336	1.3567973748351774	1.1577191495719699	0.0	0.42689098787753826	1.5773927732195336	0.42689098787753826	1.7747486053958155	0.0	0.0	2.2259126202737414	0.0	0.63795690356969	0.0	0.0	1.3567973748351774	1.443378293810866	0.0	2.377436751187739	2.059634659375289	0.42689098787753826	0.0	0.42689098787753826	0.8858891870830141	0.0	2.3924037929945703	2.971974937762862	1.7496364078302935	0.0	2.6223009618741155	1.3567973748351774	0.0	2.742623597390948	1.6315288799455132	2.3924037929945703	2.2974006612042186	0.0	1.9761242448482033	0.0	0.9713536858836305	2.1707471722050298	1.8726384732670438	2.0960504067834123	1.5773927732195336	0.0	3.7864006333394373	1.3876157714300525	0.0	1.042733501300343	1.927456479911016	0.0	1.648171848507714	0.0	2.0721156094935624	0.0	0.0	0.42689098787753826	0.0	0.0	0.8858891870830141	1.9604998846940274	3.4104485739846697	0.0	1.820996299731488	1.4687858972941654	1.6796585673331013	3.48969577286261
SRR39238549	0.0	2.2785304748318214	0.0	0.0	0.0	0.49284995413235877	0.0	1.021101873175902	0.0	0.0	1.0627025632463913	0.717777224065971	0.0	0.0	2.9092812002515247	0.0	4.216869367766154	0.0	0.0	2.1437858930787748	0.0	0.0	0.31287960102142903	2.8014977715148723	0.7977247025088161	0.0	0.0	0.49284995413235877	0.0	0.0	0.6197153217201318	0.49284995413235877	0.0	0.0	1.021101873175902	0.0	0.0	0.0	0.0	0.31287960102142903	0.31287960102142903	0.0	0.0	0.0	0.31287960102142903	3.986508428938696	0.0	2.7792193796026847	1.5140111496985844	1.1678833033935037	0.0	1.9151870983352477	0.31287960102142903	0.0	0.0	2.347559012125823	0.31287960102142903	0.0	0.6197153217201318	0.0	2.1503193354330437	0.0	0.0	0.0	0.0	0.0	4.370615852865537	0.0	2.2511364395663906	0.0	0.0	0.0	0.9236193324404932	0.9750900190231757	3.746671607433309	0.0	0.9750900190231757	0.0	0.0	0.0	0.0	0.0	0.0	0.0	0.0	0.0	0.0	0.0	0.0	0.0	0.0	0.31287960102142903	0.0	3.2604120673209422	1.3445183079758993	0.0	0.6197153217201318	0.0	0.0	0.0	0.0	0.0	0.0	0.0	0.6197153217201318	0.0	0.0	1.4204128768000757	0.0	0.7977247025088161	0.31287960102142903	0.0	0.0	0.0	1.8681571550931093	0.0	0.717777224065971	0.0	0.0	0.0	0.31287960102142903	1.7305080195899054	0.0	0.31287960102142903	0.0	0.0	0.0	2.1535495645420593	0.0	0.8652179744946087	0.0	0.0	0.0	0.0	1.3232746649781844	3.9318130541923204	0.31287960102142903	0.0	1.6138649356900125	0.6197153217201318	0.0	1.300938198013227	0.7977247025088161	0.31287960102142903	0.0	0.0	3.324403078695608	0.0	0.49284995413235877	0.0	0.31287960102142903	1.4849967175123728	0.0	0.0	3.644659188601367	0.0	0.0	0.49284995413235877	0.49284995413235877	0.49284995413235877	0.0	0.0	0.6197153217201318	0.0	0.0	0.31287960102142903	0.0	0.0	0.0	0.31287960102142903	3.9128513137473195	0.0	3.5643327237012827	3.488759520991814	1.3445183079758993	1.4374813129685318
SRR39238550	0.0	2.758407969583859	0.0	0.7016131958874574	0.0	0.0	0.0	1.0699662701743091	0.0	1.911745895941751	1.6433761980478911	0.3698664193542284	0.0	0.3698664193542284	1.4011099135714267	0.0	4.670726345736714	0.0	0.5666749954954566	0.5666749954954566	0.0	0.0	0.3698664193542284	3.5058641186496153	0.3698664193542284	0.0	0.0	1.4236824046352232	0.0	0.0	0.0	0.0	0.0	0.0	1.0172235188402285	0.7016131958874574	1.882162617266703	0.0	0.0	0.5666749954954566	1.4655860539389427	0.0	0.0	0.0	0.0	4.277913235671666	0.0	1.4655860539389427	3.8816504704808876	0.9571783983779495	0.0	0.0	0.5666749954954566	0.0	0.0	1.8665792869339286	0.0	0.0	0.0	0.0	1.7164482648556751	0.0	0.0	0.0	0.0	0.0	3.305702932794438	0.0	2.9197514453902205	0.0	0.0	0.0	0.7016131958874574	0.3698664193542284	3.846720677017517	0.3698664193542284	0.804414208505677	0.3698664193542284	0.0	0.0	0.0	0.0	0.3698664193542284	0.0	0.0	0.0	0.0	0.0	0.0	0.0	0.0	0.0	0.3698664193542284	2.7311075958045468	0.9571783983779495	0.0	0.0	0.0	0.0	0.0	0.0	0.0	0.0	0.0	0.0	0.0	0.0	0.804414208505677	0.0	0.0	0.5666749954954566	0.0	0.0	0.0	1.0172235188402285	0.0	0.0	0.0	0.0	0.8874788571483504	0.0	1.1169917646578913	0.5666749954954566	0.0	0.0	0.0	0.0	1.233556893146851	0.0	0.0	0.0	0.3698664193542284	0.0	0.0	0.9571783983779495	1.9959687963393233	0.0	0.0	3.022414626583926	0.0	1.2968649726214232	1.8421029054264464	1.1980681019203443	1.0172235188402285	0.0	0.0	0.0	0.0	0.8874788571483504	0.0	0.3698664193542284	1.233556893146851	0.0	0.0	0.3698664193542284	0.0	0.0	0.0	1.233556893146851	0.0	0.0	0.0	0.0	0.0	0.0	0.0	0.0	0.0	0.5666749954954566	1.0699662701743091	2.8620345868078476	0.0	2.5394293237206784	0.0	1.8665792869339286	1.485113180085674
SRR39238551	1.5034545233753809	3.108965483917507	0.0	2.0871217069721437	0.0	0.646461647861378	0.0	0.33112962460888373	0.0	1.2306896081853012	0.9544698282559029	2.715183441349542	0.0	1.8963060363073143	2.4524794970486656	0.0	4.550978378639727	0.0	0.0	1.3981855078548981	0.0	0.33112962460888373	1.0527621234555455	3.677327899224658	1.4175989959476332	0.0	0.0	1.0527621234555455	0.0	0.33112962460888373	0.0	0.0	0.33112962460888373	0.0	1.6696999652853899	0.827217466020357	2.18168926631991	0.0	0.0	1.3565435544320386	2.408252271947564	0.0	0.0	0.0	0.33112962460888373	4.258821164209037	0.0	2.584424685719798	3.009524213079251	1.4875878216366905	0.646461647861378	0.0	0.33112962460888373	0.0	1.700459703292447	1.938343428167292	0.0	0.0	1.4175989959476332	0.0	1.7383517867788278	0.0	0.0	0.0	1.2306896081853012	0.0	2.5857157907863937	1.0063908283453087	2.9552555819043955	0.5168077078063404	0.8954878362889951	1.1679775353739428	3.226413411095863	0.5168077078063404	4.072426793860546	1.0063908283453087	1.4361816830640297	0.0	0.0	1.5034545233753809	0.7461764039896467	0.0	0.0	0.0	0.827217466020357	0.33112962460888373	0.8954878362889951	0.0	0.0	1.0527621234555455	0.0	0.0	0.0	3.854813297657026	1.0527621234555455	0.33112962460888373	1.200464541703639	0.33112962460888373	2.4942106012320884	0.33112962460888373	0.0	0.0	0.0	0.0	0.7461764039896467	0.827217466020357	0.33112962460888373	1.7102471490203812	0.33112962460888373	1.0063908283453087	1.6007554743579693	0.33112962460888373	1.6365944076460381	0.0	2.0871217069721437	1.5616908478234894	1.8963060363073143	0.0	0.0	2.1441604655487416	0.0	1.7732014698117002	0.0	0.0	0.5168077078063404	1.0063908283453087	0.33112962460888373	0.0	0.0	0.5168077078063404	0.0	1.5881203726080886	1.5335480985160044	0.0	1.25894731507102	2.6905778817633657	0.0	0.0	2.8913147320245196	2.3227691414625142	1.0063908283453087	1.9087375879984243	1.0527621234555455	1.8899542191939602	2.0353971034056135	0.7461764039896467	0.5168077078063404	0.33112962460888373	1.902566291822763	0.827217466020357	2.0353971034056135	1.9325815201062766	1.7561260958655396	0.0	1.2306896081853012	1.8131651488521145	0.0	0.33112962460888373	1.9087375879984243	2.074756555578944	1.6696999652853899	0.9544698282559029	1.4175989959476332	0.0	1.3565435544320386	0.0	0.0	0.0	0.646461647861378	0.9544698282559029	3.198401877304424	1.1328624527998712	2.3633291038752784	1.6801971503532624	1.2854781976554137	2.2454142844821092
