SAMPLE_ID	Acidimicrobiia	Acidithiobacillia	Acidobacteriia	Actinobacteria	Alphaproteobacteria	Anaerolineae	Aquificae	Bacilli	Bacteroidia	Betaproteobacteria	Candidatus Saccharimonia	Chitinophagia	Chlamydiia	Chrysiogenetes	Clostridia	Coriobacteriia	Cytophagia	Deferribacteres	Dehalococcoidia	Deinococci	Deltaproteobacteria	Endomicrobia	Epsilonproteobacteria	Erysipelotrichia	Flavobacteriia	Fusobacteriia	Gammaproteobacteria	Gemmatimonadetes	Hydrogenophilalia	Kiritimatiellae	Limnochordia	Mollicutes	Negativicutes	Oligoflexia	Opitutae	Rubrobacteria	Sphingobacteriia	Spirochaetia	Synergistia	Thermodesulfobacteria	Thermoleophilia	Thermotogae	Tissierellia	Verrucomicrobiae	Zetaproteobacteria
ERR1624536	0.25846406395829674	0.0	0.0	3.0878410403222496	1.2162254571186824	0.0	0.25846406395829674	2.590781921289682	3.526527822317734	1.9485786111428811	0.0	0.0	0.0	0.0	3.8954953984025202	2.8948689209432215	0.0	0.0	0.25846406395829674	0.0	1.1465133338976055	0.0	0.6287062593003391	2.9090334502468225	0.0	0.25846406395829674	1.5038521046805133	0.0	0.0	0.0	0.0	0.0	3.3503960865969415	0.0	0.0	0.0	0.25846406395829674	0.0	0.25846406395829674	0.0	0.0	0.25846406395829674	0.25846406395829674	0.769352196235212	0.0
ERR1624537	0.0	0.0	0.0	3.2415181040317678	1.0714457640667028	0.0	0.0	3.2076961636672454	3.609395215723564	2.1680240607541	0.0	0.0	0.9133953511564057	0.0	3.8528443380360446	2.665105362775217	0.342162750238451	0.0	0.0	0.342162750238451	1.922773051455926	0.0	1.1518452706922182	2.799553456753344	1.278302042972746	0.0	2.4168307494178993	0.0	0.0	0.0	0.0	0.0	2.785280922723444	0.0	0.0	0.0	0.342162750238451	0.0	0.342162750238451	0.0	0.0	0.342162750238451	1.5232840873118623	0.7630335550559669	0.0
ERR1624538	0.0	0.0	0.0	1.774072824000776	0.3185239175876094	0.0	0.0	3.236232708921664	3.7322301992856355	2.079336037692169	0.0	0.0	0.0	0.0	3.860250586231035	2.492077301982861	0.0	0.0	0.0	0.0	1.6770126228044908	0.0	2.2796355522322447	2.955436860822035	1.9089315414055272	0.0	1.6670109347838045	0.0	0.0	0.0	0.0	1.26281434929635	2.837032137745791	0.0	0.0	0.0	0.0	0.0	0.3185239175876094	0.0	0.0	0.0	0.8069281728992833	0.3185239175876094	0.0
ERR1624539	0.0	0.0	0.0	3.0729922877948845	1.3484374321672483	0.0	0.0	2.4327869395957205	2.9153122438522563	2.275778421932956	0.30419096636903925	0.0	0.8505028436064437	0.0	4.0584150966349615	3.2271875894786084	0.0	0.0	1.1519802180317427	0.48133079029010817	1.7543754412525172	0.0	1.2363800051073157	2.860596396096501	0.30419096636903925	0.30419096636903925	1.9604721197337431	0.0	0.0	0.0	0.0	1.1519802180317427	1.8513077938555593	0.0	0.0	0.0	0.0	2.342730015011053	0.0	0.0	0.0	0.0	0.9086066784872435	0.0	0.0
ERR1624540	0.0	0.0	0.0	3.4765202735221	0.32736672233014563	0.0	0.0	3.207076542837824	2.543772391547994	1.8137622208745197	0.32736672233014563	0.0	0.32736672233014563	0.0	3.8787877591308866	3.4201768180324703	0.0	0.0	0.0	0.0	1.6180624526927374	0.0	0.7403747253485502	3.1299461572277276	0.8893145148558921	0.0	1.3273729525846467	0.0	0.0	0.0	0.6409894054585207	0.8211983726398022	2.2657166639814266	0.0	0.0	0.0	0.0	0.32736672233014563	0.0	0.0	0.0	0.0	0.0	0.0	0.0
ERR1624541	0.0	0.0	0.0	3.324043053627415	0.471941719649862	0.0	0.0	1.8183994917390975	2.9352159059435463	1.4396461084083354	0.0	0.0	0.0	0.0	3.996013199897511	3.1607101648384073	0.0	0.0	0.0	0.0	0.8384272204446621	0.0	0.29715114706366286	2.3144640828035685	0.0	0.0	2.0297059763290832	0.0	0.0	0.0	0.0	0.471941719649862	3.3203867015928874	0.0	0.0	0.0	0.0	0.0	0.29715114706366286	0.0	0.0	0.0	0.29715114706366286	0.0	0.0
ERR1624542	0.0	0.0	0.0	2.7274902655449798	1.3828457083846464	0.0	0.0	3.8352811061769545	2.9834988586879563	2.152871417263816	0.0	0.0	0.0	0.0	3.7808560090387866	2.8592320469099124	0.0	0.0	1.738895585287322	0.0	0.9000287684140169	0.0	1.431995155668415	3.060554938826982	1.0110801113964976	0.0	2.4781927386855087	0.0	0.0	0.0	0.0	0.6504924981075344	1.1728251899860016	0.19828604975066286	0.0	0.0	0.0	0.19828604975066286	0.4371084952633855	0.0	0.0	0.0	0.33391083005549754	0.5204314990646877	0.0
ERR1624543	0.0	0.0	0.0	2.2902051935468157	0.905423612958708	0.0	0.0	2.7951312068572824	3.6142824403921385	2.2519852761963692	0.0	0.40911004505060244	1.048184201249483	0.0	3.984459150121092	2.7923990225336954	0.0	0.0	0.0	0.2510458536282561	2.0587000667101094	0.0	1.2413947062580466	2.7773406514937653	1.1310111070700928	0.2510458536282561	2.1994698305310174	0.0	0.0	0.0	1.0166491349626132	0.2510458536282561	2.7099469956828144	0.0	0.0	0.0	0.8609686660409608	0.2510458536282561	0.6913321625984821	0.0	0.5247466481310838	0.0	0.2510458536282561	0.0	0.0
ERR1624544	0.0	0.0	0.0	2.6047481072507557	1.2376926946029991	0.0	0.2325091780989306	3.633517430948537	3.5148593813319673	1.981742662429757	0.2325091780989306	0.38312706247592665	0.0	0.0	3.8076638127691442	2.336390810151176	0.38312706247592665	0.494745980285588	1.8342169421181649	1.0379510574199493	2.399593408468858	0.0	1.5777256411617304	2.959464840144689	0.494745980285588	0.2325091780989306	2.363851134329174	0.0	0.0	0.0	0.0	1.0379510574199493	2.7201444335214964	0.38312706247592665	0.0	0.0	0.0	1.5439194061555874	0.38312706247592665	0.0	0.0	0.0	0.0	1.3992383399949908	0.0
ERR1624545	0.0	0.0	0.0	1.314972627222996	0.0	0.0	0.0	3.291591213485426	1.6950720107941788	1.09899980566734	0.0	0.33365467900667095	0.0	0.0	2.0623823161544843	1.1372377168279546	0.0	0.0	0.0	0.0	0.5200980387809582	0.0	0.0	0.899611313005371	0.0	0.0	4.165706589106864	0.0	0.0	0.0	0.0	0.33365467900667095	1.0106490846001872	0.0	0.0	0.0	0.0	0.0	0.0	0.0	0.0	0.0	0.0	0.0	0.0
ERR1624546	0.0	0.0	0.0	2.9945508696212433	0.7821008436014866	0.0	0.0	2.3024720048561322	3.4844049248452484	1.160753726663929	0.0	0.2654002098354102	0.4289342894555098	0.0	3.9978475188294387	2.5959733125053828	0.0	0.0	1.3091357480987365	0.0	2.1860713277663284	0.0	1.8902235955249496	3.05077067429235	0.0	0.4289342894555098	2.7960673093504167	0.0	0.0	0.0	0.0	1.107025599960043	2.110775848497572	0.2654002098354102	0.0	0.0	0.0	1.739714882981625	0.5474556043110226	0.0	0.0	0.0	0.7821008436014866	1.4594148028320146	0.2654002098354102
ERR1624547	0.0	0.0	0.0	3.005878949255809	0.0	0.0	0.0	3.635383418171122	2.813321361537415	1.9120659566865832	0.31417402409588374	0.0	0.0	0.0	3.9024050706953077	2.7786739117037405	0.0	0.0	0.0	0.0	0.8673929209431133	0.0	1.102982697303105	3.2711534523019674	0.31417402409588374	0.0	1.6163213019213738	0.0	0.0	0.0	0.0	0.31417402409588374	2.404194588486611	0.0	0.0	0.0	0.0	0.0	0.0	0.0	0.0	0.0	0.31417402409588374	0.0	0.0
ERR1624548	0.0	0.0	0.0	2.364597764394358	0.698254889059528	0.0	0.0	3.1760654978271683	3.4330360169022542	1.7772720885460083	0.0	0.0	0.7774063130683069	0.0	3.950977578882587	2.366465683972735	0.476525407124641	0.0	0.8443317999887685	0.30058318662556516	1.9233958624488474	0.0	1.9435987642418293	3.2433835525380847	0.0	0.0	3.056011558188262	0.0	0.0	0.0	0.6013896052704424	0.698254889059528	1.885608270148438	0.0	0.0	0.0	0.0	0.902307769248081	0.30058318662556516	0.0	0.0	0.0	0.0	0.476525407124641	0.0
ERR1624549	0.0	0.0	0.0	2.9087951540671626	0.9443299028933234	0.0	0.0	2.7470066209752635	3.3685050102304737	1.4711251761668733	0.0	0.3616304241489705	0.0	0.0	4.026936603291451	2.9537324261644526	0.9443299028933234	0.0	0.0	0.0	2.2949556000668467	0.0	0.3616304241489705	2.5130457699349593	0.0	0.0	2.9715674159258842	0.0	0.0	0.0	0.3616304241489705	0.6900589019335769	1.4711251761668733	1.6292412869254769	0.0	0.0	0.7922471350093815	0.0	0.5561780261682253	0.0	0.0	0.0	0.5561780261682253	0.0	0.0
ERR1624550	0.0	0.0	0.0	2.426260956751885	1.0196885644270628	0.0	0.0	1.7617976421160242	3.442684522413783	2.032145538009961	0.0	0.0	0.0	0.0	3.6705231973968515	2.3851709386598183	0.0	0.0	0.0	0.0	1.9883737783256699	0.0	0.7897260178531406	2.582213630451087	0.9416650495355432	2.372679687905962	3.879852955775324	0.0	0.0	0.0	0.0	0.0	2.5763069450816927	0.0	0.0	0.0	0.0	0.0	0.0	0.0	0.0	0.0	1.115437751777738	0.0	0.0
ERR1624551	0.0	0.0	0.0	3.453217477459345	0.8585692780799435	0.0	0.0	2.2390431784937204	3.4694914600422084	2.082668449837484	0.0	0.0	0.0	0.0	3.935685978367439	3.016961954218726	0.0	0.0	0.0	0.0	1.4130000711145558	0.0	2.4317821407114737	2.749532759092071	0.0	0.0	1.4130000711145558	0.0	0.0	0.0	0.4436220501526098	0.2761509359498133	2.2913995541903223	0.0	0.0	0.0	0.0	0.0	0.0	0.0	0.0	0.0	0.8015330684043225	0.2761509359498133	0.0
ERR1624552	0.0	0.0	0.0	2.7069476139509296	0.0	0.0	0.0	3.69394741792063	2.6896629193902672	1.56298176553561	0.3108678207638681	0.0	0.0	0.3108678207638681	3.775557761973697	2.9030942878112227	0.0	0.0	0.0	0.0	0.9715808197782517	0.0	0.7146053027626437	3.1615204687764695	0.0	0.0	3.414776462686081	0.0	0.0	0.0	0.0	0.4901894480472079	1.2972086829009357	0.0	0.0	0.0	0.3108678207638681	0.0	0.0	0.0	0.0	0.9201626415290105	0.3108678207638681	0.0	0.0
ERR1624553	0.0	0.0	0.0	2.9343962553335587	1.0525016339752442	0.0	0.3071750512952694	2.2526844525075553	3.7252723692949976	2.2269748342804396	0.4852954908220084	0.3071750512952694	0.6112452733064595	0.0	3.9673614260282735	2.3604552668371017	0.3071750512952694	0.0	0.0	0.0	2.3662595593917346	0.0	1.474187190641301	2.1823847671313343	0.3071750512952694	0.0	1.6747005070144605	0.0	0.0	0.0	1.0109992542350497	1.7973368769628264	2.3850653798388137	0.0	0.0	0.0	0.0	0.8555797891272472	0.4852954908220084	0.0	0.0	0.0	0.3071750512952694	1.0525016339752442	0.0
ERR1624554	0.0	0.0	0.0	2.0781873747944184	1.1326104480301509	0.0	0.0	3.022909323233554	3.3305874758046468	1.0325144192835547	0.0	0.0	0.0	0.0	4.006583499727317	3.113942953016599	0.0	0.0	0.37962688705182557	0.0	1.3682565024548656	0.0	0.37962688705182557	3.0914384895905003	0.0	0.37962688705182557	2.6290209704132996	0.0	0.0	0.0	0.0	0.0	2.513814128827311	0.0	0.0	0.0	0.0	0.0	0.5790453336443697	0.0	0.0	0.0	0.5790453336443697	1.4614303634221564	0.0
ERR1624555	0.0	0.0	0.0	3.4016916651598144	0.6762776697057049	0.0	0.0	2.7561101070723213	3.102763962658836	1.129845897331782	0.0	0.0	0.0	0.0	3.972184972147993	3.3474859504710603	0.0	0.0	0.0	0.0	1.2362927386797093	0.0	0.35188986118522925	2.365431068275669	0.35188986118522925	0.0	1.8943494486389219	0.0	0.0	0.0	0.0	0.0	2.7173525336716238	0.0	0.0	0.0	0.35188986118522925	0.0	0.0	0.0	0.0	0.0	0.6762776697057049	0.0	0.0
ERR1624556	0.0	0.0	0.0	2.4418324999197427	2.3600815912537967	0.0	0.0	3.7069842280745227	2.9511125694443194	2.2064410008342206	0.5437914497807722	0.26306544043165986	1.3218504628144478	0.0	3.900534927844212	2.6756971804634486	1.0068294114904472	0.26306544043165986	0.0	1.2258058581458915	2.0671828021306324	0.0	1.4669873441643193	2.674933519875709	0.9696910058771833	0.0	2.9735871865568537	0.0	0.0	0.0	0.425726721659154	0.8343020215488567	2.060942879530578	0.0	0.0	0.0	0.5437914497807722	0.0	0.26306544043165986	0.0	0.0	0.0	0.7128981464243201	1.129975186137425	0.0
ERR1624557	0.0	0.0	0.0	2.885353748197265	0.8741446774323902	0.0	0.0	2.322935569046695	3.5459784292273206	2.160103547716658	0.0	0.0	0.0	0.0	3.9370151148666976	2.6819914644132514	0.0	0.0	0.2847267529010423	0.0	1.2906188652980293	0.0	1.7232380803694045	2.824138022416471	2.0352385872908427	0.0	1.7232380803694045	0.0	0.0	0.0	0.0	0.6725827198834414	3.3326346392002004	0.0	0.0	0.0	0.0	0.0	0.5773697245821312	0.0	0.0	0.2847267529010423	0.5773697245821312	0.4552446976006264	0.0
ERR1624558	0.0	0.0	0.0	2.3981282039918734	2.1645405128392867	0.0	0.0	3.7959299415939305	2.9677367236120937	1.9140004995587432	0.0	0.0	1.000170059562876	0.0	3.7776882390180293	3.122404686659263	0.301124481419947	0.0	0.0	0.0	2.3749364998812883	0.0	0.0	2.773243325757709	1.361908573427608	0.4772472311600663	2.929096418695165	0.0	0.0	0.0	0.0	0.4772472311600663	2.136908139210057	0.301124481419947	0.0	0.0	0.301124481419947	0.0	0.4772472311600663	0.0	0.0	0.0	0.7783087152252621	0.301124481419947	0.0
ERR1624559	0.0	0.0	0.0	2.107935739784569	1.6134975104455391	0.0	0.0	3.1966306669425033	3.559799612357665	1.833229644619828	0.30139588969361064	0.0	0.0	0.30139588969361064	3.7720983271814754	2.519243205183918	0.0	0.0	0.0	0.30139588969361064	1.9645113631470463	0.0	0.7787609026193365	3.0353592618253376	1.733111705138675	0.0	3.551326481838057	0.0	0.0	0.0	1.0798518164634645	1.1767740120822234	2.515276997647492	0.30139588969361064	0.0	0.0	0.0	0.0	0.30139588969361064	0.0	0.0	0.0	0.30139588969361064	0.0	0.0
ERR1624560	0.0	0.0	0.0	2.8838712907427744	0.507257222542378	0.0	0.0	3.630580464911867	3.033415673214487	2.0171324985881998	0.0	0.0	1.3433664927765943	0.0	3.5722006155537565	3.2003679073962843	0.507257222542378	0.0	0.0	0.0	2.4960914972793264	0.0	0.0	2.3866849686356066	0.32382574075512055	0.9939763559293524	3.414208651733779	0.0	0.0	0.0	0.0	1.2177194877893054	3.3013891659639194	0.8834736792656939	0.0	0.0	0.6358200659459259	0.0	0.0	0.0	0.0	0.0	0.9422301404056885	1.8763414701287393	0.0
ERR1624561	0.0	0.0	0.0	2.663569910627285	1.826492890691048	0.0	0.0	4.010452316567628	3.08680484198013	2.0142485097881093	0.0	0.0	0.0	0.0	3.4999253866425035	2.6410217890124303	0.0	0.5551870940159528	0.9431133638444058	0.0	1.2513943253472228	0.0	1.1023804144407945	2.6732274139640713	0.0	0.0	2.6266429786497	0.0	0.0	0.0	0.0	0.3608551528034884	2.2819902494007986	0.0	0.0	0.0	0.0	0.0	0.6889666950221472	0.0	0.0	0.0	0.0	1.1446934144017538	0.0
ERR1624562	0.0	0.0	0.0	2.8720799323910082	1.7243737994562278	0.2969628634895588	0.0	3.8213252583514756	2.971384309457147	2.138014247879092	0.0	0.0	0.0	0.0	3.6351831243604327	2.9532573974110052	1.510591157804645	0.0	0.0	0.0	1.4071178304419116	0.0	0.5959449201800553	3.076767646441863	0.8959473134981708	0.2969628634895588	3.217658183306079	0.0	0.0	0.0	0.5959449201800553	0.0	2.303621390502751	0.0	0.0	0.0	0.4716899034762738	0.0	0.4716899034762738	0.0	0.0	0.0	0.6924441839780293	0.2969628634895588	0.0
ERR1624563	0.0	0.0	0.0	1.9516924618679883	1.0346422480086408	0.0	0.0	4.067376644459952	2.8782223369720747	1.7868284565780015	0.0	0.0	0.0	0.0	3.0079357023080093	2.033041529402007	0.34806973316672096	0.0	1.5782240793923266	0.0	1.9692270289574234	0.0	0.0	2.109897219571375	0.5387729885785854	0.34806973316672096	3.446996946240943	0.0	0.0	0.0	0.0	0.8539393151764392	1.655489453108346	0.0	0.0	0.0	0.0	0.0	0.34806973316672096	0.0	0.0	0.0	0.5387729885785854	0.0	0.0
ERR1624564	0.0	0.0	0.0	3.051489090127706	1.0710061243953835	0.0	0.0	3.3152815565266462	3.4835686580978122	1.3840007539257786	0.0	0.0	0.0	0.0	3.7755665846379234	3.060977360119709	0.542429695142175	0.0	0.0	0.0	2.400261636279313	0.0	0.542429695142175	3.2405784639127106	0.0	1.7648997828067392	2.9830585721518768	0.0	0.0	0.0	0.0	1.265000692627167	2.459111001500364	0.7113602434337777	0.0	0.0	0.4245355150341097	0.26219956426725105	0.8326738573341207	0.0	0.0	0.0	1.154212317588056	2.0230321536107003	0.0
ERR1624565	0.23491302655954013	0.23491302655954013	0.0	2.785480860940335	1.070535294286375	0.0	0.0	3.342205423356356	3.479047458612506	1.8308034404296687	0.0	0.23491302655954013	0.8726270073693987	0.0	3.818485579817885	2.9001628867555764	0.0	0.912521965301757	1.4512865819477607	0.5877398662237917	2.0948939477115367	0.0	1.7155610690753316	2.8616390348352834	0.5877398662237917	0.0	3.3849566030006324	0.0	0.0	0.0	0.0	0.4986817045927826	2.0690959262287203	0.0	0.0	0.0	0.0	0.23491302655954013	0.4986817045927826	0.0	0.0	0.23491302655954013	0.9490584624503317	1.709520177187885	0.0
ERR1624566	0.0	0.0	0.0	2.9738728341594913	0.41583157986091956	0.0	0.0	2.9518544260858106	3.259023581836501	2.1431469570884905	0.0	0.0	0.0	0.0	3.9985440124374856	2.685697534273472	0.2558925093194588	0.0	0.0	0.0	1.487069716021606	0.0	0.8704374008894076	3.3073030817596143	0.0	0.0	1.8741139406656155	0.0	0.0	0.0	0.0	0.6243116134802399	2.645040643915876	0.0	0.0	0.0	0.41583157986091956	0.2558925093194588	0.0	0.0	0.0	0.0	0.41583157986091956	0.6243116134802399	0.0
ERR1624567	0.0	0.0	0.0	2.630189869619421	0.8167915178096131	0.0	0.0	3.402934486636286	3.291460142362318	1.601061326538884	0.0	0.0	0.3246241417613546	0.0	3.9236832808004274	2.850043206346674	0.0	0.0	0.9953405540016795	0.0	1.1215029828483096	0.0	2.2010031373529517	3.3230998300170804	1.7933806117638893	1.188973158354627	2.520042115398931	0.0	0.0	0.0	0.0	0.9435748900229495	1.8713954900626286	0.0	0.0	0.0	0.0	0.0	0.0	0.0	0.0	0.0	0.8847933441171307	0.6369873149487763	0.0
ERR1624568	0.0	0.0	0.0	3.073246510058379	1.6550354830596077	0.0	0.0	2.8379249546141	3.5996686843495462	1.8523761912236791	0.0	0.0	0.3616683323549017	0.0	3.8740923396456743	2.7378822375677543	1.3383560423194538	0.3616683323549017	0.3616683323549017	0.0	1.8108006268255636	0.0	1.409831939096329	2.4355802427988738	1.2200091497477974	1.252753632028346	3.3354529554300063	0.0	0.0	0.0	0.0	0.5562264668624433	1.764819512562471	0.3616683323549017	0.0	0.0	1.0042265175488767	2.2434294215656445	0.7923033908136103	0.0	0.0	0.0	0.0	0.9443893559557747	0.0
ERR1624569	0.0	0.0	0.0	2.2020567787572936	1.3704467064228754	0.0	0.0	3.6398241602387333	3.249166502725073	2.174564740514414	0.0	0.0	0.0	0.0	3.6416674672339973	2.076250267731468	0.0	0.2959628548155769	0.0	0.2959628548155769	1.7458616760544814	0.0	0.5944369358430108	2.4195965215508966	0.0	0.7696728697003807	3.7089733619752088	0.0	0.0	0.0	0.690833955901947	0.2959628548155769	2.5972863895132883	0.0	0.0	0.0	0.0	0.0	0.690833955901947	0.0	0.0	0.0	0.2959628548155769	1.2691020387713967	0.0
ERR1624570	0.0	0.0	0.0	3.30253722212209	1.469274724313844	0.0	0.0	3.646970270967919	3.307204785865088	1.73126292004067	0.0	0.0	0.37205982352292266	0.0	3.833345290756199	2.8334006015456117	0.0	0.0	0.0	0.0	0.5694613944810198	0.0	1.120520081999843	2.321655486729478	0.0	0.0	2.5260513412732855	0.0	0.0	0.0	0.9605774243116068	1.0206767765949798	2.1802591892988374	0.0	0.0	0.0	0.37205982352292266	1.5591847915101327	0.0	0.0	0.0	0.0	1.120520081999843	1.0206767765949798	0.0
ERR1624571	0.0	0.0	0.0	3.175059054510138	0.5204732151835398	0.0	0.0	3.577371315117899	3.1173004569823934	1.6530532787902599	0.0	0.0	0.0	0.0	3.7677308885412226	2.991832400550569	0.0	0.0	0.0	0.0	1.315483969566531	0.0	0.9591475362905661	1.9548427140340172	0.0	2.6431343169000314	3.341771304016181	0.0	0.0	0.0	0.0	0.0	2.7818949332422553	0.0	0.0	0.0	0.0	0.0	0.0	0.0	0.0	0.0	0.6505388782228504	0.6505388782228504	0.0
ERR1624572	0.0	0.0	0.0	3.1146619512783964	1.0104875835903135	0.0	0.0	3.3494406676884743	3.6532823645346646	2.1729261927286143	0.0	0.3335587285850866	0.0	0.0	3.8204034427951714	2.9133536827443667	0.0	0.0	0.0	0.0	2.435454124539707	0.0	0.5199731141688475	2.338942283877721	0.0	1.3608869301229616	2.59537281481535	0.0	0.0	0.0	0.5199731141688475	0.3335587285850866	1.9758902285075395	0.6499828314828151	0.0	0.0	0.3335587285850866	0.0	0.3335587285850866	0.0	0.0	0.0	0.5199731141688475	2.2877510668538803	0.0
ERR1624573	0.0	0.0	0.0	3.009753321251282	0.6180680779555774	0.0	0.0	3.942379191298733	3.0137480768494043	2.3515326300565413	0.49137952660106266	0.0	0.0	0.0	3.4151332706699025	3.197003442953244	0.0	0.31176734443474674	0.0	0.0	0.9217096472596926	0.0	0.0	2.550071059685979	0.0	0.6180680779555774	1.9074373592916498	0.0	0.0	0.0	0.0	0.31176734443474674	3.0625894847055313	0.0	0.0	0.0	0.31176734443474674	0.0	0.6180680779555774	0.0	0.0	0.0	1.1335632971171836	0.0	0.0
ERR1624574	0.0	0.0	0.0	3.4809744951449333	0.2864270594260978	0.0	0.0	2.890446263930454	3.3187993301004384	2.091092829569931	0.7535328993520334	0.0	0.0	0.2864270594260978	3.712309292627551	2.887303253441374	0.0	0.0	1.3333488922670493	0.0	1.7190228357868504	0.2864270594260978	0.0	3.6514431334620783	0.0	1.2025402045357674	2.003994397608164	0.2864270594260978	0.0	0.0	0.45753948156191104	0.45753948156191104	2.3264472918728396	0.0	0.0	0.0	0.0	0.0	0.0	0.0	0.0	0.0	0.8197553858940577	0.0	0.0
ERR1624575	0.0	0.0	0.0	2.7818721290569823	0.6699159476714984	0.0	0.0	2.4645480470091994	3.392111044202441	2.0318806449304043	0.3474241027123285	0.0	0.0	0.0	4.081029045232459	2.275308495567969	0.0	0.0	0.0	1.0802417556769177	0.8529317681373376	0.0	2.09183645255933	2.81078952257816	0.0	0.0	1.3853230789596744	0.0	0.0	0.0	0.0	1.0335788145679383	2.4381981073424415	1.196059648767998	0.0	0.3474241027123285	0.0	0.0	0.0	0.0	0.0	0.0	0.9812918178082726	0.5379404503674936	0.0
ERR1624576	0.0	0.0	0.0	3.3293832775245487	1.1078080849251393	0.0	0.0	2.2632319033858694	3.36529059109225	1.96456440124026	0.0	0.0	0.4294671261528412	0.0	3.926541023226021	3.110862672288527	0.7828095410627421	1.209357062121169	2.930373381403117	0.0	1.5813938482737446	0.0	2.3229240569278344	3.0264921643886433	0.0	1.1615439247331572	1.5813938482737446	0.0	0.0	0.0	0.0	0.4294671261528412	1.9724476468465548	0.6411238267745814	0.4294671261528412	0.0	0.0	0.0	0.6411238267745814	0.0	0.0	0.0	0.4294671261528412	1.3607267966257224	0.0
ERR1624577	0.0	0.0	0.0	3.107650688901428	1.067340657019979	0.0	0.0	2.410362222145103	3.6184121669985356	2.424865284036139	0.0	0.0	1.1640323701421198	0.0	3.9472059264194788	2.8557290147466694	0.0	0.0	0.0	0.0	1.1020188147698247	0.0	1.1020188147698247	2.9200629524329296	1.5189316665416437	0.0	1.6775307219972218	0.0	0.0	0.0	0.0	0.6886544497887823	2.524923957265025	0.0	0.0	0.0	0.0	0.29461154359059916	0.29461154359059916	0.0	0.0	0.0	0.7674005178730217	0.4685420644580656	0.0
ERR1624578	0.0	0.0	0.0	3.0492339443862737	0.9427211282085277	0.0	0.0	3.2187488282334376	3.1417541517229517	1.6105796851644307	0.0	0.0	0.0	0.0	3.8753664296462143	3.2666905810734406	0.6886146131642206	0.0	0.5923590964937088	0.0	1.6593948933003737	0.0	0.2945868685505161	3.472600500510609	0.0	0.0	1.2887051764995308	0.0	0.0	0.0	0.0	0.7673589797059929	2.34118346590471	0.0	0.0	0.0	0.4685089999903018	0.0	0.4685089999903018	0.0	0.0	0.0	0.8339934432580706	0.0	0.0
ERR1624579	0.0	0.0	0.0	2.3148375828991816	1.3110055169953119	0.0	0.0	2.725874024962028	3.6499174894596758	2.0067554016162754	0.0	0.0	0.6277874217871695	0.0	3.994775398988633	2.9226740867239	0.5000641982116374	0.0	0.5000641982116374	0.0	0.0	0.0	1.3333682460688374	2.3391649060751294	1.354635642395041	0.0	2.6753748421672467	0.0	0.0	0.0	0.0	0.31834982766218184	1.287428473943212	0.0	0.0	0.0	0.6277874217871695	0.0	0.5000641982116374	0.0	0.0	0.0	0.5000641982116374	1.4128227710934873	0.0
ERR1624580	0.27903040396058265	0.0	0.0	3.195403271942666	0.27903040396058265	0.0	0.0	2.6100704103226047	2.500269390394914	2.293501480891735	0.0	0.0	0.0	0.0	4.074383077250381	3.2060047070458846	0.0	0.0	0.0	0.0	1.5580751860297677	0.0	1.4335319044205825	2.8514132919656476	0.0	0.27903040396058265	1.57920796212191	0.0	0.0	0.0	0.0	0.27903040396058265	1.6960540620565827	0.0	0.0	0.0	0.0	0.0	0.6632150633877788	0.0	0.0	0.0	0.7408406930264426	0.5686280768984039	0.0
ERR1624581	0.0	0.0	0.0	2.6286893739759587	1.1165927286700998	0.0	0.0	2.951767973798728	3.5471847549847912	1.4941388567969192	0.0	0.0	0.0	0.0	3.926190838031166	3.176636336167645	0.6042138391710403	0.0	2.1774914919015553	0.0	2.1818274365781396	0.0	2.3848746052175045	2.958313471528877	1.9828428531124695	0.39966394064549027	1.7881523776083852	0.0	0.0	0.931951757987495	0.0	1.0025833385521394	2.4963182995155844	0.0	0.0	0.0	0.39966394064549027	0.0	1.0025833385521394	0.0	0.0	0.0	1.1165927286700998	1.6655650838449205	0.0
ERR1624582	0.27884311428672504	0.0	0.4472795092532146	2.4597315535305153	0.806339406774779	0.0	0.27884311428672504	1.9280701309441661	3.758714767488423	2.5366205774653467	0.0	0.27884311428672504	1.403302005278609	0.0	3.9461053653094575	2.7747055991928082	0.6629057133384184	0.27884311428672504	1.7111483946505226	0.0	1.6629426758859691	0.0	1.8994597560533324	1.589015807715982	2.169568167259432	0.4472795092532146	1.8994597560533324	0.0	0.0	0.0	0.9592095834593839	0.5683396153060867	2.6172937252682567	1.1615439247331572	0.0	0.0	0.27884311428672504	0.0	0.27884311428672504	0.0	0.0	0.0	0.806339406774779	1.4873211729778362	0.0
ERR1624583	0.0	0.0	0.0	3.348394180257843	0.9397384816546535	0.0	0.0	1.8531052714388132	3.191023804780067	1.5404135539891255	0.0	0.0	0.0	0.0	4.053761631093663	3.092226431585401	0.0	0.2929311626939823	0.0	0.0	1.2855107926533893	0.0	0.4662888974299825	2.219273746128156	0.0	0.0	1.637231081848804	0.0	0.0	0.0	0.0	0.5898543927100655	2.0368743116441745	0.8888163502789734	0.0	0.0	0.0	0.0	0.4662888974299825	0.0	0.0	0.0	1.461324773398904	0.9397384816546535	0.0
ERR1624584	0.0	0.0	0.0	3.5466626892648394	0.8693996077916	0.0	0.0	2.062398241797525	3.1733219543798814	2.3136385421243904	0.2553587890186472	0.0	0.2553587890186472	0.0	3.994889495585966	2.8751392919630505	0.0	0.2553587890186472	0.0	0.0	1.5392646044668716	0.0	1.0865380376054472	2.8124385124773315	0.41509281344339516	0.2553587890186472	1.6534023157660245	0.0	0.0	0.0	0.0	0.0	1.80772611984876	0.0	0.0	0.0	0.0	0.0	0.0	0.0	0.0	0.0	0.41509281344339516	1.749926977037152	0.0
ERR1624585	0.0	0.0	0.0	3.584352503805798	1.1570276873801177	0.0	0.0	2.9166737759224177	3.663354666626849	2.6487348139771125	0.0	0.0	0.0	0.0	3.3906647280238738	3.164479476286861	0.34520988380933443	0.0	0.5350824929210329	0.0	1.1186497319746551	0.0	1.1186497319746551	2.19088861577676	0.34520988380933443	0.34520988380933443	3.390235545841442	0.0	0.34520988380933443	0.0	0.0	0.5350824929210329	2.7305083011740825	0.0	0.0	0.0	0.0	0.0	0.34520988380933443	0.34520988380933443	0.0	0.0	0.5350824929210329	0.0	0.0
