SAMPLE_ID	Acholeplasmatales	Acidaminococcales	Acidiferrobacterales	Acidimicrobiales	Acidithiobacillales	Acidobacteriales	Actinomycetales	Actinopolysporales	Aeromonadales	Alteromonadales	Anaerolineales	Aquificales	Ardenticatenales	Bacillales	Bacteriovoracales	Bacteroidales	Bacteroidetes Order II. Incertae sedis	Bdellovibrionales	Bifidobacteriales	Brachyspirales	Bryobacterales	Burkholderiales	Caldilineales	Campylobacterales	Candidatus Brocadiales	Candidatus Nanopelagicales	Candidatus Nanosynbacterales	Cardiobacteriales	Caulobacterales	Cellvibrionales	Chitinophagales	Chlorobiales	Chloroflexales	Chromatiales	Chroococcales	Chthonomonadales	Clostridiales	Coprothermobacterales	Coriobacteriales	Corynebacteriales	Cytophagales	Deferribacterales	Dehalococcoidales	Deinococcales	Desulfarculales	Desulfobacterales	Desulfovibrionales	Desulfurobacteriales	Desulfuromonadales	Dictyoglomales	Eggerthellales	Egicoccales	Elusimicrobiales	Emcibacterales	Enterobacterales	Entomoplasmatales	Erysipelotrichales	Fibrobacterales	Fimbriimonadales	Flavobacteriales	Frankiales	Fusobacteriales	Gemmatales	Gemmatimonadales	Gloeobacterales	Glycomycetales	Halanaerobiales	Holosporales	Ignavibacteriales	Isosphaerales	Kiritimatiellales	Kosmotogales	Ktedonobacterales	Lactobacillales	Legionellales	Leptospirales	Magnetococcales	Marinilabiliales	Mariprofundales	Methanobacteriales	Methanomassiliicoccales	Methanosarcinales	Methylacidiphilales	Methylococcales	Micrococcales	Micromonosporales	Mycoplasmatales	Myxococcales	Nakamurellales	Nautiliales	Neisseriales	Nevskiales	Nitrosomonadales	Nitrospirales	Nostocales	Oceanospirillales	Opitutales	Orbales	Oscillatoriales	Parachlamydiales	Parvularculales	Pasteurellales	Pelagibacterales	Petrotogales	Pirellulales	Planctomycetales	Propionibacteriales	Pseudomonadales	Pseudonocardiales	Puniceicoccales	Rhizobiales	Rhodobacterales	Rhodocyclales	Rhodospirillales	Rickettsiales	Rubrobacterales	Saprospirales	Selenomonadales	Solirubrobacterales	Sphingobacteriales	Sphingomonadales	Spirochaetales	Streptomycetales	Streptosporangiales	Synechococcales	Synergistales	Syntrophobacterales	Tepidiformales	Thermoanaerobacterales	Thermodesulfobacteriales	Thermomicrobiales	Thermosediminibacterales	Thiotrichales	Tissierellales	Trueperales	Veillonellales	Verrucomicrobiales	Vibrionales	Xanthomonadales
SRR31418681	0.0	3.965260687027359	0.0	0.0	0.3534025443343391	0.0	0.0	0.0	0.0	0.0	0.0	0.0	0.0	1.4934846912045265	0.0	4.872552097998572	0.0	0.0	1.4934846912045265	0.0	0.0	3.63424524172025	0.0	0.6784263075189002	0.0	0.0	0.7799800068773663	0.0	0.0	0.0	1.2976498837595296	0.0	0.0	0.0	0.0	0.0	4.4286600319246086	0.0	2.244598248705258	0.5456360209122597	2.3886835651322804	0.0	0.6784263075189002	0.0	0.0	0.0	3.0096191330957507	0.0	1.5430854242756302	0.0	0.5456360209122597	0.0	0.0	0.0	2.420900738918498	0.0	1.6989426873758158	0.0	0.0	1.2061767932078469	0.0	0.0	0.3534025443343391	0.0	0.0	0.0	1.7784948734351338	0.0	0.0	0.0	0.0	0.3534025443343391	0.0	1.9612109326215423	0.0	0.0	0.0	0.0	0.0	0.0	0.0	0.0	0.0	0.0	0.0	0.0	1.1708372377863805	0.0	0.0	0.3534025443343391	1.0433873110243395	0.0	0.3534025443343391	0.0	0.0	0.0	0.3534025443343391	0.7799800068773663	0.0	0.0	0.0	0.3534025443343391	0.0	0.0	0.3534025443343391	0.0	0.0	0.5456360209122597	0.0	0.0	0.8622296864911813	0.5456360209122597	0.0	0.3534025443343391	0.0	0.0	0.0	0.3534025443343391	0.3534025443343391	1.9038968399626774	0.0	0.0	1.1323652456201183	0.0	0.0	0.3534025443343391	0.0	0.0	0.0	0.0	0.3534025443343391	0.0	0.0	0.5456360209122597	0.0	2.7423548434504608	0.5456360209122597	0.3534025443343391	0.0
SRR31418682	0.0	3.849888073894512	0.0	0.0	0.0	0.28346345980504317	1.7842365145102046	0.0	0.4535376803527939	2.0947370224899338	0.670512046605905	0.4535376803527939	0.0	2.408305624368139	0.28346345980504317	4.84833857649963	0.8145341961438353	0.0	2.3708131382591016	0.0	0.0	3.3169041180324252	0.28346345980504317	0.871865954052524	0.0	0.0	1.4424923618584502	0.0	0.28346345980504317	0.28346345980504317	0.9225043013795488	0.0	0.0	0.670512046605905	0.0	0.28346345980504317	4.492027882096675	0.0	1.7429004138741222	0.871865954052524	2.4653035455275742	0.28346345980504317	0.0	0.0	0.0	0.0	2.286523666819022	0.0	1.5448929412959433	0.0	1.4126179149103102	0.0	0.0	0.28346345980504317	3.1448501966581057	0.28346345980504317	2.0882590579169564	0.4535376803527939	0.28346345980504317	1.556148773921819	0.670512046605905	2.116677951228256	0.0	0.0	0.0	0.0	1.5882651102355225	0.28346345980504317	0.0	0.0	0.0	0.5754363444840429	0.0	2.9567178877469247	0.0	0.0	0.0	0.4535376803527939	0.0	0.0	0.0	0.0	0.0	0.0	1.6972120721633912	0.0	1.3458929869911411	0.5754363444840429	0.0	0.0	2.0750058402814653	0.0	0.0	0.0	0.28346345980504317	0.28346345980504317	0.4535376803527939	0.0	0.28346345980504317	0.0	0.0	1.9040752178748186	0.4535376803527939	0.0	0.0	0.8145341961438353	0.0	3.3387071742912813	0.4535376803527939	1.2670221570526905	0.9225043013795488	0.28346345980504317	0.0	1.4837720325815478	0.8145341961438353	0.4535376803527939	0.0	1.0089054976437142	0.9225043013795488	1.30824555183868	0.0	0.0	1.4967037646084904	0.28346345980504317	0.0	0.4535376803527939	0.0	0.0	0.4535376803527939	0.0	0.4535376803527939	0.0	0.28346345980504317	1.288122788443498	0.0	2.563011023296679	0.0	0.670512046605905	0.8145341961438353
SRR31418683	0.0	3.725785548357775	0.0	0.0	0.0	0.0	0.6257242249839238	0.0	0.0	2.3774912228630014	0.3169485433518571	0.8720400257861853	0.0	2.8319435226118093	0.0	4.816368522024928	0.9821509491655973	0.0	2.6222614208494432	0.0	0.0	3.7315391121455526	0.0	0.8043669816762898	0.0	0.0	0.6257242249839238	0.0	0.0	0.6257242249839238	0.3169485433518571	0.3169485433518571	0.0	0.49821891195509155	0.3169485433518571	0.0	4.4986148393112835	0.49821891195509155	1.9116905669937996	0.6257242249839238	2.8694496165104972	0.3169485433518571	0.3169485433518571	0.0	0.0	0.3169485433518571	2.4410898879266223	0.0	1.8369824300453717	0.0	0.9821509491655973	0.0	0.0	0.0	3.0025178013421048	0.49821891195509155	1.8821073367054706	0.9305758677244109	0.0	1.0282461911494631	0.7241669346853854	2.3470987412513793	0.0	0.0	0.0	0.0	3.351406039938197	0.0	0.0	0.0	0.0	0.0	0.0	3.3933664027817008	0.0	0.3169485433518571	0.0	0.3169485433518571	0.0	0.0	0.0	0.0	0.0	0.0	0.8720400257861853	0.0	1.308436740156794	0.3169485433518571	0.0	0.0	0.3169485433518571	0.0	0.0	0.0	0.3169485433518571	0.49821891195509155	0.0	0.0	0.49821891195509155	0.0	0.0	0.8720400257861853	0.49821891195509155	0.0	0.0	0.0	0.6257242249839238	2.769999683406943	0.0	0.7241669346853854	0.8720400257861853	0.0	0.0	1.142890189001275	1.2599444941414255	0.3169485433518571	0.0	0.9305758677244109	0.7241669346853854	0.6257242249839238	0.0	0.0	1.674040537741952	0.49821891195509155	0.3169485433518571	1.0282461911494631	0.0	0.0	0.0	0.0	0.6257242249839238	0.0	0.3169485433518571	1.2335041495044488	0.0	2.7438654113247574	1.308436740156794	0.49821891195509155	0.6257242249839238
SRR31418684	0.0	2.861369688137901	0.0	0.0	0.4987907143204041	0.4987907143204041	1.0706813649955365	0.0	0.0	0.6263636624340684	0.6263636624340684	0.0	0.0	2.39746631938681	0.0	4.786734735486126	0.0	0.3173826087851035	2.257236771144163	0.0	0.4987907143204041	3.224101473823707	0.8050732514762801	1.1087058859585552	0.0	0.0	1.5224738243127605	0.0	1.611080045021858	0.4987907143204041	1.3315913395640904	0.3173826087851035	0.0	0.0	0.0	0.0	4.650682057663467	0.3173826087851035	2.128774090273689	0.7248465669567824	2.1749038318424523	0.0	0.7248465669567824	0.3173826087851035	0.0	0.0	2.8759228491270594	0.0	1.4110313753957455	0.0	2.5871199935597655	0.4987907143204041	0.0	0.0	2.216600848860312	0.0	2.662467153255549	0.0	0.0	1.309233189714961	0.3173826087851035	0.0	0.0	0.0	0.0	0.0	3.238378568913683	0.3173826087851035	0.0	0.0	0.0	1.0706813649955365	0.0	3.4777048832589603	0.3173826087851035	0.0	0.0	0.0	0.0	0.9829013349314791	0.0	0.0	0.0	0.0	1.1087058859585552	0.0	1.2607360843791637	0.4987907143204041	0.0	0.3173826087851035	0.7248465669567824	0.0	0.0	0.0	0.0	0.6263636624340684	0.0	0.6263636624340684	0.0	0.0	0.0	0.8727652450987906	0.0	0.0	0.0	0.8050732514762801	0.3173826087851035	0.7248465669567824	0.0	0.0	0.9829013349314791	0.8727652450987906	0.0	0.4987907143204041	0.3173826087851035	0.9313152571266847	0.0	0.3173826087851035	0.0	0.6263636624340684	0.0	0.0	1.462327603339742	0.0	0.4987907143204041	1.8829339419026405	0.0	0.3173826087851035	0.4987907143204041	0.0	0.9829013349314791	0.0	0.0	1.5362933825282092	0.0	1.7639319459486344	3.213076950514134	0.6263636624340684	0.0
SRR31418685	0.26144334149183496	2.6203258801203098	0.0	0.0	0.0	0.0	1.0377890230525995	0.0	0.0	2.205126917340972	0.7748490381891797	0.6337747950656516	0.0	2.926818279195901	0.0	4.6161374908536885	0.8811602235121965	0.0	3.956037533326266	0.0	1.4510189429482194	3.249939666910077	0.9664977285434391	0.5412391168123939	0.0	0.0	0.6337747950656516	0.0	0.8312495378721854	0.0	0.26144334149183496	0.26144334149183496	0.0	1.2004032228669137	0.7748490381891797	0.5412391168123939	4.704761152790516	0.4234944300563871	2.8969523941183106	1.0036045826124964	2.6856472637315014	0.26144334149183496	0.4234944300563871	0.4234944300563871	0.0	0.26144334149183496	3.0941618380412756	0.0	0.8312495378721854	0.0	2.0348233466065078	0.0	0.26144334149183496	0.26144334149183496	2.6819334878439043	0.0	3.1554538696411614	0.6337747950656516	0.26144334149183496	0.7748490381891797	2.625453272324017	0.6337747950656516	0.0	0.26144334149183496	0.0	0.0	1.837033857252887	0.26144334149183496	0.26144334149183496	0.0	0.26144334149183496	1.0377890230525995	0.4234944300563871	3.188743684392432	0.0	0.5412391168123939	0.26144334149183496	0.0	0.0	2.590068502800441	0.0	0.0	0.0	0.0	1.0377890230525995	0.0	1.7377832735893326	0.4234944300563871	0.0	0.0	0.8312495378721854	0.0	0.26144334149183496	0.0	0.0	1.5623834899619327	0.4234944300563871	0.0	0.4234944300563871	0.0	0.0	0.8312495378721854	0.4234944300563871	0.0	0.0	1.1266630890953404	0.26144334149183496	2.4249934487593556	0.26144334149183496	1.152659375840038	2.2415696242623078	0.26144334149183496	0.0	1.8623758591870143	1.804532296427031	0.4234944300563871	0.4234944300563871	1.8816358439035366	0.26144334149183496	0.8811602235121965	0.0	0.4234944300563871	1.2434143782968183	2.8112860096181627	0.4234944300563871	0.5412391168123939	0.0	0.0	0.6337747950656516	0.26144334149183496	0.9664977285434391	0.0	0.4234944300563871	1.2224410442617926	0.0	3.6868364403632734	0.26144334149183496	0.0	0.5412391168123939
SRR31418686	0.0	2.0185130976089685	0.0	0.0	0.0	0.2585938477102696	0.41956539694984696	0.0	0.0	2.496246323723563	0.41956539694984696	0.9979105612813393	0.0	2.1711445598733223	0.0	4.844203292099216	0.8756716657469665	0.0	1.8148577654894373	0.0	0.2585938477102696	3.5084671516111623	0.0	0.8258627958592855	0.0	0.0	0.41956539694984696	0.0	1.146782005390638	0.2585938477102696	0.0	0.2585938477102696	0.0	0.41956539694984696	0.2585938477102696	0.2585938477102696	4.529654640952309	0.2585938477102696	1.9606318268108098	0.7049302529981863	2.656561139093798	0.41956539694984696	1.3909481532006398	0.0	0.0	0.0	2.1125491581305074	0.0	0.536742190740572	0.0	1.3612196373883414	0.0	0.41956539694984696	0.0	2.489428887229496	0.0	1.9158315856662986	1.3763382193170908	0.0	0.0	1.8800775820956048	1.7570426975580817	0.0	0.0	0.0	0.0	1.738082802382788	0.2585938477102696	0.0	0.0	0.0	0.920351233104826	0.0	2.5160791204874173	0.0	0.536742190740572	0.0	0.0	0.0	0.0	0.0	0.0	0.0	0.0	1.1712850903471883	0.0	1.1944792235176787	0.41956539694984696	0.0	0.0	0.41956539694984696	0.0	0.2585938477102696	0.0	0.0	0.0	0.0	0.0	0.2585938477102696	0.0	0.0	0.7049302529981863	0.2585938477102696	0.0	0.0	0.0	0.536742190740572	2.7557675575800245	0.0	0.536742190740572	2.3908634149385115	0.41956539694984696	0.0	1.1712850903471883	1.3909481532006398	0.2585938477102696	0.0	1.4814063510671671	0.536742190740572	2.025234559612305	0.0	0.0	0.2585938477102696	1.983250794030966	0.0	0.2585938477102696	0.0	0.0	0.7049302529981863	0.0	0.41956539694984696	0.0	0.2585938477102696	1.2765539128178245	0.2585938477102696	3.860806212866831	0.0	0.41956539694984696	0.7049302529981863
SRR31418687	0.0	0.558604038905608	0.0	0.0	0.0	0.0	0.7950633038521184	0.0	0.0	0.0	1.0598100356599274	0.3635300762916587	0.0	2.424116880390795	0.0	4.730532727308302	0.0	0.0	3.5803871408548895	0.0	0.3635300762916587	3.3773804254083424	0.7950633038521184	0.7950633038521184	0.3635300762916587	0.3635300762916587	0.3635300762916587	0.0	0.6927317846593303	0.3635300762916587	0.6927317846593303	0.0	0.0	0.3635300762916587	0.3635300762916587	0.0	4.576063153341517	0.0	3.5000014828107053	0.558604038905608	1.6705682428370712	0.0	0.6927317846593303	0.6927317846593303	0.3635300762916587	0.0	3.362827914490532	0.0	1.5281336216073893	0.0	1.5759702921336387	0.0	0.0	0.0	1.7776471612699822	0.0	2.846100074244612	0.0	0.0	0.3635300762916587	2.4283796431369993	0.3635300762916587	0.0	0.3635300762916587	0.0	0.0	2.184434383529496	0.0	0.0	0.0	0.0	0.0	0.0	3.4332573848117853	0.0	0.0	0.0	0.0	0.0	0.6927317846593303	0.3635300762916587	0.0	0.0	0.0	1.4548578484382693	0.0	0.9473055904741432	0.3635300762916587	0.0	0.0	0.558604038905608	0.0	0.9473055904741432	0.0	0.0	0.0	0.0	0.9473055904741432	0.0	0.0	0.3635300762916587	0.0	0.0	0.0	0.0	0.558604038905608	0.3635300762916587	0.0	0.3635300762916587	0.0	0.7950633038521184	0.0	0.0	0.558604038905608	0.3635300762916587	0.8778216491323716	0.558604038905608	0.0	0.3635300762916587	0.558604038905608	0.0	0.0	1.0598100356599274	0.0	0.0	0.6927317846593303	0.0	0.0	1.4930393253621657	0.0	0.7950633038521184	0.0	0.0	1.1876675772093213	0.0	4.0045620565539135	0.0	0.3635300762916587	0.0
SRR31418688	0.0	4.086438200584106	0.0	0.0	0.23585195887638769	0.0	0.3878458555896956	0.0	0.5002152245385105	1.2452529948654352	0.0	0.0	0.0	2.3357852273403923	0.0	4.8350845081180935	0.8306049517307202	0.0	2.560868317063957	0.0	0.0	3.5257807106219015	0.0	0.3878458555896956	0.0	0.0	0.23585195887638769	0.0	1.3944919048113271	0.0	0.7816815816723486	0.23585195887638769	0.23585195887638769	0.23585195887638769	0.0	0.0	4.445483443026282	0.0	1.2956402082710265	0.5894052105866772	2.229886336415278	0.0	0.0	0.3878458555896956	0.0	0.663362462650452	3.33455778780767	0.0	1.1674459157278383	0.0	0.8745708454460164	0.0	0.0	0.0	2.848615347589883	0.0	2.9047508513853613	0.23585195887638769	0.23585195887638769	1.2794854154603923	0.3878458555896956	2.3027529785172063	0.0	0.0	0.0	0.23585195887638769	1.3684678857260117	0.0	0.0	0.0	0.0	0.0	0.0	2.874045490029091	0.0	0.0	0.0	0.0	0.0	0.5002152245385105	0.0	0.0	0.0	0.0	0.5002152245385105	0.23585195887638769	0.9510507616329379	0.23585195887638769	0.0	0.23585195887638769	0.8306049517307202	0.0	0.5894052105866772	0.0	0.0	0.23585195887638769	0.3878458555896956	0.0	0.23585195887638769	0.0	0.0	0.5894052105866772	0.0	0.0	0.0	0.23585195887638769	0.5894052105866772	1.4190442690162977	0.0	0.5002152245385105	0.8306049517307202	0.0	0.23585195887638769	0.663362462650452	0.5894052105866772	0.0	0.0	1.8466033359097067	0.0	0.9847694043885669	0.5002152245385105	0.23585195887638769	1.8375914842080483	0.9510507616329379	0.663362462650452	1.2794854154603923	0.0	0.0	0.3878458555896956	0.0	0.0	0.0	0.23585195887638769	1.0452425371745886	0.0	1.7353980555781479	0.0	0.9144921612825466	0.5002152245385105
SRR31418689	0.2529303399082731	2.912014089882607	0.0	0.0	0.0	0.0	0.2529303399082731	0.0	0.2529303399082731	2.294464086438976	0.0	0.8646623064195622	0.4117269758921821	2.230776293624804	0.2529303399082731	4.91110835615126	1.349056029536964	0.0	2.1133481038197823	0.2529303399082731	0.0	3.625039653910435	0.2529303399082731	0.4117269758921821	0.0	0.0	0.4117269758921821	0.0	0.5277530839630946	0.0	0.6947449696713183	0.5277530839630946	0.0	0.4117269758921821	0.0	0.0	4.422305660534168	0.2529303399082731	1.543865773351666	0.4117269758921821	2.62065433433127	0.0	0.6192263826467203	0.6192263826467203	0.0	0.2529303399082731	2.9313326708920857	0.0	0.6192263826467203	0.0	0.9091744100074299	0.0	1.2454310326686093	0.0	2.567365782101575	0.2529303399082731	2.7612829120285785	0.5277530839630946	0.0	1.1349766805134205	0.0	1.264511128163506	0.0	0.2529303399082731	0.0	0.0	1.364155404178569	0.0	0.0	0.0	0.0	0.5277530839630946	0.2529303399082731	2.815447054434186	0.0	0.0	0.0	0.0	0.0	0.0	0.0	0.0	0.2529303399082731	0.0	0.0	0.0	1.6920484112082534	0.6192263826467203	0.0	0.0	1.1594293441612598	0.0	0.2529303399082731	0.2529303399082731	0.2529303399082731	0.5277530839630946	0.2529303399082731	0.0	0.0	0.0	0.0	0.8150615123112248	0.4117269758921821	0.0	0.0	0.0	0.6947449696713183	1.9241937631456743	0.0	0.0	2.7654260411439116	0.2529303399082731	0.2529303399082731	1.1349766805134205	2.1655963529572357	0.4117269758921821	0.0	1.7627006455825245	0.5277530839630946	1.0815079359885869	0.0	0.2529303399082731	0.6192263826467203	0.5277530839630946	0.0	0.8646623064195622	0.2529303399082731	0.0	0.5277530839630946	0.0	0.2529303399082731	0.0	0.5277530839630946	0.8150615123112248	0.0	2.265652401923222	0.0	0.2529303399082731	0.0
SRR31418690	0.0	3.8944124460129124	0.0	0.0	0.0	0.47276159775469906	0.6937331395475289	0.0	0.0	0.0	0.47276159775469906	0.0	0.0	1.9525579691538444	0.0	4.808629870203045	0.0	0.0	2.3965906223733295	0.0	0.47276159775469906	3.8017235290851015	0.47276159775469906	0.839484685941392	0.0	0.47276159775469906	0.47276159775469906	0.0	0.47276159775469906	0.6937331395475289	1.5377007311575888	0.0	0.0	0.0	0.0	0.0	4.509172365537815	0.0	0.47276159775469906	0.0	1.971237126176712	0.0	1.1078951815746803	0.0	0.0	0.6937331395475289	3.6107605200615236	0.0	1.3554589395801087	0.0	1.5377007311575888	0.0	0.0	0.0	1.512158060079487	0.0	2.136506313306692	0.0	0.0	1.7494347227478408	0.0	1.315977732326449	0.0	0.47276159775469906	0.0	0.0	1.6270660426450214	0.0	0.0	0.0	0.0	0.0	0.0	2.7298526150660645	0.0	0.0	0.0	0.47276159775469906	0.0	0.0	0.0	0.0	0.0	0.0	0.6937331395475289	0.0	1.7178444806852131	0.47276159775469906	0.0	0.0	1.456069714708749	0.47276159775469906	0.839484685941392	0.0	0.47276159775469906	0.0	0.6937331395475289	1.1699754110325902	0.0	0.0	0.0	0.47276159775469906	0.0	0.0	0.0	0.47276159775469906	0.0	0.9484198535392839	0.0	2.7665098250836926	1.1699754110325902	0.47276159775469906	0.6937331395475289	0.0	0.0	0.6937331395475289	0.0	0.0	0.6937331395475289	0.47276159775469906	0.0	0.0	0.47276159775469906	0.0	0.0	2.1548575490160435	0.0	0.0	1.6656823752235288	0.0	0.47276159775469906	0.0	0.47276159775469906	1.0354367846481067	0.0	1.6270660426450214	2.6073018862744224	0.47276159775469906	0.47276159775469906
SRR31418691	0.0	3.709580354927734	0.0	0.0	0.0	0.0	0.0	0.0	0.2346326827304033	0.0	0.0	0.38612641125973807	0.0	2.091716120297075	0.0	4.828462424940255	1.1647294153600476	0.0	0.4982234228732295	0.0	0.0	2.104132775421179	0.0	0.2346326827304033	0.0	0.0	0.4982234228732295	0.0	0.4982234228732295	0.0	0.0	0.0	0.0	0.2346326827304033	0.0	0.0	4.495923291287984	0.2346326827304033	2.7475044429415636	0.8720457480052641	1.9358007315098225	0.0	0.0	0.38612641125973807	0.0	0.0	2.662315626345297	0.0	1.0425906483756446	0.0	0.6610816374860382	0.0	0.0	0.0	2.318179811962448	0.2346326827304033	2.3635788625882777	0.7241722969284115	0.0	0.9119328009698755	0.2346326827304033	1.2599507405226014	0.0	0.0	0.0	0.0	1.2599507405226014	0.0	0.0	0.0	0.0	0.2346326827304033	0.0	2.53041390528255	0.0	0.2346326827304033	0.0	0.2346326827304033	0.0	0.0	0.0	0.0	0.0	0.0	1.5488792059560956	0.0	0.8720457480052641	0.6610816374860382	0.0	0.0	1.3656777026930147	0.0	0.2346326827304033	0.0	0.0	0.0	0.2346326827304033	0.0	0.0	0.0	0.0	2.0117258495664156	0.0	0.0	0.0	0.0	0.2346326827304033	2.7660250457425524	0.0	0.0	0.38612641125973807	0.38612641125973807	0.0	0.8281214140528428	0.2346326827304033	0.0	0.0	4.035183323652038	0.2346326827304033	1.1855172410650885	0.0	0.0	0.7792495094489216	0.38612641125973807	0.38612641125973807	0.2346326827304033	0.0	0.0	0.2346326827304033	0.0	0.0	0.38612641125973807	0.0	0.4982234228732295	0.0	1.224326682596151	0.0	0.2346326827304033	0.0
SRR31418692	0.0	1.05774542982678	0.0	0.0	0.900260995127207	0.0	0.0	0.0	1.0895728473356572	1.2841746092966062	0.5569680928545622	0.0	0.0	1.9885781139647272	0.0	4.8706894971296375	1.1192262023886108	0.0	2.2313648252449267	0.0	0.0	2.8075068153109886	0.0	0.900260995127207	0.0	0.0	0.4372770745778488	0.0	0.900260995127207	0.7277474473562175	0.4372770745778488	0.0	0.4372770745778488	0.4372770745778488	0.0	0.0	4.479805091304156	0.2714947699973867	0.9452993930095182	0.7931645396800069	3.0864965316487325	0.0	1.023399762623488	0.7277474473562175	0.0	0.5569680928545622	3.1557705148758286	0.0	2.25084789800327	0.0	1.8638347614933815	0.0	1.023399762623488	0.2714947699973867	3.877100532876074	0.0	2.2550612857006422	0.0	0.5569680928545622	0.5569680928545622	0.2714947699973867	0.8500056673987719	0.0	0.2714947699973867	0.986102842711978	0.0	1.893745891028476	0.0	0.0	0.0	0.0	0.2714947699973867	0.0	2.25084789800327	0.5569680928545622	0.0	0.0	0.2714947699973867	0.0	0.0	0.0	0.0	0.0	0.2714947699973867	0.4372770745778488	0.0	0.2714947699973867	1.023399762623488	0.0	0.0	0.4372770745778488	0.0	0.2714947699973867	0.0	0.4372770745778488	1.023399762623488	0.2714947699973867	0.0	0.0	0.0	0.0	1.1192262023886108	0.2714947699973867	0.2714947699973867	0.0	0.0	0.0	1.520283901317644	0.0	0.4372770745778488	1.303350687612716	0.4372770745778488	0.0	0.0	0.7931645396800069	0.0	0.0	1.759312457101565	0.0	1.4180809070739702	0.7931645396800069	0.0	1.8088927716221934	0.0	0.2714947699973867	2.1323192959258366	0.2714947699973867	0.0	0.4372770745778488	0.0	0.2714947699973867	0.0	1.0895728473356572	0.9452993930095182	0.0	2.9516744684159177	0.0	1.2430786554538404	0.9452993930095182
SRR31418693	0.0	0.0	0.0	0.4919023962458329	1.0614264554833126	0.0	0.0	0.0	0.0	0.9738409790005507	0.7166479501467794	0.0	0.0	2.1256221121331116	0.0	4.853555980409864	0.0	0.0	0.8640115827729298	0.0	0.0	2.644150093054747	0.0	0.4919023962458329	0.0	0.0	0.4919023962458329	0.0	1.251173156215211	0.4919023962458329	0.0	0.0	0.0	0.0	0.0	0.0	4.51760026565403	0.0	0.0	0.0	2.644150093054747	0.0	0.0	0.0	0.0	0.0	1.0614264554833126	0.0	0.4919023962458329	0.0	1.5126567740609809	0.0	0.0	0.0	2.899905795838019	0.0	3.1015123977035692	0.0	0.0	0.9738409790005507	0.0	0.0	0.0	0.4919023962458329	0.0	0.0	2.5118763313752632	0.0	0.0	0.4919023962458329	0.0	0.0	0.0	2.5865948832792154	0.8640115827729298	0.0	0.0	0.0	0.0	0.0	0.0	0.0	0.0	0.4919023962458329	0.4919023962458329	0.0	0.7166479501467794	0.4919023962458329	0.0	0.0	0.4919023962458329	0.0	0.7166479501467794	0.4919023962458329	0.0	0.4919023962458329	0.0	1.1342782293131561	0.0	0.0	0.0	1.0614264554833126	0.0	0.0	0.0	0.0	0.4919023962458329	1.4836453021155704	0.0	0.0	0.7166479501467794	1.0614264554833126	0.0	0.4919023962458329	0.0	0.0	0.0	0.0	0.0	0.0	0.0	0.0	2.302908344160712	0.0	0.0	0.0	0.0	0.0	0.0	0.0	0.0	0.0	0.4919023962458329	0.0	0.0	3.9627502207308614	0.0	1.1342782293131561	0.7166479501467794
SRR31418694	0.0	2.9822956984413094	0.24184166235162108	0.0	0.0	0.0	0.793531991117635	0.0	0.0	2.256693144383559	0.0	0.5999641474075175	0.0	1.886541191836312	0.0	4.777111727483228	0.5999641474075175	0.0	1.3246942367665975	0.24184166235162108	0.0	3.8988934867037535	0.0	1.111362412369781	0.0	0.0	0.24184166235162108	0.0	0.8427019624558176	0.0	0.0	0.5099490953964052	0.0	0.24184166235162108	0.24184166235162108	0.0	4.584209568408511	0.0	1.8560799712029368	0.9269521747729038	2.6506632407419324	0.5099490953964052	0.0	0.0	0.0	0.24184166235162108	2.207405285590128	0.0	0.5099490953964052	0.24184166235162108	0.396264143456477	0.0	0.0	0.0	2.7623176037501587	0.5099490953964052	3.1118998084162266	0.5999641474075175	0.0	0.5099490953964052	0.0	2.1111682221461754	0.0	0.24184166235162108	0.0	0.0	2.9227765275686397	0.396264143456477	0.0	0.0	0.0	0.5999641474075175	0.0	3.26869789156838	0.0	0.7380758118203689	0.0	0.0	0.0	0.0	0.0	0.0	0.0	0.0	1.3683905266938998	0.0	1.180657075232732	0.793531991117635	0.0	0.0	0.5099490953964052	0.0	2.3057814885324177	0.0	0.24184166235162108	0.0	0.396264143456477	0.0	0.24184166235162108	0.0	0.0	1.382030715791255	0.793531991117635	0.0	0.0	0.396264143456477	0.8427019624558176	3.4249743635646914	0.0	0.396264143456477	0.5999641474075175	0.5099490953964052	0.0	1.6153189873461926	0.396264143456477	0.0	0.0	1.8423414079020373	0.396264143456477	0.7380758118203689	0.24184166235162108	0.0	0.6744871774577509	0.0	0.24184166235162108	0.8868668700007181	0.0	0.0	1.5565886914259592	0.0	0.0	0.0	0.0	0.6744871774577509	0.0	3.2389381028842594	0.0	0.5099490953964052	0.24184166235162108
SRR31418695	0.0	2.6321379600323014	0.0	0.0	0.0	0.0	0.0	0.0	0.2737424424227573	1.957016337644993	0.0	0.5604575620406076	0.0	1.5015671274992886	0.0	4.953504912807036	0.990428822445703	0.0	1.722748688439017	0.0	0.0	3.906160030529109	0.0	1.123683007398678	0.0	0.0	0.4403430673829387	0.0	0.0	0.0	0.0	0.2737424424227573	0.0	0.4403430673829387	0.2737424424227573	0.0	4.223310453192204	0.0	1.177572337041273	0.5604575620406076	2.3670678344391476	0.2737424424227573	0.4403430673829387	0.4403430673829387	0.0	0.0	2.9313229568859263	0.0	1.177572337041273	0.0	0.9044786454328709	0.0	1.151462992147313	0.0	2.4351506765331217	0.0	1.8581424981655705	0.5604575620406076	0.0	0.7316703878351688	0.2737424424227573	2.1083599374023745	0.0	0.4403430673829387	0.0	0.0	1.8419835828911608	0.0	0.0	0.0	0.0	0.4403430673829387	0.0	2.3222445739974455	0.0	0.5604575620406076	0.0	0.0	0.0	0.0	0.0	0.0	0.0	0.0	0.9495765470626524	0.0	0.854149202919522	0.6544470959234219	0.0	0.0	0.990428822445703	0.0	2.3149188224610144	0.0	0.0	0.7316703878351688	0.0	0.0	0.7316703878351688	0.0	0.0	0.5604575620406076	0.5604575620406076	0.0	0.2737424424227573	0.0	0.6544470959234219	1.3771835995559092	0.0	0.2737424424227573	0.7316703878351688	0.0	0.0	1.392898594658714	0.4403430673829387	0.4403430673829387	0.0	1.3079334853285225	0.797213214616457	0.9495765470626524	0.0	0.0	0.5604575620406076	0.4403430673829387	0.2737424424227573	0.7316703878351688	0.0	0.0	0.9495765470626524	0.0	0.0	0.0	0.0	0.5604575620406076	0.0	2.2427503737880254	0.0	0.0	0.2737424424227573
SRR31418696	0.0	2.685291357095043	0.0	0.0	0.0	0.0	0.0	0.0	0.36233678287420956	0.0	0.36233678287420956	0.0	0.0	2.1434585050176818	0.0	4.810814879581556	0.0	0.0	2.3955241314902405	0.0	0.36233678287420956	3.6087245218689974	0.0	1.0578872902623184	0.0	0.0	0.6910533314550336	0.0	0.9454372315291367	0.5570804481090689	0.0	0.0	0.0	0.0	0.0	0.0	4.557558970569908	0.5570804481090689	2.0380947912296477	0.6910533314550336	1.9196183446479202	0.36233678287420956	0.0	0.5570804481090689	0.0	0.36233678287420956	2.773763326758454	0.0	1.542625126204879	0.0	0.6910533314550336	0.0	0.0	0.0	2.1594318107959523	0.0	1.7145465279804277	0.0	0.0	1.0578872902623184	0.0	2.6722473368227453	0.0	0.36233678287420956	0.0	0.0	2.828315185840497	0.0	0.0	0.0	0.0	0.6910533314550336	0.0	3.4429442750572328	0.0	0.0	0.0	0.36233678287420956	0.0	0.0	0.0	0.0	0.0	0.0	1.432400717916066	0.0	0.6910533314550336	0.36233678287420956	0.0	0.0	0.5570804481090689	0.0	0.0	0.36233678287420956	0.0	0.0	0.0	0.36233678287420956	0.0	0.0	0.0	0.5570804481090689	0.0	0.0	0.36233678287420956	0.36233678287420956	0.36233678287420956	0.36233678287420956	0.0	0.0	0.0	0.5570804481090689	0.36233678287420956	0.5570804481090689	0.36233678287420956	0.36233678287420956	0.0	0.0	0.5570804481090689	0.0	0.0	0.5570804481090689	1.005291667383323	0.0	0.0	0.36233678287420956	0.0	0.0	0.6910533314550336	0.0	0.0	0.5570804481090689	0.0	0.36233678287420956	0.0	3.8387849885723027	0.36233678287420956	0.36233678287420956	0.7932949818133084
SRR31418697	0.2737575963159804	2.717514909858515	0.0	0.0	0.0	0.2737575963159804	1.6170038587176419	0.0	0.6544723234413679	2.161475748140063	0.6544723234413679	0.9904579182838216	0.0	2.0646568537661434	0.0	4.7192458758728915	0.9045070162208564	0.0	3.6088457786842425	0.0	0.0	3.877070822431533	0.8541770775514808	1.1776025927102447	0.2737575963159804	0.0	0.9904579182838216	0.6544723234413679	0.0	0.44036371884694436	0.2737575963159804	0.2737575963159804	0.0	0.0	0.0	0.0	4.569393596981483	0.2737575963159804	2.8016458831824753	1.708091740624837	2.5544348132151065	0.2737575963159804	0.6544723234413679	0.0	0.0	0.0	2.318629397757691	0.2737575963159804	0.9045070162208564	0.0	1.524991935149001	0.0	0.0	0.2737575963159804	3.6773970858030745	0.2737575963159804	1.8634298681308035	0.7972404540867666	0.0	1.9354670158584897	2.030480091415211	1.5015985151972713	0.0	0.0	0.0	0.0	1.1776025927102447	0.0	0.0	0.0	0.0	0.0	0.0	3.336172607711164	0.2737575963159804	0.44036371884694436	0.0	0.2737575963159804	0.0	0.44036371884694436	0.0	0.0	0.0	0.2737575963159804	2.131538560608907	0.0	1.2255374038889575	0.8541770775514808	0.2737575963159804	0.0	1.8737536650536344	0.2737575963159804	0.0	0.0	0.0	2.5680521917071824	0.2737575963159804	0.0	0.0	0.0	0.0	1.62612063355916	0.7972404540867666	0.0	0.0	2.4816206767687627	0.8541770775514808	2.3554800958694666	0.0	0.8541770775514808	1.8634298681308035	0.5604810543757925	0.2737575963159804	1.489411646856298	1.288777378135097	0.2737575963159804	0.0	0.9045070162208564	0.5604810543757925	0.2737575963159804	0.0	0.0	1.7154982096576188	2.166703909629355	0.0	0.0	0.0	0.0	0.44036371884694436	0.0	0.0	0.0	0.2737575963159804	0.5604810543757925	0.2737575963159804	3.7519150077274985	0.0	0.2737575963159804	0.9496053161324549
SRR31418698	0.0	3.818015635022086	0.2622937803854568	0.0	0.0	0.0	0.776412301338085	0.0	0.4246651736943654	0.7115276983533015	0.0	0.0	0.0	2.4145609489286173	0.0	4.852735493700614	1.0052967895395	0.0	1.9282066437520666	0.0	0.0	3.7470820473338606	0.2622937803854568	0.4246651736943654	0.0	0.0	0.6352171613353021	0.0	0.0	0.2622937803854568	0.5425779433027617	0.2622937803854568	0.0	0.2622937803854568	0.2622937803854568	0.0	4.41956029607587	0.0	1.6761711052883868	1.2651972512945908	2.191050436293085	0.0	1.5120812995076178	0.0	0.0	0.0	2.174499899598529	0.0	0.6352171613353021	0.0	1.5336893392967132	0.0	0.0	0.0	2.964134662841256	0.0	1.9108682365241476	0.8328511567929617	0.0	1.2451854718970916	1.6364497841027168	1.6194849145938124	0.0	0.4246651736943654	0.0	0.0	1.4893416158917776	0.0	0.0	0.0	0.0	0.8328511567929617	0.0	3.0037382417863934	0.0	0.4246651736943654	0.0	0.0	0.0	0.2622937803854568	0.0	0.0	0.0	0.0	1.7891689245565372	0.0	1.2021631745836143	0.0	0.0	0.0	1.6910953002329918	0.2622937803854568	0.5425779433027617	0.0	0.0	0.776412301338085	0.0	0.0	0.0	0.0	0.0	2.2595831834950184	0.5425779433027617	0.0	0.0	0.6352171613353021	0.7115276983533015	3.544989995279637	0.0	0.8827918675944102	2.0746917313701942	0.6352171613353021	0.0	1.5642102563259814	0.2622937803854568	0.2622937803854568	0.0	2.095417828852687	0.2622937803854568	2.8219328631362397	0.2622937803854568	0.0	1.0394953040232813	1.8174880644998872	0.0	0.8328511567929617	0.0	0.0	0.5425779433027617	0.0	0.0	0.0	0.2622937803854568	0.6352171613353021	0.0	2.24137583585941	0.7115276983533015	0.2622937803854568	0.4246651736943654
SRR31418699	0.0	2.3977085574288126	0.0	0.0	0.0	0.0	0.6397916715605922	0.0	0.26499863623589653	0.9734817153586198	1.1844934200382262	1.1844934200382262	0.26499863623589653	2.816875295657851	0.0	4.856571213543777	1.1844934200382262	0.0	1.912294117004041	0.0	0.0	3.2444451400855274	0.0	0.6397916715605922	0.0	0.0	0.7813673747393166	0.0	0.0	0.9328234942010494	0.0	0.8879619983286691	0.0	0.6397916715605922	0.26499863623589653	0.0	4.522142150336694	0.26499863623589653	2.4035149257514683	1.0449000068992613	3.1197967381601286	0.6397916715605922	0.7813673747393166	0.7163231927507795	0.0	0.26499863623589653	2.3858576121117068	0.0	0.9328234942010494	0.0	1.3258929273596591	0.0	1.3258929273596591	0.0	3.5541041615783375	0.5468261779647019	1.6252871832901066	1.3899002930502689	0.0	2.296092983060996	1.6422574863199748	0.7163231927507795	0.0	0.26499863623589653	0.0	0.0	1.1339057742592737	0.0	0.0	0.0	0.0	0.5468261779647019	0.0	3.041013769628261	0.0	0.5468261779647019	0.26499863623589653	0.26499863623589653	0.0	0.0	0.0	0.0	0.0	0.26499863623589653	1.229798479667381	0.0	1.359074739444465	0.7163231927507795	0.0	0.0	0.7813673747393166	0.0	0.26499863623589653	0.0	0.4283830555963901	2.5663371139368296	0.4283830555963901	0.0	0.0	0.0	0.0	2.269439548426603	0.9328234942010494	0.0	0.0	0.4283830555963901	1.0766390193613795	2.8240521520004287	0.26499863623589653	0.4283830555963901	0.4283830555963901	0.0	0.0	1.404529611087036	1.2899646033423116	0.6397916715605922	0.0	1.6743295821634152	0.6397916715605922	0.5468261779647019	0.0	0.26499863623589653	0.4283830555963901	1.8651389005621897	0.26499863623589653	0.8379268759864436	0.0	0.26499863623589653	0.5468261779647019	0.0	0.0	0.0	0.4283830555963901	0.4283830555963901	0.0	3.1253040070281357	0.8379268759864436	0.26499863623589653	0.4283830555963901
SRR31418700	0.0	4.136261034675097	0.0	0.0	0.0	0.0	0.4609559958828603	0.0	0.0	0.4609559958828603	0.6794982146795738	0.0	0.0	1.6835843938138486	0.0	4.674638870173939	0.4609559958828603	0.4609559958828603	0.4609559958828603	0.0	0.4609559958828603	2.843022382526572	0.0	0.4609559958828603	0.0	0.0	0.4609559958828603	0.4609559958828603	0.0	0.4609559958828603	0.4609559958828603	0.0	0.0	0.0	0.0	0.0	4.6504466675454115	0.0	1.1532875708177794	0.0	2.148875971690252	0.0	1.0191967010826695	0.0	0.0	0.0	0.0	0.0	0.0	0.0	1.2555976949314807	0.0	0.0	0.0	3.2763461187269676	0.0	0.4609559958828603	0.0	0.0	1.0191967010826695	0.0	0.4609559958828603	0.0	0.4609559958828603	0.0	0.4609559958828603	1.2074484407689958	0.0	0.0	0.0	0.0	0.0	0.0	3.1788414117002675	0.0	0.0	0.0	0.8242014227447518	0.0	0.0	0.0	0.0	0.0	0.0	1.2074484407689958	0.0	0.8242014227447518	0.0	0.0	0.0	0.6794982146795738	0.0	0.0	0.0	0.0	0.0	0.0	0.8242014227447518	0.0	0.0	0.0	1.8147346258839099	0.0	0.0	0.0	0.0	0.0	0.8242014227447518	0.0	0.0	0.0	0.0	0.0	0.6794982146795738	0.6794982146795738	0.6794982146795738	0.0	0.0	0.0	0.6794982146795738	0.0	0.0	0.8242014227447518	0.0	0.4609559958828603	2.3821596507163627	0.0	0.0	0.6794982146795738	0.0	0.0	0.0	0.0	0.4609559958828603	0.0	2.1124250681157477	3.8532984140460664	0.4609559958828603	0.4609559958828603
SRR31418701	0.0	3.7342410316943817	0.0	0.0	0.0	0.0	1.74175405015457	0.27272655232557413	0.0	1.092003926907876	0.4389580329042803	0.5588816472372947	0.27272655232557413	2.646550795965143	0.0	4.775611806276217	0.9025747448477064	0.0	2.3200793848024843	0.0	0.0	3.143674298409902	0.27272655232557413	1.3418605681575828	0.0	0.0	1.3587979655251197	0.27272655232557413	0.0	0.27272655232557413	0.4389580329042803	0.0	0.0	0.0	0.0	0.0	4.5576125158685175	0.0	2.4259245703754253	0.9476458582841079	1.8343170597767287	0.0	0.4389580329042803	0.0	0.0	0.0	2.481929328585808	0.0	0.7953853966264076	0.0	1.149441276577107	0.0	0.0	0.0	2.545801188837219	0.0	3.186967455120451	0.4389580329042803	0.0	1.0257955003885493	1.0257955003885493	1.3058652295983986	0.0	0.0	0.0	0.0	3.3395579221286815	0.0	0.0	0.0	0.0	0.0	0.0	3.8065909291963966	0.0	0.4389580329042803	0.0	0.0	0.0	0.27272655232557413	0.0	0.0	0.0	0.0	2.0848849119954695	0.0	1.092003926907876	0.4389580329042803	0.0	0.0	1.99119677720138	0.0	0.4389580329042803	0.0	0.0	0.0	0.0	0.0	0.0	1.1755416456911039	0.0	0.9025747448477064	0.0	0.0	0.0	0.4389580329042803	0.0	3.24204602685259	0.0	0.9025747448477064	0.729899193412439	0.4389580329042803	0.0	1.3587979655251197	1.3908112712844916	0.0	0.0	1.3908112712844916	0.27272655232557413	1.1216714531912948	0.0	0.27272655232557413	0.7953853966264076	0.4389580329042803	0.0	0.4389580329042803	0.4389580329042803	0.0	0.4389580329042803	0.0	0.27272655232557413	0.0	0.27272655232557413	0.9476458582841079	0.0	3.017383571116542	0.27272655232557413	0.0	0.0
SRR31418702	0.32810909044466074	2.760892395878463	0.0	0.0	0.0	0.0	0.0	0.0	0.5128640738460976	1.1276039657579757	0.0	0.32810909044466074	0.0	2.1052084657375287	0.0	4.809636957504974	0.8223883365315587	0.0	2.788874043921379	0.0	0.0	3.807137341597712	0.32810909044466074	0.5128640738460976	0.0	0.0	0.7415214761013667	0.0	0.0	0.32810909044466074	0.0	0.0	0.0	0.32810909044466074	0.0	0.0	4.398958266110315	0.0	2.359820468480718	0.32810909044466074	2.590243957753404	0.32810909044466074	1.0012744953957655	0.0	0.0	0.32810909044466074	2.448568858244815	0.0	0.7415214761013667	0.0	0.8223883365315587	0.0	1.372423581590828	0.0	2.96843551867338	0.5128640738460976	3.6695567795122885	0.6420707108137849	0.32810909044466074	0.5128640738460976	0.0	2.1455906134641065	0.0	0.32810909044466074	0.0	0.0	2.5616176068966015	0.0	0.0	0.0	0.0	0.32810909044466074	0.0	3.624031020354044	0.0	0.32810909044466074	0.0	0.32810909044466074	0.0	0.0	0.0	0.0	0.0	0.0	0.5128640738460976	0.0	1.2535828378345013	0.7415214761013667	0.0	0.0	0.0	0.0	0.5128640738460976	0.0	0.0	0.5128640738460976	0.0	0.0	0.0	0.0	0.0	0.5128640738460976	0.0	0.0	0.0	0.0	0.32810909044466074	2.9793665094092026	0.0	0.0	1.7327769198156255	0.0	0.0	1.372423581590828	1.9327300345821137	0.0	0.0	3.8860907155374815	0.32810909044466074	1.448523419164205	0.0	0.0	1.3050815192569207	0.0	0.32810909044466074	1.372423581590828	0.32810909044466074	0.0	0.5128640738460976	0.0	0.7415214761013667	0.32810909044466074	0.0	0.5128640738460976	0.0	2.2195487893397945	0.0	0.7415214761013667	0.8223883365315587
SRR31418703	0.0	3.167495187315831	0.0	0.3517074294969852	0.7774384224268551	0.3517074294969852	0.0	0.0	0.0	0.5434571206192742	0.3517074294969852	0.0	0.0	2.610338623202666	0.0	4.820877391735487	0.0	0.0	2.8776673942183852	0.0	0.3517074294969852	3.198076877544453	0.0	0.5434571206192742	0.0	0.0	0.6760183281121716	0.0	0.5434571206192742	0.5434571206192742	0.9286641302430061	0.0	0.0	0.0	0.0	0.0	4.550133720717183	0.3517074294969852	3.4182327366074188	0.3517074294969852	2.567054964705357	0.0	0.0	0.5434571206192742	0.0	0.0	2.8911009476438685	0.0	1.203317968882755	0.0	1.7375442307691957	0.0	0.0	0.0	2.541349705695175	0.0	3.056906382399983	0.0	0.0	1.1295416651614831	0.0	1.7754967080023636	0.0	0.0	0.0	0.3517074294969852	2.5123646929286503	0.0	0.0	0.0	0.0	0.8596005774596435	0.0	3.3410243288381385	0.0	0.0	0.0	0.6760183281121716	0.0	0.0	0.0	0.0	0.0	0.0	1.2663624825446675	0.0	0.0	0.0	0.0	0.0	1.0406149966059446	0.0	0.0	0.0	0.0	0.0	0.0	0.7774384224268551	0.0	0.0	0.0	1.08735045736881	0.0	0.3517074294969852	0.0	0.3517074294969852	0.0	0.9882369063299284	0.3517074294969852	0.0	0.5434571206192742	0.9286641302430061	0.3517074294969852	0.0	0.0	0.5434571206192742	0.0	3.3373024233201662	0.0	0.3517074294969852	0.0	0.0	2.01409308983525	0.0	0.0	0.5434571206192742	0.0	0.0	0.9882369063299284	0.0	0.7774384224268551	0.0	0.3517074294969852	0.5434571206192742	0.0	3.156677379106419	1.392754268938166	1.08735045736881	0.0
SRR31418704	0.0	3.910166123238209	0.0	0.0	0.0	0.0	0.6572614710661054	0.3385992419600375	1.1457519999689854	1.4674186600814771	0.0	0.0	0.0	2.429788898660753	0.0	4.84130764147693	1.298666804879664	0.0	1.9633872562550614	0.0	0.0	3.701335737931076	0.0	0.7576136264138087	0.0	0.0	0.6572614710661054	0.0	0.0	0.0	0.3385992419600375	0.0	0.0	0.0	0.3385992419600375	0.0	4.414545610251309	0.0	2.2360430234483033	0.3385992419600375	2.088539409636116	0.0	0.0	0.0	0.0	0.3385992419600375	3.0534418097471474	0.0	1.5613578265178374	0.0	1.0189389332505296	0.0	0.0	0.0	2.550491295324655	0.3385992419600375	1.8840352012469181	1.065447126842991	0.0	1.2720911946139832	0.7576136264138087	2.1507726537376626	0.0	0.0	0.0	0.0	1.4309737949465073	0.0	0.0	0.0	0.0	0.0	0.0	3.301276176548464	0.0	0.0	0.0	0.0	0.0	0.5265245013162932	0.0	0.0	0.0	0.0	1.411536372549643	0.0	1.1809454975883213	0.0	0.0	0.0	1.1074530598545456	0.0	1.065447126842991	0.0	0.0	0.5265245013162932	0.0	0.0	0.0	0.0	0.0	1.6385471575232555	0.3385992419600375	0.0	0.0	0.6572614710661054	0.7576136264138087	3.5451721306535333	0.0	0.3385992419600375	0.6572614710661054	0.0	0.0	1.1809454975883213	1.213499604231798	0.0	0.0	0.5265245013162932	0.5265245013162932	0.7576136264138087	0.0	0.0	1.298666804879664	0.5265245013162932	0.0	0.3385992419600375	0.0	0.0	0.0	0.3385992419600375	0.0	0.0	0.3385992419600375	0.6572614710661054	0.0	2.925141983771678	1.9744039869538024	0.0	0.0
SRR31418705	0.0	3.7761894438638945	0.0	0.0	0.0	0.0	0.0	0.0	0.0	0.8554814701527749	0.0	0.0	0.0	1.895189827034587	0.0	4.795201949566433	1.0635613815976812	0.0	1.345415935489153	0.0	0.0	3.820791053125859	0.0	0.4413304874254025	0.0	0.0	0.27446721863759843	0.0	0.27446721863759843	0.0	0.0	0.0	0.0	0.0	0.27446721863759843	0.0	4.376557512129871	0.0	1.7169852603387477	0.6556530162324246	1.5899228822804274	0.0	0.27446721863759843	0.27446721863759843	0.0	0.0	1.7020427974052712	0.0	0.0	0.0	0.4413304874254025	0.0	0.0	0.0	2.8115102155979144	0.0	1.954316377008682	0.4413304874254025	0.0	0.6556530162324246	0.0	4.084522836757249	0.0	0.0	0.0	0.0	1.4383871270525772	0.0	0.0	0.0	0.0	0.5615806424327205	0.0	2.5004006224654884	0.0	0.27446721863759843	0.0	0.4413304874254025	0.0	0.0	0.0	0.0	0.0	0.0	1.3786673350393748	0.0	0.6556530162324246	0.4413304874254025	0.0	0.0	0.8554814701527749	0.0	0.27446721863759843	0.0	0.0	0.0	0.0	0.0	0.0	0.0	0.0	1.0954279680978816	0.5615806424327205	0.0	0.0	0.0	0.0	3.672125878024734	0.0	0.4413304874254025	0.0	0.27446721863759843	0.0	0.7985151688241895	0.27446721863759843	0.0	0.0	0.6556530162324246	0.0	0.6556530162324246	0.0	0.0	0.950951497739506	0.0	0.0	0.5615806424327205	0.0	0.0	0.27446721863759843	0.0	0.27446721863759843	0.0	0.0	0.9918193658000699	0.0	2.784705988563795	0.5615806424327205	0.27446721863759843	0.0
SRR31418706	0.0	3.7744934069828195	0.0	0.0	0.614144025191367	0.40763398474113116	0.0	0.0	0.0	0.40763398474113116	0.40763398474113116	0.0	0.0	1.4133481788845705	0.0	4.768132750923629	0.0	0.0	1.293962540686529	0.0	0.7535287802616218	3.5151016589321804	0.0	0.40763398474113116	0.0	0.0	0.40763398474113116	0.0	0.40763398474113116	0.0	0.614144025191367	0.0	0.40763398474113116	0.40763398474113116	0.0	0.0	4.6345254868042	0.0	2.6899471017823657	0.858881240724821	2.2281294573243273	0.0	0.40763398474113116	0.0	0.0	0.0	2.403363753500592	0.0	0.40763398474113116	0.0	0.858881240724821	0.0	0.0	0.0	2.361341101478448	0.0	1.821972338604601	0.0	0.0	1.293962540686529	0.0	2.8748545216555574	0.0	0.0	0.0	0.0	1.176319180770501	0.0	0.40763398474113116	0.0	0.0	0.0	0.0	2.5197797844236764	0.0	0.0	0.0	0.40763398474113116	0.0	0.0	0.0	0.0	0.0	0.0	1.2581758125222027	0.0	0.614144025191367	0.0	0.0	0.0	0.858881240724821	0.40763398474113116	0.0	0.40763398474113116	0.0	0.0	0.0	0.40763398474113116	0.40763398474113116	0.0	0.0	1.7190179300475352	0.0	0.0	0.0	0.0	0.0	0.614144025191367	0.0	0.0	0.40763398474113116	0.40763398474113116	0.0	0.7535287802616218	0.40763398474113116	0.0	0.0	0.0	0.0	0.0	0.0	0.0	1.5470540188877602	0.0	0.0	0.0	0.0	0.0	0.614144025191367	0.0	0.0	0.0	0.0	0.614144025191367	0.0	3.577493313422921	2.616427275387775	0.40763398474113116	0.40763398474113116
SRR31418707	0.0	3.851466066510189	0.0	0.0	0.0	0.0	0.68528021390917	0.0	0.0	2.4237918308425557	0.0	0.9390046476691041	0.0	2.489378880977448	0.0	4.86314708387575	1.2142978450148518	0.0	1.8638633812374164	0.0	0.2925245774953896	3.717782244191384	0.2925245774953896	0.830413694548587	0.0	0.0	0.0	0.0	0.2925245774953896	0.0	0.5892385721472384	0.46574327359720175	0.0	0.68528021390917	0.0	0.2925245774953896	4.436077041329448	0.0	1.6907329264027757	0.7638815796750149	2.646558195798818	0.0	0.0	0.5892385721472384	0.0	0.68528021390917	2.8766034001402376	0.0	0.830413694548587	0.0	1.0634584781308067	0.0	0.0	0.0	2.4158532110058237	0.2925245774953896	2.113282821353129	1.4605242890304395	0.0	1.0634584781308067	0.9390046476691041	0.68528021390917	0.0	0.2925245774953896	0.0	0.0	1.4885165495081039	0.0	0.0	0.0	0.0	0.0	0.0	2.7087638296330505	0.0	0.2925245774953896	0.0	0.46574327359720175	0.0	0.46574327359720175	0.0	0.2925245774953896	0.0	0.0	0.46574327359720175	0.0	1.130197284987227	0.2925245774953896	0.0	0.0	0.9845682407362183	0.0	0.9390046476691041	0.0	0.2925245774953896	0.2925245774953896	0.0	0.0	0.0	0.0	0.0	0.68528021390917	0.5892385721472384	0.0	0.0	0.0	0.8880943754150421	3.136646419149708	0.0	0.68528021390917	1.2142978450148518	0.0	0.0	1.3814597044065628	0.830413694548587	0.0	0.0	1.363760097906175	0.68528021390917	2.4700147134196526	0.2925245774953896	0.2925245774953896	0.5892385721472384	0.68528021390917	0.46574327359720175	0.5892385721472384	0.0	0.0	0.46574327359720175	0.0	0.0	0.0	0.0	0.8880943754150421	0.0	2.546348222216531	0.0	0.0	0.0
SRR31418708	0.0	4.001106003772287	0.0	0.0	0.0	0.0	0.29660385829281755	0.0	0.0	2.49628022114002	0.0	1.033311306927109	0.0	1.7155476031936778	0.0	4.865381100152166	0.9920001844712081	0.0	1.0710318871947868	0.0	0.0	3.876407989416407	0.0	0.8953143899438054	0.0	0.0	0.0	0.0	0.29660385829281755	0.0	0.5954037535632672	0.29660385829281755	0.0	0.29660385829281755	0.47120965687300764	0.0	4.364014535038807	0.0	1.9549876808154931	1.033311306927109	2.8000019773320806	0.29660385829281755	0.5954037535632672	0.0	0.0	0.29660385829281755	2.4094377526603123	0.0	1.033311306927109	0.0	0.770749093750508	0.0	1.468522956687124	0.0	2.700389669633556	0.0	1.7836388103934042	1.2703286326880023	0.0	0.9463423608602318	0.29660385829281755	1.9257051203340876	0.0	0.29660385829281755	0.29660385829281755	0.0	1.723662353601998	0.0	0.0	0.0	0.0	0.29660385829281755	0.0	1.991192038093358	0.0	0.47120965687300764	0.0	0.29660385829281755	0.0	0.0	0.0	0.0	0.0	0.0	0.29660385829281755	0.0	0.9463423608602318	0.5954037535632672	0.0	0.0	0.6918663690054546	0.0	0.5954037535632672	0.0	0.5954037535632672	0.47120965687300764	0.29660385829281755	0.0	0.0	1.5476542919448302	0.0	0.0	0.770749093750508	0.0	0.0	0.0	0.47120965687300764	2.900669251218594	0.0	0.0	1.8300815067625034	0.29660385829281755	0.0	1.2220795522871086	0.8374825281798701	0.47120965687300764	0.0	1.50988841848919	0.6918663690054546	2.2366658933744215	0.0	0.0	0.8374825281798701	0.0	0.47120965687300764	0.0	0.29660385829281755	0.0	0.29660385829281755	0.0	0.0	0.0	0.0	0.5954037535632672	0.0	2.3713508480171197	0.29660385829281755	0.5954037535632672	0.0
SRR31418709	0.0	3.9344723013792997	0.0	0.0	0.0	0.0	1.3667943722876938	0.0	0.6848127519561102	1.9199574229499585	0.0	0.519011376994471	0.0	1.5317454756003606	0.0	4.849458554034415	1.097566509743905	0.0	1.0092438055466422	0.0	0.0	3.423303106943779	0.0	0.519011376994471	0.0	0.0	1.1234216105637578	0.0	0.519011376994471	0.748774232254741	0.519011376994471	0.24746440680712686	0.24746440680712686	0.6097767613522111	0.0	0.0	4.44132456870202	0.24746440680712686	1.9077575896012047	0.8045136528409444	2.228338964946698	0.0	0.24746440680712686	0.0	0.0	0.0	1.7678572152568923	0.0	0.40412435496845944	0.0	1.0407231641993975	0.0	0.0	0.0	3.504549374574823	0.0	1.5116831394936143	0.975303132952535	0.0	1.2336679519046923	0.40412435496845944	1.923949047319169	0.0	0.24746440680712686	0.0	0.24746440680712686	1.3667943722876938	0.0	0.0	0.0	0.24746440680712686	0.0	0.0	2.897018338782957	0.0	0.24746440680712686	0.0	0.0	0.0	0.0	0.0	0.0	0.0	0.24746440680712686	1.4206421757893075	0.0	0.8982503715260577	0.519011376994471	0.0	0.0	1.8162803833377534	0.0	0.6097767613522111	0.0	0.0	0.6097767613522111	0.0	0.0	0.0	0.0	0.0	1.4206421757893075	0.24746440680712686	0.0	0.0	0.24746440680712686	0.519011376994471	3.433746662145009	0.0	0.519011376994471	1.4206421757893075	0.6848127519561102	0.0	0.8045136528409444	0.24746440680712686	0.0	0.0	1.7322890742367625	0.40412435496845944	2.619561489372148	0.0	0.24746440680712686	0.8539060973051129	0.8539060973051129	0.24746440680712686	0.24746440680712686	0.0	0.0	0.6848127519561102	0.0	0.0	0.0	0.0	0.8045136528409444	0.0	1.7678572152568923	0.0	0.519011376994471	0.6848127519561102
SRR31418710	0.5670600985795596	3.731776815586414	0.0	0.0	0.0	0.0	0.37016938727761206	0.0	0.0	0.0	0.5670600985795596	0.0	0.0	1.587306924552516	0.0	4.905678437462756	0.0	0.0	1.445648816561179	0.0	0.0	3.5476899176707297	0.0	0.0	0.0	0.0	0.0	0.0	0.37016938727761206	0.0	0.8879387701981778	0.0	0.37016938727761206	0.0	0.0	0.0	4.438137715271913	0.0	1.571928477677364	0.37016938727761206	1.6819646021569201	0.0	1.0704496589505026	0.0	0.0	0.0	2.2953271783737015	0.0	1.2340543897767524	0.0	0.9576484573685018	0.0	0.0	0.0	1.571928477677364	0.0	2.169147027329697	0.0	0.0	1.1174797663000144	1.522228199001114	0.5670600985795596	0.0	0.37016938727761206	0.0	0.0	0.37016938727761206	0.0	0.0	0.0	0.0	0.37016938727761206	0.0	2.086583676338263	0.0	0.37016938727761206	0.0	0.0	0.37016938727761206	0.0	0.0	0.0	0.0	0.0	0.8879387701981778	0.0	1.1174797663000144	0.0	0.0	0.0	0.37016938727761206	0.0	0.0	0.0	0.0	0.0	0.37016938727761206	1.0704496589505026	0.0	0.0	0.0	0.8048596981173965	0.37016938727761206	0.0	0.0	0.37016938727761206	0.0	0.37016938727761206	0.0	0.37016938727761206	0.8048596981173965	0.0	0.5670600985795596	0.37016938727761206	0.37016938727761206	0.37016938727761206	0.0	0.37016938727761206	0.702036556960625	0.702036556960625	0.0	0.37016938727761206	0.0	0.0	0.0	0.9576484573685018	0.0	0.0	1.017701103390792	0.37016938727761206	0.0	0.0	0.0	0.37016938727761206	0.0	1.2668632235191928	1.017701103390792	0.0	0.0
