SAMPLE_ID	Acidobacteria	Actinobacteria	Aquificae	Armatimonadetes	Bacteroidetes	Balneolaeota	Candidatus Saccharibacteria	Chlamydiae	Chlorobi	Chloroflexi	Coprothermobacterota	Cyanobacteria	Deferribacteres	Deinococcus-Thermus	Elusimicrobia	Euryarchaeota	Fibrobacteres	Firmicutes	Fusobacteria	Gemmatimonadetes	Ignavibacteriae	Kiritimatiellaeota	Nitrospirae	Planctomycetes	Proteobacteria	Spirochaetes	Synergistetes	Tenericutes	Thermodesulfobacteria	Thermotogae	Verrucomicrobia
SRR11856028	0.0	2.8396624051328527	0.0	0.0	3.3325172191502572	0.0	0.0	0.0	0.0	0.0	0.0	0.3946821268125398	0.3946821268125398	0.0	0.0	0.5979838060097058	0.0	4.713792608241124	0.8404364067883566	0.0	0.0	0.0	0.0	0.0	1.9607574871465003	0.0	0.0	0.7359140377412378	0.0	0.0	2.173569761930602
SRR11856029	0.0	2.2215459757646046	0.0	0.0	3.509323735050643	0.0	0.3245041299527413	0.0	0.0	0.3245041299527413	0.0	0.0	0.0	0.0	0.0	0.5081463663918039	0.0	4.516535367568535	0.8165982928552473	0.0	0.6368119229607296	0.0	0.0	0.3245041299527413	2.355161547662139	0.0	0.0	0.3245041299527413	0.0	0.0	4.263515011280142
SRR11856030	0.0	3.7890500570479	0.0	0.0	3.4612081319386743	0.0	0.5339374239639769	0.0	0.25682207585406636	0.25682207585406636	0.0	0.5339374239639769	0.0	0.0	0.0	0.25682207585406636	0.0	4.55441357680631	1.1431067257998333	0.0	0.0	0.0	0.0	0.0	2.827338902826081	0.0	0.0	0.7017552631506669	0.0	0.0	3.9661412844678146
SRR11856031	0.29537022129241874	2.745262044244109	0.0	0.4695583785155625	4.265297856803426	0.0	0.4695583785155625	0.29537022129241874	0.0	0.6898786193330594	0.0	0.29537022129241874	0.0	0.0	0.29537022129241874	4.159659783642048	0.0	4.310784198633809	0.29537022129241874	0.0	1.3113744297435292	0.0	0.0	0.0	2.891710135521643	0.0	0.0	0.5935424277333929	0.0	0.0	2.167659115414722
SRR11856032	0.0	3.11816850218623	0.0	0.300486228988043	4.445511117381714	0.0	0.300486228988043	0.0	0.0	0.0	0.0	0.0	0.0	0.0	0.0	0.300486228988043	0.601244085788226	4.335411594312767	1.4303159020435574	0.0	0.6980996505541242	0.300486228988043	0.0	0.0	3.5591774827355005	0.6980996505541242	0.0	0.300486228988043	0.0	0.0	2.497225797719627
SRR11856033	0.0	1.8856996146563554	0.0	0.0	4.14798761297056	0.0	0.0	0.0	0.0	0.0	0.0	0.4352211060169672	0.0	0.0	0.0	0.0	0.0	4.291749585266183	1.369459695273605	0.0	0.8974264625231776	0.0	0.0	0.0	3.687436384075262	0.0	0.2699899193218936	0.0	0.0	0.0	4.210037307248851
SRR11856035	0.330279149189397	1.9310046183591956	0.330279149189397	0.0	4.291571040598535	0.0	0.0	0.0	0.0	0.0	0.0	0.330279149189397	0.0	0.330279149189397	0.0	0.0	0.6452267155635666	4.530341612842968	0.0	0.0	0.330279149189397	0.0	0.0	0.0	3.0681708256627207	0.7448675111502626	0.330279149189397	0.330279149189397	0.0	0.0	1.9192467810885803
SRR11856036	0.21515688377479744	2.711999780573561	0.0	0.0	3.7200300527436125	0.0	0.21515688377479744	0.0	0.0	0.0	0.0	0.0	0.0	0.0	0.0	0.0	0.0	4.050182483874696	0.9392291412867335	0.0	1.2145360407302	0.0	0.0	0.0	2.428739003036368	0.21515688377479744	0.0	0.623860245762592	0.0	0.0	4.574601727130018
SRR11856037	0.0	1.9522270105621862	0.0	0.0	4.253691616749018	0.0	0.44836961198681846	0.0	0.0	0.6642323527561	0.0	1.4760364242598778	0.0	0.0	0.0	0.0	0.27964667214488587	4.304841448581576	2.042863816753724	0.27964667214488587	1.7697487708515443	0.0	0.0	0.0	4.147970795581832	0.27964667214488587	0.5695767728891423	0.5695767728891423	0.0	0.0	3.3737811200276475
SRR11856038	0.0	1.7296890199512276	0.4496365794861348	0.0	4.6243393515188735	0.0	0.5710141288489825	0.0	0.0	0.7435147575513876	0.0	0.0	0.0	0.0	0.0	0.80943017648331	0.2805812697712054	4.03353310078057	1.5823875105196155	0.0	2.125708469991753	0.0	0.0	0.0	3.2006585383805812	0.0	0.80943017648331	0.0	0.0	0.0	1.9755481196182498
SRR11856039	0.0	3.045642850827723	0.0	0.0	4.277931955138936	0.0	0.39440914878215694	0.0	0.0	0.0	0.0	0.39440914878215694	0.0	0.0	0.0	0.0	0.39440914878215694	4.053833472123511	0.597641912807521	0.0	0.39440914878215694	0.39440914878215694	0.0	0.0	2.258949294387897	0.39440914878215694	0.0	0.597641912807521	0.0	0.0	4.366302371784297
SRR11856040	0.0	3.1771066097443463	0.0	1.8060408619805792	4.479715632010689	0.0	0.5527402225408475	0.0	0.0	0.0	0.0	2.3872490851252732	0.0	0.0	0.0	0.0	0.0	4.344980253592051	1.052400254712236	0.0	0.8707830097217248	0.0	0.0	0.0	2.7629658910762207	0.35894245552475534	0.0	0.5527402225408475	0.0	0.0	2.0523889831953586
SRR11856041	0.0	1.708863065303483	0.0	0.0	2.417011270303628	0.0	0.2892020046194333	0.0	0.0	1.3388116160879573	0.2892020046194333	1.0572444043595555	0.0	0.0	0.0	0.0	0.0	3.8572295007578687	1.2079100497805113	0.0	0.0	0.0	0.0	0.0	3.4604631333114932	0.0	1.2326532997591817	1.0572444043595555	0.0	0.0	4.647010235432594
SRR11856042	0.26003092933595134	2.5690735882040503	0.0	0.0	2.556405923459052	0.0	0.8784438717789764	0.0	0.0	0.26003092933595134	0.0	0.42154814199053164	0.0	0.0	0.0	0.0	0.0	4.730907307595557	1.9439988973768525	0.0	1.4960120543143653	0.0	0.0	0.0	1.854338957991951	0.0	0.0	0.26003092933595134	0.0	0.0	1.9480306329025583
SRR11856043	0.0	2.354347876935177	0.0	0.0	3.141107366119272	0.0	0.0	0.0	0.0	0.24252214104661307	0.0	0.0	0.0	0.0	0.0	0.0	0.0	4.421413868459418	1.294423440592836	0.0	0.8440656111482858	0.0	0.0	0.0	1.9506317753544682	0.397217566253947	0.0	0.24252214104661307	0.0	0.24252214104661307	4.426808545199458
SRR11856044	0.5647987462676709	2.6593705646432317	0.36839115876169726	0.2221388525515	3.4509224076837106	0.0	0.0	0.0	0.2221388525515	0.0	0.0	0.2221388525515	0.0	0.2221388525515	1.4212032253428877	2.569315742753558	0.7539247263351143	4.66812490362576	0.9548869196655176	0.0	0.5647987462676709	0.0	0.0	0.0	2.1700024608939295	0.9214567248071133	0.2221388525515	1.6134910850729742	0.5647987462676709	0.0	3.640045170949073
SRR11856046	0.0	1.9820909057277356	0.0	0.0	2.399991046890929	0.0	0.4511962348209975	0.0	0.0	0.4511962348209975	0.0	0.2817327543886854	0.0	0.0	0.0	1.9983136680911444	0.2817327543886854	4.538253623490374	3.225348331666801	0.0	0.7454957355913572	0.0	0.0	0.0	3.6485802158823413	0.4511962348209975	0.2817327543886854	0.4511962348209975	0.0	0.0	4.136978278516073
SRR11856047	0.0	3.9926639922148475	0.0	0.31715549367094736	3.913054267751452	0.0	0.0	0.0	0.0	0.0	0.0	0.6260291286820974	0.0	0.0	0.0	0.31715549367094736	0.8047037666778074	4.543328816702156	0.7244910123725017	0.0	0.0	0.0	0.0	0.0	3.2275538207493835	0.0	0.0	0.6260291286820974	0.31715549367094736	0.0	2.2246023701743494
SRR11856048	0.0	2.550029612785996	0.0	0.0	3.1844552334792944	0.0	0.0	0.0	0.0	0.0	0.0	2.207506533775266	0.0	0.0	0.0	0.6853888486278658	0.5519426255122492	4.495529905180368	0.7873244912946198	0.0	1.051390328569829	0.0	0.0	0.0	1.9193359484837291	0.0	0.0	0.9391257821983356	0.0	0.0	4.329981035579291
SRR11856049	0.0	2.956972674441243	0.0	0.8226363701264019	4.4597220695948225	0.0	0.0	0.0	0.0	0.0	0.0	0.3282639244515437	0.0	0.7417605168014137	0.0	1.3727031702007715	0.3282639244515437	4.394589309721493	0.0	0.0	0.8226363701264019	0.0	0.0	0.0	2.0523623821420642	0.0	0.0	0.0	0.0	0.0	2.1630640925173914
SRR11856050	0.0	2.8765381496844262	0.0	0.0	4.005866713851443	0.0	0.0	0.0	0.0	0.0	0.0	0.731996078354753	0.0	0.0	0.0	4.143849458855962	0.0	4.384390170884986	0.8803897347868128	0.0	0.731996078354753	0.0	0.0	0.0	2.6417796174826176	0.0	0.0	0.0	0.0	0.0	3.7270857642550674
SRR11856051	0.0	3.006270088194634	0.0	0.0	4.092012759185643	0.0	0.26458762032337146	0.0	0.0	0.0	0.0	0.0	0.0	0.0	0.0	0.4278186635485952	0.8871782591096729	4.6136623339012575	0.0	0.0	1.7510915346349245	0.0	0.26458762032337146	0.0	2.3473350622081495	0.7806160784392047	0.26458762032337146	0.0	0.0	0.0	1.9202509059749882
SRR11856052	0.0	2.593271291527162	0.0	0.0	2.3819753131015875	0.0	0.0	0.0	0.5239073479260875	0.3365835508654745	0.0	0.5239073479260875	0.0	0.0	0.0	0.0	0.7545375347965884	4.719808392057646	0.5239073479260875	0.0	2.556760629517595	0.0	0.0	0.0	3.092430575126928	0.3365835508654745	0.0	0.5239073479260875	0.0	0.0	2.1170679638964383
SRR11856053	0.0	2.5078850384674265	0.0	0.0	4.064807998040689	0.0	0.4920699745062396	0.0	0.4920699745062396	0.0	0.0	0.0	0.0	0.0	0.0	0.0	0.6188416344881181	4.618016618501696	0.4920699745062396	0.0	0.0	0.0	0.0	0.0	3.1107072411676993	0.31228949682467244	0.31228949682467244	0.6188416344881181	0.0	0.0	2.0042798450675345
SRR11856054	0.0	2.4078473100713773	0.0	0.0	2.3167062975097354	0.0	0.0	0.0	0.0	0.0	0.0	1.5651010740811	0.0	0.0	0.0	0.0	0.0	4.458003068024655	0.9575879051242501	0.0	2.175254036327937	0.0	0.0	0.0	1.6400198137283257	0.0	0.0	0.8302033800734596	0.0	0.0	4.405199084402447
SRR11856055	0.4318230694065138	2.8825407644197525	0.6440163015797425	0.0	2.5767229439798167	0.0	0.2675069449908632	0.2675069449908632	1.0155992015620505	0.0	0.0	1.6639430693785608	0.0	0.0	0.0	0.0	0.4318230694065138	4.724902264084802	0.0	0.0	2.5708030025510302	0.0	0.2675069449908632	0.0	2.0642439627138156	0.6440163015797425	0.0	0.6440163015797425	0.0	0.2675069449908632	1.7700941920267363
SRR11856057	0.34917652421441514	3.5565411700558127	0.0	1.1637361651681268	3.8778671243402236	0.0	0.5401993596107532	0.34917652421441514	0.0	0.34917652421441514	0.34917652421441514	0.34917652421441514	0.34917652421441514	0.0	0.0	2.2812833250613527	0.34917652421441514	4.634468958773012	0.773634421054294	0.0	1.430140963653762	0.0	0.0	0.34917652421441514	2.321447562152274	0.773634421054294	0.0	0.773634421054294	0.0	0.0	2.0728952539190977
SRR11856058	0.7755054084509532	3.9641373119339653	0.4750058722808941	0.2994444255913306	3.7657575348818244	0.0	0.0	0.0	0.6964303061482267	0.0	0.0	1.2274594953692972	0.2994444255913306	0.2994444255913306	0.0	0.0	0.5996794601319959	4.543390479042814	0.0	0.0	2.1871753191493384	0.0	0.4750058722808941	0.0	3.387582875304972	0.8423763652348861	0.0	0.6964303061482267	0.0	0.0	3.344739667510497
SRR11856059	0.0	2.8276027784951534	0.0	1.6192621155979032	3.269091126437117	0.0	0.0	0.0	0.25440195913735153	0.0	0.0	0.0	0.4137675114345075	0.0	0.0	0.0	0.25440195913735153	4.717073322371054	0.7618055738057279	0.0	1.0845597293272955	0.0	0.0	0.0	1.7776679534705657	0.7618055738057279	0.0	0.0	0.0	0.0	1.7090401708993959
SRR11856060	0.0	1.5532639203393603	0.0	0.5107957411456603	4.113697503779919	0.0	0.8198516306030508	0.0	0.0	1.6394421675971274	0.3265274702551592	1.0448696632675034	0.0	0.0	0.0	0.0	0.0	4.3532710390949525	1.0448696632675034	0.0	0.0	0.0	0.0	0.0	3.422840696090012	0.0	1.0866927369784793	0.0	0.0	0.0	4.217986544428545
SRR11856061	0.0	2.7390906221681974	0.0	0.32527958348133157	2.225897017190143	0.0	1.3673000248988227	0.0	0.0	0.0	0.0	0.9446775907687458	0.0	0.0	0.0	0.0	0.0	4.731144685366466	1.1226532545214247	0.0	0.8178462373822107	0.0	0.0	0.32527958348133157	1.6693992006121712	0.0	0.0	0.7371449369361223	0.0	0.0	2.234446566587285
SRR11856062	0.0	2.888438798802323	0.0	0.37918494156514804	2.979878405888006	0.0	0.37918494156514804	0.0	0.0	0.0	0.0	0.0	0.0	0.37918494156514804	0.0	1.7850193924086937	0.0	4.720151964202039	0.37918494156514804	0.0	2.023561651148988	0.0	0.0	0.0	2.2077650465735332	0.0	0.0	0.8180503323710691	0.0	0.0	2.431535331771047
SRR11856063	0.299691418719583	2.519771017874864	0.0	0.0	4.187734628128776	0.0	0.0	0.0	0.299691418719583	0.0	0.0	0.299691418719583	0.299691418719583	0.0	0.299691418719583	2.0872456850530168	0.600050575571203	4.475928575554737	0.0	0.0	0.9975875830060462	0.0	0.0	0.0	2.738475187713911	0.4753355670556868	0.0	0.4753355670556868	0.0	0.0	3.9288277443768886
SRR11856064	0.0	2.72396983204047	0.0	0.44402725487248085	2.854145034619684	0.44402725487248085	0.0	0.0	0.0	0.9095320073344755	0.0	1.469501012642728	0.0	0.0	0.0	2.5633350884851245	0.0	4.631066158785649	3.1790761005063817	0.0	2.504606637008651	0.0	0.0	0.44402725487248085	3.371808592006781	0.6589434548035924	0.8020661832362659	0.8020661832362659	0.0	0.0	3.7941580075311796
