SAMPLE_ID	Acidimicrobiia	Acidithiobacillia	Acidobacteriia	Actinobacteria	Alphaproteobacteria	Anaerolineae	Aquificae	Ardenticatenia	Bacilli	Bacteroidia	Betaproteobacteria	Blastocatellia	Caldilineae	Caldisericia	Calditrichae	Candidatus Babeliae	Candidatus Brocadiae	Candidatus Saccharimonia	Chitinophagia	Chlamydiia	Chlorobia	Chloroflexia	Chthonomonadetes	Clostridia	Coprothermobacteria	Coriobacteriia	Cytophagia	Deferribacteres	Dehalococcoidia	Deinococci	Deltaproteobacteria	Dictyoglomia	Elusimicrobia	Endomicrobia	Epsilonproteobacteria	Erysipelotrichia	Fibrobacteria	Fimbriimonadia	Flavobacteriia	Fusobacteriia	Gammaproteobacteria	Gemmatimonadetes	Gloeobacteria	Halobacteria	Hydrogenophilalia	Ignavibacteria	Kiritimatiellae	Ktedonobacteria	Limnochordia	Methanobacteria	Methanomicrobia	Methylacidiphilae	Mollicutes	Negativicutes	Nitriliruptoria	Nitrososphaeria	Nitrospira	Oligoflexia	Opitutae	Phycisphaerae	Planctomycetia	Rubrobacteria	Saprospiria	Spartobacteria	Sphingobacteriia	Spirochaetia	Synergistia	Tepidiformia	Thermodesulfobacteria	Thermoleophilia	Thermomicrobia	Thermoplasmata	Thermotogae	Tissierellia	Verrucomicrobiae	Vicinamibacteria	Zetaproteobacteria
SRR11292124	0.0	0.0	0.0	1.2545309621164469	1.4666030064700077	0.2884143324255654	0.0	0.0	2.1564083121813535	4.569358693538805	3.1089064226018555	0.0	0.2884143324255654	0.0	0.0	0.0	0.0	0.0	1.0181753820008632	0.0	0.2884143324255654	0.0	0.0	3.9157068585670403	0.0	1.3903779505818108	0.8807661057863079	0.0	0.0	0.2884143324255654	2.8940239798154304	0.0	0.0	0.0	0.46021759750423025	1.0181753820008632	0.0	0.0	2.3776159866558286	4.1260386765831285	1.8439792584853218	0.0	0.0	0.0	0.0	1.3557001867609457	0.0	0.0	0.0	0.0	0.0	0.0	1.0557651548359048	2.9778779144989285	0.0	0.0	0.0	0.0	0.0	0.0	0.2884143324255654	0.0	0.0	0.0	0.7569168392672664	0.0	0.0	0.0	0.0	0.0	0.0	0.0	0.0	0.0	1.3372644456354135	0.0	0.0
SRR11292125	1.024176737972986	0.0	0.341742989911962	2.466809127902954	1.854894921615739	1.3529167743675645	0.0	0.0	4.080179714914191	4.414850850355362	2.582861310199698	0.0	0.6617822908675974	0.0	0.0	0.0	0.0	0.0	1.3529167743675645	0.0	0.341742989911962	0.0	0.0	4.199521609712626	0.0	1.8325557700154596	1.1127924822327073	0.0	0.0	1.1511293587661209	1.632250580551272	0.0	0.0	0.0	0.341742989911962	1.6073098750609627	1.6671657983985433	0.0	3.091123795371484	1.2492432349163223	3.1977956103617693	0.0	0.341742989911962	0.0	0.341742989911962	2.050302566401002	0.0	0.6617822908675974	0.341742989911962	0.0	0.0	0.0	2.085834510606001	2.8352056197369087	0.0	0.0	0.341742989911962	0.9720137605740194	0.0	0.341742989911962	0.0	0.0	0.6617822908675974	0.0	1.1863548843185938	0.0	1.4901550590682893	0.0	0.341742989911962	0.0	0.0	0.0	1.952043328131424	0.6617822908675974	3.5503741912668656	0.0	0.0
SRR11292126	0.0	0.0	0.0	2.2434081630128073	1.4923262542165592	0.9302984639477239	0.0	0.35273650909759713	3.4863273035684297	4.132767595553977	2.3354458177080106	0.0	0.7789819720842057	0.0	0.0	0.0	0.0	0.0	1.131256694596053	0.0	0.6774806487232939	0.35273650909759713	0.0	4.582289081072766	0.0	1.6867178871981128	0.8611973455252937	0.0	0.0	0.0	0.9898991732997562	0.0	0.0	0.0	0.0	3.651643894668717	0.35273650909759713	0.0	2.8482593621838506	0.7789819720842057	2.819550943005728	0.0	0.0	0.0	0.0	2.3329252122326705	0.0	0.35273650909759713	0.0	0.0	0.0	0.0	0.8611973455252937	2.755725393392694	0.0	0.0	0.0	0.0	0.0	0.0	0.5447801887642512	0.0	0.0	0.0	0.6774806487232939	1.089051488645505	0.6774806487232939	0.0	0.0	0.0	0.0	0.0	0.9302984639477239	0.35273650909759713	2.445818300400615	0.0	0.0
SRR11292127	0.9198039863901334	0.0	0.0	2.5436068196536024	1.545696210559907	0.7690760956242693	0.0	0.0	3.2120698973707196	4.080526050564077	2.5023383327209388	0.0	0.5363010085949869	0.0	1.7374721631424732	0.0	0.0	0.0	1.2568555267991648	0.0	0.0	0.0	0.0	4.515665494649735	0.0	2.5405678740881603	1.4808048794435882	0.0	0.0	0.5363010085949869	1.7176471356982193	0.0	0.0	0.0	0.9198039863901334	3.2172369768542906	1.031483034869194	0.0	3.11081912957839	1.602140154225716	3.4823392534258457	0.0	0.7690760956242693	0.0	0.0	1.602140154225716	0.0	0.5363010085949869	0.7690760956242693	0.0	0.0	0.0	1.031483034869194	3.3361289379061754	0.0	0.0	0.0	2.4853596293913713	0.0	0.5363010085949869	0.0	0.0	0.7690760956242693	0.0	1.3118320689369152	0.7690760956242693	0.9198039863901334	0.0	0.0	0.0	0.0	0.0	0.0	0.7690760956242693	3.782075299362995	0.0	0.0
SRR11292128	0.33288791040796095	0.0	0.33288791040796095	1.7134733392112855	1.5648909830355227	0.0	0.0	0.33288791040796095	3.502897857945713	4.194625126638787	2.3896478850913487	0.0	0.0	0.0	0.0	0.0	0.0	0.0	1.0976827800852658	0.33288791040796095	0.519099495708846	0.0	0.0	4.578414966155267	0.0	1.9953685064022688	2.278673806688713	0.0	0.0	0.0	0.6490113102914887	0.0	0.0	0.0	0.6490113102914887	3.109928219264907	0.0	0.0	2.2372463184839515	0.33288791040796095	2.7288672841330124	0.0	0.0	0.0	0.0	2.1063435029175093	0.0	0.0	0.0	0.0	0.0	0.0	1.0093577997523484	3.3778997983403087	0.0	0.0	0.0	0.0	0.0	0.0	0.33288791040796095	0.0	0.6490113102914887	0.0	0.519099495708846	0.0	0.33288791040796095	0.0	0.0	0.0	0.0	0.0	0.6490113102914887	0.519099495708846	2.6377268701981915	0.0	0.0
SRR11292129	0.0	0.0	1.5261327924160428	2.0864537716746785	2.3555679236089704	0.0	0.0	0.0	3.181743140196334	4.583528933106529	2.760328499430214	0.0	0.0	0.0	0.0	0.0	0.0	0.0	1.059693565483225	0.3352001182322079	0.0	0.0	0.0	3.9884611183826904	0.0	1.2075885672549667	1.0132469752593687	0.0	0.0	0.0	1.101649247315076	0.0	0.0	0.0	0.7524219528507277	1.6204487581131117	0.0	0.0	1.2378455873066934	3.856473815713937	2.8918303504138065	0.0	0.0	0.0	0.0	2.719887796807089	0.0	0.0	0.3352001182322079	0.0	0.0	0.0	0.5221090090164834	3.4367037540944563	0.0	1.510817208659205	1.1750646405678078	0.0	0.0	0.0	0.0	1.0132469752593687	0.3352001182322079	0.0	0.7524219528507277	0.3352001182322079	0.6523571669850494	0.0	0.0	0.0	0.0	0.0	0.0	0.3352001182322079	2.586800762943335	0.0	0.0
SRR11292130	0.5582778216012668	0.0	0.3632745028957821	1.8047789626767567	1.3900108424817144	0.0	0.0	0.0	3.0741704899767965	4.585669360083978	2.563468484750915	0.0	0.0	0.0	0.0	0.6923724599694098	0.3632745028957821	0.0	1.433995533761291	0.3632745028957821	0.0	0.0	0.0	4.177780191192662	0.0	1.9074142936978928	1.1486660876126835	0.0	0.0	0.5582778216012668	1.5601644093794853	0.0	0.0	0.0	0.3632745028957821	2.6869438323658743	0.5582778216012668	0.0	2.8240455336816623	1.3410641908738108	3.230206403771414	0.0	0.5582778216012668	0.0	0.3632745028957821	1.8390170777695942	0.0	0.0	0.0	0.0	0.0	0.0	0.7946847707361548	2.8180405493829563	0.0	0.0	0.0	1.4926029857898335	0.0	0.0	0.6923724599694098	0.0	0.0	0.0	1.2554334939731173	0.0	0.0	0.0	0.0	0.0	0.0	0.0	0.0	0.0	3.516481989202999	0.0	0.0
SRR11292131	0.0	0.28909182696602853	0.0	2.0587773196081307	2.1462161366547146	0.0	0.0	0.28909182696602853	3.3790881838990883	4.4562395372263985	2.727878719331803	0.0	0.28909182696602853	0.0	0.0	0.0	0.0	0.0	1.0194367816013579	0.0	0.6797081717292739	0.0	0.0	4.252915186988432	0.0	1.6295517291837422	1.091640843250433	0.0	0.0	0.0	3.168648287893286	0.0	0.28909182696602853	0.0	0.7580680010963793	2.2063815765289085	0.46112964030696757	0.0	2.380717943327933	2.0587773196081307	3.3563695701806466	0.0	0.0	0.0	0.0	1.9672662989078975	0.0	0.0	0.28909182696602853	1.6098333754935763	0.0	0.0	2.4442182214857198	3.576656479053033	0.5840273780442806	0.0	0.0	0.28909182696602853	0.28909182696602853	0.0	0.28909182696602853	0.0	0.5840273780442806	0.0	1.0570376321835522	0.46112964030696757	2.3001866562503923	0.28909182696602853	0.0	0.0	0.0	0.0	0.0	0.46112964030696757	3.592687642913137	0.0	0.0
SRR11292132	0.0	0.0	0.0	1.310261749616306	1.3462751869990655	0.0	0.0	0.0	1.7729746101185593	3.8569413044261993	1.8101523220409086	0.0	0.0	0.0	0.0	0.0	0.0	0.0	1.1798585242159312	0.0	0.0	0.0	0.0	4.679474227430364	0.0	2.125400418907187	0.7992720231435403	0.0	0.0	0.0	0.4419048246990767	0.0	0.0	0.0	0.0	2.8286429909731736	0.6563541664080906	0.0	1.759839495597869	0.0	2.2040390347946075	0.0	0.0	0.0	0.4419048246990767	1.27098967942743	0.0	0.0	0.0	0.0	0.0	0.0	0.0	3.7823123411093142	0.0	0.0	0.0	0.0	0.0	0.0	0.0	0.0	0.0	0.0	0.0	0.0	0.0	0.0	0.0	0.0	0.0	0.0	0.6563541664080906	0.7992720231435403	1.5157948703679633	0.0	0.0
SRR11292133	0.621479750328952	0.621479750328952	0.0	1.831494537715411	1.6879196299609942	0.41354466448683824	0.0	0.0	3.0256797608424355	4.249756932099065	2.55132284562169	0.0	0.0	0.0	1.3669914253500417	0.41354466448683824	0.0	0.0	1.336239368620997	0.0	0.41354466448683824	0.0	0.0	4.51077908474051	0.0	2.134413572590965	1.494679849729713	0.0	0.0	0.0	1.228261969020318	0.0	0.0	0.0	0.621479750328952	3.0570899665031255	1.228261969020318	0.0	3.3843898921320803	2.0445821048116413	3.2687285066455534	0.0	0.8672224986737088	0.0	0.0	1.3957092047408877	0.0	0.0	0.621479750328952	0.0	0.0	0.0	1.228261969020318	3.398145834669264	0.0	0.0	0.0	2.4021767958061893	0.0	0.0	0.0	0.0	0.0	0.9521773437798539	1.1377239077790422	0.41354466448683824	0.0	0.41354466448683824	0.0	0.0	0.0	0.0	0.0	0.0	3.3006570934149932	0.0	0.0
SRR11292134	0.0	0.0	0.0	1.9817367356161733	1.1577825635893073	0.0	0.0	0.0	1.479926948406878	4.5899649185262055	2.94771039336498	0.0	0.0	0.0	1.1577825635893073	0.0	0.0	0.0	1.0772920949144595	0.0	0.6673880122031274	0.0	0.0	4.24350631656465	0.0	1.0772920949144595	0.9784108178797176	0.0	0.0	0.0	0.7683227823043471	0.0	0.0	0.0	0.5356573346453772	2.9565579381537264	0.3456549819513463	0.0	3.1045466797275014	0.0	3.022015641747868	0.0	0.0	0.0	0.0	1.3597563611721215	0.0	0.0	0.0	0.0	0.0	0.0	0.3456549819513463	3.1546911477986486	0.0	0.0	0.0	0.0	0.0	0.3456549819513463	0.0	0.0	0.0	0.0	0.5356573346453772	0.3456549819513463	0.0	0.0	0.0	0.0	0.0	0.0	0.0	1.0306595914606982	2.129715150540597	0.0	0.0
SRR11292135	0.0	0.0	0.4102528199163808	3.0372414206838902	1.3764390180262742	0.2518683898944172	0.0	0.0	2.456819068501318	3.818236206688767	1.7296377212431837	0.0	0.0	0.0	0.2518683898944172	0.0	0.0	0.0	1.4667796534065183	0.0	0.2518683898944172	0.2518683898944172	0.0	4.444154030825855	0.0	2.0545759698489987	1.2022969890789832	0.0	0.0	0.0	1.223208361765412	0.0	0.0	0.0	0.6928232542020263	3.743475536369533	0.9474073857291431	0.0	1.5700000662853233	0.5260598457432852	2.153724427892173	0.0	0.4102528199163808	0.0	0.0	1.71012211864737	0.0	0.2518683898944172	0.0	0.0	0.0	0.0	0.9474073857291431	2.274285377028445	0.0	0.0	0.0	0.5260598457432852	0.0	0.2518683898944172	0.7570677269911557	0.0	0.2518683898944172	0.0	0.4102528199163808	0.5260598457432852	0.0	0.0	0.2518683898944172	0.0	0.0	0.0	0.0	0.9843206483928666	4.307757168176556	0.0	0.0
SRR11292136	0.2437670901851563	0.0	0.0	2.367179872009963	2.144701796523322	0.2437670901851563	0.0	0.0	2.288932155171631	4.512689614390722	2.4249386713491705	0.0	0.0	0.0	0.0	0.0	0.0	0.0	1.2256127501635194	0.0	0.3989603244435503	0.0	0.0	4.382131982671069	0.0	1.8228594807037277	1.2057131743888723	0.0	0.0	0.0	3.017999503375395	0.0	0.0	0.0	0.2437670901851563	2.88422151230162	0.2437670901851563	0.0	2.5573933743675967	0.678035633001362	2.947288941805542	0.0	0.0	0.0	0.0	2.203767988722463	0.0	0.0	0.2437670901851563	0.0	0.0	0.0	2.2484342982441987	3.113632162757218	0.0	0.0	0.0	1.3289783180616048	0.0	0.0	0.0	0.2437670901851563	0.6033350119360454	0.0	0.9676575529467754	0.678035633001362	0.0	0.0	0.0	0.0	0.0	0.0	0.2437670901851563	0.0	0.3989603244435503	0.0	0.0
SRR11292137	0.0	0.0	0.23995727255350083	1.8333021663524836	1.7212671239104993	0.0	0.0	0.3936207767380332	3.5243540776346785	4.393807372141286	2.320170436030925	0.0	0.23995727255350083	0.0	0.0	1.2172266390144049	0.0	0.23995727255350083	1.3777892051606473	0.23995727255350083	0.7344621160612494	0.0	0.0	4.314225831711919	0.0	2.4862586605903805	2.710045507614561	0.0	0.0	0.0	1.3910084669252085	0.0	0.0	0.0	0.8830176798530708	3.1151624559638065	0.5068958025245655	0.23995727255350083	2.059165666584514	0.7344621160612494	2.9050082002387305	0.0	0.0	0.0	0.0	1.7887737616456802	0.0	0.0	0.0	1.761909051313609	0.0	0.0	0.789820992612736	2.9785479350751727	0.3936207767380332	0.0	0.0	0.0	0.0	0.0	0.23995727255350083	0.0	0.6710014367041527	0.0	1.1973521714290247	0.0	1.3048862214902508	0.0	0.23995727255350083	0.0	0.0	0.0	0.23995727255350083	0.6710014367041527	3.9559162824941314	0.0	0.0
SRR11292138	0.0	0.0	0.0	1.5082151945413802	1.4495341020796777	0.0	0.0	0.0	1.9017060287094187	3.9008238883119914	1.878937678082088	0.0	0.0	0.0	0.0	0.0	0.0	0.0	1.1636623555363061	0.0	0.37248495860852454	0.0	0.0	4.695325228605548	0.0	2.392239872747117	0.8082597458302684	0.0	0.0	0.0	0.8082597458302684	0.0	0.0	0.0	0.37248495860852454	3.1884574170854556	0.8082597458302684	0.0	1.9824414688525993	0.5700010270004844	2.7388956605843577	0.0	0.0	0.0	0.0	1.3011934233255424	0.0	0.0	0.0	0.0	0.0	0.0	0.8082597458302684	3.31542236493451	0.0	0.0	0.0	0.0	0.0	0.0	0.0	0.0	0.0	0.0	0.5700010270004844	0.7052684249494082	0.0	0.0	0.0	0.37248495860852454	0.0	0.0	0.0	0.7052684249494082	0.5700010270004844	0.0	0.0
SRR11292139	0.0	0.0	0.0	2.643756944310606	1.9660122626005785	0.0	0.3431297254294299	0.0	3.564467477316597	4.1390859948750025	2.642568173224508	0.0	0.5323936970687855	0.0	0.0	0.0	0.0	0.3431297254294299	1.2799808902142078	0.3431297254294299	0.7645002997198909	0.6637719283158187	0.0	4.5574361510869155	0.0	2.1443008652393547	2.1971867842688417	0.0	0.0	0.0	1.8115078656472148	0.0	0.0	0.0	0.7645002997198909	2.774933385424069	1.1887320934844634	0.0	3.058579881226358	1.0264791958446662	3.1467394812088036	0.0	0.0	0.0	0.0	2.560240245308469	0.0	0.5323936970687855	1.2213255333603763	0.0	0.0	0.0	1.5833248723054154	2.9746989696972577	0.0	0.0	0.0	2.3495944332400494	0.0	0.3431297254294299	0.5323936970687855	0.3431297254294299	0.0	0.0	0.9149514574998422	0.0	0.5323936970687855	0.0	0.0	0.0	0.0	0.0	0.5323936970687855	0.9149514574998422	3.4238518936656788	0.0	0.0
SRR11292140	0.2682719052819719	0.0	0.7220958436099408	2.306869644883015	1.1665804562358264	0.6453013792148442	0.0	0.0	3.2450800549872865	4.393595980785619	2.6378189028079846	0.0	0.0	0.0	0.0	0.0	0.0	0.0	1.349613783695946	0.2682719052819719	0.2682719052819719	0.0	0.0	4.474512955909232	0.0	2.49311405009468	1.0513960243685119	0.0	0.0	0.5519471227199106	1.7183484323748233	0.0	0.0	0.0	1.4113853459325774	2.7461706951625477	1.7253908179320876	0.0	2.7788702110927246	0.6453013792148442	3.352618509780851	0.0	0.0	0.0	0.0	1.640825384802771	0.0	0.2682719052819719	1.5020025656828269	0.0	0.0	0.0	0.5519471227199106	3.091127366066404	0.0	0.0	0.0	1.8248500460806447	0.0	0.0	0.0	0.0	0.2682719052819719	0.4328707077246963	0.5519471227199106	0.5519471227199106	1.2775757885979315	0.0	0.0	0.0	0.0	0.0	0.0	0.787329722366706	1.673512944712927	0.0	0.0
SRR11292141	0.0	0.0	0.0	1.4302939178772314	1.4796511063821067	1.374599405353593	0.0	0.0	2.97957509053055	4.56627711074374	2.8273893824582963	0.0	0.0	0.0	0.0	0.0	0.0	0.0	1.4302939178772314	0.0	0.8740985204123066	0.0	0.0	4.2261328005334455	0.0	1.374599405353593	0.8740985204123066	0.0	0.0	0.0	1.2357425387011134	0.0	0.0	0.0	0.0	2.3190405620042918	0.0	0.0	1.9140383849801872	3.230359196394038	2.9377850512427557	0.0	0.0	0.0	0.0	1.878286276095566	0.0	0.0	0.0	0.0	0.0	0.0	0.0	2.7925065362995616	0.0	0.0	0.0	0.6275395617854137	0.0	0.0	0.0	0.0	0.6275395617854137	0.0	0.8740985204123066	0.0	0.0	0.0	0.0	0.0	0.0	0.0	1.1450964436080988	0.0	3.519077951570685	0.0	0.0
SRR11292142	0.0	0.0	0.40442799685613057	1.9974222391533516	1.1713945101233874	0.8543371954902392	0.0	0.0	4.391151801923015	2.7808573349791903	1.1238851369485592	0.0	0.0	0.0	0.0	0.0	0.0	0.0	0.9389268677632898	0.0	0.40442799685613057	0.0	0.0	4.541241221022314	0.0	2.8659614459371077	1.1238851369485592	0.0	0.0	0.0	0.7491861200559251	0.0	0.0	0.0	0.40442799685613057	2.7022619827777046	0.0	0.0	0.9389268677632898	0.0	2.4783319777405843	0.0	1.1713945101233874	0.0	0.0	2.400768288047319	0.0	0.0	1.541926304224453	0.0	0.0	0.0	0.7491861200559251	2.185330181836065	0.0	0.0	0.0	0.0	0.0	0.0	0.0	0.0	0.0	0.0	0.0	0.0	0.9389268677632898	0.0	0.0	0.0	0.0	0.0	0.6101549443468854	0.7491861200559251	2.210722293000133	0.0	0.0
SRR11292143	0.0	0.0	0.1996773135479496	1.51215942855305	1.1224792170301183	0.0	0.0	0.33594549446236305	2.5674084915209545	4.670861529101334	2.83353779806729	0.0	0.0	0.0	0.0	0.0	0.1996773135479496	0.0	1.0609579088012688	0.0	0.4395139701021505	0.0	0.0	4.037199673984708	0.0	1.0609579088012688	0.9624652047102222	0.0	0.0	0.0	0.5931287361613092	0.0	0.0	0.0	0.4395139701021505	2.142254851273005	0.33594549446236305	0.0	3.1121069966716597	0.4395139701021505	2.566033516703453	0.0	0.0	0.0	0.33594549446236305	1.6157018789063045	0.0	0.1996773135479496	0.33594549446236305	0.0	0.0	0.0	0.4395139701021505	3.197840861234698	0.0	0.0	0.0	0.33594549446236305	0.0	0.0	0.0	0.1996773135479496	0.0	0.0	0.5931287361613092	0.1996773135479496	0.5931287361613092	0.0	0.1996773135479496	0.0	0.0	0.0	0.0	0.0	0.33594549446236305	0.0	0.0
SRR11292144	0.0	0.364170695033489	0.0	2.1258400819519436	1.367738843513092	0.0	0.0	0.0	2.7350062416253844	4.43108394951989	2.7433230945530593	0.0	0.0	0.0	0.0	0.0	0.0	0.0	1.107778364557931	0.364170695033489	0.5594215002537599	0.0	0.0	4.380511560874388	0.0	1.6836507858461345	1.150134079026664	0.0	0.0	0.364170695033489	0.8788013837667981	0.0	0.0	0.0	0.364170695033489	3.822300243487164	0.5594215002537599	0.0	3.076227849288941	0.0	2.1892598355408137	0.0	0.0	0.0	0.0	3.0366856635014488	0.0	0.0	0.0	0.0	0.0	0.0	1.1887235362836452	2.9415747893255926	0.0	0.0	0.0	0.0	0.0	0.0	0.0	0.364170695033489	0.0	0.0	0.9483074220437868	1.150134079026664	0.0	0.0	0.0	0.0	0.0	0.0	0.364170695033489	0.364170695033489	0.0	0.0	0.0
SRR11292145	0.0	0.0	0.0	2.157130679420622	1.6860166861607997	0.0	0.0	0.0	3.363216555475006	4.579595755496923	3.183040133122466	0.0	0.0	0.0	0.0	0.0	0.0	0.0	1.0393462568895342	0.0	0.5066039092358663	0.0	0.0	4.186455216752703	0.0	1.5473602562822026	0.9931241161603223	0.0	0.0	0.32332749285798906	1.2715127952730212	0.0	0.0	0.0	0.0	3.473404201817335	0.32332749285798906	0.0	1.1192235474032917	0.6350911327654382	1.5192450210906236	0.0	0.0	0.0	0.0	2.225077037035383	0.0	0.0	0.0	0.0	0.0	0.0	0.5066039092358663	3.2224554188064274	0.0	0.0	0.0	1.0811187409504381	0.0	0.0	0.0	0.32332749285798906	0.5066039092358663	0.32332749285798906	0.6350911327654382	0.32332749285798906	0.0	0.0	0.0	0.0	0.0	0.0	0.5066039092358663	0.32332749285798906	0.32332749285798906	0.0	0.0
SRR11292146	0.0	0.0	0.35319840633920196	1.7959369600792578	2.6895749975668997	0.7796741929874559	0.0	0.0	2.4785800011231247	4.682443343188458	3.1068244090771544	0.0	0.7796741929874559	0.0	0.0	0.0	0.0	0.0	1.2973016749193411	0.0	0.5453737504220851	0.0	0.0	3.865580607766246	0.0	1.64027423695052	1.3728171698775333	0.0	0.0	0.35319840633920196	1.3239593652611288	0.0	0.0	0.0	0.7796741929874559	2.328666000957941	0.5453737504220851	0.0	2.9006868380569477	1.0898141337543972	3.1843116764303834	0.0	0.0	0.0	0.0	1.572904224584167	0.0	0.0	0.0	0.0	0.0	0.0	0.678136530358558	2.8452127996057475	0.0	0.0	0.0	0.0	0.0	0.0	0.0	0.0	0.931031287080723	0.0	1.1320255977529392	0.0	0.7796741929874559	0.0	0.0	0.0	0.0	0.0	0.35319840633920196	0.678136530358558	3.1085261977383705	0.0	0.0
SRR11292147	0.0	0.0	0.0	3.257460696424558	1.6436469599161285	0.35512283787529214	0.0	0.5478448120182767	3.5494689383694826	3.4726626302562518	2.47655231258555	0.0	0.5478448120182767	0.0	0.0	0.0	0.0	0.0	1.8640435572478964	0.0	0.5478448120182767	0.0	0.0	4.643552758073953	0.0	2.4728685561308352	1.3761228808090082	0.0	0.0	0.0	0.5478448120182767	0.0	0.0	0.0	0.9340795916852125	3.0385966799530455	0.8648920905672552	0.0	1.6436469599161285	0.7825542984598826	2.8423854407190463	0.35512283787529214	0.0	0.0	0.0	3.36742852897498	0.0	0.0	0.0	0.0	0.0	0.0	0.7825542984598826	3.6326173375679094	0.0	0.0	0.6808660278746008	0.0	0.35512283787529214	0.0	0.0	0.0	0.0	0.0	0.5478448120182767	0.35512283787529214	0.5478448120182767	0.0	0.0	0.0	0.0	0.0	0.6808660278746008	0.35512283787529214	2.8801878030141075	0.0	0.0
SRR11292148	0.0	0.0	0.28531233020942565	1.474161760189546	1.5004297448431854	0.0	0.0	0.0	3.094130662594728	4.472514259389671	2.7960388436520476	0.0	0.28531233020942565	0.0	0.0	0.0	0.0	0.0	1.0123780735766932	0.0	0.45603536479174356	0.0	0.0	4.3883770332836205	0.0	1.146275755487566	1.0844668679213036	0.0	0.0	0.0	1.0499165143396318	0.0	0.0	0.0	1.1741666769147254	2.3105481246146082	0.28531233020942565	0.0	1.0844668679213036	3.159726163877729	3.1088206086652046	0.0	0.0	0.0	0.0	2.282002927542861	0.0	0.0	0.0	0.0	0.0	0.0	0.7516299491182737	3.2365702762505504	0.0	0.0	0.0	0.45603536479174356	0.0	0.0	0.28531233020942565	0.0	0.0	0.0	0.6735412411131199	0.0	0.0	0.0	0.28531233020942565	0.0	0.0	0.0	0.0	0.45603536479174356	3.123637256261363	0.0	0.0
SRR11292149	0.0	0.21946756622794003	0.21946756622794003	3.625907039304635	1.9200930131015133	0.3645710844734213	0.0	0.0	2.832250339201824	4.3255511810185805	2.8634578154127484	0.0	0.5599322481849933	0.0	0.0	0.47314533148110804	0.0	0.0	1.3165281982705312	0.47314533148110804	1.8453654959408488	0.5599322481849933	0.0	4.443073947255342	0.0	2.794061279492393	1.512718675493637	0.0	0.21946756622794003	1.2074655575446838	1.620847004398812	0.0	0.0	0.0	0.9489331483987301	3.1956963443630535	1.0614847746829985	0.0	2.974032055710777	0.6322312502142237	2.8618907001811236	0.0	0.0	0.0	0.0	1.739725709354878	0.0	0.6322312502142237	2.4073453842438433	2.554742427886543	0.0	0.0	1.2730926536987526	3.3999400006831686	0.0	0.0	0.0	0.839979420932315	0.0	0.0	0.6941945098117652	0.0	0.21946756622794003	0.6941945098117652	1.0614847746829985	0.7484109183816607	1.5544932523012749	0.0	0.0	0.0	0.0	0.0	0.47314533148110804	0.3645710844734213	2.5764802871733665	0.0	0.0
SRR11292150	0.0	0.0	1.2324145897569416	2.075177721091687	2.2434567121230145	0.0	0.0	0.36917128750636397	3.5847191226076767	3.885843997875721	1.9176386233420204	0.0	0.0	0.0	0.0	0.0	0.0	0.0	0.8033915206173714	0.5657911365924511	0.36917128750636397	0.0	0.0	4.447188760165933	0.0	3.5311327823615692	1.8809652978702005	0.0	0.0	1.016127018572224	0.8033915206173714	0.0	0.0	0.0	0.8033915206173714	3.68027220212084	1.016127018572224	0.0	2.7933075178867504	2.4074833200217767	3.1803921790259375	0.0	0.5657911365924511	0.0	0.0	2.3768277837328067	0.0	0.0	2.233375642765575	4.019497036150037	0.0	0.0	1.016127018572224	2.6037809437157238	0.0	0.0	0.0	0.8033915206173714	0.0	0.0	0.0	0.0	0.0	0.36917128750636397	0.5657911365924511	0.0	0.36917128750636397	0.36917128750636397	0.0	0.0	0.0	0.0	1.2957130455480212	2.098981574715319	2.446645963843239	0.0	0.0
SRR11292151	0.0	0.0	0.31855727369175035	1.2878070819651128	1.7661558475434616	0.0	0.0	0.31855727369175035	2.341707747202308	4.32255497306236	0.5003372141265978	0.0	0.0	0.0	0.0	0.31855727369175035	0.0	0.0	1.4803506347520097	0.0	0.7266838603854533	0.31855727369175035	0.0	4.526868464547459	0.0	2.50112935379266	1.0310569693750091	0.0	0.0	0.0	1.3550172018690225	0.0	0.0	0.0	0.0	3.136095471050293	0.5003372141265978	0.0	2.7245031716550594	0.31855727369175035	2.227287236335879	0.0	0.0	0.0	0.0	1.9833930512224647	0.0	0.0	0.6280925904407084	0.0	0.0	0.0	0.5003372141265978	3.6765346453994012	0.0	0.0	0.0	1.5774972934594413	0.0	0.0	0.31855727369175035	0.0	0.31855727369175035	0.0	1.1781354725055238	0.8747253965519233	0.31855727369175035	0.0	0.31855727369175035	0.0	0.0	0.0	0.0	0.8747253965519233	0.31855727369175035	0.0	0.0
SRR11292152	0.5373817059777461	0.0	1.7671067798250744	2.5297135658334313	2.3374945109275274	0.0	0.0	0.0	2.124218732211491	4.38952215298323	3.064244763059751	0.0	0.0	0.0	0.0	0.5373817059777461	0.0	0.0	1.4263247388458618	1.5318379140315723	0.3469909542854537	0.669297420444104	0.0	4.480635575682367	0.0	2.197494863640358	2.1281915414031167	1.8264391556071617	0.0	1.5159380980492623	1.8495792454361724	0.3469909542854537	0.0	0.0	0.8522553415124541	3.236990880334566	0.9211442571092217	0.0	2.782841885132199	0.7703404451236945	2.7784400727828067	0.0	0.0	0.0	0.0	1.9896180877301117	0.0	0.0	1.195322874889404	2.58002548919588	0.7703404451236945	0.0	1.8856005935904936	3.0799929211820682	0.8522553415124541	0.0	0.0	1.0795203065430772	0.5373817059777461	0.0	0.669297420444104	0.0	0.5373817059777461	0.0	1.03286479120342	0.3469909542854537	0.0	0.0	0.3469909542854537	0.0	0.0	0.0	0.0	0.3469909542854537	2.568700995379528	0.3469909542854537	0.0
SRR11292153	0.0	0.0	0.7544356786391551	2.9998452427216686	1.8021935897698604	0.0	0.0	0.0	1.7571963695028985	4.519231207158542	2.7598340834301043	0.0	0.0	0.0	0.0	0.0	0.0	0.0	1.0763733671425928	0.0	0.7544356786391551	0.6149774930343922	0.0	4.378847565498188	0.0	1.5848866253540683	1.8429632441314387	0.0	0.0	0.408304564377327	0.9445766312510717	0.0	0.0	0.0	0.0	3.1214424901745867	0.0	0.0	2.1309534025844914	1.5285053020757982	1.9687745661930456	0.0	0.0	0.0	0.0	1.930748201270942	0.0	0.0	0.0	0.0	0.0	0.0	0.6149774930343922	2.7059695073101726	0.0	0.0	0.0	0.408304564377327	0.0	0.0	0.0	0.0	0.0	0.0	0.408304564377327	0.0	0.0	0.0	0.0	0.0	0.0	0.0	0.0	0.0	3.1260293921911138	0.0	0.0
SRR11292154	1.2748249758293118	0.0	2.0333168053527086	2.947231619444328	2.9789967489218916	1.9415193729108824	0.3750146931583086	1.4322896699728576	3.554275616416186	4.357386865577387	3.471379381821967	0.7087914482808808	0.3750146931583086	0.0	0.0	0.3750146931583086	0.0	0.0	2.2502188084021877	1.0781533398531127	0.3750146931583086	1.025313139695549	0.0	4.305965270712478	0.3750146931583086	1.6103637639380846	2.529401693369004	0.7087914482808808	0.0	2.435442807143131	2.44836091527146	0.0	0.9651416398052468	0.3750146931583086	1.6521159939210022	3.32911521533824	1.1252562664146786	0.7087914482808808	2.9733338387139034	1.7877719013250668	3.526299295778563	1.4322896699728576	0.8119646065881271	0.7087914482808808	0.3750146931583086	2.0277651615194694	0.8119646065881271	0.3750146931583086	0.9651416398052468	2.5745022790661864	1.025313139695549	0.9651416398052468	1.8592320219127987	3.1469418610131603	0.0	1.4537627860360596	0.7087914482808808	1.3053590039945728	1.4742240267195015	0.7087914482808808	1.920578450481383	1.6521159939210022	2.169514471233347	0.0	1.7470866057613288	2.2502188084021877	1.7679055111284476	0.5732091374955265	0.3750146931583086	1.3053590039945728	0.0	0.0	1.025313139695549	1.7679055111284476	2.3893766228841744	0.5732091374955265	0.0
SRR11292155	0.0	0.0	0.0	2.6954026237862347	1.5720572704123197	0.48521183838510784	0.0	0.22672116371137754	2.561458433952385	4.207766813549878	2.5473394331549666	0.0	0.0	0.0	0.0	0.3749207582851313	0.0	0.0	1.707905124491709	0.48521183838510784	0.646144116617605	0.0	0.0	4.552054423076377	0.0	1.8752396775898243	1.3604998237847457	0.0	0.0	0.646144116617605	1.792439860432435	0.0	0.0	0.0	0.7086607741194471	3.819500460052579	1.1021934747626616	0.0	0.8951298960913028	0.646144116617605	2.700772020854596	0.22672116371137754	0.0	0.0	0.0	2.4230920482949267	0.0	0.0	1.4209851043992379	0.0	0.0	0.0	1.5474488815300744	3.081120999188472	0.22672116371137754	0.0	0.0	1.4936072521960966	0.0	0.0	0.22672116371137754	0.0	0.48521183838510784	0.0	0.8951298960913028	0.5730901024193317	0.5730901024193317	0.0	0.0	0.22672116371137754	0.0	0.0	0.646144116617605	1.025166026023795	2.5565275015353546	0.0	0.0
SRR11292156	0.22648440940352565	0.22648440940352565	1.372731888596768	1.7516540074041538	2.2444274222716354	0.3745841085840198	0.0	0.0	2.6418989734497753	4.1060261165962215	2.6466198994190386	0.0	0.0	0.0	0.0	1.1463292255478195	0.0	0.0	1.2057494067174792	0.8946217075652565	0.7081923650001205	0.3745841085840198	0.5726634404984514	4.4905396675921825	0.0	1.8978410115604953	1.4424409810364391	0.0	0.0	0.8113347115605898	2.405319414342228	0.0	0.0	0.0	1.8706792550135671	3.7808976881857306	1.3851550590491304	0.0	2.875795433976313	0.7081923650001205	2.4357920264367574	0.3745841085840198	0.0	0.0	0.0	2.6167745619355864	0.0	0.0	2.082054680710791	0.0	0.0	0.0	1.7568890062312246	2.8459017627352647	0.4848200911345427	0.0	0.0	2.1374358933134574	0.22648440940352565	0.0	0.9309526703445311	1.0246386427443508	0.8549717070884004	0.4848200911345427	0.9309526703445311	0.7628183306178411	0.7081923650001205	0.0	0.6456933498054385	0.0	0.3745841085840198	0.0	2.0270273383163477	0.9644775917974989	3.9203564459471476	0.0	0.5726634404984514
SRR11292157	0.0	0.0	0.0	3.5402208068666075	1.9330917741461902	0.0	0.0	0.0	2.024336373984708	4.20618601408983	2.3452935899927043	0.0	0.0	0.0	0.0	0.5720538511195209	0.0	0.0	2.315725477027732	0.0	0.6668877751862584	0.0	0.0	4.615103451197426	0.0	2.4675003597520515	1.076708065278616	0.0	0.0	0.0	0.7446794277609672	0.0	0.0	0.0	0.2812579921064623	2.389422724337483	0.810630921377576	0.0	2.286048701495016	0.4505533594875406	1.9892929049418895	0.0	0.2812579921064623	0.0	0.0	0.9637355802074669	0.0	0.0	0.2812579921064623	0.4505533594875406	0.0	0.0	0.5720538511195209	1.6593305906567832	0.0	0.0	0.0	0.0	0.0	0.0	0.0	0.0	0.0	0.0	0.2812579921064623	0.0	0.4505533594875406	0.0	0.2812579921064623	0.0	0.0	0.0	0.2812579921064623	0.0	1.408183636101376	0.0	0.0
SRR11292158	0.0	0.0	0.33552319796322555	2.010229215927336	1.3419458733410337	0.0	0.0	0.0	2.091171478984119	4.293017737428655	2.898865558901555	0.0	0.0	0.0	0.0	0.0	0.0	0.0	1.632980553321395	0.33552319796322555	0.5225291376544652	0.0	0.0	4.5831922401852125	0.0	2.173175609959415	1.3419458733410337	0.0	0.0	0.0	2.6997724083295487	0.0	0.0	0.0	0.33552319796322555	2.0002286857426332	0.0	0.0	2.9402664828205376	0.33552319796322555	2.687476119628948	0.0	0.0	0.0	0.0	2.550545044325649	0.0	0.0	0.5225291376544652	0.0	0.0	0.0	1.3419458733410337	2.621370052838917	0.0	0.0	0.0	0.6528240434795025	0.0	0.0	0.5225291376544652	0.0	0.33552319796322555	0.0	0.6528240434795025	0.5225291376544652	0.5225291376544652	0.0	0.33552319796322555	0.0	0.0	0.0	0.6528240434795025	0.0	2.5645621747846223	0.0	0.0
SRR11292159	0.0	0.0	0.7680674030279615	2.2613236561163137	1.6812606923316467	0.0	0.0	0.0	1.9470475151959803	4.454383137926811	2.2651630201117143	0.0	0.0	0.0	0.0	0.0	0.0	0.0	1.8874816957200793	0.0	0.0	0.41842788182389945	0.0	4.468563264341833	0.0	1.8782639855656809	1.5829443306841788	0.0	0.41842788182389945	0.41842788182389945	0.9592236153305781	0.0	0.0	0.0	0.0	3.2770201358354165	0.6275222979710472	0.0	1.7734024065140244	0.7680674030279615	2.864490003731333	0.0	0.0	0.0	0.0	2.3989769518883297	0.0	0.41842788182389945	0.0	0.0	0.0	0.0	0.6275222979710472	2.7667659166776133	0.0	0.0	0.0	0.6275222979710472	0.0	0.0	0.41842788182389945	0.0	0.6275222979710472	0.0	1.962666529004933	0.0	0.0	0.0	0.0	0.0	0.0	0.0	0.6275222979710472	0.0	2.0267360535315313	0.0	0.0
SRR11292160	0.0	0.0	1.104133109817572	1.7585532838282218	2.0585668358114773	0.8359959258217451	0.0	0.0	2.4027034879183686	4.599897482419768	3.170068450806977	0.0	0.0	0.0	0.0	0.0	0.0	0.0	1.3468166609012924	0.0	0.0	0.0	0.0	3.899026456951721	0.0	1.7358001443143907	1.0783764651127696	0.0	0.0	0.3915886149153144	2.8464079115129572	0.0	0.0	0.0	0.504546532473256	1.9111775747715838	0.23851083686379737	0.0	2.485980203174648	4.004974389268568	2.5906340434405037	0.0	0.0	0.0	0.0	1.4005573997213743	0.0	0.0	0.504546532473256	0.0	0.0	0.0	0.731678472672843	2.8995994598088335	0.23851083686379737	0.504546532473256	0.0	0.0	0.0	0.0	0.0	0.5941061287007049	1.0509954310292655	0.3915886149153144	0.504546532473256	0.5941061287007049	0.23851083686379737	0.0	0.0	0.0	0.0	0.0	0.0	1.425123673116901	2.1083697861015214	0.0	0.0
SRR11292161	0.0	0.0	0.0	2.602959478142821	1.7296190462433918	0.2770304156569994	0.0	0.0	3.6626669167473844	4.107875659603386	2.4025679035596217	0.0	0.0	0.0	0.0	0.6599071350565608	0.0	0.0	1.3329825326872042	0.2770304156569994	0.5655442326406268	0.44481776198136164	0.0	4.562469840196761	0.0	2.560319568413835	2.12703655944282	0.0	0.0	0.44481776198136164	1.9196418176709806	0.0	0.0	0.0	0.2770304156569994	2.6700277490426254	0.8601782209194697	0.0	2.892167915138075	0.6599071350565608	3.085767602057627	0.0	0.0	0.0	0.0	2.369097571972274	0.0	0.2770304156569994	0.8031057766497243	0.0	0.0	0.0	1.6418592059090091	2.9053794797362587	0.0	0.0	0.0	2.3181770456595703	0.0	0.0	0.44481776198136164	0.0	0.44481776198136164	0.0	0.7373819700859108	0.2770304156569994	0.7373819700859108	0.0	0.44481776198136164	0.0	0.0	0.0	0.6599071350565608	0.0	3.517637166115047	0.0	0.0
SRR11292162	0.0	0.0	0.5824339742786778	1.0550707714216678	2.0976858196895742	1.2304100981793444	0.0	0.8225944783081504	2.6210740098233267	4.648977884138337	3.6405278768117486	0.0	0.0	0.0	0.0	0.4597202204726404	0.0	0.0	1.1216954637546641	0.0	0.4597202204726404	0.0	0.0	3.9320533314381314	0.0	1.8604734742115367	1.4658676286134016	0.0	0.0	0.756288792747132	1.5541282730149084	0.0	0.0	0.0	0.9308826674745913	1.6369782682479195	0.2880450191032828	0.0	3.137108022618499	2.1613270369654245	2.7272608170278883	0.6780035054190332	0.2880450191032828	0.0	0.0	1.3365380954984183	0.0	0.4597202204726404	0.0	0.9308826674745913	0.0	0.0	0.9763400606396412	3.2794244082750748	0.0	1.1794456808935523	0.4597202204726404	0.0	0.0	0.0	0.0	0.8225944783081504	0.4597202204726404	0.0	0.4597202204726404	0.0	0.6780035054190332	0.0	0.0	0.0	0.0	0.0	0.2880450191032828	0.8225944783081504	1.4796285609834576	0.0	0.0
SRR11292163	0.5055121868929027	0.0	0.9916991040755655	3.123353636225431	2.4693644093275133	1.593060138799073	0.0	1.348158314082249	3.579684982557261	4.37629760593219	2.786140411534673	0.0	1.0230425965415615	0.0	0.0	0.23910502224625652	0.0	0.0	1.4609051493424834	0.23910502224625652	1.0796641237120959	0.0	0.0	4.235811016460432	0.0	1.9499108406867804	1.888512112723042	0.8812710687121164	2.3660124648140965	0.7881374778991325	3.072211974335751	0.0	0.5055121868929027	0.0	2.5518939318103007	2.914022066181805	1.1054275125995128	0.0	2.9069688898626715	1.8021507831282841	3.7836676522820016	0.0	0.0	0.0	0.0	2.604895513734315	0.0	0.7881374778991325	1.2343378867419825	1.888512112723042	3.0609974838162124	0.23910502224625652	1.81698097471811	3.238806786295445	0.0	0.5055121868929027	0.9212823268151505	1.1297477663391873	0.23910502224625652	0.0	0.3924237441293175	0.23910502224625652	1.2525408186468858	0.23910502224625652	1.3890800374854624	2.498651763627385	2.1195585729475304	0.0	0.5055121868929027	0.23910502224625652	0.0	0.0	1.7192950874293582	2.3835016444637533	3.0812970587744344	0.0	0.0
SRR11292164	0.5083698023568659	0.0	0.6726846373370852	1.892607511805356	1.9680979452279992	0.9616099551628556	0.0	0.0	2.1540669628010285	4.581035952072424	3.223575667654621	0.0	0.0	0.0	0.24086634250642897	0.0	0.0	0.0	1.1092522621524585	0.0	0.24086634250642897	0.3948965701534164	0.0	4.221451457372633	0.0	1.6506472783573933	1.3662011215937164	0.0	0.0	0.0	2.2702541734411215	0.0	0.0	0.0	0.9616099551628556	2.7807875379567704	0.0	0.0	2.7096743128151326	2.6576846381124395	3.1908185986134288	0.0	0.0	0.0	0.24086634250642897	2.010953084744897	0.0	0.0	0.0	0.7916132064356394	0.6726846373370852	0.0	2.973558009169655	2.9467444382271024	0.24086634250642897	1.0560580136664495	0.0	0.5083698023568659	0.0	0.0	0.7916132064356394	0.5982523490050423	0.24086634250642897	0.0	1.2907416578387243	0.8848767857794917	0.24086634250642897	0.0	0.0	0.0	0.0	0.0	0.0	0.3948965701534164	2.2771111722019577	0.0	0.0
SRR11292165	0.5579779076813147	0.0	0.2183986036756893	1.870343111203039	1.7861836300003684	0.3630395734482724	0.0	0.2183986036756893	2.8436116328173338	4.531748363138651	2.9389296638644304	0.0	0.0	0.0	0.0	0.6301626893210049	0.2183986036756893	0.0	1.4010335060033956	0.9465379536517616	0.2183986036756893	0.0	0.0	4.330820910448685	0.0	1.9928552794448169	2.687696716123436	0.0	0.0	0.0	1.5899692989398353	0.0	0.0	0.0	0.4713556896484571	3.056909943629678	0.8770709774829576	0.0	2.463132774775081	1.854765598984665	3.039642833277562	0.2183986036756893	0.0	0.0	0.0	1.8507823242542072	0.0	0.0	0.3630395734482724	1.0335114274587442	0.0	0.0	0.8376710134841945	3.1717411107864826	0.6301626893210049	0.6301626893210049	0.0	0.7461943014584997	0.0	0.0	0.2183986036756893	0.2183986036756893	0.4713556896484571	0.2183986036756893	0.7461943014584997	0.2183986036756893	1.2854988775548128	0.0	0.0	0.0	0.2183986036756893	0.0	0.3630395734482724	0.0	2.488741012970125	0.0	0.0
SRR11292166	0.33412210747164495	0.0	0.0	1.0114354985458938	1.2359553708753965	0.0	0.0	0.0	2.0125626601779705	4.568635356222717	3.435805943056705	0.0	0.0	0.0	0.0	0.0	0.0	0.0	1.4593989437410262	0.0	0.750770950854962	0.0	0.0	4.218503461889567	0.0	0.750770950854962	0.6507982332984651	0.0	0.33412210747164495	0.33412210747164495	1.4929995408368222	0.0	0.0	0.0	0.33412210747164495	1.971591681991157	0.5207064977008786	0.0	3.177737923269285	0.0	2.4917534509411983	0.0	0.0	0.0	0.0	1.0114354985458938	0.0	0.0	0.0	0.8319820661413333	0.9003729755874792	0.0	0.5207064977008786	3.587178657346532	0.33412210747164495	0.0	0.0	0.33412210747164495	0.0	0.0	0.0	0.0	0.33412210747164495	0.0	0.6507982332984651	0.750770950854962	0.33412210747164495	0.0	0.0	0.0	0.0	0.0	0.33412210747164495	0.5207064977008786	0.750770950854962	0.0	0.0
SRR11292167	1.5028037097326263	0.0	1.6919927798011023	2.429622704371966	3.0476010052406814	2.195399893633189	0.5800701228358005	1.4092916743407475	3.2291276196136307	4.265690676019572	3.253018354780936	0.0	0.5108138550951984	0.0	0.0	0.7813614011595713	0.0	0.0	2.1969493747394306	1.4627734076251102	0.4283785671402306	0.3265413139992937	0.0	4.4748946896331905	0.0	1.716050474006806	2.426898617008479	1.4627734076251102	0.3265413139992937	1.0867167852127975	2.895877162321833	0.193264211664985	0.4283785671402306	0.0	2.0785522731544557	1.9182045972299324	1.7969569361201776	0.639786154358634	3.0142869075503773	1.1248638581019421	3.5076236977762467	1.1427502766327555	0.5800701228358005	0.0	0.193264211664985	1.756256848638546	0.0	0.0	1.8749813925258623	1.4186752688011013	0.8552475511903774	0.0	1.72531240362102	3.30352417231009	0.0	0.3265413139992937	1.5323669454042452	2.3416236630877227	1.10620902707096	1.6559028168185463	1.756256848638546	0.8552475511903774	2.308225102407488	0.5800701228358005	1.4950873958715019	1.3258861075928083	1.7388451535199403	0.3265413139992937	0.5800701228358005	0.4283785671402306	0.0	0.4283785671402306	1.4186752688011013	1.4186752688011013	1.7969569361201776	0.0	0.639786154358634
SRR11292168	1.8511091242865914	0.0	2.330939067919233	2.9331673514146286	3.650577012720001	2.599368213046925	0.0	2.330939067919233	3.6300391696614693	4.051682647548498	3.829002286242936	0.0	1.612636192389735	0.0	0.0	0.0	0.0	0.0	2.640992460674498	2.1592163338935033	0.0	0.0	0.0	4.084579798600744	0.0	1.958891699285304	2.9780293195386993	1.5355690225939298	0.0	1.5355690225939298	3.542383657423302	0.0	0.0	0.0	2.630954399047698	2.6206788221419526	2.0580228327886894	0.0	3.5042289242380704	1.491215220546482	3.9654109468527663	1.8710342882841702	0.6367056741296766	0.0	1.3220751468048377	1.7074217877995066	0.0	0.0	0.0	2.249455449786151	1.3860564699921372	0.0	2.1975894895811	2.8455668773378635	0.0	1.958891699285304	1.5355690225939298	2.1592163338935033	0.0	1.3220751468048377	2.045172986013353	2.0182731771976368	2.6635498971874374	0.0	2.249455449786151	0.6367056741296766	2.393716813695588	0.0	0.0	0.0	0.0	0.0	2.045172986013353	1.7349177792831871	2.483198663657583	0.0	0.0
SRR11292169	0.5713252214142035	0.0	0.3735286644932033	2.5250727803600115	1.7948427416220427	0.8930271615669589	0.0	0.3735286644932033	3.323180764180816	4.421193639986452	2.718638137997928	0.0	0.5713252214142035	0.0	0.0	0.0	0.0	0.0	1.7337651039279136	0.0	0.5713252214142035	0.3735286644932033	0.0	4.276081212219394	0.0	2.1246518271542927	1.99634283992522	0.0	0.0	0.7067229139139193	2.0923760342349986	0.0	0.0	0.0	0.3735286644932033	2.008123677608791	1.99634283992522	0.0	2.633929083550087	2.7777979777673933	3.5298882523222237	0.3735286644932033	0.0	0.0	0.0	2.2767897371682158	0.0	0.5713252214142035	0.5713252214142035	0.0	0.0	0.0	1.491274467309345	3.5116839077038384	0.0	0.8097894948890298	0.8930271615669589	1.6876838201177446	0.0	0.3735286644932033	0.5713252214142035	0.7067229139139193	0.3735286644932033	0.0	1.0757960453750426	0.3735286644932033	0.7067229139139193	0.0	0.3735286644932033	0.0	0.0	0.0	1.3581948524494436	1.0229837177195389	3.733150932224957	0.0	0.0
SRR11292170	0.42263594223635054	0.0	0.0	2.821385724745671	2.348787424216985	1.7680445657837947	0.0	1.2421141039589594	3.301297285420409	4.3617503140651355	3.0176382278570077	0.0	0.0	0.0	0.0	0.0	0.0	0.0	1.8755395374889468	0.0	0.8799626620669896	0.632716556444836	0.0	4.350189954043215	0.0	1.7800731772762868	1.9844566152884355	1.0365364942081872	2.192429183558901	2.1784346378390365	2.8288717651940933	0.0	0.0	0.0	0.7737018224599465	3.7020276787618887	0.0	0.42263594223635054	3.3122336505599743	1.1991111572967132	3.2257879823321347	1.317130496603469	0.0	0.0	0.632716556444836	2.879834878611475	0.0	0.0	0.42263594223635054	2.0528750892222565	2.3766945466612244	0.0	2.168847960063223	3.045555059569244	0.0	0.0	0.42263594223635054	1.2421141039589594	0.0	1.687904647145876	0.0	0.42263594223635054	1.6729827797866643	0.0	0.7737018224599465	2.2401984126104715	1.5707551296569777	0.0	0.0	0.0	0.0	0.0	0.632716556444836	0.0	2.2869386984143545	0.0	0.0
SRR11292171	0.0	0.0	0.0	1.832009625116365	1.9244482598438215	0.5414029601100925	0.0	0.0	2.866819546783596	4.457083356985019	2.989594085270166	0.0	0.5414029601100925	0.0	0.0	0.0	0.0	0.0	1.2332708280728815	0.0	0.5414029601100925	0.0	0.0	4.39090870582864	0.0	1.1653105928997782	1.5818224545116635	0.0	0.0	0.0	0.7750403910674155	0.0	0.0	0.0	0.5414029601100925	2.989594085270166	0.5414029601100925	0.0	3.520629069991314	0.7750403910674155	2.9851613787348787	0.0	0.0	0.0	0.0	2.3431229363036	0.0	0.5414029601100925	0.0	0.0	0.0	0.0	0.0	3.0749054546711845	0.0	0.0	0.0	0.3501110897722425	0.0	0.0	0.0	0.0	0.0	0.0	0.7750403910674155	0.6737470364702128	0.7750403910674155	0.0	0.0	0.0	0.0	0.0	0.6737470364702128	0.0	2.649243799842824	0.0	0.0
SRR11292172	0.0	0.0	0.0	2.870056959826106	2.2442442260372983	0.5627436101579641	0.0	0.0	4.100366033803993	3.6239306049278324	1.5890164939694034	0.0	0.47572095828301975	0.0	0.0	0.0	0.0	0.0	1.0650252309935593	0.22100911366800713	0.5627436101579641	0.0	0.0	4.353368628466724	0.0	3.0159065067531348	0.9833925371242274	0.0	0.0	0.22100911366800713	2.9989121342882417	0.0	0.0	0.0	0.3667768078455533	3.282930889317622	1.012342176013226	0.0	1.9695054203777422	0.9523744423948822	3.33495855463656	0.0	0.5627436101579641	0.0	0.0	2.2047368228451476	0.0	0.0	0.5627436101579641	2.564929935372146	0.0	0.0	1.0650252309935593	3.673401688154805	0.47572095828301975	0.0	0.0	0.22100911366800713	0.0	0.0	0.22100911366800713	1.0650252309935593	0.0	0.0	0.22100911366800713	0.7998627990894118	3.0946937305187547	0.0	0.22100911366800713	0.0	0.6972891059982902	0.0	0.6352059696278605	0.6972891059982902	3.9649934362403707	0.0	0.0
SRR11292173	0.42083854667498855	0.0	1.1486893780547855	2.203112048965811	2.6769238899056553	1.5482958067461179	0.0	1.1486893780547855	3.137689482636668	4.622674968911916	3.6970003246016203	0.0	0.7712974470116483	0.0	0.0	0.0	0.0	0.0	1.4070554465838205	0.0	0.630499367106664	0.0	0.0	3.885118248055233	0.0	1.3143774868727314	1.8630578320105757	0.7712974470116483	0.0	0.0	2.2534671884909456	0.0	0.0	0.0	1.9587756358891935	3.409956304831857	0.42083854667498855	0.0	2.156172172877789	2.0921989023112273	2.940836281676583	0.0	0.42083854667498855	0.0	0.0	1.527720483802753	0.0	0.0	0.0	0.8774523187759882	0.9626892519652855	0.42083854667498855	1.0950807532142217	3.097051929354457	0.0	1.8114322813608486	0.0	1.278499037545541	0.0	0.0	0.630499367106664	0.42083854667498855	1.7134560673672563	0.0	0.9626892519652855	0.9626892519652855	1.347516757116261	0.0	0.0	0.0	0.0	0.0	0.42083854667498855	1.6850713609678272	1.3143774868727314	0.0	0.0
SRR11292174	1.2139468635193584	0.0	0.7580068042512138	2.001253522210594	2.3882692319800123	1.065882555410312	0.0	0.3388572368016296	2.6429852054351564	4.603971271236677	3.0214486036837376	0.0	0.3388572368016296	0.0	0.0	0.0	0.0	0.0	1.2139468635193584	0.0	0.3388572368016296	1.5327078951298327	0.0	4.215382034840919	0.0	1.4850156616868755	1.324163321319639	0.0	0.0	0.0	1.4678788125471836	0.0	0.0	0.0	0.5268592180259666	2.841885652416875	0.9080599035369471	0.0	2.6533714895345932	2.016344137997874	3.1027544716721964	0.0	0.0	0.0	0.0	1.4314325266631878	0.0	0.0	0.0	0.0	0.0	0.0	0.8394819796242468	2.63114586794139	0.0	0.0	0.0	0.0	0.3388572368016296	0.0	0.0	0.0	0.5268592180259666	0.0	0.8394819796242468	0.0	0.0	0.0	0.0	0.0	0.3388572368016296	0.0	0.0	0.0	2.872545437966171	0.0	0.0
SRR11292175	0.0	0.0	0.30074320760665507	2.284986518219704	1.8056151792823494	0.0	0.0	0.0	3.0135271117011437	4.427009729454372	3.778517533707993	0.0	0.0	0.0	0.0	0.0	0.47673882854297955	0.0	1.8506926695688823	0.0	0.6985110524970793	0.0	0.0	4.25028522120062	0.0	1.1134137494246896	1.4144216642803924	0.0	0.0	0.0	1.4308112626392875	0.0	0.0	0.0	0.7776731650220254	2.5757691075122175	0.0	0.0	2.1200045151444873	2.417729717085176	3.43062933166006	0.0	0.0	0.0	0.0	2.2872309238080164	0.0	0.0	0.0	0.0	0.0	0.0	0.47673882854297955	3.823552154373807	0.0	0.6016297381925892	0.0	0.0	0.30074320760665507	0.0	0.6016297381925892	0.6016297381925892	0.6016297381925892	0.0	0.6016297381925892	0.0	0.6016297381925892	0.0	0.0	0.0	0.0	0.0	0.0	0.47673882854297955	1.4466047704082428	0.0	0.0
SRR11292176	0.6798614689772234	0.0	1.4146309768227843	2.248881362542025	2.29955562928855	1.1176450322423772	0.0	0.400349686491874	2.720630349763457	4.5192563822345955	3.1365856409199178	0.0	0.0	0.0	0.0	0.24476061033961333	0.400349686491874	0.0	1.6806183291998655	0.7992498350936523	0.6050700053097076	0.400349686491874	0.0	3.8825874441085406	0.0	1.4736954646555396	1.8251343814417038	0.24476061033961333	0.400349686491874	1.6297409920888282	1.9137829894129033	0.0	0.24476061033961333	0.24476061033961333	1.227785253572545	2.075856923770749	0.7436453094568884	0.5146625746346127	1.8717166494538267	4.094107674277917	3.7483792422826174	0.7436453094568884	0.0	0.0	0.0	1.246818706064932	0.0	0.24476061033961333	0.400349686491874	1.7136247372357156	0.8485363580307055	0.0	0.9329579597940328	2.7034048429288995	0.0	0.9697188695094541	0.8927952548045404	0.5146625746346127	0.5146625746346127	0.0	1.035045849617437	0.8927952548045404	1.227785253572545	0.0	1.3462499999399984	1.187016840300895	1.2650529015348793	0.0	0.6050700053097076	0.0	0.0	0.0	0.400349686491874	1.282552268719616	1.9665713136468592	0.0	0.0
SRR11292177	0.0	0.0	2.1019760855846736	2.535664400853738	2.774840946722931	1.3828152897815105	0.0	0.0	3.2703317490107566	4.022195890781396	3.7252594031493897	0.0	0.0	0.0	0.0	0.0	0.0	0.0	1.8001963950944475	0.0	0.5360842514077515	0.0	0.0	4.570571855874543	0.0	2.8383701613327106	1.651785963369334	0.7688224386173452	0.0	0.0	1.8001963950944475	0.0	0.0	0.0	0.850683910042288	3.299426911159722	0.6678608158756336	0.0	2.9018137048955586	1.8625443470367378	3.1417650694268326	0.0	0.3459856282811992	0.0	0.0	0.7688224386173452	0.0	0.0	0.0	0.3459856282811992	0.0	0.0	1.444024586021977	2.926938549169587	0.0	1.256566756161571	1.404191380657856	0.5360842514077515	0.0	0.0	0.0	1.0312057783806705	0.3459856282811992	0.0	1.627531579518638	0.6678608158756336	0.919535069635759	0.0	0.3459856282811992	0.0	0.0	0.0	0.0	1.9932150203881804	2.1342142690980115	0.0	0.0
SRR11292178	0.2773416721713652	0.0	1.130773037197157	2.1218664865853163	2.406282188223251	1.3336116551718016	0.0	0.0	2.929034269510195	4.4975289792876945	2.0689212589475825	0.0	0.0	0.0	0.2773416721713652	0.44524072776549495	0.0	0.0	0.9111929760283969	0.9111929760283969	0.44524072776549495	0.0	0.0	4.311245794580643	0.0	2.8592686483269008	1.6335709513779448	0.0	0.0	0.5660246749895715	1.5089894079667068	0.2773416721713652	0.0	0.0	0.9111929760283969	3.0330063739587194	0.803661773010251	0.0	3.2942942803448645	0.0	2.6326050597355843	0.0	0.2773416721713652	0.0	0.0	2.223373739233687	0.0	0.0	1.9060716589008342	3.2261340822423077	0.0	0.0	0.9563844045674067	3.377298725299607	0.0	1.496795754929674	1.0691497268114458	0.2773416721713652	0.0	0.0	0.5660246749895715	1.0347151717825989	1.5323953296583925	0.0	2.0047910703929896	0.6604226005536474	1.1585884623870246	0.0	0.0	0.0	0.0	0.0	0.9111929760283969	1.444278892447278	2.199520973741454	0.0	0.0
SRR11292179	0.21911368359354658	0.0	0.21911368359354658	1.5455863995742611	2.035899262570573	0.0	0.0	0.21911368359354658	2.2696282070516203	4.388613697843011	2.9344834572950864	0.0	0.0	0.0	0.0	0.4725531949619393	0.0	0.0	1.4353368267757909	0.5592857000465081	0.5592857000465081	0.0	0.0	4.497741281783928	0.0	1.665374935410946	1.3913466798641372	0.0	0.0	0.8392159462174007	1.2872124909157023	0.0	0.0	0.0	0.5592857000465081	3.259286785666379	1.9458380123146788	0.0	2.903228828110591	1.4456717741419811	2.9456070381357717	0.0	0.0	0.0	0.0	2.1320088606310414	0.0	0.0	1.3796158605814917	1.465631876529593	0.0	0.0	2.2741993864987013	2.9752573909361653	0.4725531949619393	0.0	0.21911368359354658	1.3292413584120926	0.36406425461752423	0.0	0.4725531949619393	0.36406425461752423	0.5592857000465081	0.0	1.3551585776731443	0.7476777503120493	0.21911368359354658	0.0	0.0	0.0	0.0	0.36406425461752423	0.36406425461752423	0.7476777503120493	1.9393327717604902	0.0	0.4725531949619393
SRR11292180	0.0	0.0	0.7475307040402435	2.1655365326954916	1.251288018719255	0.2468074738838023	0.0	0.2468074738838023	2.200419681385138	4.199489190767469	2.6664986362618994	0.0	0.403208090803191	0.0	0.2468074738838023	0.0	0.2468074738838023	0.0	1.191446733606891	0.403208090803191	0.8032375687845652	0.2468074738838023	0.0	4.62464485691101	0.0	0.5179562752736305	1.443793650441923	0.0	0.8032375687845652	0.7475307040402435	1.0686893270107232	0.0	0.0	0.0	1.6920628172349965	3.3071023735752365	0.2468074738838023	0.0	1.2123235177941512	1.4782734087451175	2.920158315946896	0.0	0.0	0.0	0.0	1.7663692086875322	0.0	0.0	0.0	0.0	0.403208090803191	0.0	0.9371441657478304	2.616446626512936	0.0	0.0	0.0	0.0	0.2468074738838023	0.0	0.5179562752736305	0.0	0.2468074738838023	0.0	0.6836121074280246	0.6086351693684399	0.8032375687845652	0.0	0.2468074738838023	0.0	0.0	0.0	0.403208090803191	1.6343667203392225	0.6086351693684399	0.0	0.0
SRR11292181	0.0	0.0	0.0	2.5395507756910365	2.926989423578943	0.0	0.0	0.0	3.656030541230086	4.313238540656379	3.5927637463170172	0.0	0.0	0.0	0.0	0.0	0.0	0.0	0.0	0.0	0.0	0.0	0.0	4.353449209917638	0.0	1.5952247080510138	1.5952247080510138	0.0	0.0	0.0	0.0	0.0	0.0	0.0	1.5952247080510138	3.274479615665163	0.0	0.0	3.291844659223998	0.0	3.6980830351544	0.0	0.0	0.0	0.0	1.5952247080510138	0.0	0.0	0.0	0.0	0.0	0.0	0.0	2.5395507756910365	0.0	0.0	0.0	0.0	0.0	0.0	0.0	0.0	0.0	0.0	2.364085972204604	0.0	0.0	0.0	0.0	0.0	0.0	0.0	0.0	0.0	0.0	0.0	0.0
SRR11292182	0.0	0.0	0.0	2.735212919419584	2.8732976414522504	0.0	0.0	0.0	3.706469794771713	4.0890371066173605	3.4942201810887386	0.0	0.0	0.0	0.0	0.0	0.0	0.0	0.0	0.0	0.0	0.0	0.0	4.540605620064034	0.0	2.6773351067691955	0.0	0.0	2.6773351067691955	0.0	0.0	0.0	0.0	0.0	0.0	0.0	0.0	0.0	2.831963093961114	0.0	3.587310345736408	0.0	0.0	0.0	0.0	0.0	0.0	0.0	0.0	0.0	0.0	0.0	2.135543472556352	2.310573891589556	0.0	0.0	0.0	0.0	0.0	0.0	0.0	0.0	0.0	0.0	0.0	0.0	0.0	0.0	0.0	0.0	0.0	0.0	0.0	0.0	0.0	0.0	0.0
SRR11292183	0.0	0.0	0.40162146830543066	2.1850552515806836	1.5374187270739441	0.7453751619618068	0.0	0.0	3.238984093271944	4.023234807555199	2.4014204853125842	0.0	0.516128439342081	0.0	0.0	0.0	0.24567084326489336	0.0	1.2845522546637793	0.0	0.7453751619618068	0.0	0.0	4.642749200785186	0.0	2.851672978345556	1.3331914697986815	0.0	0.0	0.24567084326489336	1.58287452413905	0.0	0.0	0.0	0.801025367011133	3.400786617679178	0.40162146830543066	0.0	2.7488326866696244	1.2488092724171005	2.892460346695728	0.0	0.0	0.0	0.0	1.7343587459425025	0.0	0.516128439342081	0.6066569603174102	0.0	0.0	0.0	1.1889898001830081	2.8899139409747234	0.0	0.0	0.0	0.516128439342081	0.0	0.0	0.24567084326489336	0.0	0.24567084326489336	0.24567084326489336	0.7453751619618068	0.0	0.7453751619618068	0.0	0.0	0.0	0.0	0.0	0.516128439342081	0.516128439342081	2.1200151562739493	0.0	0.0
SRR11292184	0.27144459694531325	0.0	2.0564393433181145	3.620462934864347	2.8488370288383544	0.43720856877227976	0.27144459694531325	0.6506149467381352	3.9823087288790435	4.305464675647914	3.5717450682876497	0.0	0.0	0.0	0.5568900860714203	2.011105389091429	0.0	0.0	2.3006796243580503	0.8499129675713153	0.0	0.0	0.0	4.087365318411246	0.0	1.672277453811548	1.9305632307737186	0.27144459694531325	0.0	2.2223096635485757	2.5842367479584283	0.0	0.0	0.0	2.320955766161015	3.05065064425399	1.220872501193631	0.0	2.8567753523763795	3.155926064810543	3.677140930800879	0.0	0.27144459694531325	0.0	0.27144459694531325	2.298788520602497	0.0	0.0	0.0	0.0	0.0	0.0	2.0219949280260394	2.9104753527907374	0.0	0.0	0.27144459694531325	1.542369260683129	0.7276597055377043	0.0	1.952141797276454	0.0	1.1975824602347118	0.7930739722179683	2.529898950735693	2.2528523549149555	2.1237872469658745	0.0	0.0	0.0	0.0	0.0	1.2840722715011088	2.5610366800382374	1.520179210070983	0.0	0.0
SRR11292185	1.8971053692094189	0.0	1.4171509556529547	2.0065634961992638	2.5537081388551752	2.3161207414804594	0.0	0.9314176129955747	2.904536577209698	4.425034748000918	3.2271844852683316	0.0	0.0	0.0	0.0	0.0	0.0	0.0	1.3732362266325522	0.0	0.0	0.5456867377813253	0.0	4.392775591736784	0.0	1.6407018174871262	1.6407018174871262	0.7800391404660834	0.0	0.7800391404660834	2.0850311891548383	0.0	0.0	0.0	1.6649732143711673	3.214717061536186	1.3732362266325522	0.0	3.0898666129627466	0.0	2.735457575527951	0.0	0.0	0.0	0.0	2.1739757293020254	0.0	0.7800391404660834	2.1436979508597678	0.9314176129955747	0.0	0.0	2.2658882452990596	2.6134510171323853	0.0	0.9314176129955747	0.0	1.883048358238114	1.3732362266325522	0.0	0.5456867377813253	1.4171509556529547	1.1324309184508956	0.0	0.5456867377813253	0.5456867377813253	0.7800391404660834	0.0	0.0	0.0	0.0	0.0	1.8217741983929243	0.9314176129955747	3.4636871914122453	0.0	0.0
SRR11292186	0.2688909309063507	0.0	0.602134119142189	3.0302935274453042	2.361556408426402	1.466751280857719	0.0	1.2587990682431593	3.0886904226305756	4.399525301890637	3.0262816740767464	0.0	0.5529131316023546	0.0	0.0	0.2688909309063507	0.15493161262975713	0.0	2.4162632840050606	0.0	1.0688062104495155	0.2688909309063507	0.0	4.3495706290689755	0.0	1.7944856969173912	1.76989633125781	0.6864593649078863	2.260850926512168	1.12812128863558	2.969048409108369	0.0	0.2688909309063507	0.0	2.499196196975471	2.7203761087908656	1.0000889518588867	0.0	2.8211440723364003	2.427538202301784	3.6134573106330916	0.2688909309063507	0.0	0.0	0.0	2.452542113408026	0.15493161262975713	0.5529131316023546	1.2885346161209639	1.7504952603428983	2.776799853006702	0.0	1.7635251239884915	3.172993465657672	0.5529131316023546	0.2688909309063507	0.4337179852022128	0.8451827564834443	0.0	0.0	0.6463401726434126	0.8177435873941479	1.268938825294181	0.0	0.8709908345909567	2.3890112082523247	2.012935099531453	0.15493161262975713	0.5529131316023546	0.15493161262975713	0.0	0.0	1.426838701522941	2.2970767565866046	2.8502195736127045	0.0	0.0
SRR11292187	0.3903986884148483	0.0	0.9886383374527403	3.2871978577913037	2.6585575798750463	1.8232351927811363	0.3903986884148483	2.053793411982473	3.237784594522647	4.253554486165613	2.754163847933817	0.0	0.0	0.0	0.0	0.0	0.0	0.0	1.0491693111967517	0.5926127006952515	1.1022864205772853	0.0	0.0	4.315574445290156	0.0	2.053793411982473	1.9674950652246688	1.411087081365865	2.4391891485936714	1.3589707954511412	3.1505275709130744	0.0	0.0	0.0	2.846212991969376	3.0089723070752292	0.9886383374527403	0.0	3.0247956522737756	1.6643209832083117	3.89742279869177	0.0	0.0	0.0	0.3903986884148483	2.781168393978161	0.0	0.7300462757713233	1.2311278692085776	2.2695931476246636	2.8758342879226397	0.0	1.924521772999698	3.3141088102565326	0.0	0.0	0.7300462757713233	1.1022864205772853	0.3903986884148483	0.0	0.3903986884148483	0.5926127006952515	1.8851468314328073	0.0	0.0	2.6735730418630403	2.3086026418368752	0.0	1.3589707954511412	0.0	0.0	0.0	1.7396328256551357	2.5111422588793184	3.1057972289035765	0.0	0.0
SRR11292188	0.0	0.0	0.0	2.3955804946916297	1.7115001510180836	0.28657122265695606	0.0	0.0	3.357095921508056	4.588737923891946	3.6999979291741765	0.0	0.28657122265695606	0.0	0.0	0.0	0.0	0.0	3.0678660945590503	0.4577339042524795	0.28657122265695606	0.28657122265695606	0.0	3.9170401651546554	0.0	2.3491096810466803	1.086862645494806	0.0	0.0	0.28657122265695606	1.2942506061155636	0.0	0.0	0.0	0.675599120707026	1.4188280808530154	0.28657122265695606	0.0	3.173364225556931	0.675599120707026	2.8357299505883145	0.0	0.0	0.0	0.0	2.126133272054717	0.0	0.28657122265695606	0.28657122265695606	0.0	0.0	0.0	1.086862645494806	2.970614890863938	1.2028199696367228	0.0	0.0	0.5801872177690466	0.0	0.0	0.0	0.0	0.28657122265695606	0.0	2.0239321501042378	0.28657122265695606	0.4577339042524795	0.0	0.0	0.0	0.0	0.0	0.0	0.0	3.4546094049856944	0.0	0.0
SRR11292189	0.0	0.0	0.47680840305348604	1.9440186466073324	1.8320464567127177	1.3612788915618614	0.0	0.0	3.2006548306960414	4.547698873003436	2.4708239355428745	0.0	1.040966013350205	0.0	0.0	0.0	0.0	0.0	1.3005841137650427	0.47680840305348604	0.6017080173525549	0.0	0.0	4.052416914780749	0.0	2.2170174283078454	1.2300071829041506	0.0	0.0	0.30079537804515405	1.7399018658259984	0.0	0.0	0.0	1.2300071829041506	2.524576846819771	0.0	0.0	3.19376768693662	0.9995775969856817	4.010381641123741	0.30079537804515405	0.0	0.0	0.0	1.8124512193878901	0.0	0.6985945552833289	0.7777601505744542	0.6017080173525549	0.0	0.0	0.6985945552833289	2.910688822902323	0.47680840305348604	0.0	0.0	0.6017080173525549	0.0	0.0	0.47680840305348604	0.0	0.7777601505744542	0.0	1.0787510168794676	0.0	1.3419746644162684	0.30079537804515405	0.0	0.0	0.0	0.0	0.47680840305348604	0.0	2.5033227931515043	0.0	0.0
SRR11292190	0.24019973140743403	0.0	0.0	2.43702637228481	2.6098398960786016	0.24019973140743403	0.0	0.0	2.6582395924862356	4.449190236869346	2.5813569074165374	0.0	0.0	0.0	0.0	0.0	0.0	0.0	1.463397349937756	0.3939611501097208	0.9940179582781015	0.3939611501097208	0.0	4.407954142512428	0.0	1.9835335058733436	1.7278714551265753	0.0	0.0	0.5072891218931314	2.1934197269262463	0.0	0.0	0.0	0.9602139527653514	3.070449034692743	0.8835139215356815	0.0	3.4043809204130593	1.5955757067789957	2.4981796880121636	0.0	0.0	0.0	0.0	1.8338647336304306	0.0	0.0	0.8835139215356815	0.5072891218931314	0.0	0.0	1.4043856392629128	3.3767174274784777	0.6714506581622371	0.0	0.24019973140743403	0.24019973140743403	0.0	0.0	0.3939611501097208	0.3939611501097208	0.24019973140743403	0.0	2.213496637883047	0.24019973140743403	0.3939611501097208	0.0	0.0	0.0	0.0	0.0	0.24019973140743403	0.7349278874243806	1.1078068361839966	0.0	0.0
SRR11292191	0.0	0.0	0.715105899900308	2.1027010887783972	2.140503167495946	0.715105899900308	0.0	0.0	3.1452190256747095	4.270813871047679	2.7224695090529183	0.0	1.1325093310619365	0.0	0.0	0.0	0.0	0.0	1.481798793478783	0.49060912458315364	0.49060912458315364	0.0	0.0	4.516245552846348	0.0	2.1989248929955876	1.2229698487371816	0.0	0.0	0.0	1.5108062057409894	0.0	0.0	0.0	1.297797598864876	3.2109569790658976	0.3111849655626367	0.0	2.613313915549902	3.074673656500214	3.554732751707986	0.0	0.0	0.0	0.0	2.287143561367085	0.0	1.0976209930675704	0.49060912458315364	0.0	0.0	0.0	0.6172047683788557	3.1138338753210824	0.7949466372575973	0.0	0.0	0.715105899900308	0.3111849655626367	0.0	0.49060912458315364	0.0	0.0	0.0	0.715105899900308	0.49060912458315364	1.5108062057409894	0.3111849655626367	0.0	0.0	0.0	0.0	0.49060912458315364	0.6172047683788557	0.715105899900308	0.0	0.0
SRR11292192	0.919540669905655	0.4513582695227044	1.6517921879342725	1.6428547724762654	2.2641591103028977	0.4513582695227044	0.0	0.2818524457183302	3.4607336326931684	3.9158735641170055	2.838760122929369	0.0	0.0	0.2818524457183302	0.0	1.4534432528549122	0.0	0.0	1.3050442179925215	0.6678658145346981	1.6517921879342725	0.2818524457183302	0.5729664590589446	4.542936891593035	0.0	2.693228585384677	1.7173535410894945	0.2818524457183302	0.0	0.8116844992879846	2.755312741597892	0.0	0.0	0.0	1.1395793566251435	3.508914040680753	1.7874461151470578	0.0	2.3338447670779368	1.9249927759759515	3.066301173403404	0.0	0.2818524457183302	0.0	0.0	1.978186830215392	0.0	0.0	3.0601267275365407	0.0	0.0	0.0	2.795239608463414	2.6465851871499857	0.0	0.0	0.0	1.467190261394671	0.6678658145346981	0.0	0.5729664590589446	0.0	0.0	0.4513582695227044	1.7173535410894945	0.4513582695227044	1.2849293356928855	0.0	0.6678658145346981	0.0	0.0	0.0	1.0778498267873557	0.6678658145346981	3.8392285574832585	0.0	0.0
SRR11292193	0.9155044419510565	0.0	0.34347366958949677	1.8792707468273748	2.217286329872775	0.0	0.0	0.5328385367373147	2.6572511847678273	4.109670445492038	2.42516350032128	0.0	0.7650216008466894	0.0	0.0	0.34347366958949677	0.0	0.0	1.189320861736812	0.34347366958949677	0.9155044419510565	0.0	0.0	4.565289604880105	0.0	1.3784211255113115	1.3784211255113115	0.0	0.0	0.0	2.534163878721778	0.0	0.0	0.0	0.7650216008466894	3.4793638549309827	0.34347366958949677	0.0	1.9125256835211337	2.298141451318072	2.9618223555091694	0.0	0.0	0.0	0.0	2.0096537850897516	0.34347366958949677	0.0	1.0270495114442797	0.0	0.0	0.0	0.9155044419510565	2.5967543475121393	0.34347366958949677	0.0	0.0	1.8723028942606346	0.0	0.0	0.0	0.5328385367373147	0.7650216008466894	0.0	0.0	0.0	0.8467484538345159	0.0	0.0	0.0	0.0	0.0	0.6642649799765246	1.4582237476257625	3.8108239303810985	0.0	0.0
SRR11292194	0.0	0.0	0.5337903228176897	2.111133479000505	1.8292970369131258	0.6653197375666939	0.0	0.0	2.952168968054006	4.416198098668672	2.346861608933926	0.0	0.5337903228176897	0.0	0.0	0.5337903228176897	0.0	0.0	1.3572351025284324	0.0	0.5337903228176897	0.0	0.0	4.413977137200962	0.0	2.090315411630302	0.7661366771922734	0.0	0.0	0.0	1.2818529350943526	0.0	0.0	0.0	1.190579945317634	2.1958174101961014	1.6243691907207007	0.3442098462763746	3.0263555496561896	0.8479031505867534	3.774490222664637	0.0	0.0	0.0	0.0	1.6602549444497654	0.0	0.0	0.0	0.0	0.0	0.0	0.5337903228176897	3.157205340920018	0.0	0.0	0.0	0.0	0.0	0.0	0.3442098462763746	0.3442098462763746	0.5337903228176897	0.5337903228176897	0.6653197375666939	0.3442098462763746	1.2818529350943526	0.0	0.0	0.0	0.0	0.0	0.0	0.5337903228176897	1.880598998946414	0.0	0.0
SRR11292195	0.0	0.0	0.0	1.5541091485247531	1.2971231294882866	0.0	0.0	0.0	3.216663733692876	4.29052488849055	2.5613914023782693	0.0	0.28803548089937075	0.0	0.0	0.6779879611211317	0.0	0.0	1.6077108803226894	0.0	0.459707372841726	0.0	0.0	4.316941175004824	0.0	2.138149310717769	1.2303915818484126	0.0	0.0	0.0	1.5541091485247531	0.0	0.0	0.0	0.28803548089937075	2.706054280122287	0.6779879611211317	0.0	2.7408125110102706	4.238358625071246	2.684626187671614	0.0	0.0	0.0	0.0	2.0307535914583945	0.0	0.28803548089937075	0.459707372841726	0.0	0.0	0.0	2.1411125224878416	2.2854967011937597	0.0	0.0	0.0	0.28803548089937075	0.0	0.0	0.0	0.0	0.0	0.0	0.459707372841726	0.28803548089937075	0.5824194464270056	0.0	0.28803548089937075	0.0	0.0	0.0	0.28803548089937075	0.28803548089937075	2.6594079720146553	0.0	0.0
SRR11292196	0.0	0.0	0.6533676228452456	1.5703476641900713	1.8142218633891625	0.5230183459358989	0.0	0.0	2.879963839256817	4.393929584061677	2.8931281430170404	0.0	0.6533676228452456	0.0	0.0	0.0	0.0	0.0	1.3189486085329507	0.335899491025487	0.8348028450326441	0.335899491025487	0.0	4.416789993697488	0.0	1.3426130342288978	0.9623891048855384	0.0	0.0	0.0	1.527393612915353	0.0	0.0	0.0	0.8348028450326441	3.2613431742007517	0.335899491025487	0.0	1.7560707737130172	0.6533676228452456	3.665154579004925	0.0	0.0	0.0	0.0	1.9748624831104817	0.0	0.335899491025487	0.0	0.0	0.335899491025487	0.0	1.0144205605891383	3.1753243688481585	0.0	0.0	0.0	0.335899491025487	0.0	0.0	0.0	0.0	1.596791464029284	0.0	1.0608799192598966	0.5230183459358989	0.7534918980664971	0.0	0.335899491025487	0.0	0.0	0.0	0.0	0.0	3.185032619442587	0.0	0.335899491025487
SRR11292197	0.0	0.0	0.3018637783250329	1.4640066246439618	2.5188568115356995	0.9045480578394773	0.0	0.3018637783250329	2.890404780034358	4.595992166142821	2.4115926209827836	0.0	0.8465264031932909	0.0	0.0	0.9557236848463956	0.0	0.0	1.344013061147061	0.3018637783250329	0.3018637783250329	0.0	0.0	4.1460532225018625	0.0	1.6036843875756601	1.2568460864588102	0.0	0.0	0.3018637783250329	2.6331058516509334	0.0	0.0	0.0	0.7003032893175932	2.4249055669103172	0.0	0.0	2.3361120206905985	3.4849673735778173	3.2170381077758203	0.0	0.0	0.0	0.0	1.8211847088763153	0.0	0.3018637783250329	0.0	0.0	0.0	0.0	0.0	3.2305783920721405	0.0	0.0	0.0	0.0	0.0	0.0	0.0	0.0	0.0	0.0	0.4782326095929047	0.0	0.779540000176646	0.0	0.0	0.0	0.0	0.0	0.0	0.0	0.0	0.0	0.0
SRR11292198	0.0	0.0	0.3783989739731057	2.601985823513199	1.7019581535298052	0.6507944723494791	0.0	0.2291704590378054	3.610657217582327	4.48365346120492	3.2387853702106066	0.0	0.0	0.0	1.3662378893139067	0.0	0.0	0.0	1.3790351997187722	0.2291704590378054	0.3783989739731057	0.0	0.0	4.270873334637731	0.0	1.9154808050927028	2.6766863075863854	0.0	0.0	0.0	1.3914661819150052	0.0	0.0	0.0	0.577493156730789	2.324057823050147	0.3783989739731057	0.0	2.9659815654087778	0.577493156730789	2.8382525793607094	0.0	0.0	0.0	0.0	1.3914661819150052	0.0	0.2291704590378054	0.0	0.0	0.0	0.0	1.7581185365445422	3.229810347629594	0.2291704590378054	0.0	0.0	0.0	0.2291704590378054	0.0	0.3783989739731057	0.2291704590378054	0.48925641530402225	0.0	0.8169054031123826	0.2291704590378054	0.0	0.0	0.0	0.0	0.0	0.0	0.0	0.0	3.431873596644624	0.0	0.0
SRR11292199	0.0	0.0	0.17025812138211105	3.5091215211208886	1.4526955356294717	0.0	0.0	0.0	3.5639870551439508	4.444628821353947	3.0011859310827003	0.0	0.0	0.0	0.0	0.38738328639153297	0.0	0.0	0.7634188225747212	0.46537556492564425	0.5888235000776474	0.0	0.17025812138211105	4.267255477537405	0.0	2.0218396011793245	1.325505105441141	0.0	0.17025812138211105	0.5314710947409226	0.8876076541615063	0.0	0.0	0.0	0.6394779493178735	2.6117122534670116	0.7634188225747212	0.0	3.413147811615932	0.46537556492564425	2.507359006262884	0.0	0.0	0.0	0.0	2.1346759921902367	0.0	0.17025812138211105	1.9169690998471673	0.0	0.0	0.0	0.8876076541615063	3.080225673193219	0.0	0.0	0.0	0.0	0.0	0.0	0.5888235000776474	0.0	0.38738328639153297	0.2922506436521476	1.0629477110795018	0.0	0.17025812138211105	0.0	0.0	0.0	0.0	0.0	0.38738328639153297	0.17025812138211105	3.497742118277116	0.0	0.0
SRR11292201	0.0	0.0	0.0	3.285085606085812	1.5586933472641675	0.4479426403992285	0.0	0.0	3.8944375956763624	4.107998650174002	2.0492621584195496	0.0	0.4479426403992285	0.0	0.0	0.0	0.0	0.0	1.0729986507327618	0.0	0.2793318713335073	0.0	0.0	4.515788856028238	0.0	2.2344627810453863	1.3552744253070719	0.0	0.0	0.0	1.2366775079939685	0.0	0.0	0.0	0.6637128205162595	3.2984981871155576	0.7413610370563078	0.0	2.4119923938132346	0.9601273970538687	3.2492906040933844	0.0	0.4479426403992285	0.0	0.0	2.2779049780673923	0.0	0.0	0.4479426403992285	0.0	0.0	0.0	1.0729986507327618	3.3649065398863383	0.0	0.0	0.0	0.6637128205162595	0.0	0.0	0.4479426403992285	0.0	0.0	0.0	0.2793318713335073	0.0	0.6637128205162595	0.0	0.0	0.0	0.5690922527383798	0.0	0.0	0.4479426403992285	0.0	0.0	0.0
SRR11292202	0.0	0.0	0.0	1.4851889019325455	2.0992545542658214	0.35894819193094846	0.0	0.0	2.8855532852468984	4.456339030747153	1.8855548209075788	0.0	0.0	0.0	0.0	0.0	0.0	0.0	1.307065647974973	0.5527475655035348	0.35894819193094846	0.0	0.0	4.4292173567687865	0.0	1.5680741473647655	0.7882606425133731	0.0	0.0	0.0	1.18008536437315	0.0	0.0	0.0	0.35894819193094846	2.2016568538328527	0.0	0.0	0.7882606425133731	1.3588965589805657	3.401663211097658	0.0	0.0	0.0	0.0	2.5416267448226035	0.0	0.0	0.0	0.0	0.0	0.0	1.5972539220312183	3.3854241401041936	0.0	0.0	0.0	2.413887188634777	0.0	0.0	0.0	0.0	0.0	0.0	0.0	0.0	0.0	0.0	0.0	0.0	0.0	0.0	0.35894819193094846	0.0	0.35894819193094846	0.0	0.0
SRR11292203	0.0	0.0	1.2355401136040087	2.8695090535947867	1.9609891013522898	0.0	0.0	0.0	2.618485594245847	4.20947014816182	2.36448465050935	0.0	0.4095589367725123	0.0	0.0	1.1316922125735602	0.0	0.0	1.179266759633639	0.3107338942812764	0.6165357229727716	0.49001219386384354	0.3107338942812764	4.455476957912527	0.0	2.15099639578634	1.2734237499306988	0.0	0.0	0.0	1.2083142464729455	0.0	0.0	0.0	0.49001219386384354	3.8077498707088715	1.1316922125735602	0.0	2.1849051338270065	3.2209905473020295	2.8317459467211106	0.0	0.0	0.0	0.0	2.177427775306111	0.0	0.0	0.0	0.0	0.0	0.0	0.8292105377080226	3.020261353277954	0.0	0.0	0.0	1.2355401136040087	0.0	0.18258455625939637	0.18258455625939637	0.0	0.18258455625939637	0.0	0.6682152270544001	0.9713467779376538	0.0	0.0	0.0	0.0	0.0	0.0	0.49001219386384354	0.6682152270544001	3.7572589857713012	0.0	0.0
SRR11292204	0.0	0.0	0.0	2.1960229887399123	1.05701809127221	0.0	0.0	0.0	2.721274734725654	4.3050366740866455	1.5416998044137453	0.0	0.0	0.0	0.0	0.0	0.0	0.0	2.0998037813845283	0.0	0.0	0.0	0.0	4.352885313050425	0.0	2.4378742367024477	1.05701809127221	0.0	0.0	0.0	0.7924957982756067	0.0	0.0	0.0	0.0	2.473464673707231	0.944592695449742	0.0	3.0121171207657547	0.7924957982756067	1.9386424221810252	0.0	0.0	0.0	0.0	1.8526023773632534	0.0	0.0	0.5563921514845502	0.0	0.0	0.0	0.5563921514845502	3.8832061000515217	0.0	0.0	0.0	0.0	0.0	0.0	0.0	0.0	0.0	0.0	1.6295308125690395	0.0	0.0	0.0	0.0	0.0	0.0	0.0	0.0	0.5563921514845502	3.9675691197275484	0.0	0.0
SRR11292205	0.0	0.0	0.3834815608612479	1.2886030620806936	1.5445067828342862	0.7205249495821091	0.0	0.0	2.4607213171520197	4.54653342669215	2.725408971773456	0.0	0.7205249495821091	0.0	0.0	0.0	0.0	0.0	0.9781277226341418	0.5839104487084523	0.5839104487084523	0.0	0.0	3.990486894734903	0.0	1.5783143111887694	0.5839104487084523	0.0	0.0	0.0	2.5166549954343322	0.0	0.0	0.0	0.5839104487084523	2.2811035067149255	0.5839104487084523	0.0	2.6537435641542864	2.9972546198101266	3.7845515290393474	0.0	0.0	0.0	0.0	2.4038563763057064	0.0	1.0385003337704906	0.0	0.0	0.0	0.0	0.5839104487084523	3.9069617051182504	0.3834815608612479	0.0	0.0	0.3834815608612479	0.0	0.0	0.0	0.0	0.0	0.0	0.3834815608612479	0.0	1.1387215036044676	0.0	0.0	0.0	0.0	0.0	0.0	0.0	0.0	0.0	0.0
SRR11292206	0.0	0.0	0.0	1.65165556536194	1.0583443384593523	0.0	0.0	0.0	3.025629231733567	4.490444612984155	3.222629094066645	0.0	0.0	0.0	0.0	0.0	0.0	0.0	1.3399618979328707	0.22938911681024138	0.577885273552107	0.0	0.0	4.330780401274417	0.0	1.852976909301914	1.2124231896083775	0.0	0.0	0.0	2.0340743513746156	0.0	0.0	0.0	0.6512084846280037	2.700718187304225	0.577885273552107	0.0	2.929746242505749	1.4492994917657005	3.427013452373647	0.0	0.0	0.0	0.0	2.061152578715021	0.0	0.3787090874696183	0.0	0.0	0.0	0.0	0.4896167693162413	3.186801366343799	0.0	0.0	0.0	0.22938911681024138	0.0	0.0	0.0	0.0	0.22938911681024138	0.0	2.0140621244325323	0.3787090874696183	0.22938911681024138	0.0	0.22938911681024138	0.0	0.0	0.0	0.577885273552107	0.3787090874696183	3.06090740078592	0.0	0.22938911681024138
