SAMPLE_ID	Acidimicrobiia	Acidithiobacillia	Acidobacteriia	Actinobacteria	Alphaproteobacteria	Anaerolineae	Aquificae	Ardenticatenia	Bacilli	Bacteroidia	Betaproteobacteria	Blastocatellia	Caldilineae	Caldisericia	Calditrichae	Candidatus Babeliae	Candidatus Brocadiae	Candidatus Saccharimonia	Chitinophagia	Chlamydiia	Chlorobia	Chloroflexia	Chrysiogenetes	Chthonomonadetes	Clostridia	Coprothermobacteria	Coriobacteriia	Cytophagia	Deferribacteres	Dehalococcoidia	Deinococci	Deltaproteobacteria	Dictyoglomia	Elusimicrobia	Endomicrobia	Epsilonproteobacteria	Erysipelotrichia	Fibrobacteria	Fimbriimonadia	Flavobacteriia	Fusobacteriia	Gammaproteobacteria	Gemmatimonadetes	Gloeobacteria	Halobacteria	Hydrogenophilalia	Ignavibacteria	Kiritimatiellae	Ktedonobacteria	Limnochordia	Methanobacteria	Methanococci	Methanomicrobia	Methylacidiphilae	Mollicutes	Negativicutes	Nitriliruptoria	Nitrososphaeria	Nitrospira	Oligoflexia	Opitutae	Phycisphaerae	Planctomycetia	Rubrobacteria	Saprospiria	Spartobacteria	Sphingobacteriia	Spirochaetia	Synergistia	Tepidiformia	Thermococci	Thermodesulfobacteria	Thermoleophilia	Thermomicrobia	Thermoplasmata	Thermoprotei	Thermotogae	Tissierellia	Verrucomicrobiae	Vicinamibacteria	Zetaproteobacteria
SRR39238445	2.128975123334536	1.1850308865558912	2.4639762500045626	3.6853902859214016	3.8350088717511817	1.799468121676933	0.8852999350944659	1.022894545431205	3.347159192645023	4.4585501271804775	3.8195915380334347	1.322978624530167	0.8852999350944659	1.259459036945928	0.0	0.0	0.0	1.2816806237938636	2.9573535443499184	1.127224755387766	0.463633499842911	1.302820328836375	0.0	0.0	3.837485884055179	0.0	2.6662871891297533	3.143677564099003	0.29095365285586944	2.04797223506843	1.1850308865558912	3.2705432065768147	0.0	0.8276784310291313	0.8852999350944659	3.390561925956668	3.1279168984944477	0.0	1.8372303393800213	2.838775136132771	2.3617116285537922	3.941553124572566	2.999159606659138	0.5868564286824355	0.0	0.7612250742705512	0.463633499842911	0.29095365285586944	0.29095365285586944	0.0	0.463633499842911	0.0	1.6789953334600665	1.322978624530167	2.7047418006493675	4.137247478793835	1.661283948078914	0.0	1.2360388306110752	1.9926478424002319	2.404568082030651	0.0	1.5483736003889226	2.01322499307925	2.2785659425466225	0.29095365285586944	2.494219558574174	1.6033540724918791	2.747541205558364	1.2816806237938636	0.0	0.29095365285586944	1.0951543807033755	1.7433957787023595	0.0	0.0	0.8852999350944659	3.4143441771496	3.3780771532537086	2.3653001466963843	0.5868564286824355
SRR39238446	1.8131680122438356	1.2410489496000312	1.4224429110525583	3.230779451636325	2.186691662829383	2.7444307472965748	0.6318501118953403	0.42193334005128885	3.3039030849842668	4.202709906630642	3.069442489323654	1.4485989366036023	1.507829717305578	0.0	1.7545632044583472	0.42193334005128885	1.1503273241236471	0.8291114321156927	0.6318501118953403	0.8291114321156927	0.8789818589821885	0.7079964279770123	0.0	1.2984827174690863	4.015410862463082	0.5394530943794771	2.1796761252600825	2.1701422292736083	1.496612238288432	2.776605428833277	1.2200827214556482	3.2793109026919507	0.2603103279294389	1.0355105545698187	2.2370139550747283	2.2223062297660015	3.6410889782453117	0.0	0.0	1.7012233149767317	3.4273241465650366	4.5382051986165015	1.7906659273156371	0.0	0.2603103279294389	0.0	1.3329439683331459	0.2603103279294389	0.6318501118953403	0.0	0.7727623517002596	0.42193334005128885	1.3799948524162504	0.5394530943794771	3.092520083795637	2.725394608173233	1.597553417271188	0.0	1.9152898420225535	0.42193334005128885	0.5394530943794771	0.2603103279294389	1.473268761914876	2.5220327595848424	0.0	0.0	0.8291114321156927	2.1725453962596215	1.1503273241236471	0.9237109409456155	0.0	1.5294311769043454	0.0	1.2984827174690863	1.4611089949550577	2.1324014295214804	0.9642603857523969	4.231115440680904	2.5847921328921175	1.9906859254948095	0.0
SRR39238447	1.6199537498542091	0.5767796580193069	2.136455887719072	3.9043786742028774	2.899483509572125	1.4442551019342362	0.2843409898840646	0.0	3.1249447667707067	4.646463432854846	3.2834084946694455	1.1722827485920762	0.2843409898840646	0.8734494043306706	0.0	0.0	0.0	1.1722827485920762	1.6479333720971732	0.5767796580193069	0.0	1.4442551019342362	0.0	0.0	4.039969380008192	0.0	2.296534180080646	2.2403011337055814	0.45472362254352466	1.6656326755783433	0.45472362254352466	2.9821864181224345	0.0	0.0	0.2843409898840646	1.6656326755783433	3.4616493259798378	0.2843409898840646	1.3653092523152053	1.9058810787978802	2.0834965027762227	3.8779154738865227	1.2465685092846628	0.0	0.0	0.0	0.0	0.0	0.0	0.0	1.4722102379770148	0.0	0.0	0.6719508208982856	0.8734494043306706	3.5395321744460935	1.2231905114053292	0.0	0.7499689536109592	1.3476393145314418	1.6742189814818698	0.0	0.9241147412988147	1.1146052900187373	0.45472362254352466	0.0	1.5579266843391564	0.2843409898840646	3.7881283603404143	0.45472362254352466	0.0	0.0	0.6719508208982856	2.26498595239446	0.0	0.0	0.816083036707649	3.86942919890931	1.5466695202004663	2.0193466852980135	0.0
SRR39238448	1.103507510693453	0.4469513564734159	1.5783261600926894	2.8325070654616487	2.780715934410395	2.3177433446290294	0.2786013237437959	0.0	2.7226418809243675	4.711006445339401	2.8466342458138234	1.1332410221355858	0.7400996316782816	0.8059086930431747	0.0	0.0	0.0	1.3361530196908182	2.2374753168742854	0.0	0.0	0.9135315401774656	0.0	0.0	4.520536529581586	0.0	2.263789370533404	2.259512930617956	0.0	1.3707600127841806	0.2786013237437959	2.439801233967793	0.0	0.0	0.2786013237437959	2.011252038827097	2.63976293134819	0.0	0.8630453835719472	2.6072415004455434	2.637068854688666	3.1949970285105405	1.4993757247273027	0.0	0.0	0.0	0.0	0.0	0.0	0.0	1.1872200703219828	0.0	0.0	0.0	0.5679671126167773	2.435524008319911	1.4739055210081071	0.0	0.0	1.1332410221355858	1.7328816738914712	0.5679671126167773	0.5679671126167773	0.2786013237437959	1.278448993122889	0.0	2.0615105602620845	0.2786013237437959	3.5254099159625456	0.2786013237437959	0.0	0.4469513564734159	0.0	1.2352256106709647	1.4868273159856078	0.0	0.5679671126167773	3.309585456389512	1.7807207272626557	1.8296299173844683	0.0
SRR39238449	1.3739402521610327	0.8087122599472655	1.2150037862503926	3.338736878949772	2.09429054652053	1.074628216646883	0.0	0.6651071140453937	2.9842259778836984	4.773735990869155	2.7974131436633543	1.1065678928186122	0.916448765149692	0.0	0.28017705256398995	0.0	0.0	0.7428184560605875	1.6823649667237868	0.0	0.0	0.28017705256398995	0.0	0.0	3.9066859703727195	0.0	2.1036909921051596	1.639418466236573	0.0	1.074628216646883	0.44908872996529703	2.3134658783582176	0.0	0.0	0.6651071140453937	3.387172516369895	2.8128239411609934	0.0	0.0	2.5867571852739673	2.3303444787571954	3.015707421459085	1.1065678928186122	0.0	0.0	0.0	0.0	0.0	0.0	0.0	0.5703926708364198	0.0	0.0	0.5703926708364198	0.6651071140453937	3.7242571686751673	0.6651071140453937	0.28017705256398995	0.916448765149692	1.770846213258117	0.916448765149692	0.44908872996529703	0.28017705256398995	1.040151777534327	0.28017705256398995	0.0	1.876861244217074	0.28017705256398995	3.957940923239905	0.44908872996529703	0.0	1.074628216646883	0.0	1.040151777534327	0.0	0.0	0.28017705256398995	3.781830227001265	1.1363186647602421	1.5711205370736638	0.0
SRR39238450	1.430558825138138	0.6930071034094856	1.4176981599933276	3.1590871400287504	2.3447494812700125	2.325814153763544	0.6175722013317808	0.8132170018164037	3.721910301286973	4.649759752424606	2.7327519261809763	0.6930071034094856	1.668470688801517	0.0	1.050098461721711	0.0	0.7572580079447393	0.9845273651170054	0.6930071034094856	0.0	0.8627817329624976	0.0	0.0	0.6175722013317808	3.986596125691283	0.526221798136477	2.3997838723113505	2.306015456027087	1.107055771609724	2.383146009515344	1.2433763826514308	3.0851900556169976	0.0	0.6175722013317808	1.500623185647051	2.537366884788717	3.2532289910328416	0.0	0.41039378567429935	1.8511749864207863	2.8015659039605714	3.3765313932263963	1.7485404525015142	0.0	0.6930071034094856	0.0	1.3313353107926482	0.25196989497874306	0.41039378567429935	0.0	0.0	0.6930071034094856	1.28072324854812	0.0	3.2315368353394374	3.50192654429649	1.4670024037627127	0.0	1.9301383401195178	0.41039378567429935	0.8627817329624976	0.41039378567429935	1.2433763826514308	1.7424037925885503	0.526221798136477	0.0	0.9476119817825173	1.754591607098075	0.9845273651170054	0.41039378567429935	0.0	1.3907746396941416	0.0	1.1329579658270723	1.180542968617033	1.376659948411468	0.7572580079447393	4.3337110716244105	2.959058804094299	2.069600889486268	0.0
SRR39238451	1.8407691319340085	0.37403576926074644	3.558032972850977	3.850297191042044	3.3163959727003585	1.9043619347407839	1.510821517312836	0.0	3.2388570170596784	4.285190526612689	3.062206070152739	0.7074291097136958	1.1236893576289306	0.0	0.0	0.0	1.7235570793662767	0.5719682986422545	3.0155755250557967	1.1661679087776728	0.0	1.4521283858342109	0.0	0.0	3.694643193708747	0.0	1.6504597049135399	2.448788976672789	0.8105321361212472	2.3949185355838742	0.8105321361212472	2.531218789462636	0.0	0.0	0.37403576926074644	3.726744558070651	2.446672857672171	1.9972126703691369	0.0	2.665343352478398	1.7005317336788814	4.571565956713265	2.9241729453655676	0.8105321361212472	0.0	0.0	0.5719682986422545	0.0	0.7074291097136958	0.37403576926074644	0.37403576926074644	0.0	0.0	0.0	2.3469600923251313	2.922757686379261	1.4921248274580279	0.0	2.4445463772815446	1.0766009998838206	0.37403576926074644	0.37403576926074644	1.3590350567409772	2.5914460079045503	2.1875343458666916	1.430658295671801	1.6885444843527377	1.6762169524463624	1.972646122786768	2.008993744957292	0.0	0.5719682986422545	1.1661679087776728	2.370338357654586	0.0	0.0	1.8737284645470424	3.908009203976681	1.7005317336788814	1.8051015183935726	0.0
SRR39238452	2.539979578357701	0.292922485113723	2.4370078164342845	3.387786569213717	3.2040104175906463	1.9966298945122534	0.6859243290096646	0.46627725422930355	3.2807428087593724	4.596605629550938	3.414356817490692	0.6859243290096646	1.0988554072070134	0.292922485113723	0.0	0.0	0.6859243290096646	0.9397228255110391	2.3120886561529432	1.1309486934977435	0.0	0.6859243290096646	0.0	0.0	3.1556607772738916	0.0	2.452034809165404	2.576959362308079	0.0	2.073671455649905	1.4313841388360788	2.7152504554761197	0.0	0.0	0.888800946940651	2.9631966024826046	3.1012461579950905	0.0	0.0	2.6895272910718298	3.524715308958719	3.3461204571069323	2.120473056160199	0.292922485113723	0.292922485113723	0.0	1.4755302209806853	0.46627725422930355	1.8163849041217417	0.0	0.46627725422930355	0.0	0.292922485113723	1.2150598308352565	1.8976479817697371	4.526058257847889	1.4755302209806853	0.292922485113723	2.2064470919668078	1.5968212781754827	2.2485392168676728	0.5898412526032644	1.83512398028974	2.5214981871376003	1.4893017097601708	0.5898412526032644	2.4915384171222676	0.9397228255110391	0.9397228255110391	1.5968212781754827	0.0	0.292922485113723	0.6859243290096646	0.7645534079346312	0.46627725422930355	0.0	1.1309486934977435	3.190466979300491	2.742571695666459	1.6467510673033416	0.0
SRR39238453	0.0	0.0	0.0	2.2419720163613146	0.7772579622011914	0.47640677122453057	0.0	0.0	4.866312829801185	4.330233682097162	1.040418097775583	0.0	0.0	0.0	0.0	0.0	0.0	0.0	0.0	0.0	0.0	0.0	0.0	0.0	2.585517919211473	0.0	2.2394832512113427	0.7772579622011914	0.0	0.6981124829808129	0.3004942432702494	0.0	0.0	0.0	0.0	0.6012561146911972	1.78427526635208	0.0	0.0	0.6012561146911972	0.9532896033315308	2.6569415894554136	0.0	0.0	0.0	0.0	0.0	0.0	0.0	0.0	0.0	0.0	0.0	0.0	0.6012561146911972	0.9532896033315308	0.0	0.0	0.0	0.0	0.0	0.0	0.0	0.0	0.0	0.0	0.3004942432702494	0.0	0.3004942432702494	0.0	0.0	0.0	0.0	0.0	0.0	0.0	0.0	3.0291236202302043	1.2542599728849753	0.0	0.0
SRR39238454	0.0	0.291986997109561	0.6844094221101876	2.8966162236280995	0.8871389858324416	0.46502159015127614	0.0	0.0	2.2784811606115127	4.699575553644643	3.4190033138417935	0.291986997109561	1.4736851788983925	0.0	0.0	0.0	0.0	0.291986997109561	0.291986997109561	0.0	0.0	0.46502159015127614	0.0	0.0	4.449034395207582	0.291986997109561	2.7720371154385295	1.062455862090696	0.0	1.8957631518846125	0.0	1.901024650372679	0.0	0.0	0.0	3.041301389179136	3.154920493091778	0.0	0.0	0.8871389858324416	1.7528900057325063	2.5902937081574793	0.291986997109561	0.0	0.0	0.0	0.0	0.0	0.0	0.0	0.0	0.0	0.0	0.0	0.46502159015127614	3.718917757544661	0.0	0.0	0.0	0.0	0.0	0.0	0.0	0.9835845348763088	0.0	0.0	0.0	0.0	0.291986997109561	0.0	0.0	0.291986997109561	0.6844094221101876	1.187006888888419	0.0	0.0	0.46502159015127614	3.80721551567918	1.2614567342925953	0.8294784949722773	0.0
SRR39238455	0.0	0.0	0.0	3.3191075466143785	0.9581557936224201	0.0	0.0	0.0	3.4615230729590283	4.684762595919328	3.099216835912684	0.0	0.4800595186376848	0.0	0.0	0.0	0.0	0.0	0.30323555516823186	0.0	0.0	0.0	0.0	0.0	2.800967314598325	0.0	2.1775568611447813	0.8488721695359799	0.0	0.0	0.30323555516823186	2.0255475787793498	0.0	0.0	0.0	2.410922987077096	2.6255657832089576	0.0	0.0	2.969126147586419	3.7462595755208117	1.3659374315343924	0.0	0.0	0.0	0.0	0.0	0.0	0.0	0.0	0.0	0.0	0.0	0.0	4.238613194218331	4.0716192886456515	0.0	0.0	0.0	0.0	0.0	0.0	0.0	0.0	0.0	0.0	0.30323555516823186	0.6053641444151263	0.0	0.0	0.0	0.0	0.0	0.0	0.0	0.0	1.5483429221224358	3.73185907557077	0.0	0.0	0.0
SRR39238456	0.9505930767358616	0.0	0.5137763310598168	3.7901916792135486	2.965512223404557	0.0	0.0	0.0	1.8660172050231252	4.667460509739435	1.777202846249287	0.0	0.0	0.0	0.0	0.0	0.0	0.0	0.8235063065471997	0.0	0.0	0.3288072414699751	0.0	0.0	3.2393932685646014	0.0	2.529385843484061	3.0301806355026786	0.0	0.0	0.5137763310598168	2.160698058462149	0.0	0.0	0.0	1.4497924166515899	1.872659617464408	0.0	0.0	2.0662291224742155	4.452620524309541	1.9340304689612184	0.6430868424477256	0.0	0.0	0.0	0.0	0.0	0.0	0.0	0.0	0.0	0.0	0.0	0.3288072414699751	2.7404161576245225	0.6430868424477256	0.0	0.3288072414699751	0.0	0.0	0.0	0.0	0.7425989512424924	0.0	0.0	0.0	0.0	0.5137763310598168	0.0	0.0	0.0	0.6430868424477256	0.0	0.0	0.0	0.0	4.042437925392674	0.0	0.0	0.0
SRR39238457	2.418102643930148	0.33643297761192925	0.9632712855527877	3.3708685384804973	3.323132344637732	2.8091733725717205	0.0	2.1947701803356106	3.2683996562569733	4.679167251278055	3.5309615484882837	2.0675051753681335	1.2682969632367866	0.0	0.33643297761192925	0.0	0.33643297761192925	0.5237116994050213	3.2510798225735207	1.177201509919251	0.5237116994050213	1.7993606411291059	0.0	0.0	4.239214560182891	0.0	2.3921197245394716	1.610398812311478	0.0	0.33643297761192925	1.2682969632367866	2.803619200366117	0.0	0.0	0.0	0.9041309302678177	2.5227597753928346	0.8356481904136924	1.7388903103885256	3.11535454309359	4.026406419219126	3.077950222538354	1.71994514591879	0.0	0.0	0.0	0.7543074469940422	1.2400030015028674	0.6541379198203608	0.6541379198203608	0.9041309302678177	0.0	0.33643297761192925	0.6541379198203608	1.0153149197011486	3.2941828810600478	0.5237116994050213	0.0	2.11679085551432	0.33643297761192925	0.33643297761192925	0.0	2.3688508157822015	2.1089552675471235	2.1244875747414076	0.33643297761192925	1.8595096322709939	1.7993606411291059	2.9289859878591264	1.8379181129691313	0.0	1.71994514591879	2.0069300528303438	1.2400030015028674	0.0	0.0	1.0153149197011486	2.9802811002311542	1.463546482697524	1.3435581317029015	0.33643297761192925
SRR39238471	2.0251831682952766	0.0	1.3181817298100527	3.322097439051074	2.836498951614077	1.110030581498049	0.4742989054922735	0.6955809775773308	3.042258561016708	4.174420309069002	3.003084711000575	1.0752957691720728	0.0	0.0	0.0	0.0	0.0	0.0	1.84707792961594	0.0	0.0	0.9961854793241542	0.0	0.0	3.98658705390984	0.0	2.0001231299699054	1.6293271101018565	1.0752957691720728	0.8414659249222283	1.5010426885701533	2.3179991538201996	0.0	0.29891495513001437	0.0	4.218762262330569	2.3032765966708544	0.8414659249222283	0.0	2.171879234260453	4.440226109278507	3.52106484932421	2.004401514360633	0.0	0.0	0.0	0.5988835553030079	0.7746204386332693	0.7746204386332693	0.8414659249222283	0.0	0.0	0.4742989054922735	0.29891495513001437	1.5144026161179718	3.601388846716248	1.5521804194637439	0.7746204386332693	1.3383758967288697	0.9504752864568715	0.8414659249222283	0.8993818788834893	1.3576726342507761	2.1571569569610314	1.4730228396603746	0.29891495513001437	1.5521804194637439	0.6955809775773308	0.29891495513001437	0.9504752864568715	0.0	0.4742989054922735	1.6770895714530283	0.0	0.29891495513001437	0.0	1.0375394625378789	4.163726670966419	2.290247424211879	1.6393090792959575	0.4742989054922735
SRR39238481	0.7446844754776287	0.0	0.7446844754776287	3.5662868198227327	1.833697301779833	1.1311778755765285	0.0	0.6450540393093358	3.634710224328278	4.616346023860614	2.758754423027951	0.3301602902026347	0.6450540393093358	0.0	0.0	0.0	0.0	0.0	1.485828344435886	0.0	0.0	0.3301602902026347	0.0	0.0	4.210544707329188	0.0	2.5864724664374497	2.0687520591526476	0.9528534059012399	0.0	1.1311778755765285	2.142354763383756	0.0	0.0	0.0	1.051104722829809	2.4025434382948703	0.5155430496794811	0.5155430496794811	1.9069412958804999	4.402466363886005	2.5774075595537793	1.332388436931963	0.0	0.0	0.0	0.7446844754776287	0.0	0.0	0.5155430496794811	0.0	0.0	0.0	0.0	1.947844546036686	2.842383487614661	0.8256699157716513	0.0	0.9528534059012399	0.0	0.3301602902026347	0.0	0.0	1.2572289258848943	1.1311778755765285	0.0	1.9852248226587095	0.0	0.0	0.6450540393093358	0.0	0.0	0.5155430496794811	0.3301602902026347	0.0	0.0	0.3301602902026347	3.5198557208747077	1.930784026674592	1.0929841296073564	0.3301602902026347
SRR39238492	1.4210256735647624	0.0	0.0	4.197316885917212	2.4145082340999653	0.6816690652272905	0.0	0.0	2.7923236584066684	4.573036309894466	3.594394620472299	0.0	0.0	0.0	0.6816690652272905	0.0	0.0	0.0	1.273126577952242	0.0	0.0	0.6816690652272905	0.0	0.0	4.148399994349411	0.0	1.8257419421109042	0.5485720952785227	0.3556896978611861	0.5485720952785227	0.9946560664539293	2.410245991777898	0.0	0.0	0.0	2.163101036673873	2.7394783902608326	0.865768126504699	0.0	1.9469865003963065	2.532613356830011	4.347845610576364	1.377094611162641	0.0	0.0	0.0	0.3556896978611861	0.5485720952785227	0.7834014559317004	0.6816690652272905	0.3556896978611861	0.3556896978611861	0.6816690652272905	0.0	1.3015433385343642	2.9622139152874802	0.9946560664539293	0.0	0.865768126504699	0.6816690652272905	0.5485720952785227	0.0	0.865768126504699	0.9349759991783847	1.04711704977595	0.0	1.2427194587839627	0.0	1.5470676661829068	0.3556896978611861	0.0	0.0	0.3556896978611861	0.0	0.0	0.0	0.0	2.5127782429674324	1.497452794137418	0.9946560664539293	0.0
SRR39238495	0.0	0.0	0.5315846845272585	3.3940056377694883	1.1524276243588745	0.913945412909312	0.0	0.0	3.575268326908114	4.2458450516873825	2.397045678154451	0.7635519942180888	1.1524276243588745	0.0	0.0	0.0	0.0	1.072019141550227	0.34250441250418495	0.0	0.0	0.0	0.0	0.0	4.47948611358155	0.0	3.5848653764974596	0.913945412909312	0.0	1.4565106248706372	0.5315846845272585	2.143163552196611	0.0	0.34250441250418495	0.0	0.34250441250418495	2.869498708045367	0.0	0.0	1.947581860764872	4.170076881903356	3.1695302235567726	0.0	0.0	0.0	0.0	0.0	0.0	0.0	0.0	0.6628750940804103	0.0	0.0	0.0	3.4914274100382316	3.778460267217642	0.34250441250418495	0.0	0.0	0.0	0.34250441250418495	0.0	0.0	0.6628750940804103	0.5315846845272585	0.0	0.34250441250418495	0.0	1.4378949251622477	0.5315846845272585	0.0	0.0	0.34250441250418495	1.3980838461468492	0.0	0.0	1.025441562267548	4.089114705919609	2.5909912801412007	0.0	0.0
SRR39238496	0.7600791777542775	0.0	0.9804491441903326	3.040070162213256	0.8840942651154173	0.0	0.0	0.2902772395273307	2.341930137505516	4.622167904926381	3.33118530529228	0.585829344801335	1.3015029951003503	0.0	0.0	0.0	0.0	0.6816354393384754	0.46272425952862695	0.0	0.0	0.2902772395273307	0.0	0.0	4.50198162327037	0.2902772395273307	3.1234338779746387	1.1837350931819448	0.0	1.8706023245429415	0.0	1.847754908463595	0.0	0.0	0.0	3.042324190609569	3.2354322639084363	0.0	0.0	0.2902772395273307	1.7567448064668394	2.667576014324757	0.585829344801335	0.0	0.0	0.0	0.0	0.0	0.0	0.0	0.0	0.0	0.0	0.0	0.2902772395273307	3.6676237142748604	0.0	0.0	0.2902772395273307	0.0	0.0	0.0	0.0	0.6816354393384754	0.0	0.0	0.0	0.0	0.0	0.0	0.0	0.0	0.0	1.3216581549996351	0.0	0.0	0.46272425952862695	4.024757674366561	1.1837350931819448	0.0	0.0
SRR39238497	1.8962786290123863	0.0	2.24841286699947	3.2714016055181894	3.493751992859652	1.5495973401721757	0.5968965912233467	0.8391919743627413	3.5935318045395617	4.500836418006848	3.480242374335727	1.2487603641565377	1.1075796296591849	0.5968965912233467	0.0	0.0	0.0	1.2722211461876731	2.839448750995499	0.5968965912233467	0.0	0.948116150620353	0.0	0.0	4.4915917040404505	0.0	2.6306074846760907	2.940052861443202	0.0	3.048486186164149	1.0728620390008519	2.9326289788250492	0.0	0.5968965912233467	0.4725346066290811	3.193135387430613	2.9874259314712748	0.29759455885926706	1.4405080279723386	2.8994454026275105	2.6326041709416272	3.445657249832174	2.6153323516713627	0.29759455885926706	0.0	0.8970600201835695	0.4725346066290811	0.0	0.29759455885926706	0.0	0.0	0.0	0.0	1.1075796296591849	2.970832658467309	3.548439997708749	1.4405080279723386	0.0	1.035126081575885	1.7175087788673669	2.315354138559827	0.29759455885926706	1.4557394361084546	1.616516548563001	2.1663346665672303	0.29759455885926706	2.5334512467123713	1.4405080279723386	1.4083424358545826	0.8391919743627413	0.0	0.0	0.7724103313077959	1.5495973401721757	0.0	0.0	1.3736026016639729	3.6689731558889602	3.0084682010101305	2.300632023414581	0.0
SRR39238498	2.5235075644278178	0.32415641575683213	1.850593719021594	3.445776975244558	3.340408813432142	1.6350485688161898	0.32415641575683213	1.1557201355007825	3.4640308697191244	4.309024661006995	3.463699713921	1.5879261833777383	0.0	0.0	0.9945415836328558	0.0	0.5076906819953584	0.5076906819953584	2.3813457101849713	0.8840204391157351	0.0	1.751813070024709	0.0	0.0	4.389886178711746	0.0	2.692369871656114	1.6775548043413353	1.4907093245816183	1.1206813415231862	2.309668389744538	2.9071559123259894	0.0	0.8160382717451624	0.0	2.387311349340825	3.166610834219366	1.1557201355007825	0.8840204391157351	2.4122554543906802	3.21266691954753	4.313752611784635	2.539100680278061	0.0	0.8840204391157351	1.082565558628935	1.1206813415231862	1.4049453551464555	0.0	1.082565558628935	0.7354033374061659	0.0	0.6363036275824872	0.942787302730531	1.9018206940009659	3.0740210039017057	2.190905413420172	1.6673118729066798	1.7254315482048193	1.600194720392437	1.6775548043413353	0.8160382717451624	2.086086576098066	2.769278424150406	1.8297106215735932	0.942787302730531	1.8573374112540026	1.3439669461652461	0.9945415836328558	1.5879261833777383	0.0	0.8840204391157351	2.2623076965786906	0.942787302730531	0.0	0.0	1.6350485688161898	4.05141679894536	2.4480345890265482	2.3480663178662176	0.0
SRR39238499	0.0	0.0	0.0	2.727372024262645	0.5982921360379833	0.0	0.0	0.0	2.9848686366791037	4.754886001919575	2.9374787762994234	0.0	0.0	0.0	0.0	0.0	0.0	0.0	0.0	0.0	0.0	0.0	0.0	0.0	4.185216853078228	0.0	0.8986909654070218	0.0	0.0	0.0	0.0	0.9954746350074435	0.0	0.0	0.0	0.0	3.0251683993190763	0.0	0.0	1.539181495531467	1.852371667037344	3.624787276282766	0.0	0.0	0.0	0.0	0.0	0.0	0.0	0.0	0.0	0.0	0.0	0.0	0.0	4.2352687664972475	0.0	0.0	0.0	0.0	0.0	0.0	0.0	0.0	0.0	0.0	0.7739627195004745	0.0	0.0	0.0	0.0	0.0	0.2985217277628869	0.0	0.0	0.0	0.0	2.138020097704531	0.0	0.0	0.0
SRR39238500	0.0	0.0	0.0	1.4545792415042296	0.9470494578501857	0.8381639451231684	0.0	0.0	2.421682057428578	4.5709625821655795	3.087075301029821	0.0	0.0	0.0	0.0	0.0	0.0	0.0	0.2969985733811882	0.0	0.0	0.0	0.0	0.0	4.516139920038339	0.2969985733811882	1.3724511834525166	0.9927162770753072	0.0	0.0	0.2969985733811882	2.476226029234761	0.0	0.2969985733811882	0.0	1.2476259074155263	2.956639171400927	0.0	0.0	1.3724511834525166	4.328339478704821	2.5896152155768832	0.0	0.0	0.0	0.2969985733811882	0.0	0.0	0.0	0.0	0.0	0.0	0.0	0.0	0.0	3.254117558071613	0.0	0.0	0.0	0.0	0.0	0.0	0.2969985733811882	0.0	0.0	0.0	1.0340347625124378	0.0	0.0	0.0	0.0	0.0	0.4717376658015079	0.7714112717361228	0.0	0.0	0.0	2.961789789538496	0.8960102479581034	0.0	0.0
SRR39238501	0.9820756062517713	0.43443082368485514	1.8696027759976208	3.297922765866647	2.713272585789319	1.1934766338046536	0.43443082368485514	0.26941198655678344	3.184983827979181	4.552455438337272	3.0377976025355324	0.9820756062517713	0.0	0.5537256578351402	0.0	0.0	0.0	0.9820756062517713	2.010422868409048	0.26941198655678344	0.43443082368485514	0.9413180446377941	0.0	0.0	4.4647508100346585	0.0	2.6377119280105723	2.3376809491179213	0.9820756062517713	1.4279245646929475	0.5537256578351402	2.506179084372842	0.26941198655678344	0.26941198655678344	0.5537256578351402	3.4104104939747146	2.580843933132554	0.0	1.1934766338046536	2.296316289658945	2.8612207404286623	4.118862585012054	1.3350489705345177	0.0	0.0	0.0	0.0	0.0	0.0	0.0	0.0	0.0	0.0	0.43443082368485514	0.9820756062517713	2.7886853369988818	1.0854468420031504	0.0	0.43443082368485514	1.4416416930266425	1.4925490327858522	0.0	0.8461498472638233	1.259865009918366	0.7893977910903904	0.0	1.7678311605609407	0.8461498472638233	2.5343413810380317	0.26941198655678344	0.0	0.26941198655678344	0.5537256578351402	1.3991178617810822	0.0	0.0	0.7893977910903904	3.887902708135021	1.6989296745114875	1.9306313732489981	0.0
SRR39238502	1.5118831612616215	0.9590412089072933	2.3310219659458817	3.264534289132848	3.0108083916557145	1.6875287593883104	0.4471578988767046	0.2787535033466642	3.431379642860766	4.3489935285181485	3.302958112809714	1.3873896287262255	0.7403625209017637	0.0	0.0	0.0	0.0	1.0374263107874995	2.2828483978514957	0.2787535033466642	0.0	1.0718818187111432	0.0	0.0	4.351192924711653	0.0	2.41680666655465	2.9683893360111986	0.568201573700732	2.155942813353301	0.568201573700732	2.75913861058248	0.0	0.0	0.6627576704192031	2.2533378004184965	2.884738531980836	0.0	1.2121874109880395	2.2097828100622054	2.5272429109425953	3.6525265464493097	1.8893014991076325	0.0	0.0	0.0	0.0	0.0	0.2787535033466642	0.0	0.8061798001228909	0.0	0.0	1.0374263107874995	1.8842285662651654	3.211707544475757	1.5987903058959965	0.0	1.6875287593883104	1.7331970628579116	1.863322656885677	0.0	1.0374263107874995	1.2121874109880395	1.1613678103883542	0.0	1.8000291564522208	1.0718818187111432	1.133538717464022	1.0374263107874995	0.0	1.2355282528301532	0.568201573700732	1.3873896287262255	0.0	0.0	0.9590412089072933	4.532102879899374	1.9185543269784044	2.298852871387687	0.0
SRR39238503	0.8971943513509695	0.4726366184074362	1.5249343442958665	3.3001126610129847	2.7967233618143865	0.8393235269623314	0.0	0.29767086741304843	3.279940041105703	4.654026351028848	3.107204139861205	0.7725381815875885	1.391467365963778	0.5970115052761505	0.0	0.0	0.0	0.993934735963074	1.874158577429996	0.0	0.0	0.9482526439802373	0.0	0.0	4.5369017066852475	0.0	2.4541769204971438	2.580984087245266	0.0	2.194695430223953	0.4726366184074362	2.664442894247318	0.0	0.0	0.29767086741304843	1.9378154639170109	2.6717881875160194	0.0	0.4726366184074362	1.8684074407643625	2.6887509391301863	3.3313165552602517	1.3552788199012364	0.0	0.0	0.0	0.0	0.0	0.0	0.0	0.0	0.0	0.0	0.4726366184074362	1.8964305012740321	3.5663611586514246	0.8971943513509695	0.0	0.29767086741304843	1.19780015173389	1.9976442254762485	0.29767086741304843	0.7725381815875885	1.0352657216378929	0.9482526439802373	0.29767086741304843	2.133183896890219	0.4726366184074362	0.993934735963074	0.29767086741304843	0.0	0.4726366184074362	0.4726366184074362	1.5616409492176735	0.0	0.0	0.9482526439802373	3.478126817408323	1.97559758927214	1.4248709940807984	0.0
SRR39238504	0.0	0.24223676831111124	0.24223676831111124	2.7001312416884238	1.6162213400596213	0.887671740394575	0.24223676831111124	0.0	3.2117133459248444	4.807876274633772	2.658760492157394	0.0	1.1365671539499351	0.0	0.24223676831111124	0.0	0.0	0.510588249164859	0.24223676831111124	0.0	0.0	0.0	0.0	0.0	4.081935288114209	0.24223676831111124	1.8093967856466535	1.6002349296758442	0.0	1.8432528800749783	0.510588249164859	2.665818454920902	0.0	0.0	0.0	1.957190048106331	2.9027106920956474	0.0	0.0	1.276980367433487	3.6550407940310916	2.92678209850535	0.0	0.0	0.0	0.0	0.0	0.0	0.0	0.0	0.0	0.0	0.0	0.0	3.01662229209055	3.63649291404119	0.3968178017429403	0.0	0.0	0.0	0.3968178017429403	0.0	0.6006567789934765	0.7943081144506445	0.0	0.0	0.0	0.9644725370313175	0.6006567789934765	0.0	0.0	0.0	0.0	0.510588249164859	0.3968178017429403	0.0	0.24223676831111124	3.739142024601207	2.66930488359276	1.750209690975258	0.0
SRR39238505	0.6504113796231586	0.33385478107639716	0.0	2.5642152955033843	2.035842387506097	1.3827455505613229	0.0	1.0109858122989006	3.6388605569417756	4.604869630090373	2.3640772004514257	0.0	1.2903099871864194	0.0	0.0	0.0	0.0	0.5203585389532599	0.0	0.0	0.0	0.0	0.0	0.0	4.206102533709713	0.0	2.295993300516641	1.2637625607998721	0.33385478107639716	2.218265679959041	0.5203585389532599	2.341785284564704	0.0	0.7503611959177535	0.33385478107639716	2.809870561717912	3.035944821251858	0.0	0.0	3.248845707838129	4.19827939268846	2.906490210104172	0.6504113796231586	0.0	0.0	0.0	0.0	0.0	0.0	0.0	0.0	0.0	0.7503611959177535	0.0	2.3348683099744956	3.2942669266554914	0.0	0.0	0.0	0.33385478107639716	0.5203585389532599	0.0	0.33385478107639716	1.5930839383543212	0.0	0.0	0.5203585389532599	0.7503611959177535	0.0	0.0	0.0	0.5203585389532599	0.0	2.142031808279169	0.0	1.235486084895168	0.5203585389532599	4.101559242732536	1.9546803131085513	1.0109858122989006	0.0
SRR39238506	0.2540820404018847	0.41332414191395067	0.0	3.4786170126606835	1.1850123062401896	0.5295866515994259	0.0	0.0	4.39064994323353	4.500848870486901	2.172846630746474	0.0	0.9518583078269406	0.0	0.0	0.0	0.41332414191395067	0.2540820404018847	0.2540820404018847	0.0	0.0	0.0	0.0	0.0	4.079276139924883	0.0	2.085829273532933	1.319664291108041	0.0	1.435165630758064	0.0	2.0442262012089096	0.0	0.0	0.2540820404018847	2.65342099414012	3.0857386634491717	0.2540820404018847	0.0	1.435165630758064	4.023580638276057	3.4243168164260944	0.0	0.0	0.0	0.0	0.0	0.0	0.0	0.0	0.0	0.0	0.0	0.0	2.291796738920464	3.372908447666991	0.0	0.0	0.0	0.0	0.0	0.0	0.2540820404018847	0.0	0.2540820404018847	0.0	0.0	2.7026726180243337	0.0	0.0	0.0	0.0	0.0	0.621206491422292	0.0	0.0	0.41332414191395067	3.8628830879557707	2.429654589162679	1.161854013657483	0.0
SRR39238507	0.0	0.0	0.0	3.3753045984944863	1.77886109870454	0.7509054014344657	0.0	0.0	3.3299678192886093	4.63878551416167	3.6962446031969494	0.0	0.6509251738598417	0.0	0.0	0.0	0.0	0.0	0.3342098428774302	0.0	0.0	0.0	0.0	0.0	4.3503897248524925	0.0	2.575703917232296	1.6422183961457602	0.0	1.7348335252785676	0.3342098428774302	2.2128005498102024	0.0	0.0	0.0	1.2643882405458746	3.472050734950427	0.0	0.3342098428774302	1.3396138065237047	1.0999523327430119	3.2250310184326767	0.5208206822310959	0.0	0.0	0.0	0.0	0.0	0.0	0.0	0.0	0.0	0.0	0.0	0.832121464962747	3.310714696413905	0.0	0.0	0.0	0.0	0.0	0.0	0.0	0.0	0.0	0.0	0.3342098428774302	0.0	0.0	0.0	0.0	0.0	0.0	1.0580114695303586	0.0	0.0	0.0	4.154045190921225	2.1707484972284714	0.0	0.0
SRR39238508	0.34151336534875165	0.0	0.5303017931047331	3.145637893494954	1.8544791915208811	0.8436682596047524	0.0	0.0	3.5404848765881884	4.802573178230014	2.200830269216625	0.0	0.34151336534875165	0.0	0.0	0.0	0.0	0.34151336534875165	0.0	0.0	0.0	0.34151336534875165	0.0	0.0	4.094580981682115	0.0	2.098025394364432	0.6614525670335275	0.0	0.5303017931047331	0.34151336534875165	1.416696558234538	0.0	0.0	0.0	2.7026569078970955	3.0982205202161897	0.0	0.0	2.397319202125001	3.50594501451659	3.435987526233295	0.0	0.0	0.0	0.0	0.0	0.0	0.0	0.0	0.0	0.0	0.0	0.0	0.7620475943648451	3.7089398930099984	0.34151336534875165	0.0	0.0	0.0	0.0	0.0	0.34151336534875165	0.5303017931047331	0.0	0.0	0.0	0.0	0.0	0.0	0.0	0.0	0.34151336534875165	0.7620475943648451	0.0	0.0	0.0	3.482831154306057	0.34151336534875165	0.0	0.0
SRR39238510	0.8546407055863287	1.0100143388300762	1.542269014495496	3.696852398024732	2.7237413593315645	0.912829245346868	0.3066220008389292	0.0	3.291913102557565	4.755648218403202	3.1293692913001183	0.4845613745987368	0.0	0.0	0.0	0.4845613745987368	0.0	0.912829245346868	2.1540487799053714	0.3066220008389292	0.0	0.7078829743083273	0.0	0.0	3.8284121290509785	0.3066220008389292	3.6455876461434236	2.5107652815690376	0.4845613745987368	1.289288667557576	1.1564565389932029	3.1176351901758226	0.0	0.0	0.6104212276975621	2.006637274406998	3.039267058002429	0.0	0.7078829743083273	1.9454837734241244	1.9700337264368772	3.99577409123797	1.4086138306333036	0.0	0.0	0.0	0.0	0.0	0.0	0.0	0.3066220008389292	0.0	0.0	0.3066220008389292	1.3115939732907298	3.4818136396378634	1.0515070100689985	0.0	0.0	1.3908667582130163	1.810279278344666	0.3066220008389292	0.0	0.8546407055863287	0.6104212276975621	0.0	1.997771528378511	0.912829245346868	2.6766702145500996	0.0	0.0	0.6104212276975621	0.3066220008389292	1.0100143388300762	0.0	0.0	0.787431653736653	3.5199084870306727	1.542269014495496	1.7098634316539973	0.0
SRR39238511	0.7142080098380821	1.4332244285084397	0.0	4.4934141660602	2.0187797963818483	2.1649608722484457	0.31061621795489347	0.0	3.7237126506055045	4.00340078006812	2.646287495956459	0.0	1.5747521236807571	0.0	0.0	0.0	0.0	0.0	0.0	0.0	0.0	0.9197295203187882	0.0	0.31061621795489347	4.324315859476845	0.31061621795489347	1.782073331480477	2.3573367688919444	0.31061621795489347	1.9218233678945835	1.0171057059733641	2.3573367688919444	0.0	1.699819864177265	0.6163611258884486	1.0171057059733641	2.382497046680963	0.0	0.0	2.3021699742238066	1.0965974560223655	4.405374425327076	0.31061621795489347	0.0	0.0	0.0	0.6163611258884486	0.0	0.0	0.0	1.1938177511918697	0.0	0.0	0.0	1.2219240107071219	1.9730016773317303	0.31061621795489347	0.0	0.0	0.0	1.2967412114988026	0.31061621795489347	1.8110576842641186	0.4898564324646542	0.0	0.0	0.31061621795489347	0.0	2.005545788795833	0.0	0.0	0.31061621795489347	0.0	1.0965974560223655	0.0	0.0	0.6163611258884486	2.0832633920257004	3.2751916550586375	0.9197295203187882	0.0
SRR39238512	0.0	0.0	0.0	1.9514258693083313	0.6889991294068559	0.0	0.0	0.0	3.2979873181669794	4.463621873167327	0.7677599130041273	0.0	0.0	0.0	0.0	0.0	0.0	0.0	0.0	0.0	0.0	0.0	0.0	0.0	2.012925707169061	0.0	0.943149495440094	0.0	0.0	0.0	0.0	0.2948250761465237	0.0	0.0	0.0	3.9545344728500966	1.927165213908928	0.0	0.0	3.8573787469640957	4.656752272145533	0.8921724984585659	0.0	0.0	0.0	0.0	0.0	0.0	0.0	0.2948250761465237	0.0	0.0	0.0	0.0	0.2948250761465237	3.0168958518398417	0.0	0.0	0.0	0.0	0.0	0.0	0.0	0.0	0.0	0.0	0.0	0.0	0.0	0.0	0.0	0.0	0.0	0.0	0.0	0.0	0.0	3.5184716383140056	0.0	0.0	0.0
SRR39238513	0.0	0.0	0.0	2.706978055500813	0.29570641638170114	0.0	0.0	0.0	2.52713730728299	4.781363310727204	0.8937304564655404	0.0	0.0	0.0	0.0	0.0	0.0	0.0	0.0	0.0	0.0	0.0	0.0	0.0	1.8155234342889255	0.0	2.1625458316652755	0.4700085481615642	0.0	0.0	0.29570641638170114	0.8937304564655404	0.0	0.0	0.0	3.6787754398844195	2.4985228757368603	0.0	0.0	1.0316643833125387	3.739719949888021	0.4700085481615642	0.0	0.0	0.0	0.0	0.0	0.0	0.0	0.0	0.0	0.0	0.0	0.0	0.0	3.910193679819986	0.0	0.0	0.0	0.0	0.0	0.0	0.0	0.0	0.0	0.0	0.0	0.0	1.194084131997375	0.0	0.0	0.0	0.0	0.0	0.0	0.0	0.0	4.231157484495168	0.0	0.0	0.0
SRR39238514	0.0	0.0	0.0	3.3242732129466965	0.6971561309568863	0.0	0.0	0.29989721290185023	3.031559270061697	4.85522682998856	0.6971561309568863	0.0	0.4756102201573833	0.0	0.0	0.0	0.0	0.0	0.6003597072534451	0.0	0.0	0.0	0.0	0.0	3.255171296239414	0.0	1.6509945265352266	0.9011056739317544	0.0	0.0	0.0	1.4749285356153687	0.0	0.0	0.0	3.819507282110103	2.5682805260642128	0.0	0.0	1.9008498889269332	3.55100815442743	2.0189424321600082	0.0	0.0	0.0	0.0	0.0	0.0	0.0	0.0	0.0	0.0	0.0	0.0	0.29989721290185023	3.6926879334434126	0.0	0.0	0.0	0.0	0.0	0.0	0.0	0.0	0.0	0.0	0.0	0.0	2.5266549014835147	0.0	0.0	0.0	0.0	0.7762616342929797	0.0	0.0	0.0	3.659450025405432	1.1118497478485494	0.0	0.0
SRR39238515	0.4695942448155971	0.0	0.0	3.1987179257247105	0.0	0.0	0.0	0.0	2.58418537410584	4.913476780471916	1.7741781367345606	0.0	0.0	0.0	0.0	0.0	0.0	0.29539700367939076	0.0	0.0	0.0	0.0	0.0	0.0	2.200918077988168	0.0	0.29539700367939076	0.4695942448155971	0.0	0.0	0.29539700367939076	1.4204490799816296	0.0	0.0	0.0	2.6119366376031166	2.5627218973869033	0.0	0.0	3.0796323871655265	2.8490138461266965	3.2390864494125897	0.0	0.0	0.0	0.0	0.0	0.0	0.0	0.0	0.29539700367939076	0.0	0.0	0.0	0.0	3.405304901825366	0.0	0.0	0.0	0.0	0.0	0.0	0.0	0.29539700367939076	0.0	0.0	0.6899218102744125	0.59358286590408	3.530492058868803	0.0	0.0	0.0	0.0	0.0	0.0	0.0	0.0	3.44366123968702	0.0	0.0	0.0
SRR39238516	0.2526595595444224	0.5273215688262161	1.405948550818232	3.5002535859983674	2.0019047488261084	0.8145418652811197	0.0	0.0	4.713802811687859	4.152564042909512	2.074052505023086	0.0	0.0	0.0	0.0	0.0	0.0	0.2526595595444224	0.0	0.0	0.0	0.2526595595444224	0.0	0.0	2.437852237819216	0.0	0.5273215688262161	0.5273215688262161	0.0	0.41135122241586175	0.2526595595444224	0.8145418652811197	0.0	0.0	0.0	0.0	2.0219115477440512	0.0	0.0	0.8145418652811197	1.2822065022310458	3.640797680271133	0.2526595595444224	0.0	0.0	0.0	0.0	0.0	0.0	0.0	0.2526595595444224	0.0	0.0	0.0	0.41135122241586175	3.3587272037467395	0.0	0.0	0.0	0.0	0.0	0.2526595595444224	0.0	0.5273215688262161	0.5273215688262161	0.0	0.41135122241586175	0.0	0.2526595595444224	0.0	0.0	0.0	0.0	0.0	0.0	0.0	0.41135122241586175	4.3187640144421815	0.41135122241586175	0.2526595595444224	0.0
SRR39238517	0.0	0.2796088965762476	0.0	2.4572513148203843	0.9606472073968875	0.0	0.0	0.0	2.8916070848067945	4.509299205338502	3.031266917506864	0.0	0.2796088965762476	0.0	0.0	0.0	0.0	0.0	0.0	0.0	0.0	0.0	0.0	0.0	3.7054041604405246	0.0	2.8334788499019274	0.8077022992663044	0.0	0.4483183819351987	0.2796088965762476	3.4675426960200224	0.0	0.0	0.2796088965762476	0.741838962022709	1.9693322328950946	0.0	0.0	0.2796088965762476	4.718192644407409	1.9155955543946623	0.0	0.0	0.0	0.0	0.0	0.0	0.0	0.0	1.1630475053100249	0.0	0.0	0.0	0.0	2.3179750604941045	0.4483183819351987	0.0	0.0	0.0	0.0	0.0	0.0	0.0	0.0	0.0	0.2796088965762476	0.0	0.0	0.0	0.0	0.4483183819351987	0.0	0.741838962022709	0.0	0.0	0.4483183819351987	3.162630952999689	0.0	0.0	0.0
SRR39238518	0.0	0.0	0.0	2.4634952645393318	0.24861638056815308	0.0	0.0	0.0	2.44220752344964	4.781952832311538	0.977671167885975	0.0	0.0	0.0	0.0	0.0	0.0	0.0	0.0	0.0	0.0	0.0	0.0	0.0	3.557218880766201	0.0	2.799282035561351	0.4057297643511013	0.0	0.0	0.0	1.1000031363076692	0.0	0.0	0.0	3.020641656429361	2.790674345345859	0.0	0.0	3.5291733795182094	3.4586616504586316	1.4103374215961388	0.0	0.0	0.0	0.0	0.0	0.0	0.0	0.0	0.0	0.0	0.0	0.0	0.0	3.891354669497492	0.0	0.0	0.0	0.0	0.0	0.0	0.0	0.0	0.0	0.0	0.0	0.0	1.9682126551280272	0.0	0.0	0.0	0.0	0.4057297643511013	0.0	0.0	0.0	4.206913157454026	0.0	0.0	0.0
SRR39238519	0.0	0.6140202809895846	0.6140202809895846	3.7319588167820203	1.6065396826366205	0.0	0.0	0.0	2.634930817279552	4.29070138774357	2.139609379922201	0.0	0.0	0.0	0.0	0.0	0.0	0.0	0.0	0.0	0.0	0.3090400072875798	0.0	0.0	3.2234996632974093	0.0	1.6489807452921914	0.6140202809895846	0.0	0.7914203548409937	0.6140202809895846	2.0764372287723307	0.0	0.0	0.0	1.1608881145790215	2.4102637803388784	0.0	0.0	0.8587403682311405	3.5020168677388237	4.805525915972457	0.6140202809895846	0.0	0.0	0.0	0.0	0.0	0.0	0.0	0.0	0.0	0.0	0.0	0.7117160560981589	2.523682418257551	0.3090400072875798	0.0	0.0	0.0	0.0	0.0	0.4877687733403414	0.4877687733403414	0.0	0.0	0.3090400072875798	0.0	0.0	0.0	0.0	0.0	0.0	0.7117160560981589	0.0	0.0	0.0	3.330787467298243	1.687641025014822	0.0	0.0
SRR39238520	0.59355046092971	0.2953755416483634	0.0	3.203732109147734	0.7686858415839659	0.0	0.0	0.0	3.4990310084811034	4.808285615935097	2.8281112383164397	0.0	0.0	0.0	0.0	0.0	0.0	0.0	0.0	0.0	0.0	0.2953755416483634	0.0	0.0	4.201816097194077	0.0	0.59355046092971	0.6898871993995234	0.2953755416483634	0.0	0.0	2.359733439866472	0.0	0.0	0.0	0.9441386775452416	2.517567322712009	0.0	0.0	2.9686319484139387	2.4248213935859044	3.0575539523783695	0.0	0.0	0.0	0.0	0.46956550346234316	0.0	0.0	0.2953755416483634	0.0	0.0	0.0	0.0	0.0	3.6382459707029025	0.0	0.0	0.0	0.0	0.0	0.0	0.0	0.0	0.0	0.0	0.46956550346234316	0.2953755416483634	0.0	0.0	0.0	0.0	0.0	0.0	0.0	0.0	0.0	3.6394121165842157	0.0	0.0	0.0
SRR39238521	1.3209834250904333	0.0	1.3728942517378881	4.427975346828608	2.441186705543125	0.0	0.0	0.0	3.810255110084656	4.07448039064566	3.2640711597827887	0.0	0.5633279929904982	0.0	0.3672356856174122	0.0	0.0	0.0	2.3685418610813582	0.3672356856174122	0.0	0.8834783183020226	0.0	0.0	4.248658499512444	0.0	3.4916957297093116	1.440706056554928	0.0	0.5633279929904982	1.1551401123503378	2.4219530228830957	0.0	0.0	0.0	2.209117957223872	3.212751717820489	0.0	0.0	1.6115177999352717	2.977796508890079	4.08500284778067	0.9530891406103179	0.0	0.0	0.3672356856174122	0.0	0.0	1.0130684424392804	0.6979321103241873	0.0	0.0	0.0	0.0	1.9481068541893372	2.7507529926201304	0.3672356856174122	0.0	0.8005397574510348	0.0	0.3672356856174122	0.0	0.6979321103241873	1.0657604223564643	0.0	0.0	0.9530891406103179	0.8834783183020226	2.0361406660566317	0.3672356856174122	0.0	0.0	0.3672356856174122	0.0	0.0	0.0	0.8005397574510348	4.107796948679994	1.4806652270825946	1.1127455619097935	0.0
SRR39238522	0.0	0.0	0.0	3.9008954299641103	1.769023024501989	0.8164455843156013	0.0	0.0	3.774963792261774	4.761182218338807	2.20962054623177	0.0	0.0	0.0	0.0	0.0	0.0	0.0	0.3244092971587461	0.0	0.0	0.0	0.0	0.0	3.9433505695081084	0.0	2.0785871193293626	0.8164455843156013	0.0	0.3244092971587461	0.0	2.152435966777693	0.0	0.0	0.0	1.0412168435563944	2.742706536877328	0.0	0.0	3.2785348750273187	3.624649986304002	3.539565567087467	0.0	0.0	0.0	0.0	0.0	0.0	0.0	0.0	0.0	0.0	0.0	0.0	0.3244092971587461	3.335130807866014	0.0	0.0	0.0	0.0	0.0	0.0	0.0	0.7357956752701198	0.0	0.0	0.6366733131739997	0.0	2.0182315075158757	0.0	0.0	0.0	0.0	1.1211256544219057	0.0	0.0	0.0	3.57575099921564	2.319491767674061	0.0	0.0
SRR39238523	1.730255830233584	0.8202072184651819	1.4631526886747173	2.7427507523769776	2.495434533873301	1.495467646925329	0.0	0.5110855393617388	4.0301799360134885	4.680070285446766	2.8581371584620285	0.7394196518042299	1.1927410220735113	0.0	0.0	0.5110855393617388	0.3267489674022609	0.5110855393617388	1.812612582035628	1.3699641033908425	0.6400889627351762	0.6400889627351762	0.0	0.5110855393617388	4.159675742858437	0.0	1.7815179130336418	1.7733834871707344	0.0	0.0	0.6400889627351762	2.2827194731739193	0.0	0.3267489674022609	0.0	2.6658353236007795	3.0258408512452593	0.3267489674022609	0.9989625458176536	2.0037170701598916	0.0	4.0069308410664	1.4460463783705042	0.0	0.0	0.0	0.5110855393617388	0.6400889627351762	0.8882977532998533	0.3267489674022609	0.0	0.0	0.0	0.3267489674022609	0.8882977532998533	3.797713661641288	0.0	0.0	1.9066756874651019	0.8202072184651819	0.9989625458176536	0.3267489674022609	1.5536712072701822	1.6923776084931283	1.7392307982887667	0.5110855393617388	1.087077436157618	0.947145536795835	1.087077436157618	1.2776614752074011	0.0	1.3026403673181937	0.8202072184651819	0.3267489674022609	0.0	0.0	0.3267489674022609	3.563335958093209	1.2229308459991894	0.9989625458176536	0.0
SRR39238524	0.8241814078645948	0.0	0.6437005625774118	2.9070862589546405	1.4999977022444813	1.0913752368952172	0.32922915614977716	0.32922915614977716	2.91673923077841	4.817468602747909	2.126124824916331	0.0	0.32922915614977716	0.0	0.0	0.0	0.0	0.0	0.6437005625774118	0.6437005625774118	0.0	0.0	0.0	0.0	3.5317825580865234	0.0	1.98349250572783	1.5972760902424148	0.32922915614977716	0.6437005625774118	0.0	1.7348480038851426	0.0	0.0	0.0	2.9571609028544175	2.103437491611784	0.0	0.32922915614977716	2.6156386459392382	0.5143274190461424	2.4558750475047884	0.5143274190461424	0.0	0.0	0.0	0.0	0.32922915614977716	0.0	0.0	0.7432496477912228	0.0	0.0	0.0	1.5300837520063888	4.202567419124619	0.0	0.0	0.6437005625774118	0.0	0.5143274190461424	0.0	0.8241814078645948	0.6437005625774118	0.32922915614977716	0.7432496477912228	0.0	0.9512984111926531	1.5582199202047877	0.5143274190461424	0.0	0.0	0.0	0.0	0.0	0.0	0.0	3.923961891505153	0.32922915614977716	0.0	0.0
SRR39238525	2.3683449191590276	0.7724167225648201	2.9442117540631205	3.5379233166887922	3.367127099734324	3.020363595746779	1.1976632853571207	2.110433735625439	3.249530322834814	4.535122321342063	3.2507318470174096	1.3407514857211353	0.34836792520938253	0.0	1.9462212617691388	0.0	0.7724167225648201	0.854404379499115	3.0079515711935603	1.5183615107051938	1.3156593322668986	0.854404379499115	0.539157385306572	0.34836792520938253	4.393880747056172	0.854404379499115	2.5063483287459363	2.344840026558606	1.3407514857211353	2.262659708065086	2.0668863823514547	3.479506743867896	0.0	1.3156593322668986	1.1623720724898978	1.9462212617691388	2.5935551784607966	0.7724167225648201	1.6900420951803223	2.4945329470323108	4.003876334958982	3.525037219532501	2.2478169611737053	0.0	0.539157385306572	1.50185445474817	2.043357644706096	1.4846951093033787	1.4083498255014257	0.7724167225648201	1.2890280539428958	0.34836792520938253	0.539157385306572	1.4287307375694347	2.0804151021237605	3.27692290668461	1.1623720724898978	1.50185445474817	2.826266734703372	1.50185445474817	2.4013765193346215	1.578750519314802	2.411851404336865	1.50185445474817	1.9810704473497494	0.539157385306572	1.7113286271377803	1.6440576431883633	1.4668297944158541	2.262659708065086	0.671262794271125	0.539157385306572	1.3407514857211353	0.9233447030180454	0.0	0.671262794271125	1.1976632853571207	3.326509536623804	2.6741388844547336	2.5683157405829986	1.3407514857211353
SRR39238526	0.8873402226288709	0.0	1.344481193852332	4.211635836608971	2.4634563488762184	1.0250175812362594	0.0	0.0	2.9395805117746976	4.344982476245235	3.028464628871796	0.46517356837954316	0.0	0.0	0.46517356837954316	0.0	0.0	0.0	1.6983104789579506	0.0	0.0	0.5885954657206297	0.0	0.0	4.2753164009039875	0.0	1.4596879729386505	1.6635778785701734	0.46517356837954316	0.5885954657206297	1.1592709207734424	2.532233166294329	0.0	0.0	0.0	4.180940879486701	3.345760827562705	0.0	0.0	1.6258241856718303	3.6446203247810387	3.790976489386729	1.3806293848167641	0.0	0.0	0.0	0.5885954657206297	0.0	0.8873402226288709	0.8873402226288709	0.0	0.0	0.0	0.46517356837954316	1.2616752866287693	3.826246289034418	0.5885954657206297	0.0	1.062667055414484	0.6845928256980175	1.305048808959158	0.0	1.062667055414484	1.0250175812362594	1.0250175812362594	0.46517356837954316	1.0973114381165003	0.8873402226288709	1.062667055414484	0.8296754754673094	0.0	0.2921001864085192	0.8873402226288709	0.7631645691445464	0.0	0.0	0.0	3.3598130472180037	1.9315499141845083	0.8873402226288709	0.0
SRR39238527	0.0	0.7889224274264761	0.0	3.3018067963760243	1.2674598644383246	0.48575946174452883	0.0	0.0	2.8251188438039057	4.829671563413869	2.4474159173827252	0.0	1.2425946941399224	0.0	0.0	0.0	0.0	0.0	0.7093154246122508	0.0	0.0	0.6117659928294411	0.0	0.0	4.196475882375287	0.0	1.0531299417580258	0.48575946174452883	0.0	0.0	0.7093154246122508	2.3138601924927698	0.0	0.0	0.0	1.2425946941399224	2.225003380003936	0.0	0.0	0.7093154246122508	2.2558591696624575	3.6426060750154794	0.0	0.0	0.0	0.0	0.48575946174452883	0.0	0.0	0.0	0.0	0.0	0.0	0.0	0.0	3.2037772536346063	0.0	0.0	0.0	0.0	0.0	0.0	0.0	0.48575946174452883	0.0	0.0	0.0	0.3075247051939822	0.0	0.0	0.0	0.3075247051939822	0.0	1.0116214404575596	0.0	0.0	0.0	3.2137362203769406	3.4432865981088225	0.3075247051939822	0.0
SRR39238528	0.0	0.0	0.0	3.333820890573022	0.4728466231951799	0.0	0.0	0.0	4.174901584377536	3.4503957806048415	2.3074708250963463	0.0	0.0	0.0	0.0	0.0	0.0	0.0	0.0	0.0	0.0	0.0	0.0	0.0	3.917386663580459	0.0	2.076411055399617	0.4728466231951799	0.0	0.0	0.4728466231951799	1.4851427057460476	0.0	0.0	0.0	0.8395943172892677	1.8132142108623663	0.0	0.0	0.0	1.7998533147150124	4.825819245749122	0.0	0.0	0.0	0.0	0.0	0.0	0.0	0.0	0.0	0.0	0.0	0.0	0.5972480603632226	2.737093624193323	0.0	0.0	0.0	0.0	0.0	0.2978279729179728	0.0	0.0	0.0	0.0	0.0	0.0	0.4728466231951799	0.0	0.0	0.0	0.0	1.073292717876333	0.0	0.0	0.0	3.0282066066855355	0.0	0.0	0.0
SRR39238529	0.0	1.0829928870291823	0.0	3.67384432368853	1.2591991297447922	0.0	0.0	0.3031132185570615	3.1552168326367327	4.543332883238114	4.219211895919539	0.0	0.0	0.0	0.0	0.0	0.0	0.0	0.3031132185570615	0.0	0.0	0.6051810903118002	0.0	0.0	2.9593584520775282	0.0	0.781617757614286	0.781617757614286	0.0	0.3031132185570615	0.7022983812318935	1.3841953467689334	0.0	0.0	0.8486631848787187	0.3031132185570615	2.5381705110231616	0.0	0.0	1.5091771886970873	0.6051810903118002	4.407397002297302	0.0	0.0	0.0	0.0	0.0	0.0	0.0	0.0	0.0	0.0	0.0	0.0	0.3031132185570615	4.103940368524986	0.0	0.0	0.0	0.0	0.0	0.0	0.0	0.0	0.0	0.0	0.3031132185570615	0.0	0.3031132185570615	0.0	0.0	0.0	0.0	0.0	0.0	0.0	0.3031132185570615	0.3031132185570615	0.0	0.0	0.0
SRR39238530	0.0	0.0	0.0	2.072940986946449	0.2997179207026701	0.2997179207026701	0.0	0.0	2.381198132862556	4.469323417671224	3.122855114366578	0.0	0.0	0.0	0.0	0.0	0.0	0.0	0.0	0.0	0.0	0.0	0.0	0.0	4.326993577494312	0.0	1.660187008361135	0.9976354035000504	0.0	0.6000903893880585	0.0	1.4446240414226599	0.0	0.0	0.0	3.050836809751356	2.1341116823606145	0.0	0.0	0.9976354035000504	4.614235884803819	1.4124465984378802	0.0	0.0	0.0	0.0	0.0	0.0	0.0	0.0	0.0	0.0	0.0	0.0	0.47537093906940286	3.250226377723829	0.47537093906940286	0.0	0.0	0.0	0.0	0.0	0.0	0.0	0.0	0.0	0.2997179207026701	0.2997179207026701	0.47537093906940286	0.0	0.0	0.0	0.0	0.47537093906940286	0.0	0.0	0.0	2.774803097259973	0.0	0.0	0.0
SRR39238531	0.0	1.3520639867971054	0.0	3.9088911873924554	1.4130922476491177	1.0484923807888735	0.0	0.0	2.4112745969740743	4.675555913463058	2.2350727638054524	0.0	1.306024828501869	0.0	0.0	0.0	0.0	0.0	0.3286355755256342	0.0	0.0	0.7423341018285216	0.0	0.0	4.394280171653081	0.0	1.845139004406061	2.030753676773303	0.6428370583093675	1.5432939832073327	0.9503059629336476	1.9221110569343454	0.0	0.0	0.0	2.153531256225866	1.8656982512130806	0.0	0.5135520609720178	1.7152218328955249	1.89167900400342	4.0808649089129485	0.0	0.0	0.0	0.0	0.0	0.0	0.0	0.0	0.0	0.0	0.0	0.0	1.0021680622693916	3.4086067724381373	0.0	0.0	0.0	0.0	0.0	0.0	0.0	0.3286355755256342	0.0	0.0	0.9503059629336476	0.0	0.7423341018285216	0.3286355755256342	0.0	0.3286355755256342	0.6428370583093675	1.0021680622693916	0.0	0.0	0.5135520609720178	3.0771770118136934	0.8913999959583307	0.5135520609720178	0.0
SRR39238532	0.7492122239948096	0.33310565314448437	0.7492122239948096	3.1755090769208407	1.7683811171736443	1.0561327080317031	0.0	0.0	3.1622690952526056	4.786104415232708	2.0948332635505755	0.0	0.0	0.0	0.0	0.0	0.0	0.0	1.6043598598165616	0.0	0.0	0.33310565314448437	0.0	0.0	4.043394511303386	0.0	2.914343274929957	1.8463267868755058	0.0	0.0	0.33310565314448437	2.5614487255295915	0.0	0.0	0.0	3.4171787980022246	2.2318158456024446	0.33310565314448437	0.0	1.4397435298791128	3.864366897521061	2.8930889083857974	1.0097246503340527	0.0	0.0	0.0	0.0	0.0	0.0	0.0	0.0	0.0	0.0	0.0	1.288984092483561	3.247448864975402	0.5193831106771281	0.0	0.8987160296719092	0.0	0.0	0.0	0.0	0.33310565314448437	0.0	0.0	0.8987160296719092	1.0980569514808853	0.0	0.0	0.0	0.0	0.5193831106771281	0.0	0.0	0.0	0.0	3.898703010121686	1.288984092483561	0.6493267328038853	0.0
SRR39238533	0.5890408322265626	0.29239406458206624	0.6850688658548831	3.3033306564789577	0.9843295110457753	0.29239406458206624	0.0	0.0	2.948244159919954	4.749107345903755	1.7890109680406499	0.0	0.29239406458206624	0.0	0.0	0.0	0.0	0.29239406458206624	1.063215163252799	0.0	0.0	0.0	0.0	0.0	4.113016670174916	0.0	3.4606922709359624	0.7636611289902558	0.0	0.0	0.0	3.404656821309307	0.0	0.0	0.0	0.8301867269610548	3.6897006049946333	0.0	0.0	1.3982104341565127	3.485258692553713	3.6953743715092777	0.6850688658548831	0.0	0.0	0.0	0.0	0.0	0.0	0.0	0.0	0.0	0.0	0.29239406458206624	0.0	3.1714929287132367	0.0	0.0	0.0	0.0	0.0	0.0	0.0	0.29239406458206624	0.0	0.0	0.29239406458206624	0.0	0.0	0.0	0.0	0.0	0.0	0.7636611289902558	0.0	0.0	0.0	3.7263793552790228	1.1598293810931901	0.0	0.0
SRR39238534	0.0	0.0	0.0	3.7519210226568154	2.7890070666565663	0.0	0.0	0.0	2.4363985426413715	3.772668313581991	3.60533497576143	0.0	0.0	0.0	0.0	0.0	0.0	0.31364430288697925	0.0	0.0	0.4938602044047691	0.0	0.0	0.0	3.126600492086484	0.0	2.0068918938797626	0.0	0.0	0.7989760376521979	0.0	0.6208466647263059	0.0	0.0	0.0	1.7486920655524967	1.9166571160502162	0.0	0.0	0.4938602044047691	1.1369523872797178	2.3652062619111223	0.0	0.0	0.0	0.0	0.0	0.0	1.3661950268449528	0.0	0.0	0.0	0.0	0.0	0.0	3.2611437905412153	0.0	0.0	0.0	0.0	0.0	0.0	0.0	0.0	0.0	0.0	0.31364430288697925	0.0	0.31364430288697925	0.0	0.0	0.0	0.0	0.0	0.0	0.0	0.31364430288697925	4.88710499374544	0.0	0.0	0.0
SRR39238535	0.2860993102295733	0.0	0.0	3.378537292115236	1.489073878951812	0.4570973857771502	0.0	0.0	2.310194836383694	3.6962586208982575	3.565772052054421	0.0	0.0	0.0	0.0	0.0	0.0	0.0	0.0	0.0	0.0	0.0	0.0	0.0	3.4038680280000015	0.0	1.9289942009125045	0.2860993102295733	0.0	1.4477763734902633	0.0	0.5794669552418662	0.0	0.0	0.0	1.461983041551733	2.1371384365604884	0.0	0.0	0.2860993102295733	0.0	1.6944764520138413	0.0	0.0	0.0	0.0	0.0	0.0	0.0	0.0	0.0	0.0	0.0	0.0	0.0	3.863150859328552	0.0	0.0	0.0	0.0	0.0	0.0	0.0	0.0	0.0	0.0	0.2860993102295733	0.0	0.0	0.0	0.0	0.0	0.0	0.6748281408962851	0.0	0.0	0.0	4.879911548177747	0.0	0.0	0.0
SRR39238536	0.0	0.0	0.30115182691096	3.413878531559105	1.1141682448443389	0.4772836887886105	0.0	0.0	2.1369624176691255	3.367599444820426	2.9788803208706685	0.0	0.0	0.0	0.0	0.0	0.0	0.0	0.0	0.0	0.0	0.0	0.0	0.0	3.2913902654753557	0.0	1.6629961651931977	0.4772836887886105	0.0	0.8453068726606049	0.0	0.30115182691096	0.0	0.0	0.0	0.6022427253844775	1.6814797915057906	0.0	0.0	0.30115182691096	0.0	2.276704143820669	0.0	0.0	0.0	0.0	0.0	0.0	0.0	0.0	0.0	0.0	0.0	0.0	0.0	3.7271337233895094	0.0	0.0	0.0	0.0	0.0	0.0	0.0	0.0	0.0	0.0	0.4772836887886105	0.0	0.0	0.0	0.0	0.0	0.0	0.0	0.0	0.0	0.0	4.922553788628306	0.0	0.0	0.0
SRR39238537	1.6857774019617173	0.8335814589161603	1.7649130843156802	3.371251326633603	2.3914215034711166	1.029168216081532	0.0	0.6882307696443934	2.660504918094487	4.504561089108441	2.956895463184188	1.2660067908856092	0.4681904356238604	0.0	0.0	0.0	0.2943491577531939	0.4681904356238604	2.1072114762168472	0.0	0.0	0.9878994946416458	0.0	0.0	4.319235556707944	0.2943491577531939	2.051109822130194	1.7426486805136985	0.0	1.4341801648740364	0.0	2.60040904170563	0.0	0.0	0.0	1.6943722135371915	3.1476117680239706	0.0	0.0	1.6589227042207848	3.6856803654240733	3.752725980191486	1.3295778618401772	0.0	0.0	0.0	0.0	0.0	0.0	0.0	0.0	0.0	0.0	0.5919997952472906	1.1015281006978102	2.9474951031030234	0.9878994946416458	0.8913301995238883	1.1015281006978102	0.0	0.4681904356238604	0.0	0.6882307696443934	1.4341801648740364	0.0	0.0	1.2660067908856092	0.2943491577531939	0.2943491577531939	0.5919997952472906	0.0	0.6882307696443934	0.2943491577531939	1.2177866502528387	0.0	0.0	0.9422934672558969	3.272997485293127	4.391897919416728	1.8843341271076455	0.0
SRR39238538	0.0	0.0	0.8244634786469713	3.19068797942199	0.6797420041975909	0.4611576227188359	0.0	0.0	2.083233091506681	4.6464834782764015	2.6376958106914095	0.2891126189799615	0.0	0.0	0.0	0.0	0.4611576227188359	0.0	0.4611576227188359	0.0	0.0	0.0	0.0	0.0	4.237307325290683	0.0	2.601200323525257	0.5840590064166284	0.0	0.5840590064166284	0.0	1.925498176597503	0.0	0.0	0.0	1.6838862567714385	2.1433153677244072	0.0	0.0	1.2558888366115029	4.260892240647889	2.5249024472633335	0.2891126189799615	0.0	0.0	0.0	0.0	0.0	0.0	0.0	0.0	0.0	0.0	0.0	0.0	3.982810611926204	0.0	0.0	0.0	0.0	0.0	0.0	0.0	0.2891126189799615	0.0	0.0	0.0	0.0	0.0	0.0	0.0	0.0	0.0	1.2077375767356284	0.0	0.0	0.0	3.3260880901118344	3.4112046034511367	0.0	0.0
SRR39238539	0.8357009762490573	0.0	0.8934949725859663	2.739544950546337	0.8357009762490573	0.29557311455683904	0.0	0.0	2.3656404899512946	4.445109803078948	3.9619609909543856	0.0	0.7690179805334402	0.0	0.0	0.0	0.0	0.0	0.29557311455683904	0.0	0.0	0.0	0.0	0.0	4.193110332670309	0.0	2.6517988110303956	0.46983006939916505	0.0	0.6902057769864737	0.0	1.3696912627902122	0.0	0.46983006939916505	0.0	2.39046147748194	2.999327618084056	0.0	0.0	0.46983006939916505	1.7374034102684577	2.556073308471193	0.0	0.0	0.0	0.0	0.0	0.0	0.0	0.0	0.0	0.0	0.0	0.0	0.5938487404050532	3.8910210842618724	0.0	0.0	0.5938487404050532	0.0	0.0	0.0	0.0	0.0	0.0	0.0	0.0	0.0	0.0	0.0	0.0	0.0	0.0	0.9901277030304502	0.0	0.0	0.0	4.530221809613943	1.1938314296162675	0.29557311455683904	0.0
SRR39238540	1.8942717499760942	1.2916813640741818	2.18380582201609	4.433788162364493	2.780024673953022	1.1265443965113004	0.7099118845958995	0.6123260214561226	2.9326967318236252	4.147587670511745	3.0659320116993767	1.6761007412983684	0.307900908137647	0.6123260214561226	0.4862585254511621	0.0	0.0	0.9663833102280179	2.323199175459627	0.307900908137647	0.0	1.51836511890707	0.0	0.0	3.386909022382176	0.0	2.217670892840471	2.350032684338386	0.4862585254511621	1.1265443965113004	1.0538055069139216	2.5281415138286567	0.0	0.0	0.307900908137647	1.3554469275135865	2.2336620311040654	0.0	0.4862585254511621	2.5638253521794647	2.4417195173577517	4.66550346307096	2.2807339776230697	0.0	0.0	0.0	0.0	0.7895431137934382	0.6123260214561226	0.0	0.0	0.0	0.0	0.9150436744826593	1.5045632898784156	2.8129540546196012	1.5317418037418948	2.0305390648476993	1.6467909925877813	0.8568110347467377	1.091696031755712	0.0	0.7895431137934382	2.110437427768771	0.7099118845958995	0.4862585254511621	2.7194721002896634	0.307900908137647	0.0	0.6123260214561226	0.0	0.7895431137934382	1.2916813640741818	1.2681609539574379	0.0	0.0	0.7099118845958995	2.6773066193148405	2.143869139520415	2.2257400589408163	0.0
SRR39238541	0.0	0.0	0.0	2.773095934915033	0.4776384332703395	0.0	0.0	0.0	4.296804133969636	4.629195103873001	1.415719082270927	0.0	0.3014179373043578	0.0	0.0	0.0	0.0	0.0	0.0	0.0	0.0	0.3014179373043578	0.0	0.0	2.949187630258416	0.0	2.3529546113960027	0.3014179373043578	0.0	0.0	0.0	1.5059013007921376	0.0	0.0	0.0	2.0460915351987645	2.274929264782004	0.0	0.0	2.3311856896169156	3.903322219391036	4.004795733536603	0.0	0.0	0.0	0.0	0.0	0.0	0.0	0.0	0.6026417739148295	0.0	0.0	0.0	0.69959054473218	3.1648302978675154	0.0	0.0	0.0	0.0	0.0	0.0	0.0	0.0	0.0	0.0	0.0	0.4776384332703395	1.1768151367031179	0.0	0.0	0.0	0.0	0.9549319440683037	0.0	0.0	0.0	4.114317757349331	0.0	0.0	0.0
SRR39238552	0.33261277173833587	0.0	0.0	4.18211939309786	0.7484556913910241	0.0	0.0	0.0	2.5437099432208368	4.051445509364543	3.4737980926716334	0.0	0.0	0.0	0.0	0.0	0.0	0.0	0.0	0.0	0.0	0.0	0.0	0.0	3.3332991026610332	0.0	2.3992189375751214	0.33261277173833587	0.0	0.0	0.0	1.0552929942884401	0.0	0.0	0.0	2.1287226757581115	2.064781011859617	0.0	0.0	0.0	0.0	3.0171291207044786	0.0	0.0	0.0	0.0	0.0	0.0	0.0	0.0	0.0	0.0	0.0	0.0	0.0	3.551385184253234	0.0	0.0	0.0	0.0	0.0	0.0	0.0	0.0	0.0	0.0	0.0	0.0	0.0	0.0	0.0	0.0	0.0	0.5187410596553054	0.0	0.0	0.0	4.779723519778307	0.0	0.0	0.0
SRR39238553	0.97804309157914	0.0	0.6795082949351907	2.9019057402296626	3.1658814095614107	0.460964332399861	0.0	0.0	2.5542390871510623	4.756822416645635	2.975558641840112	0.460964332399861	0.0	0.0	0.460964332399861	0.0	0.0	0.0	1.1532994216636023	0.0	0.0	0.0	0.0	0.0	4.4530607191128375	0.0	2.1743498278722817	1.2074603966166537	0.0	0.0	0.28896900382378005	2.2788547311663354	0.0	0.0	0.0	3.438538752634267	2.2137250370661654	0.0	0.5838405259713869	1.356792152523063	2.903446598318977	2.540268112493394	0.9325635543568259	0.0	0.0	0.0	0.0	0.0	0.28896900382378005	0.0	0.0	0.0	0.0	0.0	0.6795082949351907	3.305552946590781	0.0	0.0	0.28896900382378005	0.0	0.28896900382378005	0.0	0.0	1.1532994216636023	0.0	0.0	0.28896900382378005	0.0	0.5838405259713869	0.28896900382378005	0.0	0.28896900382378005	0.460964332399861	0.0	0.0	0.0	0.460964332399861	3.226455297133694	0.0	0.8242122585007866	0.0
SRR39238554	1.2446589364778113	0.0	1.6653826397766356	3.259780294296074	3.2023495032112446	1.644144369563109	0.32312053470325336	0.0	3.7045367155473117	4.718889090246681	2.932360357703991	0.0	0.0	0.0	0.0	0.0	0.0	1.695411149423607	1.8553931133095622	0.0	0.0	0.32312053470325336	0.0	0.0	3.7512694359927696	0.0	3.6944773993627122	2.3630614882185683	0.5063324726656696	1.9176253208918292	1.1538864447206085	2.656853568626846	0.0	0.0	0.5063324726656696	2.255047361196183	2.6834991261469923	0.0	0.0	1.9771325836089173	3.8423767072546857	3.383536988717912	0.0	0.0	0.32312053470325336	0.0	1.1862982193232912	0.7337948817155096	0.0	0.32312053470325336	0.0	0.0	0.0	0.5063324726656696	1.695411149423607	3.7203448309885228	0.8823067349611835	0.0	0.0	0.9927699153743293	1.6331226138969326	0.0	0.941040949510511	0.8143682776710864	0.32312053470325336	0.7337948817155096	1.4216094434940334	2.0017017735980196	1.1862982193232912	0.0	0.0	0.0	0.0	1.9117883730836804	0.5063324726656696	0.0	0.6347882405438064	3.909216068148759	2.1533830616843224	0.32312053470325336	0.0
