SAMPLE_ID	Acidobacteria	Actinobacteria	Aquificae	Bacteroidetes	Candidatus Omnitrophica	Candidatus Saccharibacteria	Chlamydiae	Chloroflexi	Chrysiogenetes	Cyanobacteria	Deferribacteres	Deinococcus-Thermus	Elusimicrobia	Firmicutes	Fusobacteria	Gemmatimonadetes	Kiritimatiellaeota	Proteobacteria	Spirochaetes	Synergistetes	Tenericutes	Thermodesulfobacteria	Thermotogae	Verrucomicrobia
ERR1624536	0.0	3.3040938285052124	0.25896620339938253	3.528276248824943	0.0	0.0	0.0	0.25896620339938253	0.0	1.3620130249821365	0.0	0.0	0.0	4.0551593300417625	0.25896620339938253	0.0	0.0	2.18139838326558	0.0	0.25896620339938253	0.0	0.0	0.25896620339938253	0.7702808933911074
ERR1624537	0.0	3.3442953927229735	0.0	3.612886491954758	0.0	0.0	0.9141087289031915	0.0	0.0	0.3426058852451005	0.0	0.3426058852451005	0.0	4.003270361984905	0.0	0.0	0.0	2.718836862781155	0.0	0.3426058852451005	0.0	0.0	0.3426058852451005	0.7637059285775676
ERR1624538	0.0	2.5622798570043708	0.0	3.7493494587902645	0.0	0.3160869982280087	0.0	0.0	0.0	1.14134543590128	0.0	0.0	0.0	4.021452560545679	0.0	0.0	0.0	2.609317690825632	0.0	0.3160869982280087	1.2583713892759485	0.0	0.0	0.3160869982280087
ERR1624539	0.0	3.4575058501580096	0.0	2.9155772181844846	0.0	0.481149579934255	0.8502704855225611	1.1517287504138418	0.0	0.6065892400884516	0.0	0.481149579934255	0.0	4.100009783771835	0.30405473712323106	0.0	0.0	2.5869378237604974	2.342460705563063	0.0	1.1517287504138418	0.0	0.0	0.0
ERR1624540	0.0	3.74789725878245	0.0	2.7077131525534965	0.0	0.3261412841804706	0.3261412841804706	0.0	0.0	0.7384794246815999	0.0	0.0	0.0	4.028393174633219	0.0	0.0	0.0	2.1166404319130083	0.3261412841804706	0.0	0.8192313910502619	0.0	0.0	0.0
ERR1624541	0.0	3.5522472145662483	0.0	2.9390128129903648	0.0	0.0	0.0	0.0	0.0	1.3555476971690272	0.0	0.0	0.0	4.090690515756668	0.0	0.0	0.0	2.157934298000095	0.0	0.2978104412491012	0.47282318967378667	0.0	0.0	0.0
ERR1624542	0.0	3.1009310880864933	0.0	2.989564207157643	0.0	0.0	0.0	1.7407714777046364	0.0	0.7048721347592306	0.0	0.0	0.0	4.149856950068628	0.0	0.0	0.0	2.7001973200985705	0.19898737921803197	0.4383217858312623	0.6519766396400843	0.0	0.0	0.5217666169407654
ERR1624543	0.0	2.9136918067324125	0.0	3.616525289495457	0.0	0.0	1.0475277001914742	0.0	0.0	1.104454007760534	0.0	0.2507294361860275	0.0	4.059150006307885	0.2507294361860275	0.0	0.0	2.6839856011578767	0.2507294361860275	0.6907579496432856	0.2507294361860275	0.0	0.0	0.0
ERR1624544	0.0	2.787415231372162	0.23089872786975707	3.512372857674756	0.0	0.23089872786975707	0.0	1.8303792014014768	0.0	1.2843360233709367	0.49210145102027064	1.0344143785558744	0.0	4.0875225114314935	0.23089872786975707	0.0	0.0	2.8190517267896595	1.5401361688279445	0.3808483301644037	1.0344143785558744	0.0	0.0	1.395499298664611
ERR1624545	0.0	1.5256867355018344	0.0	1.7074578684978003	0.0	0.0	0.0	0.0	0.0	0.0	0.0	0.0	0.0	3.3220711277026207	0.0	0.0	0.0	4.168535710328828	0.0	0.0	0.33495290853190784	0.0	0.0	0.0
ERR1624546	0.0	3.1414055400845218	0.0	3.4857483929170217	0.0	0.0	0.42970278695451825	1.3102997160741923	0.0	0.42970278695451825	0.0	0.0	0.0	4.060035208199554	0.42970278695451825	0.0	0.0	2.9434702311622525	1.7409165804918803	0.5483329241985928	1.108154015772612	0.0	0.0	1.4605963180050066
ERR1624547	0.0	3.209598388901783	0.0	2.815897053507927	0.0	0.3151382095989355	0.0	0.0	0.0	0.0	0.0	0.0	0.0	4.1616286492235615	0.0	0.0	0.0	2.1481425725539722	0.0	0.0	0.3151382095989355	0.0	0.0	0.0
ERR1624548	0.0	2.6661923598348634	0.0	3.4340830033800693	0.0	0.0	0.7778793305233647	0.844818348512868	0.0	0.9539524555334498	0.0	0.30086686417915665	0.0	4.091235150315545	0.0	0.0	0.0	3.137976611313346	0.9028044666684546	0.30086686417915665	0.6987089645396571	0.0	0.0	0.47690373245347173
ERR1624549	0.0	3.2327641581613897	0.0	3.3715378219002323	0.0	0.0	0.0	0.0	0.0	0.0	0.0	0.0	0.0	4.065823489886852	0.0	0.0	0.0	3.08693585460387	0.0	0.5562817422686024	0.6901732032598872	0.0	0.0	0.0
ERR1624550	0.0	2.7083490657869884	0.0	3.4458698280584206	0.0	0.0	0.0	0.0	0.0	0.0	0.0	0.0	0.0	3.7443947304497205	2.3746456146794426	0.0	0.0	3.8941173275627565	0.0	0.0	0.0	0.0	0.0	0.0
ERR1624551	0.0	3.590173905647692	0.0	3.4710384455374386	0.0	0.0	0.0	0.0	0.0	0.9964327577253955	0.0	0.0	0.0	3.982941024636507	0.0	0.0	0.0	2.653672776821352	0.0	0.0	0.2768797580012325	0.0	0.0	0.2768797580012325
ERR1624552	0.0	3.118870209185485	0.0	2.6924110256090903	0.0	0.3118015850523406	0.0	0.0	0.3118015850523406	0.3118015850523406	0.0	0.0	0.0	4.095072360023772	0.0	0.0	0.0	3.4247379681144188	0.0	0.0	0.4914248115498191	0.0	0.9217684889345409	0.0
ERR1624553	0.0	3.0275031827176986	0.3025428012997203	3.716510320817808	0.0	0.4791371601286698	0.6043272282400459	0.0	0.0	1.1167321211321515	0.0	0.0	0.0	4.001584516182498	0.0	0.0	0.0	2.7173443090307483	0.8476882038570336	0.4791371601286698	1.7883008497948791	0.0	0.0	1.0441393332426798
ERR1624554	0.0	3.153990409841675	0.0	3.3326803130100915	0.0	0.0	0.0	0.3808483301644037	0.0	0.0	0.0	0.0	0.0	4.108532122322876	0.3808483301644037	0.0	0.0	2.6783311337802442	0.0	0.5805881847100731	0.0	0.0	0.0	1.4634519829643464
ERR1624555	0.0	3.678307141406609	0.0	3.1059795123960696	0.0	0.0	0.0	0.0	0.0	0.9306616547496168	0.0	0.0	0.0	4.031845819439627	0.0	0.0	0.0	2.0563916326516267	0.0	0.0	0.0	0.0	0.0	0.0
ERR1624556	0.0	2.875365756028015	0.0	2.9624984384967865	0.0	0.5442168195696744	1.3224176503695904	0.0	0.0	0.6369823149434972	0.263336115810858	1.2263660246917818	0.0	4.137250990143985	0.0	0.0	0.0	3.170274173462695	0.0	0.263336115810858	0.83481040492509	0.0	0.0	1.1305266154750464
ERR1624557	0.0	3.0906613472165443	0.0	3.573951476222596	0.2820935688393379	0.0	0.0	0.2820935688393379	0.0	0.7461156922806648	0.0	0.0	0.0	4.065992901161605	0.0	0.0	0.0	2.4597028317141287	0.0	0.5733364419658692	0.6682622822216532	0.0	0.2820935688393379	0.4516846471616145
ERR1624558	0.0	3.200660897642595	0.0	2.9830938265515394	0.0	0.4782754334349009	1.0015574176963578	0.0	0.0	0.4782754334349009	0.0	0.0	0.0	4.115105043954423	0.4782754334349009	0.0	0.0	3.121314583745384	0.0	0.4782754334349009	0.4782754334349009	0.0	0.0	0.3018959171360718
ERR1624559	0.0	2.6565308062229382	0.0	3.587003974865131	0.0	0.29933688539018904	0.0	0.0	0.29933688539018904	1.1108124366263177	0.0	0.29933688539018904	0.0	3.946972389198048	0.0	0.0	0.0	3.571564835100974	0.0	0.29933688539018904	1.17292542832117	0.0	0.0	0.0
ERR1624560	0.0	3.373254166820697	0.0	3.0399210137486663	0.0	0.0	1.3453477685653368	0.0	0.0	0.32491762611004765	0.0	0.0	0.0	4.013370242429172	0.9958415736258928	0.0	0.0	3.482039246157484	0.0	0.0	1.219669252203894	0.0	0.0	1.8783891305636413
ERR1624561	0.0	2.954003659373614	0.0	3.0878203132177218	0.0	0.0	0.0	0.9440139327025837	0.0	0.5559206030990238	0.5559206030990238	0.0	0.0	4.150552821789842	0.0	0.0	0.0	2.7980535653324456	0.0	0.6897751943216169	0.36142898815341906	0.0	0.0	1.1456369626803755
ERR1624562	0.0	3.2171883225576776	0.0	2.9915180516989133	0.0	0.0	0.0	0.29788575148620083	0.0	0.4729238500586716	0.0	0.0	0.0	4.093921738239031	0.29788575148620083	0.0	0.0	3.273130710603881	0.0	0.4729238500586716	0.0	0.0	0.0	0.29788575148620083
ERR1624563	0.0	2.2949628190763485	0.0	2.8829156008622037	0.0	0.0	0.0	1.5800538963386488	0.0	0.8555560833597702	0.0	0.0	0.0	4.1119186490821455	0.3491068729499056	0.0	0.0	3.4733409271245366	0.0	0.3491068729499056	0.8555560833597702	0.0	0.0	0.0
ERR1624564	0.0	3.3582769131602843	0.0	3.485692212062277	0.0	0.0	0.0	0.0	0.0	1.4784480559639264	0.0	0.0	0.0	4.00482179787249	1.7660586529831541	0.0	0.0	3.0995996533651033	0.26273437245384734	0.8336798299106345	1.2661158238082235	0.0	0.0	2.0242000903892494
ERR1624565	0.0	3.1481272701383594	0.0	3.4803592376819834	0.0	0.0	0.8731367741085125	1.4518544193129046	0.0	0.9130386559076071	0.9130386559076071	0.588176495341158	0.0	3.986828061882029	0.0	0.0	0.0	3.429598767335724	0.23515904907698376	0.4990837262278484	0.4990837262278484	0.0	0.23515904907698376	1.7100973424044468
ERR1624566	0.0	3.155348983529378	0.0	3.2617276568628903	0.0	0.0	0.0	0.0	0.0	1.2721220108696396	0.0	0.0	0.0	4.126849844322634	0.0	0.0	0.0	2.401726939937955	0.2564999281186992	0.0	0.6253513251089219	0.0	0.0	0.6253513251089219
ERR1624567	0.0	3.055686272257102	0.0	3.308843990387433	0.0	0.0	0.3252339473860065	0.9963813112795303	0.0	1.2749436171214656	0.0	0.0	0.0	4.118971305443243	1.1900559606964976	0.0	0.0	2.739004205141042	0.0	0.0	0.9446008503679403	0.0	0.0	0.6378781738839377
ERR1624568	0.0	3.2380507200146873	0.0	3.604856813935488	0.0	0.0	0.36173044707710195	0.36173044707710195	0.0	0.36173044707710195	0.36173044707710195	0.0	0.0	3.933542520989502	1.2528573924615685	0.0	0.0	3.376106875983139	2.243538695021013	0.7923955639680188	0.5563058371183185	0.0	0.0	0.9444867667592233
ERR1624569	0.0	2.443665203629229	0.0	3.250389140917493	0.0	0.0	0.0	0.0	0.0	0.9456420164238575	0.2962131924945526	0.2962131924945526	0.0	3.976413006846036	0.7700933069148234	0.0	0.0	3.7291739597032207	0.0	0.6912372655542464	0.2962131924945526	0.0	0.0	1.2695812699658353
ERR1624570	0.0	3.430624101102339	0.0	3.309084319949351	0.0	0.0	0.37280850722023334	0.0	0.0	0.37280850722023334	0.0	0.0	0.0	4.068147295799349	0.0	0.0	0.0	2.6408584129252035	1.5604492040443054	0.0	1.021853205026876	0.0	0.0	1.021853205026876
ERR1624571	0.0	3.39538488753129	0.0	3.119175949042928	0.0	0.0	0.0	0.0	0.0	0.9013864335014429	0.0	0.0	0.0	4.0167670870705185	2.644624026533876	0.0	0.0	3.35811006949177	0.0	0.0	0.0	0.0	0.0	0.6516985743328588
ERR1624572	0.0	3.3278285543480224	0.0	3.6549401076034354	0.0	0.0	0.0	0.0	0.0	0.9007093746317583	0.0	0.0	0.0	3.964857700996772	1.3622596215621763	0.0	0.0	2.9208708699716333	0.0	0.33432865466771816	0.33432865466771816	0.0	0.0	2.289178790419186
ERR1624573	0.0	3.416483318042765	0.0	3.0172978518758424	0.0	0.4928904071602147	0.0	0.0	0.0	0.3129102133461452	0.3129102133461452	0.0	0.0	4.112215991118444	0.619760629678992	0.0	0.0	2.5004892570683985	0.0	0.619760629678992	0.3129102133461452	0.0	0.0	0.0
ERR1624574	0.0	3.581035907773807	0.0	3.3213461839522096	0.0	0.754830840978856	0.0	1.3348513060311775	0.28718854088408313	0.0	0.0	0.0	0.28718854088408313	4.029301799044167	1.2040169592980605	0.28718854088408313	0.0	2.4417819317961063	0.0	0.0	0.4585661831900044	0.0	0.0	0.0
ERR1624575	0.0	2.886966250417879	0.0	3.3793075496229505	0.0	0.3404176209110039	0.0	0.0	0.0	1.0219716159527503	0.0	1.0685123001769656	0.0	4.126412875997999	0.0	0.0	0.0	2.54212923901762	0.0	0.0	1.0219716159527503	0.0	0.0	0.5288823675981369
ERR1624576	0.0	3.5363418992506634	0.0	3.3678396967510293	0.0	0.0	0.43027569235068663	2.9316586722205185	0.0	0.43027569235068663	1.2105645106781324	0.0	0.0	3.9933880273993596	1.1627421373047526	0.0	0.0	2.5934404264112976	0.0	0.6421169349882421	0.43027569235068663	0.0	0.0	1.3927921579177507
ERR1624577	0.0	3.3016604232910445	0.0	3.6228907692246763	0.0	0.0	1.1650965920325915	0.0	0.0	1.2675914577281808	0.0	0.0	0.0	4.014498432240766	0.0	0.0	0.0	2.5421256567772432	0.2951746307506862	0.2951746307506862	0.6895631483804636	0.0	0.0	0.46929642582340203
ERR1624578	0.0	3.4740582438444347	0.0	3.1462237726929696	0.0	0.0	0.0	0.5936566954469578	0.0	0.29544590349844796	0.0	0.0	0.0	4.094236094365846	0.0	0.0	0.0	2.0533152276292532	0.0	0.4696597282900927	0.7688041383810825	0.0	0.0	0.0
ERR1624579	0.0	3.015536737758375	0.0	3.6499177494359913	0.0	0.0	0.625545845827526	0.4980594163507512	0.0	1.1426732900803336	0.0	0.0	0.0	4.031341375356966	0.0	0.0	0.0	2.7988869607962807	0.0	0.4980594163507512	0.3168274919368556	0.0	0.0	1.4100016991693918
ERR1624580	0.0	3.5038912584371102	0.0	2.502401756655997	0.0	0.0	0.0	0.0	0.0	0.2800456974894962	0.0	0.0	0.0	4.117647473772658	0.2800456974894962	0.0	0.0	2.472977518779162	0.0	0.664890533524055	0.2800456974894962	0.0	0.0	0.5701906538816603
ERR1624581	0.0	3.2738067094992083	0.0	3.547220273198605	0.0	0.0	0.0	2.165318306220292	0.0	0.9915614666111869	0.0	0.0	0.0	4.034035736444396	0.3923325771556155	0.0	0.9211474395903746	2.683479815187523	0.0	0.9915614666111869	0.9915614666111869	0.0	0.0	1.6535777046890856
ERR1624582	0.4477161008418019	2.946827520296837	0.27916487957061487	3.7711598722376225	0.0	0.0	1.4039540522567804	1.7118140508080708	0.0	1.0007810966603095	0.27916487957061487	0.0	0.0	3.9750615064934207	0.4477161008418019	0.0	0.0	2.757958501963553	0.0	0.27916487957061487	0.5688351533917773	0.0	0.0	1.487977934252144
ERR1624583	0.0	3.541869425247261	0.0	3.1926958707808746	0.0	0.0	0.0	0.0	0.0	0.5910979417624318	0.29375279203458854	0.0	0.0	4.070292088169255	0.0	0.0	0.0	2.0499082430768847	0.0	0.4673909642571194	0.5910979417624318	0.0	0.0	0.9412197326361148
ERR1624584	0.0	3.631372099352623	0.0	3.175186655172012	0.0	0.2557740229060222	0.2557740229060222	0.0	0.0	1.5196074148356042	0.2557740229060222	0.0	0.0	4.0314276019043565	0.2557740229060222	0.0	0.0	2.489956582170833	0.0	0.0	0.0	0.0	0.0	1.7508438787708043
ERR1624585	0.0	3.725973208960368	0.0	3.6653124851352517	0.0	0.0	0.0	0.5363080926687029	0.0	0.7690843852968527	0.0	0.0	0.0	3.6031790178563075	0.34615902225376227	0.0	0.0	3.4705072620271022	0.0	0.34615902225376227	0.5363080926687029	0.34615902225376227	0.0	0.0
