SAMPLE_ID	Acidimicrobiia	Acidobacteriia	Actinobacteria	Alphaproteobacteria	Anaerolineae	Aquificae	Ardenticatenia	Bacilli	Bacteroidia	Betaproteobacteria	Blastocatellia	Caldilineae	Candidatus Babeliae	Candidatus Brocadiae	Candidatus Saccharimonia	Chitinophagia	Chlamydiia	Chlorobia	Chloroflexia	Chthonomonadetes	Clostridia	Coprothermobacteria	Coriobacteriia	Cytophagia	Deferribacteres	Deinococci	Deltaproteobacteria	Endomicrobia	Epsilonproteobacteria	Erysipelotrichia	Fibrobacteria	Fimbriimonadia	Flavobacteriia	Fusobacteriia	Gammaproteobacteria	Gemmatimonadetes	Ignavibacteria	Kiritimatiellae	Ktedonobacteria	Limnochordia	Methanobacteria	Mollicutes	Negativicutes	Nitriliruptoria	Nitrososphaeria	Nitrospira	Oligoflexia	Opitutae	Planctomycetia	Rubrobacteria	Sphingobacteriia	Spirochaetia	Synergistia	Tepidiformia	Thermoleophilia	Thermomicrobia	Thermotogae	Tissierellia	Verrucomicrobiae	Vicinamibacteria
SAMPLE-1	0.0	0.0	1.816471528883535	0.30981806067650897	0.0	0.0	0.0	3.112906174572026	4.151482007285305	2.9721076810054465	0.0	0.0	0.0	0.0	0.0	0.30981806067650897	0.0	0.0	0.0	0.0	4.116078793004135	0.0	3.1326663325765307	0.0	0.0	0.0	2.190473593987197	0.0	0.0	2.339539882052644	0.0	0.0	0.0	2.0928054174295276	2.3577680408907074	0.0	2.291468929343619	0.0	0.0	0.0	0.0	0.0	3.116723529740089	0.0	0.0	0.0	0.0	0.0	0.0	0.0	0.30981806067650897	0.0	0.0	0.0	0.0	0.0	0.0	0.9183543337871666	2.990511529139085	0.0
SAMPLE-10	0.0	0.0	2.5267255403523126	0.7444158015935884	0.0	0.0	0.0	3.708368073005023	1.5902815926241787	0.6057767850973786	0.0	0.0	0.0	0.0	0.0	0.0	0.0	0.0	0.0	0.0	4.141542077828169	0.0	3.9182054761713867	0.0	0.0	0.0	1.1659772074935855	0.0	0.4009159840677617	1.555038412194186	0.0	0.0	0.4009159840677617	1.3758071142308796	3.5494494071136975	0.0	2.0240178905625013	0.0	0.0	0.0	0.0	0.0	2.4002552811710385	0.0	0.0	0.0	0.0	0.0	0.0	0.0	0.0	0.0	0.0	0.0	0.0	0.0	0.0	0.4009159840677617	3.3984341593870657	0.4009159840677617
SAMPLE-11	0.0	0.0	2.426034030818628	0.413477213395099	0.0	0.0	0.0	3.6369934369168604	3.5857936612384895	1.8703377002601735	0.0	0.0	0.0	0.0	0.25419248073477785	0.0	0.0	0.0	0.0	0.0	4.138331985894877	0.0	3.5783777706178665	0.25419248073477785	0.0	0.0	1.31990165901317	0.0	0.0	2.5702119835473	0.0	0.0	0.0	1.7713936890402389	2.378149321153151	0.0	0.7614147531133054	0.0	0.0	0.0	0.0	0.25419248073477785	2.667260087029728	0.0	0.0	0.0	0.0	0.0	0.0	0.0	0.0	0.25419248073477785	0.25419248073477785	0.0	0.0	0.0	0.0	0.6213961723324037	3.8373335720058432	0.0
SAMPLE-12	0.0	0.0	3.8025859754038813	1.36584046967336	0.0	0.0	0.0	2.4275283817057574	2.6060764213575256	1.36584046967336	0.0	0.0	0.0	0.0	0.0	0.8165534384217741	0.0	0.5771877644437666	0.5771877644437666	0.0	4.258102693136228	0.0	3.86083059183487	0.0	0.0	0.0	0.5771877644437666	0.0	0.5771877644437666	3.1095499347862217	0.0	0.0	0.5771877644437666	0.0	2.202240901098808	0.0	1.8121052012471115	0.0	0.0	0.5771877644437666	0.0	0.0	1.8807483067900181	0.0	0.0	0.0	0.0	0.5771877644437666	0.5771877644437666	0.0	0.0	0.0	0.0	0.0	0.0	0.0	0.0	1.172800576526372	1.6300241095452133	0.0
SAMPLE-13	0.0	0.0	3.3287033666535923	1.716635545845104	0.9188967981911519	0.0	0.0	3.520303661023107	2.2458009393442455	2.028570321253097	0.0	0.0	0.0	0.0	0.6672911563351366	0.0	0.0	0.0	0.0	0.0	4.1773289358891335	0.6672911563351366	3.6467609728020247	0.0	0.0	0.0	2.013475560292413	0.0	1.6141687151624837	3.436727451797881	0.0	0.6672911563351366	1.423866156317775	2.702827578361501	3.561336534305092	0.0	3.0676085526385575	0.0	0.0	0.0	0.0	0.0	2.5500839628026095	0.0	0.0	0.0	0.0	0.0	0.0	0.0	0.0	0.6672911563351366	1.4798076352830543	0.0	0.0	0.0	0.0	2.334951717644735	1.2842353096611347	0.0
SAMPLE-14	0.0	0.0	3.7208294217586264	1.096449754376612	0.0	0.0	0.0	2.482136761674788	2.384213503049759	0.9374095458972174	0.0	0.0	0.0	0.0	0.0	0.0	0.0	0.0	0.0	0.683850001840157	4.210673683329002	0.0	3.9007764048818965	0.0	0.0	0.0	0.683850001840157	0.0	0.683850001840157	3.2967861594826564	0.0	0.0	1.6346598060970092	0.0	1.5942731751446544	2.238802060194033	2.1658345307011184	0.0	0.0	1.096449754376612	3.0576729989764155	0.0	2.6485109716025494	0.0	0.0	0.0	0.0	0.0	0.0	0.0	0.0	0.683850001840157	0.0	0.0	0.0	0.0	0.0	0.0	1.9679880270528243	0.0
SAMPLE-15	0.0	0.0	1.297267869732269	0.6781083999754772	0.0	0.0	0.28810938735441777	2.533743693131869	3.9302221403249673	1.7870918197530268	0.0	0.0	0.0	0.0	0.0	0.0	0.28810938735441777	0.0	0.0	0.0	4.209317835285972	0.0	3.2324147592397487	0.4598069197221473	0.0	0.0	1.8374557650098378	0.0	0.0	2.955609375822184	0.0	0.0	0.4598069197221473	1.7870918197530268	1.7224332934183637	0.0	2.0033990393652745	0.0	0.0	0.0	0.0	1.3366647352870988	1.8549318845575071	0.0	0.0	0.0	0.0	0.0	0.0	0.0	0.28810938735441777	0.4598069197221473	0.0	0.0	0.0	0.0	0.0	1.6371079617777327	3.773865032791551	0.0
SAMPLE-16	0.0	0.0	2.3997771845711364	1.7913471107374341	0.0	0.0	0.5857306071258117	3.4981852507774827	3.9295738808525464	2.40468356274702	0.0	0.0	0.0	0.29021224199332835	0.0	0.0	0.0	0.0	0.0	0.0	4.116897534866361	0.0	2.578027672934644	0.5857306071258117	0.0	0.29021224199332835	1.301376308126148	0.0	0.6815298502680487	2.200939162512234	0.0	0.0	0.5857306071258117	2.1877418581543324	3.2611748229856135	0.0	0.5857306071258117	0.0	0.0	0.29021224199332835	0.0	0.29021224199332835	3.001773336993679	0.0	0.0	0.0	0.0	0.0	0.0	0.0	0.0	0.29021224199332835	0.0	0.0	0.0	0.0	0.0	0.7599690016189321	3.7194014232502424	0.0
SAMPLE-17	0.0	0.0	2.2602313951053308	0.0	0.0	0.0	0.0	3.148196545799095	3.377607323228625	1.4004045817647057	0.0	0.0	0.0	0.0	0.7655534559217696	0.20508437182199668	0.0	0.0	0.20508437182199668	0.0	4.098795260485156	0.0	3.250195134288978	0.0	0.20508437182199668	0.0	0.20508437182199668	0.0	0.34382472176151263	2.759198586669076	0.0	0.0	0.20508437182199668	2.2335114786869377	3.792104953907253	0.0	0.20508437182199668	0.0	0.0	0.0	0.0	0.4488099611357921	3.2293714920330285	0.0	0.0	0.0	0.0	0.20508437182199668	0.20508437182199668	0.0	0.0	0.5332924630393101	0.0	0.0	0.0	0.0	0.0	1.843889550817843	3.848631415344855	0.0
SAMPLE-18	0.0	0.0	3.464720619266874	0.520600456134749	0.0	0.0	0.0	2.335213126789399	2.9742400442184973	1.9660372917488238	0.0	0.0	0.0	0.0	0.0	0.0	0.0	0.0	0.0	0.520600456134749	4.265873213545532	0.0	3.7507590881481008	0.0	0.0	0.0	0.33404063362066405	0.0	0.0	3.295123244772565	0.33404063362066405	0.0	1.235812368326104	0.0	2.209393116219695	0.0	3.4306459492805095	0.0	0.0	0.0	2.5872574894911455	0.0	2.734734936078721	0.0	0.0	0.0	0.0	0.0	0.0	0.0	0.0	0.7506460828742847	0.0	0.0	0.0	0.0	0.0	0.33404063362066405	1.8888781623189406	0.33404063362066405
SAMPLE-19	0.0	0.0	2.2330197698430565	1.2353103214205166	0.0	0.0	0.0	3.199674500356985	3.508816347959617	2.115713357099226	0.0	0.0	0.0	0.0	0.0	0.37093483422732987	0.0	0.0	0.0	0.7031056544337608	4.338240847736401	0.37093483422732987	3.306407961751533	0.37093483422732987	0.0	0.0	0.8890999988799004	0.0	1.018906864245849	3.149941466713305	0.0	0.8890999988799004	1.7998014368567319	1.5407298816027375	3.190702244865783	0.0	2.522343734529598	0.0	0.0	0.0	2.4517857904844016	0.0	3.052693295171066	0.0	0.0	0.0	0.0	0.0	0.0	0.0	0.0	0.0	1.1187117752328761	0.0	0.0	0.0	0.0	1.1611523845599345	2.4894464482284095	0.0
SAMPLE-2	0.0	0.0	2.8736910749313926	1.044030790279828	0.0	0.0	0.0	2.108955907254382	2.9315494754088	1.2068402709007224	0.0	0.0	0.0	0.0	0.0	0.0	0.0	0.0	0.0	0.0	4.2598430059717565	0.0	3.544292212873626	0.0	0.0	0.2645624904658112	1.6576550566225923	0.0	0.0	3.5642203091048352	0.0	0.0	0.4277841496776106	0.0	2.2625586351032676	0.0	2.29514235561721	0.0	0.0	0.4277841496776106	0.0	0.0	3.816603868877649	0.0	0.0	0.0	0.0	0.0	0.0	0.0	0.0	0.0	0.2645624904658112	0.0	0.0	0.0	0.0	0.0	1.044030790279828	0.0
SAMPLE-20	0.0	0.0	2.666536918782592	1.230290259122801	0.5313599257851638	0.0	0.0	3.3888202734032538	1.975724338208375	1.6040616668534682	0.0	0.25519758848360863	0.0	0.0	0.414869613825167	0.0	0.0	0.0	0.0	0.7632884832763589	4.127201911381609	0.5313599257851638	3.688553752821439	0.0	0.0	0.0	0.8194009016880488	0.0	1.1397227240127363	3.61136359456336	0.0	0.5313599257851638	1.287641840678886	0.414869613825167	2.9886579994816214	0.0	3.191450191259032	0.0	0.25519758848360863	0.6231208539936863	3.0381337460076914	0.414869613825167	2.184523952292568	0.0	0.0	0.0	0.0	0.0	0.0	0.0	0.0	0.0	0.869085924142307	0.0	0.0	0.0	0.25519758848360863	1.230290259122801	3.6834007734548417	0.0
SAMPLE-21	0.0	0.0	1.344603520253229	1.0311427224021195	0.0	0.0	0.0	2.751659866604434	2.3026343422925364	0.9599719864695653	0.0	0.0	0.4189479460023237	0.0	0.0	1.2365130840790919	0.0	0.0	0.4189479460023237	0.0	4.48095071353913	0.0	2.6985689968786595	1.3114751520288153	0.0	0.0	0.6281648839511653	0.0	0.4189479460023237	2.964614834505392	0.0	0.0	1.193545777741897	0.4189479460023237	2.1819095113548297	0.0	1.9316765362288792	0.0	0.0	0.9599719864695653	0.0	0.6281648839511653	3.1013254348883166	0.0	0.0	0.0	0.0	0.0	0.0	0.4189479460023237	0.4189479460023237	0.0	0.0	0.0	0.0	0.0	0.0	0.6281648839511653	1.6017743122831674	0.0
SAMPLE-22	0.0	0.0	2.678546169061589	1.0834125155547571	0.0	0.0	0.0	3.905198903641439	3.030324952263765	0.9583461625027498	0.0	0.0	0.0	0.0	0.0	1.3266145874433377	0.0	0.3033430698160169	0.0	0.0	4.26658983432614	0.0	2.782033054425807	1.560788890717497	0.0	0.3033430698160169	0.0	0.0	0.6055249990690429	2.162944513587245	0.0	0.0	1.451607984689098	1.1182040664378636	2.812817729266912	0.0	1.8107221515592447	0.0	0.0	0.6055249990690429	0.0	0.0	3.053439879097917	0.0	0.0	0.0	0.0	0.0	0.0	0.0	0.0	0.0	0.0	0.0	0.0	0.0	0.0	0.7026650325981141	3.5216763720736406	0.0
SAMPLE-23	0.0	0.3264621399976647	2.8410721455680075	0.0	0.0	0.0	0.0	3.579258415049241	1.348143459554025	0.6396706822335387	0.0	0.0	0.0	0.0	0.3264621399976647	0.0	0.0	0.0	0.0	0.5107102568827332	4.2690649199972235	0.0	3.896282121425333	0.3264621399976647	0.0	0.0	0.5107102568827332	0.0	0.0	3.441431135983014	0.0	0.3264621399976647	0.0	0.0	2.4472100087650768	0.0	1.1247252838842126	0.0	0.0	0.738975952880931	0.0	0.0	1.553143758372463	0.0	0.0	0.0	0.0	0.0	0.0	0.0	0.0	0.0	0.0	0.0	0.0	0.0	0.0	1.4626287560229887	0.738975952880931	0.0
SAMPLE-24	0.0	0.0	1.6673349222048532	0.802873198492646	0.0	0.0	0.0	2.1353558924349305	3.7851938734304924	2.1785186225182587	0.0	0.0	0.0	0.0	0.0	0.44464087012324965	0.0	0.0	0.0	0.2769002663605906	4.342403849114228	0.0	3.2719441240570957	0.0	0.0	0.0	1.750495776658167	0.0	0.0	2.8408093468668794	0.0	0.0	0.44464087012324965	0.0	2.5798537271059585	0.0	1.9146801371758178	0.0	0.0	0.2769002663605906	0.0	0.0	3.4088256721226107	0.0	0.0	0.0	0.5653432841910613	0.0	0.0	0.0	0.0	0.0	0.2769002663605906	0.0	0.0	0.0	0.0	0.44464087012324965	1.2951290909586946	0.0
SAMPLE-25	0.0	0.0	3.531288864525473	0.804701008193374	0.0	0.0	0.0	3.470472719832871	3.079307178891968	2.1439438121303533	0.0	0.0	0.24756093690039246	0.0	0.0	0.0	0.0	0.0	0.0	0.0	4.293481931588177	0.0	3.6568579335749862	0.0	0.0	0.0	0.0	0.0	0.24756093690039246	1.9120818761171785	0.0	0.0	0.0	0.24756093690039246	2.66391177573566	0.0	3.015329348615935	0.0	0.0	0.0	0.24756093690039246	0.0	2.794188982454193	0.0	0.24756093690039246	0.0	0.0	0.0	0.0	0.0	0.0	0.0	0.0	0.0	0.0	0.0	0.24756093690039246	0.9755018181921047	0.7489568155839956	0.0
SAMPLE-26	0.0	0.0	2.913201809981661	0.9735766694858609	0.3120111659189766	0.0	0.0	3.6049981434583773	3.5602591259874163	2.736818102237192	0.0	0.3120111659189766	0.0	0.0	0.7164090242967085	0.0	0.0	0.3120111659189766	0.0	0.0	3.953909055149761	0.0	3.4733169827091874	0.3120111659189766	0.0	0.0	2.200528315288469	0.0	0.7963019173529076	1.6933389535861127	0.0	0.0	0.3120111659189766	0.3120111659189766	3.138946658202311	0.0	2.2863943293107676	0.0	0.0	0.3120111659189766	0.3120111659189766	0.0	3.2351963302309295	0.0	0.0	0.0	0.0	0.0	0.0	0.3120111659189766	0.0	0.0	0.61842934950359	0.0	0.0	0.0	0.0	1.2757869418607157	3.981159893769523	0.0
SAMPLE-27	0.0	0.0	3.2670594288838273	0.0	0.0	0.0	0.0	3.4892710060167897	3.2761027162984786	2.632536963471015	0.0	0.0	0.0	0.0	0.0	0.0	0.0	0.0	0.0	0.0	4.194654736405799	0.0	3.9316163044318126	0.0	0.0	0.0	1.310865786571168	0.0	0.0	2.1373758299592462	0.0	0.0	1.0305617358500492	0.0	3.071225080083676	0.0	2.821235821246908	0.0	0.0	0.0	0.0	0.0	2.808290706157615	0.0	0.0	0.0	0.0	0.0	0.0	0.0	0.0	0.0	0.0	0.0	0.0	0.0	0.0	1.0305617358500492	0.0	0.0
SAMPLE-28	0.33856724860428683	0.0	3.3155827886435514	1.4673615826842705	0.0	0.0	0.0	3.495962491178088	3.0894735195688976	0.6572153896449057	0.0	0.0	0.0	0.0	0.0	0.6572153896449057	0.33856724860428683	0.0	0.0	0.33856724860428683	4.285679975356434	0.0	3.7819369623494357	0.5264829897337251	0.0	0.0	0.5264829897337251	0.0	0.0	2.9226391418725077	0.0	0.0	0.0	0.33856724860428683	1.909971990003297	0.0	2.5504323699351006	0.0	0.0	1.0653931179311467	0.0	0.33856724860428683	2.6992957738574948	0.0	0.0	0.0	0.0	0.0	0.0	0.0	0.0	0.0	0.33856724860428683	0.0	0.0	0.0	0.0	0.966793490103452	2.6836474778732544	0.0
SAMPLE-29	0.0	0.0	2.5379106464781573	0.0	0.37589961245431813	0.0	0.0	3.7844003438736205	3.0942664865641105	0.37589961245431813	0.0	0.0	0.0	0.0	0.710021930417342	0.0	0.0	0.0	0.0	0.0	4.148489361284576	0.0	3.6791306545150935	0.37589961245431813	0.0	0.0	2.3835477343542424	0.0	0.37589961245431813	3.249544508561815	0.0	0.0	0.0	0.0	1.8688995328945834	0.0	0.37589961245431813	0.0	0.0	0.0	0.37589961245431813	0.5743301774999059	1.9075450394899893	0.0	0.0	0.0	0.0	0.0	0.0	0.0	0.37589961245431813	0.0	0.0	0.0	0.0	0.0	0.0	0.710021930417342	3.7315226116753166	0.0
SAMPLE-3	0.0	0.0	2.375304770634611	1.1909327151213824	0.3655129184261796	0.0	0.0	3.4971504569146874	3.864578627987175	1.6976209760727126	0.0	0.0	0.0	0.0	0.0	0.0	0.0	0.0	0.0	0.0	4.1999711443975265	0.0	3.053982276584144	0.3655129184261796	0.0	0.0	2.2721637962470975	0.0	0.0	2.8890764018333166	0.0	0.0	0.0	1.1523290801221124	2.7831465747785007	0.0	2.187902537644976	0.0	0.0	0.5611331668060224	0.0	0.5611331668060224	3.526605346509323	0.0	0.0	0.0	0.0	0.0	0.3655129184261796	0.0	0.0	0.0	0.0	0.0	0.0	0.0	0.0	0.6955166634653862	3.0991440603289133	0.0
SAMPLE-30	0.0	0.0	3.4634333495362997	1.0617804206447365	0.0	0.0	0.0	2.8802798580990903	2.10497994117743	1.4194416435302697	0.0	0.0	0.0	0.0	0.0	0.0	0.0	0.0	0.0	0.0	4.360092601620186	0.0	3.198161925722752	0.0	0.0	0.0	0.4921651568076877	0.0	0.0	3.6561411195481885	0.0	0.0	0.0	0.0	2.6319156646674577	0.0	2.7324496934882845	0.0	0.0	0.0	0.0	0.4921651568076877	2.139479630283445	0.0	0.0	0.0	0.0	0.0	0.0	0.0	0.4921651568076877	0.0	0.0	0.0	0.0	0.0	0.0	1.0617804206447365	2.132795462920215	0.0
SAMPLE-31	0.0	0.0	3.8313880293179627	0.8522462554857624	0.0	0.0	0.0	3.054295392326531	2.2643584946943256	1.9095013205468878	0.0	0.0	0.0	0.0	0.9281559872002019	0.22519923022554633	0.0	0.0	0.0	0.0	4.302551469159995	0.22519923022554633	2.8694528476356793	0.3727553110649409	0.22519923022554633	0.0	0.8918575340271637	0.0	0.7601977652811308	3.071153678249575	0.22519923022554633	0.22519923022554633	0.0	0.0	2.606368015546689	0.0	2.9800590164361926	0.0	0.0	0.0	0.0	0.0	3.3216992425180982	0.0	0.0	0.0	0.0	0.0	0.22519923022554633	0.0	0.0	0.4826911145939603	0.4826911145939603	0.0	0.22519923022554633	0.0	0.0	2.24127609776677	2.442334218110606	0.0
SAMPLE-32	0.0	0.0	2.6161403053974244	0.9600801845029194	0.0	0.0	0.0	3.558619605251668	3.237006988312198	2.5828859730075013	0.0	0.0	0.0	0.0	0.0	0.0	0.0	0.304323337717957	0.48150685094797907	0.0	4.325063169246477	0.0	3.00698946923949	0.0	0.0	0.0	1.7773035128839325	0.0	0.304323337717957	2.699395606864242	0.0	0.0	0.0	1.7388350377345034	3.2846257956605793	0.304323337717957	1.9932664870176833	0.0	0.0	0.0	0.0	0.304323337717957	2.226630751772889	0.0	0.0	0.0	0.0	0.0	0.0	0.0	0.0	0.48150685094797907	0.0	0.0	0.0	0.0	0.0	1.1200039938175854	3.474463626969859	0.0
SAMPLE-33	0.0	0.0	1.8639677524452618	1.6477627447620251	0.0	0.0	0.0	2.6722267467470564	2.257286838999279	0.7932776690596314	0.0	0.0	0.0	0.0	0.2715574485777129	0.2715574485777129	0.2715574485777129	0.0	0.0	0.0	4.417996030380082	0.0	3.3896423607657007	0.4373626512497836	0.2715574485777129	0.0	0.2715574485777129	0.0	0.0	3.4477275390729316	0.4373626512497836	0.0	0.2715574485777129	0.0	1.147108834508364	0.2715574485777129	3.2061154314765483	0.0	0.0	0.0	0.7278570479775739	0.8501214597135622	2.3541338188009604	0.0	0.0	0.0	0.0	0.0	0.0	0.0	0.0	0.2715574485777129	0.0	0.0	0.0	0.0	0.0	0.0	1.497029084737402	0.0
SAMPLE-34	0.0	0.0	2.628990083070771	1.615838973746451	0.0	0.0	0.0	2.6321412076448936	2.7301032179135563	1.5451965254813786	0.0	0.0	0.0	0.0	0.0	0.6126977894478354	0.0	0.0	0.0	0.6126977894478354	4.309363031000607	0.0	3.9145466098993733	0.0	0.6126977894478354	0.0	1.1269994599636906	0.0	0.6126977894478354	3.0736779043203986	0.0	0.0	0.0	0.6126977894478354	2.241931056880973	0.0	1.5451965254813786	0.0	0.0	0.0	2.2644685137743066	0.0	3.355356892608649	0.6126977894478354	0.0	0.0	0.0	0.0	0.0	0.0	0.0	0.6126977894478354	0.0	0.6126977894478354	0.0	0.0	0.0	1.8590260374262093	1.958451301142654	0.0
SAMPLE-35	0.0	0.0	3.7591702891889045	0.4668527357338457	0.0	0.0	0.0	3.4376756653194818	3.4485523407998806	2.1914285628214913	0.0	0.0	0.0	0.0	0.0	0.4668527357338457	0.0	0.0	0.0	0.29335145757475234	4.263144844657668	0.0	2.8240055923358574	0.29335145757475234	0.0	0.0	1.675022616445849	0.0	0.0	2.776220849258899	0.29335145757475234	0.0	0.29335145757475234	1.2863227480911972	3.2464895372631046	0.0	1.4763749841777192	0.0	0.0	0.6866183218996791	2.733495696114382	0.6866183218996791	2.813188017278961	0.0	0.0	0.0	0.0	0.29335145757475234	0.0	0.0	0.0	0.0	0.0	0.0	0.0	0.0	0.0	0.4668527357338457	0.4668527357338457	0.0
SAMPLE-36	0.0	0.0	3.352295187411836	1.1571482133927669	0.30699866164084544	0.0	0.0	2.2049060305666885	3.551932129491543	2.1323417291095006	0.0	0.0	0.0	0.0	0.30699866164084544	0.0	0.30699866164084544	0.0	0.30699866164084544	0.9134819296725549	4.37119801870688	0.0	2.8379137588425385	0.0	0.0	0.0	1.8040594160705041	0.0	0.0	2.7957407552084352	0.30699866164084544	0.0	0.0	0.0	1.7359115468935753	0.0	2.2422365289894253	0.0	0.0	0.30699866164084544	2.428452105895932	0.7084808884112771	3.0777993453179495	0.0	0.0	0.0	0.0	0.0	0.0	0.0	0.0	0.6109825084221107	0.0	0.0	0.0	0.0	0.0	2.9240641537250025	2.7426169485419605	0.0
SAMPLE-37	0.0	0.0	2.020362096291425	0.30061261426838964	0.0	0.0	0.0	3.6916594129041975	1.530668339331782	0.6014337687155213	0.0	0.0	0.0	0.0	0.0	0.0	0.0	0.30061261426838964	0.0	0.0	4.441299570891182	0.0	2.12302276209006	0.47656465700526207	0.0	0.0	0.6014337687155213	0.0	0.0	2.8039868247095536	0.30061261426838964	0.0	0.0	0.0	0.9992484244357472	0.0	2.7787627156024497	0.0	0.0	0.0	0.0	0.0	1.0406335112823988	0.0	0.0	0.0	0.0	0.0	0.30061261426838964	0.0	0.0	0.6014337687155213	0.0	0.0	0.0	0.0	0.0	1.3002366277408675	0.6983020014263288	0.0
SAMPLE-38	0.0	0.0	3.2010895773363717	0.500142669872869	0.0	0.0	0.0	3.3883761622568467	1.2626061111977498	0.31840944967678914	0.0	0.0	0.0	0.0	0.6278751372703578	0.0	0.0	0.0	0.0	0.0	4.393582649440959	0.0	3.405513478379663	0.0	0.0	0.0	1.6565580586435347	0.0	0.0	2.72950567072192	0.0	0.0	0.0	0.984674303969859	3.1575904112351987	0.0	2.7441435501782827	0.0	0.0	0.0	0.0	0.31840944967678914	0.7264528029163051	0.0	0.0	0.0	0.0	0.0	0.0	0.0	0.31840944967678914	0.0	0.0	0.0	0.0	0.0	0.0	2.215717934893935	0.6278751372703578	0.0
SAMPLE-39	0.0	0.0	3.4402062387957137	1.406389868069076	0.38750682088648325	0.0	0.0	3.4168852421188567	3.3313661895308933	2.0489489085829566	0.0	0.0	0.0	0.0	1.5332014364435955	0.38750682088648325	0.0	0.0	0.0	0.0	4.161921887078143	0.38750682088648325	3.79401371034143	0.38750682088648325	0.0	0.0	0.8301156010513354	0.0	1.3542978923877669	2.7794190837939925	0.38750682088648325	0.8301156010513354	0.7260726016053257	2.7559203193247215	3.4664190396255834	0.0	1.673030467006492	0.0	0.0	0.0	0.0	0.38750682088648325	3.128299956677065	0.0	0.0	0.0	0.0	0.0	0.0	0.0	0.0	0.0	1.2950950831680543	0.0	0.0	0.38750682088648325	0.0	2.0812557008711545	1.1450694442178493	0.0
SAMPLE-4	0.3275975344255364	0.0	2.1267410025837257	1.2791804768922905	0.3275975344255364	0.0	0.0	3.0043412988796097	3.081752497044082	1.252671434570101	0.0	0.0	0.0	0.0	0.0	0.0	0.0	0.3275975344255364	0.0	0.0	4.129983348096654	0.0	3.0265235510803152	0.0	0.0	0.0	1.7226645055051595	0.0	0.3275975344255364	2.8801908031563825	0.0	0.0	0.3275975344255364	0.3275975344255364	3.8701514918534077	0.0	2.459652965562764	0.0	0.0	1.2791804768922905	2.481174469212381	0.3275975344255364	2.761625611631838	0.0	0.0	0.0	0.0	0.0	0.0	0.0	0.0	0.0	0.8896941685168117	0.0	0.0	0.3275975344255364	0.0	1.0885499032329065	3.8883630633830975	0.0
SAMPLE-40	0.0	0.0	3.5516103224363182	0.48713133962334876	0.0	0.0	0.0	2.697044478376896	2.441386205761981	1.12774285854394	0.0	0.0	0.0	0.0	0.48713133962334876	0.0	0.0	0.0	0.0	0.0	4.259379388152117	0.0	3.968929451017708	0.0	0.0	0.0	0.8579262771522376	0.0	0.0	3.089368269598467	0.0	0.0	0.48713133962334876	0.0	2.856893602170449	0.0	2.3896163316154637	0.0	0.0	0.0	0.0	0.48713133962334876	1.6678161683081432	0.0	0.0	0.0	0.0	0.48713133962334876	0.0	0.48713133962334876	0.0	0.0	0.0	0.0	0.0	0.0	0.0	1.1900416565601493	0.9675386658189289	0.0
SAMPLE-41	0.0	0.0	2.721755655100648	0.5666448922980898	0.0	0.0	0.0	2.2082637401166867	3.302765845554414	1.615964807251869	0.0	0.0	0.2231557585309181	0.0	0.0	0.0	0.0	0.3698427390108792	0.0	0.47929742276729503	4.404873088038753	0.0	3.575006946873735	0.47929742276729503	0.0	0.3698427390108792	1.6874397194762132	1.138685057132858	0.3698427390108792	3.1977724430431698	0.3698427390108792	0.0	0.3698427390108792	0.0	2.2328375604977686	0.0	2.178363560926868	0.0	0.0	0.3698427390108792	1.138685057132858	0.47929742276729503	2.3035494769479037	0.0	0.0	0.0	0.0	0.0	0.0	0.2231557585309181	0.0	0.47929742276729503	0.0	0.0	0.0	0.0	0.0	1.2502309051268197	0.47929742276729503	0.0
SAMPLE-42	0.0	0.0	2.6759687106846766	0.8829902206696068	0.0	0.0	0.0	3.3982351307911793	1.4401648469382908	0.8254179106553126	0.0	0.0	0.0	0.0	0.0	0.0	0.0	0.0	0.0	0.7590300069822599	4.156533445353405	0.0	3.9907175145134914	0.0	0.2896585639979741	0.0	0.46189220349387217	0.0	0.0	3.7682246752169015	0.2896585639979741	0.0	0.0	0.2896585639979741	1.0581007470830128	0.0	2.742660521788446	0.0	0.0	0.2896585639979741	2.014594977237796	0.0	1.4690759772804787	0.0	0.0	0.0	0.0	0.0	0.2896585639979741	0.0	0.46189220349387217	0.2896585639979741	0.0	0.0	0.0	0.0	0.0	1.0927117746316595	2.5801547655666908	0.0
SAMPLE-43	0.0	0.0	2.67352284924654	0.6707771268912028	0.0	0.0	0.0	2.351411426634847	3.4918034510023324	2.4545416612573816	0.0	0.0	0.0	0.0	0.538718521579463	0.6707771268912028	0.0	0.34802748570720865	0.0	0.538718521579463	4.340232138387569	0.0	3.799672996430014	0.34802748570720865	0.0	0.34802748570720865	0.0	0.0	0.0	2.0523107669333887	0.0	0.0	0.0	0.0	1.820296967020846	0.0	2.584688206162427	0.0	0.0	0.0	0.0	0.853873411013423	2.65384793743453	0.0	0.0	0.0	0.0	0.0	0.0	0.0	0.0	0.0	0.0	0.0	0.0	0.0	0.0	0.538718521579463	2.9001814715280667	0.0
SAMPLE-44	0.0	0.0	2.923498947850008	1.16233099200015	0.39856084666090175	0.0	0.0	4.242599335089394	1.3283445570418317	2.2010569865797733	0.0	0.0	0.0	0.0	1.0009309244846811	0.0	0.0	0.0	0.0	0.0	4.121986288380318	0.24348159493616447	2.301515853925052	0.0	0.0	0.24348159493616447	0.24348159493616447	0.0	0.8459846799810228	2.893266690860818	0.0	0.24348159493616447	0.0	1.1842363377067149	3.0693120045442934	0.0	0.0	0.0	0.24348159493616447	0.0	0.0	0.5125996337806493	2.1821561298682886	0.0	0.0	0.0	0.0	0.0	0.24348159493616447	0.0	0.0	0.0	0.6028359002399752	0.0	0.0	0.0	0.0	0.24348159493616447	0.6028359002399752	0.0
SAMPLE-45	0.0	0.31241652241122503	4.352062017767131	0.49223790140792145	0.0	0.0	0.0	3.0891618870016733	3.0824049299978236	0.9228246771517535	0.0	0.0	0.0	0.0	0.0	0.0	0.0	0.0	0.0	0.0	3.786654489097581	0.0	1.3436568280541177	0.0	0.0	0.0	0.0	0.0	0.0	2.9015490630039285	0.0	0.0	0.31241652241122503	0.0	2.0090279257656856	0.0	0.49223790140792145	0.0	0.0	0.0	0.0	0.31241652241122503	3.325667284553698	0.0	0.0	0.0	0.0	0.0	0.0	0.0	0.0	0.0	0.31241652241122503	0.0	0.0	0.0	0.0	0.6190297522391683	0.49223790140792145	0.0
SAMPLE-46	0.0	0.0	4.273456572943933	0.2735685065736393	0.0	0.0	0.0	3.329924832694488	1.3259538950834864	0.796900506639849	0.0	0.0	0.0	0.0	0.0	0.0	0.0	0.0	0.0	0.0	3.90431800350601	0.0	3.706061675074488	0.0	0.0	0.0	0.2735685065736393	0.0	0.2735685065736393	1.578099421612598	0.0	0.0	0.0	0.0	1.0274293650751138	0.0	0.0	0.0	0.0	0.0	0.0	0.0	0.6541574934493853	0.0	0.0	0.0	0.0	0.0	0.0	0.0	0.0	0.2735685065736393	0.0	0.0	0.0	0.0	0.0	1.0274293650751138	0.6541574934493853	0.0
SAMPLE-47	0.0	0.0	1.8187922994572718	0.21217692653779402	0.0	0.0	0.0	3.0357462332910194	3.157740338151335	1.2554876194697209	0.0	0.0	0.0	0.0	0.0	0.0	0.0	0.21217692653779402	0.0	1.7367676340011053	4.3956415231487895	0.0	3.5964133210368456	0.6794060491489409	0.35409303647791146	0.0	0.0	0.0	0.0	2.5345823056197343	0.0	0.0	2.1037763111022154	0.6794060491489409	3.1028518292710925	0.0	2.8165914860425634	0.0	0.21217692653779402	0.0	0.35409303647791146	0.5465228849506227	2.3185992222868252	0.0	0.0	0.0	0.0	0.0	0.0	0.0	0.0	0.6794060491489409	0.0	0.0	0.0	0.0	0.0	1.1531792142322692	0.4608797752099157	0.0
SAMPLE-48	0.0	0.0	2.2702466507356256	0.4252102430236269	0.0	0.0	0.0	3.627447409548804	2.6099808179378075	1.2851554071575833	0.0	0.0	0.0	0.0	0.0	0.0	0.0	0.0	0.0	0.4252102430236269	4.1988653547408035	0.2626899376391657	3.632860088400154	0.2626899376391657	0.0	0.0	0.4252102430236269	0.0	0.712231499296309	2.4181953724113723	0.0	0.4252102430236269	0.5432010912756444	0.9283477319228067	3.912608608232388	0.0	2.7072090601513836	0.0	0.0	0.2626899376391657	0.0	0.0	2.221075895791954	0.0	0.0	0.0	0.0	0.0	0.0	0.0	0.0	0.0	0.0	0.0	0.0	0.0	0.0	0.4252102430236269	1.2029817514447787	0.0
SAMPLE-49	0.0	0.0	3.223724884055111	1.0379591118467606	0.0	0.0	0.0	2.4687470251336228	2.054427627294774	1.7816136138221867	0.0	0.26152804137949137	0.0	0.0	0.0	0.0	0.0	0.0	0.0	0.0	4.1636671688642934	0.4236110695890649	3.9554303849932153	0.26152804137949137	0.0	0.0	1.757212222741634	0.0	0.26152804137949137	3.703593749833466	0.0	0.0	0.26152804137949137	0.0	2.419754812035527	0.0	2.894402852669365	0.0	0.0	0.0	0.7750048472937612	0.8813228596188989	2.8070198308104914	0.0	0.0	0.0	0.0	0.0	0.26152804137949137	0.0	0.0	0.4236110695890649	0.0	0.0	0.0	0.0	0.0	1.3355153948766747	3.181907826569725	0.0
SAMPLE-5	0.0	0.29975164745654964	3.5402656924334455	1.4888840553605023	0.0	0.0	0.0	2.720078315854401	3.343989244446552	1.1737019571747316	0.0	0.0	0.0	0.0	0.0	0.47541595289013877	0.29975164745654964	0.0	0.0	0.0	4.333839336993758	0.0	3.567632781632609	0.29975164745654964	0.0	0.0	0.0	0.0	0.29975164745654964	3.1955481559165366	0.0	0.0	0.47541595289013877	0.0	2.176433483450632	0.0	1.2280394855314032	0.0	0.0	1.1737019571747316	0.0	0.47541595289013877	2.8331338500784495	0.0	0.0	0.0	0.0	0.29975164745654964	0.0	0.0	0.29975164745654964	0.0	0.0	0.0	0.0	0.0	0.0	0.7760185747821013	2.182147744672054	0.0
SAMPLE-50	0.0	0.0	3.2162579626820547	1.2425978034028684	0.0	0.0	0.0	3.592307357237491	3.212143910316573	1.7311067932532527	0.0	0.0	0.0	0.0	0.2943659624528699	0.3899308096054306	0.0	0.0	0.0	0.2943659624528699	4.219742734490449	0.0	3.6054558475077316	0.2943659624528699	0.0	0.0	1.2544765787377714	0.0	0.17165995135385662	3.001941004630345	0.17165995135385662	0.0	0.2943659624528699	1.2882796316843201	3.6629901871505983	0.0	2.6559141727934734	0.0	0.0	0.17165995135385662	0.0	0.17165995135385662	2.0853204933970626	0.0	0.0	0.0	0.0	0.0	0.0	0.0	0.0	0.17165995135385662	0.0	0.0	0.0	0.0	0.0	0.863444451838555	0.8015751201858194	0.0
SAMPLE-51	0.0	0.0	2.224476120344149	1.176281026311625	0.5799334197617636	0.0	0.0	3.6139711175677673	3.91357733307481	2.744261118313516	0.0	0.0	0.0	0.0	0.380329855963381	0.380329855963381	0.0	0.0	0.0	0.0	4.111872357388939	0.23053265244817456	3.1158469528059145	0.5799334197617636	0.0	0.0	1.771787360308415	0.0	0.81971645465512	1.9038332972452117	0.0	0.0	0.81971645465512	2.757750817111417	3.517069018553751	0.0	0.23053265244817456	0.0	0.23053265244817456	0.0	0.0	0.4914994363833934	3.4449036750127795	0.0	0.0	0.0	0.5799334197617636	0.0	0.23053265244817456	0.0	0.0	0.23053265244817456	0.7161675701279155	0.0	0.0	0.0	0.0	0.380329855963381	0.7161675701279155	0.0
SAMPLE-52	0.3428230338746708	0.0	3.5166867560027693	0.0	0.0	0.0	0.0	2.827196154824801	2.700916566457447	1.1146206568180572	0.0	0.0	0.0	0.0	0.0	0.0	0.0	0.0	0.0	0.0	4.34503553386455	0.0	3.723252313449865	0.3428230338746708	0.0	0.0	1.3311132148498634	0.0	0.0	2.984539579951151	0.3428230338746708	0.0	0.3428230338746708	0.0	1.4749253622993845	0.0	2.907175583416722	0.0	0.0	0.0	0.0	0.0	2.5682286054885433	0.0	0.0	0.0	0.0	0.0	0.0	0.0	0.0	0.5319969507896245	0.0	0.0	0.0	0.0	0.0	0.8457270006462763	1.0725535763842187	0.0
SAMPLE-53	0.0	0.0	3.9989530603931884	1.2388845346461734	0.0	0.0	0.0	3.388834878895944	2.3251317345870977	0.7637236832389998	0.0	0.0	0.0	0.0	0.0	0.2924310956839215	0.0	0.0	0.0	0.0	4.195801893320334	0.0	3.5311457680433564	0.6851288367256232	0.0	0.0	0.46561779940322434	0.0	0.46561779940322434	2.521755819460881	0.0	0.0	0.0	0.2924310956839215	1.7388141842346807	0.0	0.2924310956839215	0.0	0.0	0.46561779940322434	0.0	0.0	2.5670058765336137	0.0	0.0	0.0	0.0	0.0	0.0	0.0	0.0	0.5890969411043502	0.0	0.0	0.0	0.0	0.0	1.8461940807765083	3.181296803680234	0.0
SAMPLE-54	0.0	0.0	3.42713348765848	2.0178058032746073	0.22159955393327105	0.0	0.0	2.275841846673157	3.727920011667825	2.0037042915215215	0.0	0.0	0.0	0.0	0.0	0.0	0.0	0.22159955393327105	0.0	0.0	4.221043087542749	0.0	3.4744182708807503	0.4767058491084665	0.0	0.22159955393327105	1.9615949855975463	0.0	0.3676207476745148	2.7347105960247733	0.0	0.0	0.0	0.0	1.8032986513166365	0.22159955393327105	0.22159955393327105	0.0	0.0	0.22159955393327105	0.0	0.3676207476745148	3.7299168949583477	0.0	0.0	0.0	0.0	0.0	0.0	0.0	0.0	0.6363427481389891	0.0	0.0	0.0	0.0	0.0	0.22159955393327105	0.4767058491084665	0.0
SAMPLE-55	0.0	0.4690414445518226	2.4457481292166325	1.218997938985567	0.0	0.0	0.0	2.5909983736726647	1.9922668313300123	1.7439146590239736	0.0	0.0	0.0	0.0	0.0	0.0	0.0	0.0	0.0	0.0	4.2917754536237105	0.0	3.9290875294319845	0.4690414445518226	0.0	0.0	1.6956354543473346	0.0	0.0	3.372540041689058	0.0	0.0	0.0	0.0	1.8009265077324526	0.0	3.395218944119182	0.0	0.0	0.0	2.025362984094244	0.6892560357919099	1.6956354543473346	0.0	0.0	0.0	0.0	0.4690414445518226	0.4690414445518226	0.0	0.0	0.4690414445518226	0.4690414445518226	0.0	0.0	0.0	0.4690414445518226	1.7284103670646407	1.3500876284744705	0.0
SAMPLE-56	0.0	0.0	2.689886678753243	1.6895742076459312	0.1998952064230368	0.0	0.0	3.3426395150963946	4.026642217636811	2.1879205169632443	0.0	0.0	0.0	0.0	0.43989019579629196	0.5935689365719357	0.5935689365719357	0.0	0.1998952064230368	0.6538938079384053	4.049498720748488	0.5234919581017135	3.3606002114612306	0.6538938079384053	0.0	0.0	2.8632544266225324	0.0	0.3362638809237973	2.438623123342752	0.1998952064230368	0.0	0.3362638809237973	2.191201807298227	3.1242911346807305	0.0	1.0614975114353298	0.1998952064230368	0.1998952064230368	0.0	1.8730202828474998	0.3362638809237973	3.633535262950594	0.0	0.0	0.0	0.0	0.1998952064230368	0.0	0.0	0.0	0.1998952064230368	0.9629917416316539	0.0	0.0	0.0	0.1998952064230368	2.2376597811574555	0.6538938079384053	0.0
SAMPLE-57	0.0	0.0	1.7298528875255672	0.8224832537788355	0.0	0.4596347254728874	0.0	2.6937102366634997	3.2338238379171917	1.2970174913770305	0.0	0.2879815481663299	0.0	0.0	0.0	0.2879815481663299	0.0	0.4596347254728874	0.0	0.0	4.383213335670881	0.2879815481663299	2.7567325936194873	0.4596347254728874	0.2879815481663299	0.0	1.3171619021509613	0.0	0.6779000635404113	3.167475347087814	0.4596347254728874	0.2879815481663299	0.0	0.0	2.233720393101676	0.2879815481663299	1.9375836377955378	0.0	0.0	0.0	0.0	0.4596347254728874	2.9287357179376325	0.0	0.0	0.2879815481663299	0.0	0.0	0.2879815481663299	0.0	0.0	1.576241500145207	0.4596347254728874	0.0	0.0	0.0	0.0	1.530559790360649	3.6432863465172294	0.0
SAMPLE-58	0.0	0.0	2.513181911276895	0.7671815845609778	0.257292354635364	0.0	0.0	3.982300365914079	3.9777050954584285	1.5229088357490699	0.0	0.0	0.0	0.0	0.4177675681702965	0.257292354635364	0.0	0.0	0.257292354635364	0.0	3.8440466257912647	0.0	2.603310673839699	0.257292354635364	0.0	0.257292354635364	2.3196400191684923	0.0	0.6267061596932604	1.9419973561941721	0.0	0.0	0.4177675681702965	1.1685755036885341	3.2423239082953494	0.0	0.9952973579951278	0.0	0.0	0.0	0.0	0.0	3.092947461727736	0.0	0.0	0.0	0.0	0.0	0.257292354635364	0.0	0.0	0.0	0.0	0.0	0.0	0.0	0.257292354635364	0.7025989969103366	3.595706317013871	0.0
SAMPLE-59	0.0	0.3581812735546626	2.8133248052063915	0.7871185949784352	0.0	0.0	0.0	3.215123513251445	1.6732659874655498	1.7587373794380428	0.3581812735546626	0.0	0.0	0.0	1.1402861506263322	0.0	0.0	0.0	0.0	0.0	4.347718093672713	0.0	3.61059193282533	0.551765620321635	0.0	0.0	0.0	0.0	0.0	3.660046942444734	0.0	0.0	0.0	0.0	1.6232638759617541	0.0	2.8201137056617798	0.0	0.0	0.0	0.0	0.0	1.7683289808824085	0.0	0.0	0.0	0.0	0.0	0.0	0.0	0.0	0.3581812735546626	0.0	0.0	0.0	0.0	0.0	0.7871185949784352	0.551765620321635	0.0
SAMPLE-6	0.0	0.0	3.377220123123234	1.027905597785226	0.0	0.0	0.0	3.288364097754831	3.7924383561133572	1.0941449889264543	0.0	0.0	0.0	0.0	0.0	1.062286940349583	0.2738142051714773	0.2738142051714773	0.2738142051714773	0.0	4.252742170372243	0.0	3.437782822701935	1.288892207979404	0.0	0.2738142051714773	2.6689558017073542	0.0	1.062286940349583	2.7801598470523956	0.2738142051714773	0.2738142051714773	1.2477707207076711	0.44044086210559497	2.677056455656385	0.2738142051714773	1.027905597785226	0.0	0.0	1.1516056298499915	0.0	0.5605688083104506	3.0434765718607384	0.0	0.0	0.0	0.0	0.0	0.2738142051714773	0.2738142051714773	0.0	0.0	0.0	0.0	0.0	0.0	0.0	2.0270296214231243	1.8986574938749008	0.2738142051714773
SAMPLE-60	0.2680804986839091	0.0	2.1571458543264432	0.43260863403195615	0.0	0.0	0.0	2.1165713286108203	3.0898085096806116	2.420186361260723	0.0	0.0	0.0	0.0	0.0	0.2680804986839091	0.0	0.2680804986839091	0.0	0.2680804986839091	4.357631850128852	0.0	3.5110832651014525	0.43260863403195615	0.0	0.0	1.8513670174553891	0.0	0.0	3.1198084987795793	0.0	0.0	0.2680804986839091	0.0	1.957400853595892	0.0	2.5496215560478666	0.0	0.0	0.0	0.0	0.43260863403195615	3.6495780352051836	0.0	0.0	0.0	0.0	0.0	0.0	0.0	0.0	0.0	0.2680804986839091	0.0	0.0	0.0	0.0	0.0	1.0167253564297434	0.0
SAMPLE-61	0.0	0.0	2.3244016844024746	1.1201677994119603	0.0	0.0	0.0	3.1317941991662375	3.070155038492274	1.428283304788021	0.0	0.0	0.0	0.0	0.6613020560585053	0.0	0.0	0.0	0.0	0.0	4.28953545161515	0.0	3.798242955625623	0.0	0.0	0.0	2.1188586148081274	0.0	0.0	3.545436591659327	0.3862924810278864	0.0	0.3862924810278864	0.9121802088463388	1.7151791634605542	0.0	2.148601573656439	0.0	0.0	0.5874511093571848	2.3139504576101526	0.3862924810278864	3.160907724691737	0.0	0.0	0.0	0.0	0.0	0.3862924810278864	0.23475038328199718	0.0	0.3862924810278864	0.0	0.0	0.0	0.0	0.23475038328199718	1.755263821659124	0.5874511093571848	0.0
SAMPLE-7	0.0	0.0	2.5344432873702414	2.005998501252758	0.0	0.0	0.0	3.3993104593755987	3.7073169898365075	2.6058642657072135	0.0	0.0	0.0	0.0	0.0	0.4642220175296406	0.0	0.0	0.0	0.0	4.165651226566847	0.0	3.3004525519454946	0.29139166347423856	0.0	0.0	2.717733727646637	0.0	0.0	2.296571228495127	0.0	0.0	0.5875210737354334	0.5875210737354334	3.3636097500391156	0.0	2.694033676339477	0.0	0.0	0.0	0.0	0.4642220175296406	2.9274703677781337	0.0	0.0	0.0	0.0	0.0	0.0	0.29139166347423856	0.0	0.0	0.29139166347423856	0.0	0.0	0.0	0.0	0.9824939664271656	3.6654437685392187	0.0
SAMPLE-8	0.0	0.0	3.8634064420060374	2.145444965400262	0.0	0.0	0.0	2.3184936912520313	3.8817034124016514	2.413777321980225	0.0	0.0	0.0	0.0	0.0	0.4664968568343828	0.0	0.0	0.4664968568343828	0.0	4.077772411628681	0.0	3.648985677953081	0.2930861630820015	0.0	0.0	0.2930861630820015	0.0	0.8313897416909519	2.4668916349801675	0.0	0.0	0.6861891776717974	1.1891040670677273	2.0053091663050786	0.0	2.4668916349801675	0.0	0.0	0.2930861630820015	0.0	0.0	2.546301936495635	0.0	0.0	0.0	0.2930861630820015	0.2930861630820015	0.0	0.0	0.0	0.2930861630820015	0.0	0.0	0.0	0.0	0.0	1.4758526427560958	3.0289105955620186	0.0
SAMPLE-9	0.0	0.0	3.1790741260821247	1.164563069424313	0.0	0.0	0.0	3.1543028626909773	3.5171594388302965	1.988095780221488	0.0	0.31105367734023487	0.0	0.0	0.0	0.0	0.0	0.0	0.0	0.7148986936833651	4.099796334515649	0.0	3.827826507737791	0.31105367734023487	0.0	0.31105367734023487	2.620745554880182	0.0	0.49043540338338754	3.260608864481337	0.0	0.0	0.6170100715300784	0.0	3.0206696066428993	0.31105367734023487	2.4413517504180717	0.0	0.0	0.49043540338338754	1.0178793169886644	0.6170100715300784	2.415942748619778	0.0	0.0	0.0	0.0	0.31105367734023487	0.31105367734023487	0.0	0.9204824678193423	0.0	0.49043540338338754	0.0	0.0	0.0	0.0	1.5633353222150128	3.659303267850138	0.0
