SAMPLE_ID	Acidobacteria	Actinobacteria	Aquificae	Armatimonadetes	Bacteroidetes	Balneolaeota	Calditrichaeota	Candidatus Cloacimonetes	Candidatus Saccharibacteria	Chlamydiae	Chlorobi	Chloroflexi	Chrysiogenetes	Coprothermobacterota	Cyanobacteria	Deferribacteres	Deinococcus-Thermus	Elusimicrobia	Euryarchaeota	Fibrobacteres	Firmicutes	Fusobacteria	Gemmatimonadetes	Ignavibacteriae	Kiritimatiellaeota	Nitrospirae	Planctomycetes	Proteobacteria	Spirochaetes	Synergistetes	Tenericutes	Thermodesulfobacteria	Thermotogae	Verrucomicrobia
SRR13357647	0.0	3.6727660913375217	0.5124102161894233	0.0	2.6505805688567587	0.0	0.0	0.0	0.0	0.0	0.0	0.7409852679308125	0.0	0.0	1.2794743997140217	0.0	0.5124102161894233	0.0	0.0	0.0	4.508869471451825	1.7752649981250568	0.0	0.0	0.0	0.0	0.0	2.7211254219564402	0.0	0.0	1.1620763835611148	0.0	0.0	0.0
SRR13357655	0.0	3.1299679064713306	0.0	0.0	2.062783085439665	0.0	0.0	0.0	0.3957993550856515	0.0	0.0	0.3957993550856515	0.0	0.0	0.0	0.0	0.0	0.0	0.0	0.0	4.560577453209448	1.1580417660934177	0.0	0.0	0.0	0.0	0.0	2.2853644141358327	0.0	0.0	1.3676468922114742	0.0	0.0	0.5993825216221043
SRR13357656	0.0	2.8926056097706696	0.5089790047488356	0.5089790047488356	2.091872953189186	0.0	0.0	0.0	0.0	0.0	0.0	0.7369281753694508	0.0	0.0	0.7369281753694508	0.0	0.0	0.0	0.0	0.0	4.556783713085975	0.5089790047488356	0.0	0.0	0.0	0.0	0.0	3.024170396438585	0.0	0.7369281753694508	1.4766634790978326	0.0	0.0	0.7369281753694508
SRR13357660	0.0	1.8965658614294558	0.0	0.0	4.306450072888636	0.0	0.0	0.0	0.4299880472051979	0.0	0.0	1.136275122196591	0.0	0.2661682567889845	0.5486585225594756	0.0	0.0	0.0	0.0	0.0	4.2258270176902135	0.2661682567889845	0.0	0.0	0.0	0.0	0.0	2.9418290698587	0.0	0.8901886012810576	0.7835021130215063	0.0	0.0	0.0
SRR13357661	0.0	1.7064052065152386	0.27655772407622436	0.0	4.36133326933181	0.0	0.0	0.0	0.0	0.0	0.0	0.0	0.0	0.0	0.0	0.0	0.0	0.0	0.0	0.0	4.172469352842247	0.5648142476647926	0.0	0.27655772407622436	0.0	0.0	0.0	2.134634300554717	0.0	0.4441752142030336	0.5648142476647926	0.27655772407622436	0.0	0.6591238562151353
SRR13357662	0.0	1.9681023159845303	0.0	0.0	4.462156259388994	0.0	0.0	0.0	0.0	0.0	0.0	0.0	0.0	0.0	0.7600005426437654	0.0	0.0	0.0	0.0	0.0	3.9468139844299266	0.41242731260068666	0.0	0.41242731260068666	0.0	0.0	0.25343520029054395	2.081536559823166	0.0	0.0	0.0	0.0	0.0	0.41242731260068666
SRR13357663	0.0	1.1915167168581104	0.0	0.0	4.530109859127977	0.0	0.0	0.0	0.30936170921706174	0.0	0.0	0.0	0.0	0.0	0.0	0.0	0.0	0.0	0.0	0.0	3.5915746084834272	1.6595910020335665	0.0	0.0	0.0	0.0	0.0	2.28593244731664	0.0	0.0	0.48819506083736525	0.0	0.0	0.30936170921706174
SRR13357664	0.0	2.0492360862314323	0.0	0.2577392715001835	3.5730025401025904	0.0	0.0	0.0	0.2577392715001835	0.0	0.0	1.061953165739855	0.0	0.5353902043805158	0.8242411229690105	0.0	0.0	0.0	0.0	0.0	4.509476336465498	0.8740190884726746	0.0	0.0	0.0	0.0	0.2577392715001835	3.262966179867407	0.0	1.1926943689642107	0.7680100948773712	0.0	0.0	0.5353902043805158
SRR13357668	0.0	1.5058710680354954	0.0	0.0	4.350131542032285	0.0	0.0	0.0	1.9478235087004405	0.0	0.0	1.0777291630892014	0.0	0.6677624359107651	0.8115731449067477	0.0	0.0	0.0	0.0	0.0	4.100099872376477	0.9194248476259357	0.0	0.0	0.45127317548049173	0.0	0.6677624359107651	3.460464641098321	0.0	1.3935145968580667	0.0	0.0	0.0	0.8115731449067477
SRR13357669	0.0	1.7780422154581592	0.0	0.0	1.9415137819749826	0.0	0.0	0.0	0.0	0.0	0.0	0.26263468317754857	0.0	0.0	0.26263468317754857	0.0	0.0	0.0	0.0	0.0	4.214504276464345	0.6357947900637384	0.0	0.0	0.0	0.0	0.0	4.332047540224612	0.0	0.0	1.5015881729838294	0.42513423010278456	0.0	0.5431141965788004
SRR13357670	0.0	1.0984405344533303	0.0	0.0	4.119162978333059	0.0	0.0	0.0	1.0372259702503044	0.2611630743466195	0.0	0.42310841524931186	0.0	0.0	0.2611630743466195	0.0	0.2611630743466195	0.0	0.0	0.0	4.3011993654037495	0.8307211071048352	0.0	0.0	0.540797568429366	0.0	0.0	3.684368812560952	0.0	0.0	1.1998224115620764	0.42310841524931186	0.0	0.7095161709975724
SRR13357671	0.0	1.8427230305178512	0.0	0.0	2.548070233896432	0.0	0.0	0.0	0.0	0.0	0.0	1.006427466122136	0.0	0.0	1.006427466122136	0.0	0.0	0.0	0.7462097554753211	0.0	4.566587350711255	1.2855167340242437	0.0	0.0	0.0	0.0	0.0	2.8623421090802164	0.0	0.0	0.0	0.0	0.0	0.0
SRR13357672	0.0	0.9532068730762921	0.0	0.22138301884420003	4.455651067618478	0.0	0.0	0.0	0.36731130262793665	0.0	0.0	0.883593485048999	0.0	0.22138301884420003	0.0	0.0	0.0	0.0	0.0	0.0	3.9046127770145955	0.36731130262793665	0.0	0.22138301884420003	0.36731130262793665	0.0	0.22138301884420003	3.158703389859901	0.0	0.9532068730762921	0.22138301884420003	0.0	0.0	0.4763447590663403
SRR13357676	0.0	1.979028698762883	0.0	0.0	4.394554846428016	0.0	0.0	0.0	0.46600741471466123	0.0	0.0	0.9393599426281497	0.0	0.2927213925781835	0.6855988550241793	0.0	0.2927213925781835	0.0	0.0	0.2927213925781835	4.0461800482726185	0.8307558691919478	0.0	1.5634542982528876	0.0	0.0	0.2927213925781835	3.2087986246623212	0.0	0.764213935735134	1.7469435867034442	0.0	0.0	2.4732345746549482
SRR13357677	0.0	1.2433519797990051	0.0	0.0	4.461871381274333	0.0	0.0	0.0	0.9816637162651742	0.0	0.0	0.36567745322978024	0.0	0.0	0.22024049630069092	0.0	0.0	0.0	0.0	0.0	3.9518967497700546	0.36567745322978024	0.22024049630069092	1.2433519797990051	0.0	0.36567745322978024	0.22024049630069092	1.9288272941889013	0.0	0.0	0.4744375143084918	0.0	0.0	0.6337239980833583
SRR13357678	0.0	1.3166723946220034	0.0	0.0	4.373588435679162	0.0	0.0	0.0	0.0	0.0	0.0	0.0	0.0	0.0	0.0	0.0	0.0	0.0	0.0	0.0	3.8807217714554754	0.8553201566691393	0.0	0.5399145252218502	0.0	0.0	0.0	1.657059207393365	0.0	0.0	0.5399145252218502	0.0	0.0	3.8288973782608173
SRR13357679	0.0	1.2652396377539679	0.0	0.27204918156677	4.460778169359593	0.0	0.0	0.0	0.8510293956718638	0.0	0.0	1.148090636964082	0.0	0.0	0.43803387045587155	0.0	0.0	0.0	0.0	0.0	3.9081281622655935	0.27204918156677	0.0	0.43803387045587155	0.0	0.0	0.0	3.0070913186205073	0.0	0.8510293956718638	0.43803387045587155	0.0	0.0	0.5578297342585337
SRR13357681	0.7999749105708424	1.7737959381317374	0.0	0.0	4.33960041396852	0.0	0.0	0.0	0.5152610647761271	0.24513210384873826	0.0	0.9337192652324776	0.0	0.0	0.24513210384873826	0.0	0.0	0.0	0.0	1.1184411447254123	3.970095216177554	2.6910497724684985	0.0	0.5152610647761271	0.0	0.0	0.0	3.7043387027344252	0.0	0.5152610647761271	0.5152610647761271	0.24513210384873826	0.0	3.08495157158146
SRR13357682	0.0	1.6890747416263567	0.0	0.0	2.2780180800038625	0.0	0.0	0.0	0.0	0.0	0.0	1.4648019425704009	0.0	0.0	0.5816193873665552	0.0	0.0	0.0	0.0	0.0	4.56653265493601	0.8216572006942005	0.0	0.0	0.0	0.0	0.0	2.953921443595561	0.0	0.0	1.0886458591593984	0.0	0.0	1.0886458591593984
SRR13357683	0.23654686983913165	2.436541640585899	0.0	0.0	4.364835159564503	0.0	0.0	0.3888249467425616	0.23654686983913165	0.3888249467425616	0.0	0.0	0.0	0.0	0.23654686983913165	0.0	0.0	0.0	0.0	0.7830646809322278	3.969825008934323	0.3888249467425616	0.23654686983913165	0.23654686983913165	0.0	0.0	0.0	3.1634716844572193	0.0	0.0	0.0	0.0	0.0	3.5819329554222876
SRR13357684	0.0	2.9444154428738454	0.0	0.0	4.289410731911658	0.0	0.0	0.0	0.0	0.26969672238966014	0.26969672238966014	0.0	0.0	0.0	0.6476908787160812	0.0	0.0	0.0	0.0	0.6476908787160812	4.207275015893693	0.43482022816360777	0.0	0.43482022816360777	0.0	0.0	0.0	3.0195299097425803	0.0	0.0	0.6476908787160812	0.0	0.26969672238966014	2.7203407899999323
SRR13357685	0.0	2.6019530760411915	0.0	0.0	4.002220750281495	0.2388674451244568	0.0	0.0	0.2388674451244568	0.0	0.0	0.5051261819093034	0.0	0.0	0.2388674451244568	0.0	0.0	0.0	0.0	0.2388674451244568	4.3846926518737295	0.5947349394709613	0.0	1.2862739158668628	0.0	0.0	0.0	3.5134671052255317	0.2388674451244568	0.0	0.8807835334401544	0.0	0.0	1.7810028983210668
SRR13357689	0.0	3.2168254376883985	0.0	0.0	2.2030238974788534	0.0	0.0	0.0	0.0	0.0	0.0	1.075399358099231	0.0	0.0	0.7666096643102758	0.0	0.34452230771445136	0.0	0.0	0.0	4.407342878635239	2.0064015556831065	0.0	0.34452230771445136	0.0	0.0	0.0	4.023281561254761	0.34452230771445136	0.9171887755296775	1.2540466759721742	0.0	0.0	0.8483929118852409
SRR13357690	0.0	1.6044678588914605	0.0	0.0	4.467780452905505	0.0	0.0	0.0	1.4458738117131154	0.0	0.0	0.24774414518603816	0.0	0.0	0.4045143570835717	0.0	0.0	0.0	0.0	0.0	3.805162300382552	0.4045143570835717	0.0	0.0	0.6102624933107825	0.0	0.4045143570835717	3.3481072419352427	0.0	0.24774414518603816	0.24774414518603816	0.0	0.0	0.5194603721943774
SRR13357691	0.0	1.2328230202623354	0.0	0.0	4.326603262607447	0.0	0.20923845116713907	0.0	1.4109247470555968	0.0	0.34984793228093936	0.0	0.0	0.20923845116713907	0.34984793228093936	0.0	0.20923845116713907	0.0	0.0	0.20923845116713907	4.186131145553105	1.1058644656104595	0.0	0.4558959640955912	0.34984793228093936	0.0	0.34984793228093936	3.1489583903510634	0.0	0.0	0.8176128455698606	0.0	0.0	1.1648674958308323
SRR13357692	0.0	2.710226546634262	0.0	0.0	3.9537709583609715	0.0	0.0	0.0	1.0715285389202376	0.6354961194837666	0.0	0.0	0.0	0.0	0.4248916836371883	0.0	0.0	0.0	0.0	0.0	4.4511373857997	0.6354961194837666	0.4248916836371883	0.6354961194837666	0.0	0.0	0.262458391675988	2.402260217878906	0.262458391675988	0.0	1.0715285389202376	0.0	0.262458391675988	0.7118202023160677
SRR13357693	0.0	1.516340526069819	0.0	0.0	3.179236049312722	0.0	0.0	0.0	1.2565880218157899	0.0	0.0	0.8933090671616979	0.0	0.0	0.3297991876722661	0.0	0.0	0.0	0.0	0.0	4.540418624335778	0.6445293045428179	0.0	1.4515925715010427	0.3297991876722661	0.0	0.5150717112210856	3.2375596036679686	0.0	0.7441282333335888	1.0041403087324465	0.3297991876722661	0.0	0.5150717112210856
SRR13357697	0.33333904036598294	2.8650622276000117	0.0	0.5196870552054702	2.4870431532517077	0.0	0.0	0.33333904036598294	0.33333904036598294	0.0	0.5196870552054702	1.4579895042337887	0.0	0.749570294167441	1.0101177188085952	0.0	0.0	0.0	0.0	0.0	4.524296525001156	0.8307371506794989	0.0	0.0	0.0	0.0	0.0	3.5403496645689714	0.0	1.617065428511571	0.8990966958566842	0.0	0.0	0.0
SRR13357698	0.0	1.1420728447205506	0.0	0.0	4.481460008327811	0.0	0.0	0.0	0.5531517412996938	0.21576818244588444	0.21576818244588444	0.5531517412996938	0.0	0.21576818244588444	0.0	0.0	0.0	0.0	0.0	0.35926397139598154	3.61841089348031	3.4727684917457653	0.0	0.21576818244588444	0.0	0.0	0.0	2.7796135210455035	0.0	0.6250521180083303	0.21576818244588444	0.21576818244588444	0.0	0.46693915830157295
SRR13357699	0.0	1.725528390987046	0.0	0.0	4.3199484068127285	0.0	0.0	0.0	0.18843943570834876	0.0	0.0	0.0	0.0	0.0	0.18843943570834876	0.0	0.0	0.0	0.0	0.18843943570834876	4.231230169030814	0.41992000955362024	0.0	0.0	0.0	0.0	0.0	1.8583399540652594	0.0	0.3194230488472442	0.6293654703187139	0.0	0.0	0.3194230488472442
SRR13357700	0.0	1.2159865635298588	0.0	0.0	1.962505948355438	0.0	0.0	0.0	0.0	0.0	0.0	1.3075818318591785	0.0	0.0	0.686707941913279	0.0	0.0	0.0	0.0	0.0	4.545289631796523	1.1617514327314447	0.293406872784496	0.5905745347162636	0.0	0.0	0.0	3.4455208128645065	0.0	0.9861805473155602	1.027431374215084	0.0	0.0	0.0
SRR13357705	0.3281508331676113	2.8688127180055356	0.0	0.0	4.195345797249154	0.3281508331676113	0.0	0.0	0.3281508331676113	0.0	0.0	0.3281508331676113	0.0	0.0	0.6421314866430075	0.0	0.0	0.0	0.0	0.0	4.28738923387265	0.6421314866430075	0.0	1.8371633881282803	0.0	0.0	0.0	3.3352433692448122	0.3281508331676113	0.0	0.8224552107882186	0.0	0.3281508331676113	0.6421314866430075
SRR13357706	0.33649075524657596	2.263740620734389	0.0	0.33649075524657596	3.784985629075485	0.0	0.0	0.0	0.33649075524657596	0.0	0.0	0.33649075524657596	0.0	0.0	0.7543957407560935	0.0	0.0	0.0	0.0	0.0	4.379018559501943	0.523786775622326	0.0	1.757148747304686	0.0	0.0	0.0	3.0602905690722912	0.0	0.0	2.6133705549669406	0.0	0.0	3.793571324873881
SRR13357710	0.3611299030096529	1.145145281993281	0.0	0.21706728997647634	4.528154998641785	0.21706728997647634	0.0	0.21706728997647634	0.7434254417562709	0.0	0.0	0.4691226567526503	0.0	0.21706728997647634	0.0	0.0	0.0	0.0	0.0	0.0	3.461631848226821	2.5060582844982866	0.0	0.0	0.3611299030096529	0.0	0.0	2.9068645470380425	0.0	0.5555383290550036	0.3611299030096529	0.0	0.0	2.422027516466946
SRR13357711	0.0	1.0083354130177775	0.0	0.0	4.539856388780998	0.21924356654258711	0.0	0.0	0.21924356654258711	0.0	0.0	0.5595230484852041	0.0	0.0	0.4727705602245309	0.0	0.0	0.0	0.0	0.0	3.423481229452532	1.0354490511540118	0.0	0.0	0.0	0.0	0.0	2.8514019116409113	0.0	0.6937439162341384	0.0	0.0	0.0	0.3642502933988353
SRR13357712	0.0	0.7117395105608393	0.0	0.0	4.525058083584703	0.20214555063964978	0.0	0.0	0.3395478037068624	0.0	0.0	0.0	0.0	0.0	0.0	0.0	0.0	0.0	0.0	0.0	3.4966242841360096	0.6586270475592713	0.0	0.20214555063964978	0.0	0.0	0.0	3.147006857649678	0.0	0.0	0.0	0.0	0.0	0.5277548533427419
SRR13357713	0.0	2.7854881509214646	0.0	0.0	4.0631491583828625	0.0	0.0	0.0	0.6059503035547165	0.0	0.4805810269560168	0.0	0.0	0.0	0.4805810269560168	0.0	0.30362740534613814	0.0	0.0	0.0	4.383994802255047	0.9076253099769109	0.0	2.4749839398936766	0.0	0.0	0.0	3.129353564425461	0.0	0.0	0.8495412772353701	0.0	0.0	0.7031184358332212
SRR13357718	0.0	0.6511769669925973	0.0	0.19860933771298767	4.354971485980485	0.0	0.0	0.0	0.19860933771298767	0.0	0.0	0.5909678787499804	0.0	0.0	0.3343838940012137	0.0	0.0	0.0	0.0	0.0	3.768509515267886	1.2646948061522718	0.0	0.0	0.0	0.0	0.0	2.9257800616333753	0.0	0.19860933771298767	0.3343838940012137	0.0	0.0	3.938076326947849
SRR13357719	0.0	0.9309355692882948	0.0	0.42704356831828066	4.13023068707167	0.0	0.0	0.0	0.0	0.0	0.0	1.042955205049756	0.0	0.42704356831828066	0.6381445954081051	0.0	0.0	0.0	0.0	0.0	4.010361042570061	2.2107758447865185	0.0	0.0	0.0	0.0	0.0	3.1790614018463095	0.0	0.7795837747870302	0.2640233974310639	0.0	0.0	4.1008865801665335
SRR13357720	0.0	1.0574128836628855	0.0	0.0	4.452368257637956	0.0	0.0	0.0	0.24149922399481616	0.0	0.0	0.0	0.0	0.0	0.0	0.0	0.0	0.0	0.0	0.0	3.3164969538368747	0.39578412415724196	0.0	0.0	0.0	0.0	0.0	3.8823277002835663	0.0	0.0	0.39578412415724196	0.0	0.0	0.5993634593299408
SRR13357721	0.0	1.473136987410109	0.0	0.0	4.389996684921578	0.0	0.0	0.0	0.7747187151370256	0.0	0.0	0.2989737317932562	0.0	0.0	0.0	0.0	0.0	0.0	0.0	0.0	4.1278813887047985	0.2989737317932562	0.0	0.5989719330205255	0.0	0.0	0.2989737317932562	1.5522952294037309	0.0	0.0	0.5989719330205255	0.0	0.0	0.7747187151370256
SRR13357740	0.0	3.5859059269105016	0.0	0.0	1.633674579663249	0.0	0.0	0.0	0.41766591927741364	0.0	0.41766591927741364	0.41766591927741364	0.0	0.0	0.534566050492665	0.0	0.0	0.0	0.0	0.0	4.530615650979943	1.3582831255435726	0.0	0.0	0.0	0.0	0.0	2.254274308148117	0.0	0.0	1.2345602419306272	0.0	0.0	0.2572188129094985
SRR13357742	0.0	3.347346908818738	0.0	0.0	3.1468304206379236	0.0	0.0	0.0	0.0	0.0	0.0	1.168171178392198	0.0	0.2822281819366345	0.8696325931158508	0.0	0.2822281819366345	0.0	0.0	0.0	4.525798196383549	0.7463468917863976	0.0	0.9655477564030749	0.0	0.2822281819366345	0.0	2.911468239431458	0.0	0.5735429465754933	1.168171178392198	0.0	0.0	0.45186682789627486
SRR13357743	0.2798332388019722	3.8071100329599323	0.2798332388019722	0.6645401379510305	1.9569756904589712	0.0	0.0	0.0	0.0	0.2798332388019722	0.0	1.6387115609820486	0.0	0.6645401379510305	0.8652878663853389	0.0	0.2798332388019722	0.0	0.0	0.2798332388019722	4.376443065502089	1.5597204085476184	0.0	0.2798332388019722	0.0	0.0	0.0	3.883175097210893	0.0	1.2598292305596468	0.44862260461688575	0.0	0.0	0.2798332388019722
SRR13357744	0.0	1.7925051273350097	0.0	0.30108764810344174	3.0294989671716768	0.0	0.0	0.30108764810344174	1.23055743726232	0.30108764810344174	0.30108764810344174	1.1140497816026416	0.0	0.0	0.7782473335313272	0.0	0.0	0.0	0.0	0.30108764810344174	4.525082309768691	0.9543449973744319	0.0	0.30108764810344174	0.30108764810344174	0.0	0.0	3.524121708289077	0.0	1.0001037688812573	1.1761988707527204	0.47719812293832603	0.30108764810344174	0.6021464671174042
SRR13357754	0.24766403721606253	3.343252831169942	0.0	0.24766403721606253	4.225753457697792	0.4044026832840723	0.0	0.0	0.4044026832840723	0.0	0.24766403721606253	0.24766403721606253	0.0	0.0	0.4044026832840723	0.0	0.0	0.0	0.0	0.4044026832840723	4.260111762870274	0.5193318124562827	0.24766403721606253	2.1369329348048263	0.0	0.0	0.0	2.83041068196441	0.5193318124562827	0.24766403721606253	0.5193318124562827	0.24766403721606253	0.0	0.24766403721606253
SRR13357755	0.0	3.216569738120714	0.0	0.0	3.9489669927872453	0.0	0.0	0.0	0.44538932791668684	0.0	0.0	0.0	0.0	0.0	0.5661934532372132	0.0	0.0	0.0	0.0	0.2774510446176885	3.858314147759778	0.9113962583684657	0.0	0.7381103596361975	0.0	0.0	0.0	1.6337972688213722	0.5661934532372132	0.0	0.44538932791668684	0.0	0.0	4.306155702101032
SRR13357761	0.0	2.759886133401856	0.0	0.0	2.1044250590810263	0.0	0.0	0.0	0.0	0.0	0.2574044424808891	0.0	0.0	0.0	0.2574044424808891	0.0	0.0	0.0	0.0	0.0	4.377506282833196	1.8176224069638336	0.0	0.2574044424808891	0.0	0.0	0.0	4.127803310789863	0.0	0.0	0.9955227245990422	0.2574044424808891	0.0	0.6268976580273533
SRR13357772	0.0	3.580702435251478	0.0	0.0	3.8994145219029863	0.0	0.0	0.0	0.5761987488949055	0.0	0.28396139095815187	0.0	0.0	0.0	0.45421071512483613	0.0	0.0	0.0	0.0	0.0	4.40473525627565	0.45421071512483613	0.0	0.0	0.0	0.0	0.0	2.9573128427782267	0.0	0.28396139095815187	0.8154133384038689	0.0	0.0	0.0
SRR13357773	0.0	2.4484914328614154	0.0	0.0	4.319743584707628	0.0	0.0	0.0	0.0	0.0	0.0	0.23399336292696982	0.0	0.0	0.0	0.0	0.0	0.0	0.0	0.23399336292696982	4.204706269850789	0.9807836440956619	0.0	1.3505955751653564	0.0	0.0	0.0	2.9103327897987277	0.0	0.0	0.7779715455810325	0.0	0.0	1.3642106404668048
SRR13357774	0.0	1.093638959976977	0.0	0.0	4.480442389780621	0.0	0.0	0.0	0.5856356865849901	0.0	0.0	0.0	0.0	0.0	0.0	0.0	0.0	0.0	0.0	0.0	3.8606581584791724	0.8262758667299506	0.0	0.8262758667299506	0.0	0.0	0.0	2.332168401142016	0.0	0.0	0.5856356865849901	0.0	0.0	2.5133199643285478
SRR13357784	0.0	1.285684659605689	0.0	0.0	4.25904484465998	0.0	0.0	0.0	1.2283481339106175	0.0	0.0	0.0	0.0	0.0	0.41360090672636957	0.0	0.0	0.0	0.0	0.0	4.283347501982961	1.285684659605689	0.25428173279386923	0.5299042798984541	0.41360090672636957	0.0	0.5299042798984541	2.794761537754403	0.0	0.41360090672636957	0.8176504955145028	0.0	0.0	0.621549437172399
SRR13357829	0.0	1.085192271123507	0.0	0.2692838016068666	1.96808592795203	0.0	0.0	0.0	0.0	0.2692838016068666	0.0	1.1148198886572582	0.0	0.4342554874118388	0.7238737090797037	0.0	0.0	0.0	0.0	0.0	4.554494431191063	0.0	0.0	0.0	0.0	0.0	0.0	3.3060238877960466	0.0	1.2988184944891432	1.5268910704707475	0.0	0.0	0.7891654882397066
SRR13357840	0.0	3.3285471027653775	0.0	0.0	2.0751947888263778	0.0	0.0	0.0	0.3999476836681922	0.0	0.0	1.2072529095104554	0.0	0.3999476836681922	0.6045681382356459	0.0	0.0	0.0	0.0	0.0	4.526716615522749	0.847963314085739	0.0	0.0	0.0	0.0	0.3999476836681922	3.3235895670988	0.0	1.0637493251259744	1.4264612517431683	0.3999476836681922	0.0	0.6045681382356459
SRR13357851	0.0	2.6021056541135663	0.0	0.0	1.797422203139425	0.0	0.0	0.0	0.0	0.0	0.0	0.6616714673445472	0.0	0.0	0.23494770636009518	0.0	0.0	0.0	0.0	0.0	4.473503968617562	0.38657085283667003	0.0	0.23494770636009518	0.0	0.0	0.0	3.892269037057583	0.0	0.0	1.4728743188624094	0.23494770636009518	0.0	0.4987383830693205
SRR13357862	0.0	2.426465985136166	0.0	0.536572533596423	2.333910185430084	0.0	0.0	0.0	0.0	0.0	0.0	1.8408781333687936	0.0	0.0	1.4048528004179697	0.0	0.0	0.0	0.0	0.536572533596423	4.282689097385955	0.536572533596423	0.0	0.536572533596423	0.536572533596423	0.0	0.0	4.237897238062996	0.0	1.4048528004179697	2.964222885240691	1.7180226538971108	0.0	0.7693938134883481
SRR13357892	0.0	1.4388287556719317	0.0	0.0	2.206073558041204	0.0	0.0	0.0	0.0	0.0	0.0	0.28164535922380873	0.0	0.0	0.4510779117631778	0.0	0.0	0.0	0.0	0.0	4.438300820388018	0.9644595481513613	0.28164535922380873	0.0	0.0	0.28164535922380873	0.0	4.017499993381987	0.0	0.0	0.8113175966175464	0.0	0.28164535922380873	0.4510779117631778
SRR13357893	0.6366854678329499	3.2431086204836266	0.0	0.0	2.58828129123384	0.0	0.0	0.0	0.6366854678329499	0.0	0.0	1.9426588932802336	0.0	0.0	1.041231209011735	0.0	0.0	0.6366854678329499	0.0	0.0	4.486361476661502	1.041231209011735	0.0	0.6366854678329499	0.0	0.0	0.0	3.5436008418739364	0.0	0.0	3.2051170906336153	1.7073960326161501	0.0	0.6366854678329499
SRR13357899	0.0	2.7339654050602955	0.0	0.0	4.186865094380191	0.0	0.0	0.0	2.4283160935980446	0.5111662276956197	0.0	1.5399484236632417	0.0	0.5111662276956197	0.7395150410204643	0.0	0.5111662276956197	0.0	0.0	0.5111662276956197	4.25022475664555	3.053098747054784	0.0	0.8883993101807631	0.7395150410204643	0.0	1.2777719618811956	3.4557854707078017	0.0	0.9990674956143435	0.5111662276956197	0.0	0.0	0.7395150410204643
SRR13357910	0.23497509049192655	2.1707046480019807	0.0	0.8288195932988589	2.0823337785546383	0.0	0.0	0.0	0.23497509049192655	0.23497509049192655	0.0	1.6781325388688946	0.0	0.872755635078459	0.9828913917098465	0.0	0.0	0.23497509049192655	0.0	0.0	4.110397792378807	4.156809027136993	0.0	0.0	0.0	0.0	0.0	4.018286782397576	0.0	1.5752837339106986	0.7799331914444046	0.23497509049192655	0.0	0.3866094806571306
SRR13357921	0.0	3.97888858194581	0.0	0.0	3.888778475787491	0.0	0.0	0.0	0.2876660872891916	0.0	0.45920973706831203	0.2876660872891916	0.0	0.0	0.0	0.0	0.0	0.0	0.0	0.0	4.30786552014671	0.6773857992504329	0.0	0.2876660872891916	0.0	0.0	0.0	2.6505136756830794	0.2876660872891916	0.2876660872891916	1.0889411841878653	0.0	0.0	0.5818566862807271
SRR13357925	0.0	1.4591186874530067	0.0	0.0	4.486142978393227	0.0	0.0	0.0	0.2483946029503172	0.0	0.0	0.0	0.0	0.0	0.2483946029503172	0.0	0.0	0.0	0.0	0.0	3.867248034482353	0.40542082167490257	0.0	0.2483946029503172	0.2483946029503172	0.0	0.0	1.2905072348003799	0.40542082167490257	0.0	0.0	0.2483946029503172	0.0	0.6865102619636296
SRR13357929	0.0	1.5751923957920362	0.0	0.0	4.326484730517073	0.0	0.0	0.0	0.5637001751886488	0.0	0.0	0.0	0.0	0.0	0.22153465221977486	0.0	0.0	0.0	0.47659763278402634	0.0	3.7866040798171348	4.000356547570158	0.0	0.22153465221977486	0.22153465221977486	0.0	0.0	2.798326282244978	0.0	0.0	0.47659763278402634	0.22153465221977486	0.0	1.683477347321053
SRR13357930	0.2517002530360087	1.3463898378268166	0.0	0.2517002530360087	4.432455427826654	0.0	0.0	0.0	0.6171073193233042	0.0	0.0	0.4100192907184196	0.0	0.0	0.6171073193233042	0.2517002530360087	0.0	0.0	0.0	0.0	3.7150329813165204	3.714506824661783	0.0	0.2517002530360087	0.0	0.0	0.0	2.76145959603835	0.0	0.0	0.0	0.0	0.0	0.9067279281955413
SRR13357931	0.0	1.1550046370611242	0.0	0.0	4.2956091686622395	0.0	0.0	0.0	0.6357121978021626	0.0	0.0	0.7347756255199869	0.0	0.0	0.0	0.0	0.0	0.0	0.0	0.0	3.5963617838257913	3.8741260205339056	0.0	0.0	0.0	0.0	0.5071605375208432	3.0617243256144366	0.0	0.6357121978021626	0.32375199293016454	0.0	0.0	3.7552689897361513
SRR13357932	0.0	1.794093708854643	0.0	0.0	4.279863425194773	0.0	0.0	0.0	0.27889965497515284	0.0	0.27889965497515284	0.27889965497515284	0.0	0.0	0.27889965497515284	0.0	0.0	0.0	0.0	0.0	4.244676932938052	1.5891320616963414	0.44735623561400684	0.8064400985444613	0.0	0.0	0.0	3.121900715206101	0.0	0.27889965497515284	0.6629991118714226	0.0	0.0	0.27889965497515284
SRR13357933	0.0	1.737060276730881	0.0	0.0	4.410083731013428	0.0	0.0	0.0	0.0	0.0	0.0	0.4359232461361192	0.0	0.0	0.0	0.0	0.0	0.0	0.0	0.0	3.8546243866088714	3.4542507103216105	0.0	1.2189674774455292	0.0	0.0	0.0	2.8203888629589784	0.0	0.0	0.6490417623580645	0.0	0.0	3.206887734458448
SRR13357936	0.0	4.099417587717556	0.0	0.0	2.3753617381952097	0.0	0.0	0.0	0.5237399941676149	0.33645475260574803	0.8356826814683127	0.6541693516400497	0.0	0.0	1.1037952096640151	0.0	0.8356826814683127	0.0	0.0	0.0	4.342908256200254	1.4635854811312652	0.0	0.33645475260574803	0.0	0.0	0.0	3.4945015562943693	0.0	0.0	1.5130754051920585	0.0	0.0	0.9041662814995127
SRR13357938	0.0	1.4108081477533694	0.0	0.0	4.2292132824287725	0.0	0.0	0.0	0.9826932538524621	0.0	0.0	0.0	0.0	0.4986321306469915	0.6261863308237335	0.0	0.0	0.0	0.0	0.0	4.2841724513962065	2.8346048476059567	0.0	1.37290279657151	0.0	0.0	0.31726221127892146	3.046790181281361	0.31726221127892146	0.31726221127892146	0.4986321306469915	0.0	0.0	0.31726221127892146
SRR13357939	0.0	0.9859139143200466	0.0	0.0	1.8983287339958315	0.0	0.0	0.0	0.0	0.0	0.0	0.0	0.0	0.0	0.0	0.0	0.0	0.0	0.0	0.0	4.573756361350508	1.0464042121558073	0.0	0.0	0.0	0.0	0.0	2.6718819595163548	0.0	0.5903535430832352	0.7275762039783753	0.0	0.0	0.5903535430832352
SRR13357940	0.0	1.3336237631843466	0.0	0.0	3.8648813830669946	0.0	0.0	0.0	1.4200067435002675	0.619394522350053	0.0	0.0	0.0	0.0	0.0	0.0	0.0	0.0	0.0	0.0	4.389262852313481	3.10140043832604	0.0	0.0	0.41186254351317	0.0	0.0	3.690923816753206	0.0	0.0	0.41186254351317	0.0	0.0	0.0
SRR13357941	0.0	1.0514077220649007	0.0	0.0	4.370875166464754	0.0	0.0	0.0	0.0	0.0	0.0	0.45710016937322734	0.0	0.2861013735879041	0.2861013735879041	0.0	0.2861013735879041	0.2861013735879041	0.0	0.0	4.143469517633954	0.45710016937322734	0.0	0.5794701053663929	0.0	0.0	0.2861013735879041	2.7872245467041887	0.0	0.6748315130329096	0.6748315130329096	0.0	0.0	0.9727476328777338
SRR13357943	0.0	2.154465830766933	0.0	0.0	3.4726582665152264	0.0	0.0	0.0	0.46464611746427453	0.0	0.0	0.0	0.0	0.0	0.0	0.0	0.0	0.0	0.0	0.0	4.542073196613791	0.2917073984937898	0.0	0.0	0.0	0.0	0.0	1.9451474643621336	0.0	0.2917073984937898	1.024290793339666	0.0	0.0	0.46464611746427453
SRR13357944	0.0	2.6966025805041065	0.0	0.0	4.106191100566901	0.0	0.0	0.0	0.5829511245299464	0.0	0.0	0.7194742275717088	0.0	0.0	0.0	0.0	0.0	0.0	0.0	0.0	3.7733299241429963	3.652124933078513	0.0	0.0	0.0	0.0	0.0	3.1588967591254864	0.0	0.5829511245299464	0.38272077041802915	0.0	0.0	4.111068336115146
SRR13357945	0.3381192882191132	1.6008004965386602	0.0	0.0	4.374926708126649	0.0	0.0	0.0	1.4836971078260164	0.0	0.0	0.6565700157281039	0.0	0.5259016626806328	0.0	0.0	0.0	0.0	0.0	0.0	3.7638280529045782	3.8669198151411446	0.0	0.0	0.0	0.0	0.3381192882191132	2.9823357929856904	0.0	0.7568818627110289	0.3381192882191132	0.0	0.0	2.1388826199042184
SRR13357946	0.0	1.547880543194012	0.0	0.5864804400612712	4.448127577205712	0.0	0.0	0.0	0.5864804400612712	0.5864804400612712	0.0	0.9812363312102338	0.0	0.5864804400612712	0.5864804400612712	0.0	0.0	0.0	0.0	0.0	3.391905247168367	3.716615151465769	0.0	0.0	0.0	0.0	0.0	3.3496227543413224	0.0	0.8272465037236356	0.0	0.5864804400612712	0.0	1.258979551881735
SRR13357947	0.0	1.783850827579988	0.0	0.0	3.9595632605177684	0.0	0.0	0.0	0.0	0.0	0.0	0.4036598757392678	0.0	0.4036598757392678	0.7481439710884774	0.0	0.0	0.0	0.0	0.4036598757392678	4.344206303086618	3.722349930047387	0.0	0.4036598757392678	0.0	0.0	0.0	3.1757673491701714	0.0	0.6091981313463127	0.7481439710884774	0.0	0.0	0.0
SRR13357950	0.22170473372988234	2.506146025466778	0.22170473372988234	0.0	4.405629041815913	0.0	0.0	0.0	0.8842934423238025	0.0	0.0	0.22170473372988234	0.0	0.0	0.6986819247902882	0.0	0.22170473372988234	0.0	0.0	0.0	4.037743214007455	0.36777103369144404	0.0	0.6365451015581831	0.0	0.0	0.22170473372988234	3.072135160389516	0.22170473372988234	0.0	0.7530311112915724	0.0	0.0	2.24597633117884
SRR13357955	0.0	1.5744352873706	0.0	0.0	4.366354425869667	0.0	0.0	0.0	1.0057691370346415	0.0	0.0	0.0	0.0	0.0	0.7456105148863892	0.0	0.0	0.0	0.0	0.0	4.157544920983376	1.167334714587918	0.0	2.139897599684629	0.0	0.0	0.0	2.3052265703437347	0.0	0.0	1.0057691370346415	0.0	0.0	1.3772026530605241
SRR13357956	0.0	1.0837406395022997	0.0	0.0	4.415309828763773	0.0	0.0	0.0	1.366484382273904	0.0	0.0	0.30352286947252144	0.0	0.30352286947252144	0.0	0.0	0.0	0.0	0.0	0.0	3.9337763085359585	0.6057939565325965	0.0	0.0	0.30352286947252144	0.0	0.0	2.385162164684331	0.0	0.6057939565325965	0.30352286947252144	0.0	0.0	3.5000978204514275
SRR13357957	0.0	2.369290163344683	0.0	0.30294347550326683	2.2212794681742682	0.0	0.0	0.0	0.0	0.0	0.0	1.5351856501384622	0.0	0.30294347550326683	1.003438216693396	0.0	0.0	0.0	0.0	0.0	4.518140363571341	0.6049270588338622	0.0	0.6049270588338622	0.0	0.30294347550326683	0.0	3.661829127040425	0.30294347550326683	1.4508407965082701	0.9576384445347809	0.0	0.30294347550326683	0.7020275383754413
SRR13357958	0.0	3.2641982936009395	0.0	1.0321335614552758	2.706661537853724	0.0	0.0	0.0	0.0	0.0	0.0	1.9721826979262933	0.0	1.1945683063523411	1.6975764290108075	0.0	0.0	0.0	0.0	0.0	3.812365902685719	1.8412076422940857	0.0	0.0	0.0	0.0	0.7696713048568141	4.455722319526888	0.0	2.303721311578341	2.314135359896712	0.7696713048568141	0.0	1.0321335614552758
SRR13357959	0.0	2.3306126395612616	0.0	0.0	3.655952275154966	0.0	0.0	0.0	0.0	0.0	0.0	0.0	0.0	0.0	0.330324789541788	0.330324789541788	0.0	0.0	0.0	0.330324789541788	4.5141787821587895	1.546380355447163	0.0	0.5157577270676693	0.0	0.0	0.0	2.7726388438191067	0.0	0.0	0.6452930153832661	0.0	0.0	0.7449377873551173
SRR13357960	0.0	2.7103964575718575	0.0	0.0	2.794333094500137	0.0	0.0	0.0	0.28858836280943545	0.0	0.28858836280943545	0.28858836280943545	0.0	0.0	0.0	0.0	0.0	0.0	0.0	0.28858836280943545	4.5206634821628295	1.7386257846242672	0.0	0.0	0.0	0.0	0.0	3.5671552607233594	0.0	0.28858836280943545	0.678888631642436	0.0	0.0	0.4604519241404518
SRR13357961	0.0	2.4208990059818105	0.0	0.0	3.88365381046086	0.0	0.0	0.0	0.5234127854578383	0.0	0.2502113252760653	0.0	0.0	0.0	0.0	0.0	0.0	0.0	0.0	0.0	4.477499341670674	1.2944547208411818	0.0	0.4079497465716997	0.0	0.0	0.0	1.9419340244773933	0.2502113252760653	0.0	0.5234127854578383	0.0	0.0	0.4079497465716997
SRR13357962	0.225578203101364	2.9429095630081523	0.0	0.0	4.0131975613162725	0.0	0.0	0.0	0.0	0.0	0.0	0.0	0.0	0.0	0.4833193361718555	0.3732948238714732	0.3732948238714732	0.0	0.0	0.3732948238714732	4.397477617747938	0.4833193361718555	2.030366257112772	0.5710286121053274	0.0	0.225578203101364	0.0	3.2463836101517924	0.3732948238714732	0.0	0.9289816840770848	0.0	0.0	0.809446905832355
SRR13357966	0.0	1.5883716494469076	0.0	0.27852996565759974	4.396941089354341	0.0	0.0	0.0	0.4468544983821448	0.0	0.0	0.6623882852142419	0.0	0.0	0.4468544983821448	0.0	0.0	0.0	0.0	0.7399763379864286	4.0820438810413044	0.805781543451555	0.0	2.1767787238455263	0.0	0.0	0.0	2.9071009092779976	0.0	0.27852996565759974	1.2572324255682121	0.0	0.0	0.4468544983821448
SRR13357967	0.0	2.673128938140187	0.0	0.6374983861692956	4.24756621232756	0.0	0.0	0.0	0.26364118712264284	0.0	0.26364118712264284	1.5037335022566864	0.0	0.8353830576177788	1.00797117737367	0.0	0.0	0.0	0.0	0.26364118712264284	3.94301925891764	0.6374983861692956	0.0	1.3870444883450408	0.0	0.0	0.26364118712264284	3.3972523450027774	0.26364118712264284	1.3719094654792419	0.26364118712264284	0.26364118712264284	0.0	3.930987007193734
SRR13357969	0.43187140277348784	2.095095889290879	0.0	0.0	4.438810826715853	0.0	0.0	0.0	0.2675422258948941	0.0	0.2675422258948941	0.0	0.0	0.0	0.43187140277348784	0.0	0.0	0.0	0.0	0.0	4.00074943013392	1.0817261907200164	0.0	0.8927973290370694	0.2675422258948941	0.0	0.0	2.538937327568027	0.5508074424178053	0.0	1.8502139969431566	0.0	0.0	0.7208118727051129
SRR13357970	0.24439509696735742	1.861954147576532	0.0	0.0	4.421262086932567	0.0	0.0	0.0	0.3998386911768018	0.0	0.5140734131278493	0.0	0.0	0.0	0.0	0.0	0.0	0.0	0.0	0.24439509696735742	4.0375573983357365	0.24439509696735742	0.0	1.5799934213440738	0.3998386911768018	0.0	0.3998386911768018	2.7969451978191593	0.3998386911768018	0.0	0.6044320502868551	0.0	0.0	1.3740937417299086
SRR13357971	0.0	2.0911326312104483	0.0	0.0	4.39029986576864	0.26166168251774813	0.0	0.0	0.4237950882826328	0.0	0.0	0.0	0.0	0.0	0.4237950882826328	0.0	0.26166168251774813	0.0	0.0	0.0	4.102827114520972	0.7104036984346088	0.0	1.872588741712	0.0	0.0	0.0	2.761321537245853	0.0	0.0	0.5415829897931758	0.0	0.0	1.542747564870606
SRR13357972	0.0	3.4356985896168353	0.0	0.0	4.17573587696573	0.0	0.2533952240841446	0.0	0.9874248001381689	0.2533952240841446	0.5284935505246243	0.0	0.0	0.0	0.2533952240841446	0.0	0.0	0.0	0.0	0.0	3.7731196722271294	0.6200261087110064	0.0	1.301326663429558	0.0	0.0	0.2533952240841446	3.398165292444226	0.41237186954022403	0.0	0.5284935505246243	0.0	0.0	4.074403041981493
SRR13357975	0.0	0.6858813946421982	0.0	0.0	4.22923337587843	0.0	0.0	0.0	0.7498809407473913	0.0	0.0	0.24804980658956569	0.0	0.0	0.6858813946421982	0.0	0.0	0.0	0.0	0.24804980658956569	4.263960113867054	3.406796073519179	0.0	0.24804980658956569	0.24804980658956569	0.0	0.0	2.2176851213632567	0.0	0.24804980658956569	0.6858813946421982	0.0	0.0	0.5199507753382522
SRR13357977	0.0	1.8576896716997005	0.0	0.0	2.3862302883494397	0.0	0.0	0.0	0.0	0.0	0.0	0.7394102994941477	0.0	0.0	0.928391750056686	0.0	0.6011870469809104	0.0	0.0	0.24253943821991472	4.563235441400142	0.39724179362227907	0.0	0.928391750056686	0.0	0.0	0.0	2.6982420950835513	0.0	0.6011870469809104	1.112868709839985	0.0	0.24253943821991472	2.7936740115508565
SRR13357978	0.0	1.6361379695549443	0.0	0.0	1.9997342039233392	0.0	0.0	0.0	0.0	0.0	0.0	0.0	0.0	0.0	0.4655526803353936	0.0	0.4655526803353936	0.0	0.0	0.0	4.572658140977847	0.0	0.0	2.5400860686259707	0.0	0.0	0.0	2.2105216632227815	0.6850502708678187	0.0	1.1299289942164228	0.0	0.0	0.4655526803353936
SRR13357979	0.0	3.0039647223284094	0.0	0.7959418665912977	3.7721531660084375	0.0	0.0	0.0	0.0	0.0	0.49141157294685245	0.0	0.0	0.0	0.7160628142276861	0.0	0.31179157505933197	0.0	0.0	1.2504894952335357	4.462533020332608	0.0	0.0	2.363591276857583	0.0	0.0	0.0	3.2635439549820724	0.31179157505933197	0.31179157505933197	1.1959685920901708	0.0	0.0	0.9731936503721736
SRR13357983	0.6345005038954011	3.2247823316016406	0.2206430698314547	0.0	4.273326557907997	0.0	0.0	0.0	0.881981254028555	0.0	0.2206430698314547	0.2206430698314547	0.0	0.0	0.2206430698314547	0.2206430698314547	0.2206430698314547	0.0	0.0	0.2206430698314547	4.216799891101018	0.3662533591895423	0.0	1.6027187597629715	0.0	0.2206430698314547	0.5620767896439387	3.030807999095171	0.6345005038954011	0.2206430698314547	0.2206430698314547	0.0	0.2206430698314547	0.47510992484015924
SRR13357984	0.0	3.7347514270714033	0.0	0.0	4.297412833200697	0.0	0.0	0.3457909412690375	0.9786324885945981	0.0	0.0	1.0775190651269693	0.0	0.0	0.7685282608132523	0.0	0.0	0.0	0.0	0.5358328911072703	4.054324577203071	0.9786324885945981	0.0	0.3457909412690375	0.0	0.0	0.0	3.103129931255407	0.3457909412690375	1.1196282761362581	1.1196282761362581	0.0	0.0	2.1099109184713885
SRR13357986	0.2803787692020095	2.628933957977151	0.0	0.5707028360785045	3.7847189548767624	0.0	0.0	0.0	0.44936214612964687	0.0	0.0	1.4904510817177767	0.0	1.0030826380638722	1.0405373160403493	0.0	0.0	0.0	0.0	0.2803787692020095	4.431927790860975	0.0	0.0	0.0	0.0	0.0	0.0	3.6427002844160703	0.2803787692020095	1.3906738422030165	1.4362672362514135	0.5707028360785045	0.0	0.44936214612964687
SRR13357987	0.0	1.6462061120927196	0.0	0.8640150591545619	4.427114714827067	0.0	0.0	0.0	0.8068567341789045	0.0	0.0	1.5245244477206927	0.0	0.7410189572914999	1.1882706602739337	0.0	0.0	0.0	0.27913366632875014	0.0	3.691051062701539	0.5687870917853644	0.0	0.0	0.0	0.0	0.0	3.7947807056482143	0.0	1.7551361998199986	0.44767375378622865	0.0	0.0	0.8068567341789045
SRR13357991	0.0	2.5890646211808668	0.0	0.47356749470831294	4.38937289134035	0.0	0.0	0.0	0.47356749470831294	0.0	0.0	1.4262211726411982	0.0	0.0	0.47356749470831294	0.0	0.0	0.0	0.0	0.0	3.9964358975622134	0.8405235558165994	0.0	0.0	0.0	0.0	0.0	3.498042145101436	0.0	1.513335170913317	1.2254233538984396	0.0	0.0	0.6947019893694675
SRR13357992	0.0	3.165690522619923	0.0	0.0	4.341504916080785	0.0	0.0	0.0	0.0	0.0	0.0	0.0	0.0	0.0	0.0	0.0	0.0	0.0	0.0	0.0	4.06852095328869	3.165690522619923	0.0	0.0	0.0	0.0	0.0	3.165690522619923	0.0	0.0	0.0	0.0	0.0	0.0
SRR13357996	0.2892538948530759	0.8247105460731556	0.0	0.0	4.255605281806332	0.0	0.0	0.0	0.6799718593870545	0.0	0.0	0.6799718593870545	0.0	0.0	1.3573524849015006	0.0	0.0	0.0	0.0	0.46134774305264614	3.4816841659220197	3.4122912022144187	0.0	0.0	0.0	0.0	0.6799718593870545	3.6993335165813073	0.0	0.2892538948530759	0.0	0.0	0.0	3.9721956945810835
SRR13357997	0.0	1.1421059474304611	0.0	0.2831548515398617	4.315145035611694	0.0	0.0	0.0	0.45312040988198765	0.2831548515398617	0.0	0.2831548515398617	0.0	0.0	0.574963587465255	0.0	0.0	0.0	0.0	0.45312040988198765	4.057537011973127	0.45312040988198765	0.0	2.145576442147119	0.0	0.0	0.0	3.25152745102849	0.0	0.0	1.362943508433389	0.0	0.0	3.6029775156077006
SRR13357998	0.0	1.5528340277657757	0.0	0.0	3.9456271965564387	0.0	0.0	0.0	2.288706369526473	0.0	0.0	0.7751799727199365	0.0	0.0	0.5415224815458743	0.0	0.0	0.0	0.0	0.0	4.363527066568692	3.6436690509871745	0.0	0.0	0.7751799727199365	0.0	0.9262722323317155	3.168453239961174	0.0	0.0	0.9262722323317155	0.0	0.0	0.7751799727199365
SRR13357999	0.0	1.0565397079589838	0.0	0.0	4.24753212354199	0.0	0.0	0.2285786122882726	0.0	0.0	0.0	0.2285786122882726	0.0	0.0	0.4882804450771765	0.0	0.0	0.0	0.0	0.6496729187742191	3.9788901038847686	0.37755925367702053	0.0	2.0121033989439994	0.0	0.0	0.2285786122882726	3.164915568937359	0.0	0.2285786122882726	0.935489165775031	0.0	0.0	3.966427697120728
SRR13358000	0.0	1.1871542142970757	0.0	0.0	4.001612940516992	0.0	0.0	0.0	0.0	0.0	0.2663010137281876	0.2663010137281876	0.0	0.0	0.43017011904354263	0.0	0.0	0.0	0.0	0.5488663250243299	3.8077165471742287	0.2663010137281876	0.0	1.6366356419639307	0.0	0.2663010137281876	0.2663010137281876	3.3840670275878817	0.0	0.0	1.5093759693990585	0.0	0.0	4.280517545401543
SRR13358004	0.0	2.0055497777627243	0.0	0.0	4.298300898309635	0.0	0.0	0.0	0.496063855655292	0.0	0.0	0.0	0.0	0.0	0.0	0.496063855655292	0.0	0.0	0.0	0.0	4.210725376862374	1.9673190574843957	0.0	0.8693044500146552	0.0	0.0	0.0	3.2346519419310664	0.0	0.0	1.0670236755626403	0.0	0.0	0.7216039596969572
SRR13358005	0.0	1.3433789213664693	0.0	0.28220322392499153	4.5169636069573516	0.0	0.0	0.0	0.4518330520887162	0.0	0.0	0.0	0.0	0.0	0.28220322392499153	0.0	0.0	0.0	0.0	0.28220322392499153	3.635075516454141	2.4599315440719804	0.0	0.9201867504851875	0.0	0.0	0.0	2.7264853459278795	0.0	0.0	0.28220322392499153	0.0	0.0	0.4518330520887162
SRR13358006	0.0	1.8368735394916644	0.0	0.0	4.135993089654048	0.0	0.0	0.3242043030538378	0.0	0.0	0.0	0.3242043030538378	0.0	0.0	0.3242043030538378	0.0	0.3242043030538378	0.0	0.0	0.6363736413266768	4.327204851534621	1.61221500409731	0.0	2.0978730002346433	0.3242043030538378	0.0	0.3242043030538378	3.2766188181805727	0.6363736413266768	0.3242043030538378	0.6363736413266768	0.0	0.0	2.9979190165779883
SRR13358007	0.0	1.8809357747122946	0.0	0.0	4.251693564888804	0.0	0.0	0.0	0.0	0.0	0.3563220884403243	0.0	0.0	0.0	0.3563220884403243	0.0	0.0	0.0	0.0	0.3563220884403243	4.27461785537087	2.8031175340114687	0.0	2.489557494455186	0.0	0.0	0.0	2.548044108909186	0.0	0.0	0.5493831378279651	0.3563220884403243	0.0	0.6825644212465598
SRR13358009	0.0	1.2490963999810538	0.0	0.6068859909434885	3.560485997335899	0.0	0.0	0.0	1.9121394956071718	0.0	0.0	1.4975788038337012	0.0	0.0	0.9350910331876676	0.0	0.0	0.0	0.0	0.0	4.499085243788625	1.943365217279726	0.0	0.0	0.0	0.4018050890581456	0.4018050890581456	3.4166913073930862	0.0	1.1673509075975672	0.6068859909434885	0.0	0.4018050890581456	0.8506091111239047
SRR13358010	0.0	3.8951020181616007	0.0	0.37384251231029664	3.411437769619109	0.0	0.0	0.0	0.22596306208436412	0.0	0.37384251231029664	0.5717232465110582	0.0	0.0	0.37384251231029664	0.0	0.0	0.0	0.0	0.0	4.43304919695908	1.6297600334692641	0.0	0.22596306208436412	0.0	0.0	0.0	2.6212037216490613	0.0	0.4839569465085589	1.2226699673557915	0.0	0.0	1.5104970710333845
SRR13358013	0.0	1.4459612751356767	0.0	0.0	4.239233291006664	0.0	0.0	0.0	0.47629421968428154	0.0	0.0	0.0	0.0	0.0	0.30040986708475415	0.0	0.0	0.30040986708475415	0.0	0.0	4.266235724366023	0.6011294660873915	0.0	1.7311756323276062	0.0	0.0	0.0	3.1411492176871043	0.0	0.0	1.0780436663836812	0.0	0.0	2.884121694507072
SRR13358014	0.2413725531922258	1.0571418875537855	0.0	0.0	4.317288075685834	0.0	0.0	0.0	0.2413725531922258	0.0	0.2413725531922258	0.39560652247229233	0.0	0.0	0.2413725531922258	0.0	0.0	0.0	0.0	0.0	4.122714417829126	0.2413725531922258	0.0	0.2413725531922258	0.0	0.0	0.0	3.0876860659986844	0.0	0.5091897614554879	0.5991411692486364	0.2413725531922258	0.0	3.44419292301334
SRR13358015	0.0	1.5101001563418475	0.0	0.0	4.382000631523718	0.0	0.0	0.0	0.31081242947347126	0.0	0.0	0.49011613879158344	0.0	0.0	0.6166522333876172	0.0	0.0	0.0	0.0	0.0	4.071464236763769	1.2971057872836265	0.0	0.6166522333876172	0.0	0.0	0.0	3.321020865714618	0.0	0.31081242947347126	0.9714840278436478	0.0	0.0	0.6166522333876172
SRR13358016	0.0	2.3215307553654427	0.0	0.6094489591173842	4.3624308050693505	0.0	0.0	0.30596991588193084	0.0	0.0	0.0	0.7863535079434327	0.0	0.0	0.0	0.0	0.0	0.0	0.0	0.0	4.071539732686772	0.6094489591173842	0.0	1.3518051931532753	0.30596991588193084	0.0	0.0	3.351452194504283	0.0	0.6094489591173842	1.3315807591894044	0.0	0.0	2.853665787744021
SRR13358020	0.0	2.4868217355347366	0.0	0.0	4.20761478754267	0.0	0.0	0.0	0.0	0.0	0.0	0.0	0.0	0.0	0.0	0.0	0.0	0.0	0.0	0.0	3.922575696138372	0.8259253093210757	0.0	1.3008630580374831	0.0	0.0	0.6811021271433886	3.09748077261653	0.0	0.0	0.4622828753687622	0.0	0.0	4.078127010388068
SRR13358021	0.49794549694231816	2.365189267421721	0.0	0.3167410377724288	2.8646141838979102	0.0	0.0	0.0	0.0	0.0	0.0	1.4769658883437886	0.0	0.7238418996789334	0.8040291919163538	0.0	0.49794549694231816	0.3167410377724288	0.0	0.0	4.545646072015268	0.49794549694231816	0.0	0.9817920329690923	0.0	0.0	0.0	3.274638424287078	0.0	1.1425183529151735	0.9817920329690923	0.0	0.0	0.7238418996789334
SRR13358022	0.0	1.1612901401328024	0.0	0.0	4.416450492481733	0.0	0.0	0.0	0.5902063209073647	0.0	0.0	0.29316360532880475	0.0	0.0	0.0	0.0	0.0	0.0	0.0	0.0	4.0251212665109115	1.3650066436534094	0.0	0.4666007492922525	0.29316360532880475	0.0	0.0	3.1208544737649557	0.0	0.0	0.5902063209073647	0.0	0.0	0.6863144661104894
SRR13358023	0.0	1.7923153426824883	0.0	0.0	4.013566334444967	0.0	0.0	0.0	2.3059186678715626	0.8511916804115434	0.0	1.4982354189328875	0.0	0.6073965861161577	1.2854837314820804	0.0	0.0	0.0	0.0	0.0	4.106159214501177	3.8911587133609733	0.0	0.0	1.2107805424937619	0.0	1.2107805424937619	3.8310303848022267	0.0	1.575112310382698	1.120502211851907	0.0	0.0	1.0063960895241129
SRR13358024	0.6541225891050066	1.6072533482521287	0.0	0.6541225891050066	4.076785033559553	0.0	0.0	0.0	0.2735475460798974	0.0	0.0	0.0	0.0	0.0	0.6541225891050066	0.0	0.0	0.0	0.0	0.2735475460798974	4.257237664863859	0.4400774427045241	0.0	1.8073314678517909	0.0	0.0	0.0	3.8286034685466586	0.6541225891050066	0.0	2.952688091923827	0.0	0.0	2.453910137104957
SRR13358028	0.0	2.8112428825038607	0.0	0.0	4.4293674711082565	0.0	0.0	0.0	0.9923768421123277	0.0	0.0	0.0	0.0	0.0	0.5060313073136595	0.0	0.0	0.0	0.0	0.0	3.983434804974785	0.9923768421123277	0.0	0.5060313073136595	0.0	0.0	0.0	2.940799124579876	0.0	0.0	0.8819265530041427	0.0	0.0	0.7334381018012683
SRR13358029	0.0	1.8193502743276881	0.0	0.0	4.50206391269035	0.0	0.0	0.0	1.072927078061912	0.0	0.0	0.4478923319011457	0.0	0.0	0.0	0.0	0.4478923319011457	0.0	0.0	0.4478923319011457	3.6894722938948807	0.0	0.0	0.0	0.0	0.0	0.4478923319011457	3.1140808064499605	0.0	0.0	0.0	0.0	0.4478923319011457	0.6636515986415632
SRR13358030	0.457620368340681	1.8792730563892988	0.0	0.0	4.144879071009335	0.0	0.0	0.0	0.0	0.0	0.0	0.457620368340681	0.0	0.0	0.6754616183907963	0.0	0.0	0.0	0.0	0.457620368340681	4.323577325894154	0.457620368340681	0.0	2.163731006496916	0.0	0.0	0.0	3.307883502820227	0.6754616183907963	0.0	0.7536351847011132	0.0	0.0	2.880003901447553
SRR13358031	0.0	1.4030576355398596	0.0	0.0	4.203381174173637	0.0	0.0	0.0	0.8496702253136958	0.0	0.0	0.8496702253136958	0.0	0.0	0.0	0.0	0.0	0.0	0.0	0.0	4.329673506101888	1.004799535876067	0.0	0.0	0.0	0.0	0.0	2.8175660931211364	0.0	0.6060632789420816	0.0	0.0	0.0	1.1188652584451775
SRR13358036	0.0	1.9720715394920352	0.0	0.0	2.446094162884844	0.0	0.0	0.0	0.0	0.0	0.0	0.0	0.0	0.0	0.0	0.0	0.0	0.0	0.3931478596292393	0.0	3.985949272362968	2.2424489086860357	0.0	0.3931478596292393	0.0	0.0	0.0	4.444230313866019	0.0	0.0	0.5960614969858659	0.0	0.0	0.9927918001420601
SRR13358037	0.0	1.2237517032772942	0.0	1.0604423608232418	2.441612620051248	0.0	0.0	0.0	0.0	0.0	0.0	1.511612154721314	0.0	0.0	1.0604423608232418	0.0	0.0	0.0	0.0	0.0	4.537192969635492	1.149728453845699	0.0	0.0	0.0	0.0	0.0	3.503919187448477	0.0	1.6331951462862675	0.0	0.0	0.0	1.149728453845699
SRR13358038	0.0	1.3678317972868015	0.0	0.0	2.124154585048787	0.0	0.0	0.0	0.28560929432950594	0.0	0.0	1.1170392829271656	0.0	0.28560929432950594	0.5787186256691803	0.0	0.0	0.0	0.0	0.0	4.567042898900051	0.7521372331469687	0.0	0.456436193668537	0.0	0.0	0.0	2.979769932161768	0.0	1.1170392829271656	0.5787186256691803	0.0	0.0	0.7521372331469687
SRR13358039	0.0	4.110346046801718	0.0	0.0	1.8876345032702417	0.0	0.0	0.0	0.5107147289655294	0.0	0.3264655576547406	0.3264655576547406	0.0	0.0	0.5107147289655294	0.0	0.3264655576547406	0.0	0.3264655576547406	0.3264655576547406	4.034030958792816	0.8878309768701798	0.0	0.3264655576547406	0.0	0.0	0.0	4.152167851555147	0.5107147289655294	0.0	1.72056550962958	0.3264655576547406	0.0	0.3264655576547406
SRR13358042	0.24488965462415932	1.5160596338311871	0.0	0.0	4.468540432372448	0.0	0.0	0.0	0.6800983629390696	0.0	0.0	0.40053005222500027	0.0	0.0	0.24488965462415932	0.0	0.0	0.0	0.0	0.24488965462415932	3.852835386082489	2.9722024084530707	0.0	0.7438907504631789	0.0	0.0	0.0	2.7234240483687064	0.0	0.40053005222500027	0.5148705053361289	0.0	0.0	0.40053005222500027
SRR13358044	0.0	1.1100681912810906	0.0	0.21098723308535353	4.530704565331717	0.0	0.0	0.0	0.6156875924326722	0.0	0.0	0.35237586942613863	0.0	0.0	0.21098723308535353	0.0	0.0	0.0	0.0	0.0	3.546628275226779	1.898657297445974	0.0	0.0	0.0	0.0	0.21098723308535353	2.695828945629164	0.0	0.35237586942613863	0.0	0.0	0.0	0.0
SRR13358045	0.291541777223403	1.0616246893269623	0.0	0.0	4.50675061963897	0.0	0.0	0.0	0.46442366572722404	0.0	0.0	0.0	0.0	0.0	0.0	0.0	0.0	0.0	0.0	0.0	3.7071349274759196	2.22147361524862	0.0	0.0	0.0	0.0	0.0	2.8190593261057684	0.0	0.0	0.291541777223403	0.0	0.0	0.46442366572722404
SRR13358046	0.0	1.6683783839097177	0.0	0.0	4.332948072502542	0.3847072194029084	0.0	0.0	0.3847072194029084	0.0	0.0	0.0	0.0	0.0	0.0	0.0	0.0	0.0	0.0	0.0	4.202742098367315	0.7222162253375357	0.0	0.5854550310211653	0.0	0.0	0.0	2.7145525771868773	0.0	0.0	0.3847072194029084	0.0	0.0	0.7222162253375357
SRR13358050	0.0	2.539320679027341	0.0	0.0	4.4277011764874175	0.0	0.0	0.0	0.49474944450905795	0.0	0.0	0.0	0.0	0.0	0.6218422321026318	0.0	0.0	0.0	0.0	0.0	3.9851241628957035	2.776644286796553	0.0	1.3035953244108636	0.0	0.0	0.0	2.759331321676269	0.0	0.0	0.0	0.0	0.0	1.8891556957510718
SRR13358051	0.0	2.3248354945274876	0.0	0.0	4.027373603173794	0.0	0.0	0.0	0.40014506983875753	0.40014506983875753	0.0	0.40014506983875753	0.0	0.0	0.848244710833166	0.0	0.0	0.0	0.0	0.40014506983875753	4.33584452028958	0.7433668233462896	0.0	2.122566875517334	0.0	0.0	0.0	3.18864171086388	0.0	0.0	0.7433668233462896	0.0	0.0	3.58299414779621
SRR13358052	0.27857855107776425	2.286537630515832	0.0	0.0	4.41087791642282	0.0	0.0	0.0	0.7400602862878011	0.0	0.27857855107776425	0.27857855107776425	0.0	0.0	0.0	0.27857855107776425	0.0	0.0	0.0	0.27857855107776425	4.038739018727041	0.5679320232524041	0.0	1.6081655090825322	0.0	0.0	0.0	2.8313087615174064	0.5679320232524041	0.5679320232524041	0.4469204465514509	0.0	0.0	2.6406092700675194
SRR13358053	0.28191404448377233	1.978314486387766	0.28191404448377233	0.0	4.345081551062868	0.0	0.0	0.0	0.28191404448377233	0.0	0.0	1.005985311027766	0.0	0.28191404448377233	0.6679671120471702	0.0	0.0	0.0	0.0	0.4514416540146239	4.16250594671124	0.0	0.0	1.709806052572038	0.28191404448377233	0.0	0.0	3.0143865820619786	0.4514416540146239	0.8117936100146682	0.8690638179259211	0.0	0.0	2.232948206676881
SRR13358058	0.0	2.5805387117961684	0.0	0.4483833213948678	4.395307645298603	0.0	0.0	0.0	0.9154865569650618	0.0	0.0	1.0017144397625497	0.0	0.0	0.9154865569650618	0.0	0.4483833213948678	0.0	0.0	0.0	4.026225778419642	0.4483833213948678	0.0	0.0	0.0	0.0	0.4483833213948678	3.3343824896856487	0.0	0.9154865569650618	0.4483833213948678	0.0	0.0	0.6642490323116034
SRR13358059	0.0	1.4605068796165164	0.0	0.0	2.0687113243030617	0.0	0.0	0.0	0.24902158040826886	0.0	0.0	0.4062940594973836	0.0	0.24902158040826886	0.4062940594973836	0.0	0.0	0.0	0.0	0.0	4.578039391995556	0.5215085059681657	0.0	0.4062940594973836	0.0	0.0	0.0	1.5989423431770482	0.0	0.0	0.8075312064576147	0.24902158040826886	0.0	0.9013765112794854
SRR13358060	0.0	1.2108318729009142	0.0	0.8771045613352739	1.9712034756182675	0.0	0.0	0.319985894641284	0.5022162787005928	0.0	0.0	1.5130526427543431	0.0	0.8771045613352739	0.8092998258210446	0.0	0.319985894641284	0.0	0.0	0.0	3.952356079094073	0.6301923383702469	0.0	0.0	0.0	0.0	0.319985894641284	4.46056005537176	0.0	1.433633502920388	1.265470011258998	0.0	0.0	0.7289146010161344
SRR13358061	0.0	2.2191931363305986	0.0	0.0	2.2882771650061033	0.0	0.0	0.4281523991639675	0.6395081321781942	0.0	0.0	1.5596945883642792	0.4281523991639675	0.0	2.385491240887482	0.0	1.9207770082675135	0.0	0.0	0.0	4.557302797208909	1.15959333245728	0.0	0.6395081321781942	0.0	0.0	0.8876417466521426	2.9025748282096258	0.0	0.4281523991639675	2.619079586063623	0.0	0.0	0.8876417466521426
SRR13358065	0.0	2.4495395522690893	0.0	0.0	3.9045130470650027	0.0	0.0	0.0	1.4202770103772016	0.0	0.0	0.30379598192485124	0.0	0.0	0.6062023925181378	0.0	0.0	0.0	0.0	0.30379598192485124	4.303537169279342	3.913140094617935	0.0	0.30379598192485124	0.30379598192485124	0.0	0.30379598192485124	2.7053412560022787	0.0	0.0	0.8498290005371598	0.0	0.0	2.9539212626167237
SRR13358066	0.0	1.7300917310104573	0.0	0.0	4.456438600772349	0.2738286306991404	0.0	0.0	0.2738286306991404	0.2738286306991404	0.2738286306991404	0.0	0.0	0.0	0.2738286306991404	0.0	0.0	0.0	0.0	0.0	3.9397272599121758	0.44046051979326656	0.0	1.7834971461619167	0.0	0.0	0.0	2.7227533694781485	0.0	0.0	1.9935326432444824	0.0	0.0	0.2738286306991404
SRR13358067	0.0	2.505563717997484	0.0	0.0	4.503102190601244	0.0	0.0	0.0	0.4415562682634145	0.0	0.0	0.0	0.0	0.0	0.4415562682634145	0.0	0.27463300559183634	0.0	0.0	0.0	3.7217720872709847	0.5618373937603811	0.0	1.2039838692914224	0.0	0.0	0.0	2.7644706733561994	0.0	0.0	0.7332205489393362	0.0	0.0	0.9512657181269221
SRR13358068	0.0	2.1714928005555967	0.0	0.0	4.400281463200598	0.0	0.0	0.0	0.2972790965205116	0.0	0.0	0.0	0.0	0.0	0.5964214238842867	0.0	0.0	0.0	0.0	0.0	4.070959226164559	0.4721128221249782	0.0	0.0	0.0	0.0	0.0	2.9902962427264717	0.4721128221249782	0.0	1.0345485882238727	0.0	0.0	0.2972790965205116
SRR13358069	0.26469939384585345	2.067631568069077	0.0	0.0	4.428194143038929	0.0	0.0	0.0	0.0	0.0	0.0	0.0	0.0	0.0	0.26469939384585345	0.0	0.4279721666039963	0.0	0.26469939384585345	0.0	4.016606837409928	0.546356930626559	0.0	2.0549682109155523	0.26469939384585345	0.0	0.0	2.7921886840489387	0.0	0.26469939384585345	0.4279721666039963	0.0	0.0	0.546356930626559
SRR13358073	0.2730897206887855	3.494883097581076	0.2730897206887855	0.0	4.310226629206343	0.0	0.0	0.0	0.5594452510636796	0.0	0.2730897206887855	0.2730897206887855	0.0	0.0	1.4355490642680075	0.2730897206887855	0.0	0.0	0.2730897206887855	0.43945330112606074	4.083871242363505	0.8529477863891312	0.0	0.0	0.7305327277565139	0.0	0.0	3.3611849553619764	0.2730897206887855	0.0	1.2241930103366963	0.0	0.0	1.0927194073948034
SRR13358076	0.0	1.4737962269969467	0.0	0.0	4.380076913997933	0.0	0.0	0.0	0.5311721652589187	0.0	0.0	0.6624177242541233	0.0	0.0	0.3421856643810925	0.0	0.0	0.0	0.0	0.0	4.066316100716752	3.294340343795484	0.0	0.6624177242541233	0.5311721652589187	0.0	0.3421856643810925	2.5890692862700013	0.0	0.3421856643810925	0.7630683316357374	0.0	0.0	0.8447255275078043
SRR13358078	0.0	2.689124541827171	0.0	0.0	2.9918957091582516	0.0	0.0	0.0	0.0	0.0	0.0	0.0	0.0	0.0	0.4219983998537371	0.0	0.0	0.0	0.0	0.0	4.555379264409703	0.9643536986277211	0.0	0.0	0.0	0.0	0.0	2.807220773620126	0.0	0.0	1.0356055869899525	0.0	0.0	0.0
SRR13358079	0.0	2.665990785223189	0.0	0.0	3.8827658652752963	0.0	0.0	0.0	0.7023229703793961	0.0	0.0	0.9579664343430979	0.0	0.0	0.4799171876827871	0.0	0.0	0.0	0.0	0.4799171876827871	4.460051667256544	0.7023229703793961	0.0	0.0	0.0	0.0	0.0	3.0323476923490986	0.0	0.4799171876827871	0.8486895159820012	0.0	0.0	0.9579664343430979
SRR13358080	0.0	2.472895391731164	0.0	0.5898080176256089	1.8855264008012658	0.0	0.0	0.0	0.0	0.0	0.0	1.0457360317887565	0.0	0.23607930002770403	0.5898080176256089	0.0	0.0	0.0	0.0	0.0	4.283045108323353	0.5898080176256089	0.0	0.500586216253112	0.0	0.0	0.0	4.26624863237352	0.0	0.9515324262655984	0.38816623723611365	0.0	0.0	0.23607930002770403
SRR13358081	0.0	2.7350492744536954	0.0	0.0	4.208012339072426	0.0	0.0	0.0	0.64032213378722	0.0	0.0	0.0	0.0	0.0	0.0	0.0	0.42881465667754737	0.0	0.0	0.0	4.246364629645897	2.6406875589440886	0.0	0.0	0.0	0.0	0.0	2.9344688178144227	0.0	0.42881465667754737	0.8885610714299224	0.0	0.0	3.3846332735608136
SRR13358083	0.0	1.9515793351487258	0.0	0.9475417299210039	2.4057834582413764	0.0	0.0	0.0	0.8386383628427309	0.0	0.0	2.278051052331401	0.0	1.0345384071539125	1.7329553672909481	0.0	0.6929439743734332	0.0	0.0	0.0	4.400473973245515	0.0	0.0	0.0	0.0	0.0	0.0	4.085280794242723	0.0	2.0607052201452287	0.8386383628427309	0.0	0.0	0.8386383628427309
SRR13358084	0.0	1.5634455023494536	0.0	0.714990132452599	3.651678023565046	0.0	0.0	0.0	1.8947358984721885	0.0	0.0	1.9281789084212249	0.0	0.8622401643378463	1.481660116919095	0.0	0.0	0.0	0.0	0.0	4.400994591458973	1.1323764959715499	0.0	0.8622401643378463	0.714990132452599	0.0	0.8622401643378463	3.904104023912385	0.0	1.9691055293961726	0.0	0.0	0.49051206377895507	1.1947248834715463
SRR13358085	0.0	2.533308306510114	0.0	1.340521774689528	2.489376499824826	0.0	0.0	0.0	1.1121052462160652	0.0	0.6005671232379295	2.2968714741457754	0.0	1.2768670184361242	1.911846562350569	0.0	0.0	0.0	0.0	0.0	3.9641503152058606	2.218128479877954	0.0	0.6005671232379295	0.0	0.0	0.0	4.437893519975088	0.0	2.4309850235503245	0.9982079415024746	0.6005671232379295	0.6005671232379295	0.8433914855245821
SRR13358086	0.0	1.450467943189484	0.0	0.0	3.9510377261913776	0.0	0.0	0.0	1.4205724194118867	0.0	0.0	1.150384782919119	0.0	0.0	0.8215480387957695	0.0	0.0	0.0	0.0	0.0	3.998933729745242	4.22568890703724	0.0	0.4589160538575462	0.0	0.0	0.2874481382743494	3.3475244832679545	0.0	1.450467943189484	0.2874481382743494	0.0	0.2874481382743494	0.4589160538575462
SRR13358087	0.33251509779050786	1.6391281386400964	0.0	0.9567760192666783	1.9351447562608504	0.0	0.0	0.0	0.0	0.0	0.0	1.7840444917789853	0.0	0.5186137986814858	1.261398288200795	0.0	0.0	0.0	0.0	0.0	4.293910085180584	3.921710084334422	0.0	0.33251509779050786	0.0	0.0	0.0	3.9890253589232976	0.0	1.7408979897270926	0.7483057153231008	0.0	0.0	0.5186137986814858
SRR13358091	0.0	2.631516074530025	0.0	0.0	4.3214452853362895	0.0	0.0	0.0	1.3584695152173312	0.289822368165539	0.0	1.5689498919487979	0.0	0.5851381891545422	1.0584077933499423	0.0	0.0	0.0	0.0	0.0	4.087946680843891	0.5851381891545422	0.0	0.289822368165539	0.0	0.0	0.0	3.6347312900393938	0.0	1.2794820967098932	0.9341133753496428	0.0	0.0	0.8257041014444555
SRR13358092	0.2535311961222466	2.1328215568575595	0.0	0.8162135368971523	4.484558168091045	0.0	0.0	0.2535311961222466	0.2535311961222466	0.0	0.0	1.3800505682116195	0.0	0.41256044130087743	0.9103669502750386	0.0	0.0	0.0	0.0	0.0	3.581240556653748	0.5287100377504744	0.0	0.0	0.0	0.0	0.0	3.545101102736776	0.0	1.5352623097015767	0.5287100377504744	0.0	0.0	0.5287100377504744
SRR13358093	0.6515164346243556	1.6313374296526106	0.43794548579507897	0.9870470123789764	4.1766945239282105	0.0	0.0	0.0	2.0231446081513633	0.0	0.0	2.0231446081513633	0.0	0.9870470123789764	1.5325425440064728	0.0	0.0	0.0	0.0	0.43794548579507897	3.04877951266554	1.0587061135726081	0.0	0.794047965279722	0.6515164346243556	0.43794548579507897	0.794047965279722	4.3306049751305595	0.0	2.1930396115650397	0.9870470123789764	0.43794548579507897	0.0	0.794047965279722
SRR13358094	0.0	1.5972251401428568	0.0	0.29312580134122956	4.42476588984518	0.0	0.0	0.0	1.859322980944579	0.29312580134122956	0.0	1.552685818278218	0.0	0.29312580134122956	1.215448931324702	0.0	0.0	0.0	0.0	0.0	3.7574685449944267	2.5427985456119724	0.0	0.46655003423514196	0.46655003423514196	0.0	0.5901490906282656	3.7140223955058373	0.0	1.528577211492052	0.46655003423514196	0.0	0.29312580134122956	1.0645785231666913
SRR13358098	0.0	2.8529939813721827	0.0	0.0	2.12558814546457	0.0	0.0	0.0	0.7782409908242385	0.2632903864045835	0.0	0.9701329263851052	0.0	0.2632903864045835	0.5441449658631897	0.0	0.0	0.0	0.0	0.0	4.562977240982864	0.5441449658631897	0.0	0.42603603934112205	0.0	0.0	0.0	2.5885658685661763	0.0	0.0	2.371482991816108	0.8347245353362813	0.0	0.42603603934112205
SRR13358099	0.24543118019339458	2.332896516375245	0.0	0.0	4.101447020820755	0.0	0.0	0.0	0.5157426610123824	0.0	0.24543118019339458	0.0	0.0	0.0	0.24543118019339458	0.0	0.0	0.0	0.0	0.5157426610123824	4.363274330095747	0.6810918317226223	0.0	2.074629298162051	0.0	0.24543118019339458	0.24543118019339458	3.2851706099475786	0.0	0.0	1.3008507027116227	0.0	0.0	1.7022455504410319
SRR13358100	0.25389184746526194	2.7358320545369272	0.0	0.0	4.277433991446447	0.0	0.0	0.0	0.0	0.0	0.4130604972408448	0.25389184746526194	0.0	0.0	0.0	0.25389184746526194	0.0	0.0	0.0	0.25389184746526194	4.25846912704523	0.5292840527828385	0.0	1.9977862216056457	0.0	0.0	0.0	2.5044830720838993	0.0	0.0	0.7608535807612004	0.0	0.0	0.8169043143547998
SRR13358101	0.0	2.1326008560266136	0.0	0.0	4.1527788346664245	0.0	0.0	0.0	0.0	0.0	0.0	0.0	0.0	0.0	0.0	0.0	0.0	0.0	0.0	0.0	4.365475614058198	1.014680448074009	0.0	1.5175215247431608	0.0	0.0	0.0	2.663138984674247	0.0	0.0	0.4077819033325713	0.0	0.0	0.25009065822730364
SRR13358102	0.0	3.6356605635789188	0.0	0.0	2.553216018769934	0.0	0.0	0.0	0.5325569192976524	0.0	0.5325569192976524	0.7646915881324021	0.0	0.0	0.7646915881324021	0.0	0.9151543766096757	0.0	0.0	0.0	4.515991736274331	1.3555673947879578	0.0	0.0	0.0	0.0	0.0	2.6726959751938613	0.0	0.0	1.569686922298398	0.5325569192976524	0.0	1.1889481491899085
SRR13358106	0.2848540974235358	2.0464889921373763	0.0	0.0	4.312985409428886	0.0	0.0	0.0	0.2848540974235358	0.0	0.0	1.049049394642487	0.0	0.2848540974235358	0.7508466980155714	0.0	0.2848540974235358	0.0	0.0	0.0	4.213424355774711	0.4554166744557023	0.0	1.2241941156194878	0.2848540974235358	0.0	0.0	2.9956256549623403	0.4554166744557023	0.7508466980155714	0.7508466980155714	0.0	0.0	0.2848540974235358
SRR13358107	0.18173237788085686	2.721683812656897	0.0	0.0	4.331953307964139	0.0	0.0	0.0	0.18173237788085686	0.0	0.0	1.1293888662544342	0.0	0.4080418525664063	0.7123875796626845	0.0	0.0	0.0	0.0	0.30946443222172293	4.158689517199447	0.48833115756109075	0.0	1.7323962038598735	0.18173237788085686	0.0	0.0	3.1891541388439437	0.0	1.0363336355075246	0.8270925190859304	0.0	0.0	0.7123875796626845
SRR13358108	0.24245544483823037	1.695459849649968	0.0	0.0	4.3633123504875195	0.0	0.0	0.0	0.5109418428301888	0.0	0.0	0.39712414427163234	0.0	0.5109418428301888	1.2774646925241961	0.0	0.24245544483823037	0.0	0.0	0.0	4.162024493574219	0.843932049708032	0.0	1.0301745874230734	0.0	0.0	0.0	2.5424009927945903	0.5109418428301888	0.39712414427163234	0.7392497667151418	0.0	0.0	0.39712414427163234
SRR13358110	0.31491838150427404	1.5948311913316082	0.0	0.0	4.343336406064057	0.0	0.0	0.0	0.7209831146314403	0.0	0.0	0.31491838150427404	0.0	0.0	0.0	0.0	0.0	0.0	0.4955421280767036	0.0	4.161776541123022	0.8010577963915418	0.0	1.2562334664001014	0.0	0.31491838150427404	0.0	3.1521566275890214	0.31491838150427404	0.0	0.6227294923486052	0.0	0.0	0.0
SRR13358114	0.0	1.1067675196380775	0.0	0.0	4.488007723623002	0.0	0.0	0.0	0.7674124100894213	0.0	0.37779818145027444	0.5767332857655643	0.0	0.0	0.2287469775792797	0.0	0.0	0.0	0.0	0.0	3.8511021609764726	0.2287469775792797	0.0	0.2287469775792797	0.2287469775792797	0.0	0.0	2.2146782415290165	0.0	0.37779818145027444	0.5767332857655643	0.0	0.0	0.6499921113948885
SRR13358115	0.0	1.3817873771620472	0.0	0.0	4.246855605796822	0.0	0.0	0.0	0.0	0.0	0.0	0.0	0.0	0.0	0.830705064328169	0.0	0.2611545681432429	0.0	0.0	0.0	4.306587903130009	0.0	0.2611545681432429	0.7743176352424482	0.0	0.0	0.0	1.99253719084188	0.0	0.0	0.6332845803407267	0.0	0.0	0.7743176352424482
SRR13358116	0.0	2.8650272630642806	0.0	0.0	4.417465224037289	0.0	0.22667001538738274	0.0	0.22667001538738274	0.0	0.22667001538738274	0.0	0.0	0.22667001538738274	0.0	0.0	0.22667001538738274	0.0	0.0	0.0	4.008420972544844	0.0	0.0	0.22667001538738274	0.0	0.0	0.0	2.986453459623853	0.0	0.22667001538738274	0.22667001538738274	0.0	0.0	0.48512721727399366
SRR13358117	0.0	3.244939911443634	0.0	0.0	4.414325627860278	0.0	0.0	0.0	0.3994188860817348	0.0	0.0	0.3994188860817348	0.0	0.0	0.2440949033139576	0.0	0.2440949033139576	0.0	0.0	0.0	4.001809828664715	0.2440949033139576	0.0	0.3994188860817348	0.0	0.0	0.2440949033139576	2.440203608058925	0.2440949033139576	0.2440949033139576	0.5135893116762359	0.0	0.0	0.9315920067275208
SRR13358121	0.0	1.2070540192909023	0.0	0.0	1.868503963498429	0.0	0.0	0.0	0.2761705530003088	0.2761705530003088	0.0	1.066877118123465	0.0	0.2761705530003088	0.5642160108308293	0.0	0.0	0.0	0.0	0.0	4.576466057559663	0.5642160108308293	0.0	0.0	0.2761705530003088	0.0	0.0	2.236853184162574	0.0	0.0	1.7820790475729964	0.0	0.0	0.5642160108308293
SRR13358123	0.0	1.0241918544420425	0.29165395095428137	0.29165395095428137	4.438847919341697	0.0	0.0	0.0	0.29165395095428137	0.0	0.29165395095428137	0.4645743333804757	0.29165395095428137	0.0	0.29165395095428137	0.0	0.0	0.0	0.0	0.0	4.003883464396383	2.2928893968943744	0.0	0.4645743333804757	0.0	0.29165395095428137	0.0	2.425155513506784	0.0	0.5879189074853015	0.7624101307879448	0.0	0.0	0.8288986825195439
SRR13358124	0.0	1.1358837054579838	0.29554386256988635	0.5938045825008711	2.1622188663716266	0.0	0.0	0.29554386256988635	0.29554386256988635	0.0	0.29554386256988635	1.7525783227902993	0.0	0.8934432901746523	1.2448509402660104	0.0	0.29554386256988635	0.0	0.0	0.0	4.08846642690486	1.602014096280424	0.0	0.8934432901746523	0.0	0.0	0.0	4.400341955844075	0.0	1.8151992403522244	0.4697909012211553	0.0	0.0	2.4775445705835026
SRR13358125	0.0	1.484544947749192	0.0	0.0	1.9682843816671116	0.0	0.0	0.0	0.0	0.0	0.0	0.0	0.0	0.0	0.0	0.0	0.0	0.0	0.0	0.0	4.244195843606071	0.6440280224602831	0.0	0.0	0.0	0.0	0.0	4.3091152602814216	0.0	0.0	0.6440280224602831	0.0	0.0	0.5146214930818009
SRR13358126	0.0	3.780621141471469	0.0	0.0	3.715830601843462	0.0	0.0	0.0	0.0	0.0	0.0	0.0	0.0	0.0	0.0	0.0	0.0	0.0	0.0	0.0	4.247544062216719	2.080877841054171	0.0	2.080877841054171	0.0	0.0	0.0	3.9494628498928708	0.0	0.0	0.0	0.0	0.0	0.0
SRR13358130	0.0	2.88540580682476	0.0	0.0	4.391864523945615	0.0	0.0	0.0	0.0	0.0	0.0	1.0029054997199407	0.0	0.0	0.4492353698834951	0.0	0.0	0.0	0.0	0.0	4.092000641624421	0.4492353698834951	0.0	0.8089044483417274	0.0	0.0	0.0	2.3937959342900816	0.0	0.0	0.916648717037166	0.0	0.0	0.4492353698834951
SRR13358131	0.0	2.9365154639452085	0.0	0.0	4.347194838859255	0.0	0.0	0.0	0.5708240055525143	0.0	0.0	0.37313353601385324	0.0	0.0	0.0	0.0	0.37313353601385324	0.0	0.0	0.0	4.169262314273922	0.5708240055525143	0.0	0.5708240055525143	0.0	0.0	0.0	2.2048275350071567	0.0	0.5708240055525143	0.5708240055525143	0.0	0.0	0.8092105604571345
SRR13358133	0.0	1.4939866522466023	0.0	0.4131050096881569	4.143392008705336	0.0	0.0	0.0	0.4131050096881569	0.0	0.0	0.8666036512989699	0.0	0.25392395643187493	0.25392395643187493	0.0	0.0	0.0	0.25392395643187493	0.0	4.310021134401847	0.4131050096881569	0.0	2.1387450968152844	0.25392395643187493	0.0	0.0	2.9367820225486496	0.0	0.988497126813535	1.022553437700336	0.0	0.0	3.424998547130502
SRR13358134	0.0	4.206559742391754	0.0	0.24479653593762102	2.137601075085846	0.0	0.0	0.0	0.24479653593762102	0.24479653593762102	0.6051326870757401	1.2994529438696458	0.0	0.4003999019906137	0.6799274255583679	0.5147204658028216	0.0	0.0	0.24479653593762102	0.6051326870757401	4.306319992513902	0.969793311704978	0.24479653593762102	0.5147204658028216	0.0	0.0	0.0	3.168590888120895	1.0036846347127586	1.1870948018317913	1.5257612547371913	0.0	0.0	0.7993199799308048
SRR13358141	0.0	2.398649504459759	0.0	0.0	3.758920386773358	0.0	0.0	0.0	0.0	0.0	0.0	0.5694868232059096	0.0	0.0	0.8076655268042745	0.0	0.5694868232059096	0.0	0.0	0.0	3.976989462692213	2.005633855624273	0.0	0.0	0.0	0.0	0.0	4.351068636625282	0.0	1.2371864091018436	0.5694868232059096	0.0	0.0	0.9606084218369471
SRR13358142	0.2786563242175772	3.6262376863286963	0.0	0.9998151555696873	3.727246437324503	0.0	0.0	0.0	0.4470260076346769	0.2786563242175772	0.2786563242175772	1.670971835436725	0.0	0.9136335172903016	1.1873286730825434	0.0	0.0	0.0	0.0	0.0	3.57853699497504	0.4470260076346769	0.0	0.0	0.2786563242175772	0.0	0.0	3.8318754366452112	0.0	1.767695734182394	1.5235472299928088	0.0	0.0	4.248902442982493
SRR13358143	0.0	1.879778362988171	0.0	0.0	4.469784869854846	0.0	0.0	0.0	0.2867344232196297	0.0	0.0	0.0	0.0	0.0	0.0	0.0	0.0	0.0	0.0	0.7540569925101117	3.8346060114695577	0.45795397409318583	0.0	1.9397284244482138	0.0	0.0	0.0	2.970517817955519	0.2867344232196297	0.0	0.45795397409318583	0.0	0.0	2.7918256423808296
SRR13358144	0.0	1.8616875119406413	0.0	0.0	4.462285680651747	0.0	0.0	0.0	0.6912855247522139	0.0	0.0	0.3625017808334477	0.0	0.0	0.0	0.0	0.0	0.0	0.0	0.0	3.8780477788049073	0.5572911857100034	0.0	0.5572911857100034	0.0	0.0	0.0	2.9451085605494627	0.3625017808334477	0.0	0.5572911857100034	0.0	0.0	2.7352048289693993
SRR13358145	0.0	3.379115610687324	0.0	0.0	2.84769128077294	0.0	0.27291262208318645	0.0	0.0	0.27291262208318645	0.0	0.43921180300610774	0.0	0.0	0.0	0.0	0.27291262208318645	0.0	0.0	0.0	4.5160709805579335	2.5903179634781233	0.0	0.0	0.0	0.0	0.0	3.2237925271786265	0.0	0.0	0.8526215520468635	0.27291262208318645	0.0	1.8402325354071365
