SAMPLE_ID	Acidimicrobiia	Acidithiobacillia	Acidobacteriia	Actinobacteria	Alphaproteobacteria	Anaerolineae	Aquificae	Ardenticatenia	Bacilli	Bacteroidia	Betaproteobacteria	Blastocatellia	Caldilineae	Calditrichae	Candidatus Babeliae	Candidatus Brocadiae	Candidatus Saccharimonia	Chitinophagia	Chlamydiia	Chlorobia	Chloroflexia	Chthonomonadetes	Clostridia	Coprothermobacteria	Coriobacteriia	Cytophagia	Deferribacteres	Dehalococcoidia	Deinococci	Deltaproteobacteria	Elusimicrobia	Endomicrobia	Epsilonproteobacteria	Erysipelotrichia	Fibrobacteria	Fimbriimonadia	Flavobacteriia	Fusobacteriia	Gammaproteobacteria	Gemmatimonadetes	Gloeobacteria	Hydrogenophilalia	Ignavibacteria	Kiritimatiellae	Ktedonobacteria	Limnochordia	Methanobacteria	Methylacidiphilae	Mollicutes	Negativicutes	Nitriliruptoria	Nitrospira	Oligoflexia	Opitutae	Phycisphaerae	Planctomycetia	Rubrobacteria	Saprospiria	Spartobacteria	Sphingobacteriia	Spirochaetia	Synergistia	Tepidiformia	Thermodesulfobacteria	Thermomicrobia	Thermoplasmata	Thermotogae	Tissierellia	Verrucomicrobiae	Vicinamibacteria	Zetaproteobacteria
SRR5865065	0.28389815284934505	0.4541252535962651	0.7492108237816218	2.1527897613279268	3.0138952793745957	0.5761019479601317	0.28389815284934505	0.0	3.6229565943698447	4.977465263354276	2.9972821650634804	0.4541252535962651	0.28389815284934505	0.0	0.0	0.0	1.346758483945719	2.022256804370909	0.5761019479601317	0.7492108237816218	0.28389815284934505	0.9686588324572207	4.739075532568899	0.4541252535962651	2.7581828861259248	1.5993471118955749	0.0	0.0	0.8726506532215124	2.8804767307851056	0.0	0.28389815284934505	1.7717812170361626	2.4451601539335157	1.0817680573772652	1.6470318451853834	1.8631204314184195	3.8221892150756798	4.237549186747565	0.28389815284934505	0.28389815284934505	0.0	1.72154587429473	0.4541252535962651	1.0817680573772652	1.1714225433866972	2.2727080311016112	0.0	1.4975812398655985	4.087644422141691	0.28389815284934505	0.0	0.9686588324572207	0.671224989820072	0.0	0.8726506532215124	0.5761019479601317	0.671224989820072	0.28389815284934505	1.328340810294189	0.815301728595758	2.600600682249876	0.5761019479601317	0.28389815284934505	0.28389815284934505	0.0	0.28389815284934505	1.197618286028546	3.0283974831078457	0.0	0.0
SRR5865066	0.7353924137419671	0.0	0.8840088020669443	2.215042334399855	2.9376661892660993	0.507681455215637	0.32414937607016253	0.0	2.8084241500485096	4.731133073341104	3.0254830828666046	0.507681455215637	0.0	0.0	0.0	0.0	1.7162560196908843	2.1939853615224156	1.246506042893199	0.8160269309468113	0.32414937607016253	1.4412941895159441	4.977492499634636	2.200106535693106	3.196716012688368	1.6672987755167328	0.507681455215637	0.0	1.958361436246829	3.485963544284513	0.0	0.8160269309468113	1.8077592322895435	2.992945326557481	1.6568084218990295	1.3439541670946387	3.151227345370107	2.774964530788056	4.1847256058705256	0.0	0.0	0.0	1.8639647848240124	0.507681455215637	0.507681455215637	1.1881293221562945	3.6912679174695526	0.0	1.7602492628243804	4.142566805489913	0.507681455215637	0.0	0.7353924137419671	1.120668969983438	0.0	1.1881293221562945	0.507681455215637	0.0	0.32414937607016253	1.6775417002393775	0.9945295537709026	1.800193122918381	0.507681455215637	0.8160269309468113	0.0	0.0	0.6362933348899702	1.404932496656193	3.26567523388117	0.0	0.0
SRR5865067	0.6073425903687114	0.0	1.006331451714718	2.3979360440788664	1.6403355516642408	0.0	0.3045588581905755	0.0	2.3835769412186703	5.003330690698139	1.5253318766897859	0.0	0.0	0.0	0.0	0.0	0.6073425903687114	2.3853980077004127	0.4818200614369225	1.0856290807406168	0.0	0.0	4.901954170762523	0.0	3.700403020616908	1.8761667660264507	0.960496355171298	0.0	0.3045588581905755	1.650323459291989	0.3045588581905755	0.3045588581905755	1.006331451714718	1.6600868194187786	1.1826554455467932	0.0	2.063872965195865	1.4217343665200144	2.856438833522322	0.3045588581905755	0.0	0.0	2.6818756812625155	0.3045588581905755	0.0	0.0	1.0856290807406168	0.0	1.4981659919264039	3.9034443736028708	0.0	0.4818200614369225	0.4818200614369225	0.7840168580492044	0.0	0.6073425903687114	0.4818200614369225	0.7046025024608236	0.0	1.2107132522266253	1.4217343665200144	0.7046025024608236	0.3045588581905755	0.4818200614369225	0.3045588581905755	0.0	0.4818200614369225	0.8511300779222364	1.7472651768100578	0.0	0.0
SRR5865068	0.3355196788576166	0.0	0.7529109504056101	2.5754524684412523	3.5740076195088495	0.3355196788576166	0.0	0.0	3.8507625499841955	4.61849853104117	2.7556235780135596	0.7529109504056101	0.7529109504056101	0.0	0.0	0.3355196788576166	1.2666930336917983	2.380008774154804	0.5225245619614001	0.9617606101890367	0.0	1.2081457393276502	5.0497054372755725	0.3355196788576166	3.638365851702376	1.805681821142625	0.6528189589181487	0.7529109504056101	2.4658689267031337	3.2072183561459457	0.3355196788576166	1.7728012170179994	1.5961038500297056	2.847375651557153	1.3857163495629583	1.2081457393276502	1.7463965610477301	2.8792592896815816	3.834994337182863	0.0	0.0	0.0	2.078679401052513	0.7529109504056101	0.5225245619614001	1.4619093935858853	2.9350017886104984	0.0	2.6015551925871705	3.8470358205614112	0.5225245619614001	0.0	0.0	1.0137833742542817	0.0	0.8342006367819966	1.5267090945487645	0.3355196788576166	0.0	0.8342006367819966	0.7529109504056101	1.2666930336917983	0.3355196788576166	0.3355196788576166	0.7529109504056101	0.0	0.3355196788576166	2.2392133196304007	3.836545559883632	0.0	0.0
SRR5865069	0.3744667772947976	0.22640190708901473	0.3744667772947976	3.676716842403787	1.9638012908933808	1.0516725754128404	0.0	0.0	2.9711184684134286	4.381739382221982	2.006817185554417	0.7626503446557751	0.22640190708901473	0.0	0.0	0.3744667772947976	1.9196419767683672	2.7139901881999102	0.8547970173334669	0.7080290786741613	0.0	0.22640190708901473	5.113674492529874	0.0	3.7908652130819203	1.8784142703564164	0.7080290786741613	0.22640190708901473	0.9954164841968378	2.0617040072950963	0.7080290786741613	0.0	2.08185331137386	2.8427213445377317	1.1668632868830915	0.22640190708901473	2.3071716537603324	3.117023089564958	3.8093677341182652	0.8547970173334669	0.0	0.0	1.5632444430266828	0.6455362178520752	0.3744667772947976	1.6892754461579922	1.2410872230064358	0.0	1.7129287543003981	4.075289653462095	0.22640190708901473	0.0	0.4846835452151398	1.0516725754128404	0.4846835452151398	1.4528482959261781	0.4846835452151398	0.22640190708901473	0.0	1.1243795095271336	0.6455362178520752	0.6455362178520752	0.0	0.6455362178520752	0.3744667772947976	0.0	1.2739275022453076	1.7186461347655535	3.916747300772192	0.0	0.3744667772947976
SRR5865070	0.6568002412427958	1.588064384291825	0.6568002412427958	2.97995772809964	2.791587789135592	0.0	0.33827906664988555	0.0	3.0252404653464176	4.963152093642976	3.1404254810826573	0.0	0.0	0.0	0.0	0.0	0.0	1.9571872826709733	0.6568002412427958	0.8385687743766839	0.33827906664988555	1.1452027851249686	4.765771815557589	1.0184040666707235	2.9522809422464364	1.5464708180054973	0.6568002412427958	0.0	2.083750424674922	2.204607722776132	0.33827906664988555	1.2432249755934501	1.2981050316534368	3.3785895814352447	1.3692730487791767	0.75712551675694	1.9157087438694542	1.6719617542901783	4.408710771063383	0.5261090307938667	0.0	0.0	2.070893956493067	0.6568002412427958	0.0	2.1083750048244285	2.7499342161108853	0.0	2.293875420979909	4.038204922443389	0.5261090307938667	0.0	0.6568002412427958	0.33827906664988555	0.33827906664988555	0.9663185575457325	0.0	0.0	0.0	0.9071241035950501	1.1452027851249686	0.8385687743766839	0.0	0.0	0.0	0.0	0.33827906664988555	2.4568888674630864	1.9738187352315797	0.0	0.0
SRR5865071	0.26446669936403655	0.26446669936403655	0.4276525813383548	4.184634435645611	1.6808495320414159	0.0	0.26446669936403655	0.0	4.398675107264419	3.441258773203059	1.6731888172504852	0.26446669936403655	0.0	0.0	0.0	0.0	0.6388936018124758	2.2117424358404563	0.0	0.4276525813383548	0.0	0.26446669936403655	5.161533780277245	0.4276525813383548	2.523602958694786	0.8869475547400814	0.0	0.0	0.5459919112178617	1.78200239484314	0.26446669936403655	0.0	1.8589797054579582	3.205948943405294	0.4276525813383548	0.8369308701995776	1.9243453796362497	1.9695856237343505	3.6286198915516117	0.0	0.0	0.26446669936403655	1.1588510281015976	0.0	0.0	1.4034101195822726	1.0438397672504844	0.0	1.3579603204933552	2.9801069379911813	0.0	0.0	0.26446669936403655	1.2287017586751146	0.0	0.4276525813383548	0.0	0.0	0.0	0.7153819315718821	0.0	0.7803949347836245	0.0	0.4276525813383548	0.0	0.0	0.9317942312626166	1.4574417531526382	2.0069858450971894	0.0	0.0
SRR5865072	0.0	0.0	0.3617412674990689	3.660481300662807	2.057309199265883	0.5563196631421208	0.0	0.0	3.471857995241042	4.308641525354842	2.277632852016163	0.3617412674990689	0.0	0.0	0.0	0.0	1.7024538280755817	2.2203932524978622	0.690214993627952	0.690214993627952	0.0	1.587734114109131	5.055998839018314	0.0	3.542550425285723	1.8445005989038716	0.8750818581601154	0.5563196631421208	0.7924116199345448	3.125016765313923	0.3617412674990689	0.690214993627952	1.7649463394676923	3.36530577343253	1.3384791666898932	0.5563196631421208	1.7242991843599464	1.8831168106562917	3.3329669121938674	0.0	0.0	0.0	1.8976505536073798	0.0	0.3617412674990689	0.9445037349701526	1.2528754665739141	0.0	1.3636347143207548	4.6437024107923195	0.0	0.0	0.0	0.9445037349701526	0.0	1.0043427841653458	0.0	0.0	0.0	0.3617412674990689	1.7551356118846317	0.5563196631421208	0.0	0.0	0.0	0.0	1.14615010146417	1.655161672200621	1.5728947299478324	0.0	0.0
SRR5865073	1.1839233956702206	0.0	0.9104367314413929	2.228967249143304	1.581035673376205	0.0	0.0	0.0	2.7907017654274062	5.025927794616495	3.4118809314255127	0.0	0.0	0.0	0.0	0.3851228543057854	0.3851228543057854	2.4348663595876894	0.3851228543057854	0.8266698677219089	0.0	0.0	4.764116127990316	0.0	1.707190064459267	1.5292740452568798	0.3851228543057854	0.0	0.5859785594113456	1.4025028491084468	0.0	0.0	1.0940647037883307	3.0791556131097324	0.980629569391099	0.0	1.6948515423183137	2.3867493544776512	3.9950406603796456	0.5859785594113456	0.0	0.0	2.0393131467231025	0.5859785594113456	0.0	0.0	0.5859785594113456	0.0	1.0940647037883307	4.217535962429017	0.0	0.0	0.3851228543057854	0.3851228543057854	0.0	0.5859785594113456	0.3851228543057854	0.0	0.0	0.980629569391099	0.9104367314413929	0.3851228543057854	0.0	0.3851228543057854	0.0	0.0	0.0	0.7227893452549227	1.0940647037883307	0.0	0.0
SRR5865074	1.243438359757613	0.7249765467984736	1.0965446124918565	2.6023418497306756	2.50394746504963	0.3867104286455058	0.0	0.0	3.587720488576822	4.819356240880962	2.844914635663147	0.3867104286455058	0.23504665814147555	0.0	0.23504665814147555	0.0	0.780076021978553	2.294553027714969	0.780076021978553	0.8729039348054022	0.23504665814147555	1.1864437799185932	4.827871091958529	0.8729039348054022	3.3601608992999257	1.8123134382962727	0.3867104286455058	0.0	2.622885359814608	2.4521094014281246	0.0	0.49890008783408957	1.918358542380594	2.7089000544570547	1.5996322416101763	2.003524815690008	2.0448070858832157	4.2513915708634125	4.417262873487212	0.587977053004213	0.0	0.0	1.903036921308483	0.6618566612698502	1.0708279106453418	2.0640642258148048	2.877118656680852	0.0	2.1993776324426157	3.858190813531668	0.9128026551048982	0.587977053004213	1.3244183386532506	0.587977053004213	0.0	1.243438359757613	2.5824126605849997	0.780076021978553	0.0	1.0708279106453418	1.1656527872532383	1.9367803806151598	0.3867104286455058	0.587977053004213	0.49890008783408957	0.0	0.3867104286455058	1.9069182991697802	2.680562040879431	0.0	0.23504665814147555
SRR5865075	0.44252983801355794	0.2753481431650493	0.5629442991716165	2.154197330037781	2.6521407043070777	0.2753481431650493	0.0	0.0	3.057318252140504	4.761443234608751	2.7267117025195136	0.44252983801355794	0.0	0.0	0.0	0.2753481431650493	0.2753481431650493	1.7188275915070779	0.6571169494333957	0.857098263003647	0.0	1.205413192397218	4.937769401751511	0.2753481431650493	3.445763465369042	1.6110026282532524	0.952619908555899	0.800095296703031	1.0308731043855746	3.1196624206067316	3.0539362210009635	0.0	1.4672396477695218	3.519792159125735	1.7803583540408758	0.9074800182106757	2.7686201299747197	2.580621095845032	3.2071239704301973	0.0	0.0	0.0	2.287722947401068	0.7344636544001282	0.0	3.0649984036043754	2.759353131279663	0.0	1.4260170037569686	3.5684191261806744	0.0	0.0	0.44252983801355794	0.800095296703031	0.0	0.6571169494333957	0.0	0.2753481431650493	0.44252983801355794	1.3111923691852874	0.800095296703031	2.2283498928832364	0.0	0.44252983801355794	0.44252983801355794	0.0	0.0	1.1807723872051743	4.5082915598589475	0.0	0.0
SRR5865076	0.7743818338627619	0.0	0.7743818338627619	2.9534041587182918	1.9300241239620342	0.0	0.0	0.0	3.4291376149545867	4.980686646147025	3.792463875092152	0.0	0.0	0.4231447414675059	0.0	0.0	0.4231447414675059	2.466779843778102	0.6333438005557439	0.9659968600150847	0.0	0.0	4.776768546086976	0.0	2.6865635189608064	1.9465372377232546	0.0	0.0	0.6333438005557439	1.590349196811024	0.0	0.0	1.0372789665500042	3.8455679953399162	1.1998770803605423	0.0	1.8667175854216482	2.0782957378622573	3.1097535528240337	0.0	0.0	0.0	2.2199466304156332	0.7743818338627619	0.0	0.8806725326161591	0.6333438005557439	0.6333438005557439	1.6256681222963374	4.321351081443494	0.0	0.0	0.7743818338627619	0.6333438005557439	0.0	0.0	0.4231447414675059	0.6333438005557439	0.0	0.9659968600150847	0.7743818338627619	0.6333438005557439	0.0	0.0	0.0	0.0	0.0	0.4231447414675059	2.1744798430545016	0.0	0.0
SRR5865077	0.6896427259524736	0.0	0.6896427259524736	3.386601303667048	2.935265922088659	0.5933215735193136	0.0	0.0	3.1328919641192785	4.309099806141166	2.7693658188925387	0.0	0.46936250036561245	1.2442395751142052	0.0	0.0	1.651324615682599	1.8014048808685632	0.6896427259524736	0.8350967989843626	0.0	1.9522258695938661	5.032672710735578	1.2676860743349518	3.590589307507411	1.5568311253943765	0.7684309542390853	0.46936250036561245	2.494851207518177	3.632947451825799	0.2952239633880019	1.7946743454450362	1.5568311253943765	3.2543120552665386	1.632031162390702	0.2952239633880019	1.7443919543964856	1.493829380056608	4.484228447652339	2.1730781340117375	0.0	0.0	2.5726713436908577	0.2952239633880019	0.0	1.2442395751142052	3.417742934979544	0.0	1.7808920309085974	4.252064296733716	0.0	0.2952239633880019	0.8928779179648005	1.0684768466480774	0.46936250036561245	0.5933215735193136	0.0	0.0	0.0	1.5327157322093108	1.1031631602111505	1.9615631562471	0.0	0.0	0.5933215735193136	0.0	0.46936250036561245	2.1155024808636584	1.3110924531968364	0.0	0.0
SRR5865078	0.3228602364985893	0.0	0.6344071878015296	2.212602844187518	2.8300097334281062	0.0	0.0	0.0	3.384229332700932	5.064325235438683	3.137053952985433	0.0	0.0	0.0	0.0	0.3228602364985893	1.421132113636996	2.188453481934117	0.3228602364985893	0.3228602364985893	0.0	0.5059910205541913	4.364439730644641	0.0	3.141572801770069	1.7822395180469965	0.0	0.0	0.0	3.1924214298777045	0.5059910205541913	0.0	1.421132113636996	3.2134362947343167	0.5059910205541913	0.8818756909808805	3.56177466339077	2.188453481934117	3.891660425853047	0.0	0.0	0.0	1.118400870095861	0.8818756909808805	0.5059910205541913	0.8818756909808805	0.6344071878015296	0.0	1.0803022741404917	4.553253058129211	0.3228602364985893	0.0	0.0	0.3228602364985893	0.0	0.3228602364985893	0.0	0.0	0.0	0.7333903720404318	0.5059910205541913	1.8343519772987396	0.3228602364985893	0.0	0.0	0.0	0.8818756909808805	1.6949250264669589	1.2956270345519125	0.0	0.0
SRR5865079	0.0	0.3872239208574601	0.5886230506940966	2.3627300070203776	1.4944388729425244	0.3872239208574601	0.0	0.0	3.6010617291054015	5.111721182333198	2.7630574603219173	1.3674594512882416	0.0	0.3872239208574601	0.0	0.0	1.4412670589860492	1.9756129544725423	0.3872239208574601	0.23541077629822077	0.0	0.23541077629822077	4.390141688449096	0.23541077629822077	2.7942631076899107	3.6586875590040058	0.3872239208574601	0.0	0.23541077629822077	3.1720533669669853	2.92426723153474	0.49949492046144	1.2260776329876586	2.3017046422903604	0.5886230506940966	0.3872239208574601	2.0859385668173203	1.6380148488435131	2.9599615450945995	0.0	0.0	0.23541077629822077	2.0540278927945486	0.3872239208574601	0.0	0.6625378128810606	2.8431015426662687	0.23541077629822077	1.097345637106676	3.523980003010849	0.0	0.0	0.23541077629822077	0.6625378128810606	0.23541077629822077	1.1872578282557302	0.23541077629822077	0.0	0.23541077629822077	2.0165878212283825	0.8297071434584626	1.07162468613384	0.0	0.23541077629822077	0.23541077629822077	0.0	0.6625378128810606	1.2071013292170845	4.38250289568181	0.0	0.23541077629822077
SRR5865080	0.6181691093955405	0.31183552372066276	0.7960139360571319	2.9015630491668025	2.2334085003195234	0.31183552372066276	0.0	0.0	3.874069707940306	4.728373149290075	4.246061784227291	1.4006910740058882	0.31183552372066276	0.0	0.0	0.0	1.2241647176206176	1.9453799307865396	0.9218268084279811	0.8634604472582286	0.0	1.7918474963608124	4.725000732658487	0.7161321123916428	3.3326685014971282	1.719901875923674	1.0608434022208242	0.0	0.49146969601903256	3.0379442180000895	0.0	0.0	1.8598957869874355	2.485170115191285	0.9218268084279811	1.2754623209501033	2.100356328663521	2.905550293743499	3.865449969226847	0.6181691093955405	0.0	0.0	2.138460961300219	0.0	0.6181691093955405	1.133686610489157	0.7161321123916428	0.0	1.3821698510609277	4.050608769719831	0.31183552372066276	0.0	0.6181691093955405	0.9732703189138281	0.0	1.1659861668367268	0.0	0.31183552372066276	0.6181691093955405	0.7161321123916428	1.3425748579788561	1.467762097137665	0.0	0.31183552372066276	0.0	0.0	0.49146969601903256	1.8961321293870808	4.598713569595711	0.0	0.7960139360571319
SRR5865081	0.4369554988857589	0.0	0.6503052815521791	4.125368408218835	2.5054726985436657	0.4369554988857589	0.6503052815521791	0.0	3.538929469433326	4.165925885125553	2.0287106938053525	0.4369554988857589	0.0	0.0	0.0	0.0	1.0572830099223214	2.2104627982248695	0.9856483845784105	1.0572830099223214	0.6503052815521791	0.0	5.107285722995976	0.0	3.960742507778262	1.8884013175029144	1.2204976318379421	0.4369554988857589	1.0572830099223214	2.7397750902531217	0.8998179785316878	1.7102415019420865	1.5929507576967226	3.1454033115737388	1.5310288163727677	0.7927393636275935	2.042592337568365	1.8367325788762068	3.91732088432235	0.6503052815521791	0.4369554988857589	0.0	2.1866144830728915	0.4369554988857589	0.0	1.9763012594767826	4.026656194087739	0.0	3.3240788416168994	3.4724390606098696	0.4369554988857589	0.6503052815521791	0.8998179785316878	1.0572830099223214	0.0	1.2204976318379421	0.4369554988857589	0.0	0.0	0.8998179785316878	1.3388519910183798	0.7927393636275935	0.0	0.6503052815521791	0.0	0.0	0.6503052815521791	2.1914900637681245	1.8024972256964458	0.0	0.0
SRR5865082	0.24234382312812847	0.5107613674549422	0.6008443673701106	2.541208492746545	1.995125294837608	0.5107613674549422	0.0	0.0	3.8223091095458637	4.927578876053137	3.2764465980429196	0.0	0.24234382312812847	0.0	0.0	0.0	1.87055648992575	1.8834779620655768	0.9279884262213851	0.7390363853560268	0.39696778186821424	1.6540328960103279	4.765508320386766	1.0592174994615147	3.271959221725308	1.5393799688160283	0.24234382312812847	0.0	0.7390363853560268	3.0833133217106767	0.39696778186821424	0.0	1.639393600691261	3.3546440663529182	0.8437084773920586	1.3695154002930179	1.3554312177484524	2.709977922152943	3.9889283107032725	1.935413299537098	0.0	0.0	1.5753384008748932	0.39696778186821424	0.39696778186821424	0.7945182895900132	2.352494038413306	0.0	1.294027762174165	4.443601135042689	0.0	0.0	0.6008443673701106	0.5107613674549422	0.0	0.7390363853560268	0.24234382312812847	0.0	0.0	1.1598584413113597	0.5107613674549422	1.433804532358137	0.0	0.0	0.0	0.0	0.39696778186821424	1.61646565316719	1.5666240412468488	0.0	0.0
SRR5865083	0.4015355855054141	0.4015355855054141	0.516029470833459	2.0219070901675273	2.4328717005790517	0.9346962931619178	0.0	0.0	3.545521021179929	4.899323079838251	3.0436959761016538	0.24560935182973453	0.516029470833459	0.0	0.0	0.0	0.8009055310076927	1.5912827353286791	0.6065498302638401	0.6814184749653895	0.0	1.4644075518536996	4.807273455308261	0.6065498302638401	3.3048262897844896	1.3481290081238788	0.516029470833459	0.0	0.24560935182973453	3.119162659952761	0.24560935182973453	1.1194627491966684	1.8509894381586252	3.231734103051135	0.4015355855054141	1.441124839996441	2.6601395773750185	4.226044681141579	4.057398334768157	0.4015355855054141	0.24560935182973453	0.0	1.9790409038167263	0.516029470833459	0.8945113816763028	1.4644075518536996	0.516029470833459	0.0	1.2486749540841717	3.9132658691325584	0.0	0.0	0.6065498302638401	0.24560935182973453	0.0	0.7452584032772052	0.24560935182973453	0.0	0.24560935182973453	2.4090732569250086	0.8502255120901991	1.6542028096721266	0.4015355855054141	0.0	0.0	0.0	0.24560935182973453	1.9157265100148066	3.695772038440233	0.0	0.0
SRR5865084	0.2751632837724049	0.0	0.0	3.1001776958562126	1.5279033404746694	0.44227823073879124	0.0	0.0	2.4586858927977597	5.07760172695766	3.9074376678407057	0.0	0.0	0.0	0.0	0.2751632837724049	0.9522700481804177	2.0226517564159705	0.7997639223682707	0.2751632837724049	0.0	0.2751632837724049	4.75745242945139	0.0	2.7824012966919325	1.3800898594746953	0.0	0.0	0.44227823073879124	1.2715430378075494	0.5626582654721767	0.0	1.228360153531054	2.469242569049493	0.9931528224879193	0.2751632837724049	1.8449731892148884	2.9307637685678123	2.8689020306696453	0.0	0.0	0.0	1.064917840490499	0.7997639223682707	0.0	0.6568099102580073	0.7997639223682707	0.0	1.4109797101072712	3.8334642017883	0.0	0.0	0.2751632837724049	0.2751632837724049	0.0	0.2751632837724049	0.2751632837724049	0.0	0.0	0.9071349700473533	0.2751632837724049	0.5626582654721767	0.0	0.0	0.0	0.0	0.0	0.9071349700473533	1.7986853041001103	0.0	0.0
SRR5865085	0.9504650922723679	0.0	1.2264482767013607	2.351026848378634	2.934372790064571	0.6200135199735701	0.4123617162873833	0.0	3.2307231729116976	4.414808065013456	2.5474539976043475	0.4123617162873833	0.0	0.0	0.0	0.4123617162873833	1.1359366860504918	2.5866008832978764	1.1359366860504918	1.2654906907883363	0.0	0.0	5.168927971789077	1.0214568593194264	2.901980652719101	2.0488643413305616	0.0	0.0	2.5087122817021283	3.1005798472664146	0.4123617162873833	1.699983038367226	1.7393349712913317	2.2111472610462095	2.644897735743053	0.9504650922723679	2.0954626919133688	3.015864736125209	3.821109921880477	0.0	0.0	0.0	2.231806046536266	0.6200135199735701	0.0	1.7266097755337826	3.375852522438903	0.0	2.0727881980198974	3.700328380436749	0.6200135199735701	0.0	1.0214568593194264	1.2654906907883363	0.0	0.865556828097886	0.4123617162873833	0.0	0.0	1.0214568593194264	1.4701077099403947	1.7135004367466165	0.4123617162873833	0.6200135199735701	0.4123617162873833	0.0	0.865556828097886	1.7135004367466165	1.895622399779972	0.0	0.4123617162873833
SRR5865086	0.7112375437580959	0.4873681174726704	1.1903701169079062	2.5869496091252535	2.4820974052348963	0.4873681174726704	0.4873681174726704	1.4460883194931833	3.6967904951267267	4.7083302143682655	2.6937679339740552	0.0	0.4873681174726704	0.0	0.4873681174726704	0.4873681174726704	2.010764532925811	2.421762327563436	0.7112375437580959	1.1903701169079062	0.0	0.8582287138976274	4.978601108440579	0.4873681174726704	3.935976366860081	2.2728766441023756	0.8582287138976274	0.0	1.1903701169079062	3.223981768630927	1.055306540912379	0.0	1.8783981567914567	2.8275025948319827	1.687059300174324	1.912718017057883	2.291663385495056	2.3096710343012146	4.269465607923237	0.4873681174726704	0.0	0.0	2.0018979442759126	0.7112375437580959	0.7112375437580959	1.2448458024962885	3.4350659093864655	0.0	1.814383180323745	3.8603148828928355	0.9678519622685158	0.4873681174726704	1.2448458024962885	0.9678519622685158	0.0	1.1280678236309667	0.8582287138976274	0.7112375437580959	0.0	1.3367847248984888	1.6276985095911822	1.7225566929161793	0.0	0.7112375437580959	0.4873681174726704	0.0	0.9678519622685158	2.1120709085540743	3.3760571819372447	0.0	0.0
SRR5865087	0.3215411175215729	0.1353153752398717	0.3215411175215729	3.4402166975494217	2.066406137497236	0.23833441266979882	0.1353153752398717	0.0	2.736376378938246	4.84974146323546	2.944043108626629	0.1353153752398717	0.0	0.0	0.0	0.0	1.1037483763248674	1.886713347531046	0.87968866760824	0.5937948924024934	0.1353153752398717	1.1397250088707573	4.86151392963408	0.23833441266979882	3.642038889080887	1.4806672898119815	0.5513305493685735	0.0	0.7313383593901965	3.455667735029433	0.1353153752398717	0.3913405609513294	1.4126127514312956	2.6235737194865654	0.7866124526724165	0.3215411175215729	1.52075266724897	3.714858277489763	3.557017222647643	0.23833441266979882	0.0	0.0	2.275402768259278	0.23833441266979882	0.0	0.8118173126213013	2.6728024499378304	0.0	1.1834806078916829	4.45972647485375	0.0	0.0	0.7598541777098913	1.1397250088707573	0.0	0.9001438666533645	0.1353153752398717	0.0	0.1353153752398717	2.00816796958274	0.8356392668540547	1.5574487908838162	0.0	0.23833441266979882	0.0	0.0	0.5042596533640551	1.0060105721347645	3.310211642271458	0.0	0.0
SRR5865088	0.47050003904312904	0.21788814599609013	0.3623076604346243	2.678766954877129	1.8652256471562623	0.557043250234891	0.0	0.3623076604346243	3.9280668902959563	4.94620327887782	3.5112146555548374	0.21788814599609013	0.21788814599609013	0.0	0.0	0.0	1.147080195995604	1.902198239374379	0.47050003904312904	0.6910123451855723	0.21788814599609013	0.3623076604346243	4.548662793720873	0.0	3.181021412810559	1.3766458085230844	0.6910123451855723	0.21788814599609013	0.7451337370350611	2.3074452872247044	0.21788814599609013	0.21788814599609013	1.2210717074509083	3.024132702974852	1.0052452821719735	0.3623076604346243	1.6561410939966072	2.501944324560525	4.481937978564802	1.4817168398956553	0.0	0.0	1.2538211315182524	0.3623076604346243	0.0	0.6291732136947752	0.3623076604346243	0.0	1.3766458085230844	4.420293537769105	0.3623076604346243	0.0	0.0	0.3623076604346243	0.0	0.3623076604346243	0.21788814599609013	0.0	0.0	0.47050003904312904	1.1667930311295174	0.8365663580116813	0.0	0.3623076604346243	0.0	0.0	0.47050003904312904	1.7659307049671944	1.3262872648711497	0.0	0.47050003904312904
SRR5865089	0.7612688237537618	0.4133688356311117	0.8669750369005639	3.08096608836715	3.039494793149033	0.0	0.4133688356311117	0.0	3.140343840030211	4.300797530396002	2.5718908915021452	0.4133688356311117	0.0	0.0	0.0	0.0	1.3359662272719883	2.525027318790424	1.083964034003148	1.2670433342977272	0.7612688237537618	1.3028706133665213	5.122095343555767	0.8669750369005639	3.4776562321169338	2.091532324753137	0.7612688237537618	0.0	2.3851460298786122	2.7876790562817693	0.4133688356311117	2.068557164602856	1.8701635715411828	3.004713176175509	1.366717381204876	1.6428711496840873	2.4678090029758026	1.687639158448987	4.43642227620815	1.5929523176314064	0.6212618759908468	0.0	1.9696203990016332	0.7612688237537618	0.6212618759908468	1.6583122892516025	2.593553364782998	0.0	1.938931037071764	3.711736681788946	0.6212618759908468	0.0	1.1374584192755337	0.8669750369005639	0.4133688356311117	1.083964034003148	0.4133688356311117	0.4133688356311117	0.0	1.5365414118754108	1.3954343733311456	1.7282205874002041	0.4133688356311117	0.0	0.7612688237537618	0.0	1.083964034003148	2.4411313149218965	1.5749507079898746	0.0	0.0
SRR5865090	0.6930449578776852	0.0	0.6930449578776852	2.0353555280511455	3.2283661929579197	0.363752873765102	0.0	0.363752873765102	3.6309721029713398	5.093772286127539	3.0896127687393986	0.0	0.0	0.363752873765102	0.0	0.0	0.7953932047275143	2.432992372945849	0.5588883773094597	1.0075449485913914	0.0	0.5588883773094597	4.616584632923135	1.0075449485913914	2.6113441749468707	1.8315384976935458	0.8781624727434942	0.363752873765102	0.6930449578776852	3.021023667141686	0.363752873765102	0.0	1.4552369221232122	2.177321309712536	0.9476541068036098	1.1494499148942001	2.1540005791299035	3.0166630412299034	3.6629212144024885	0.0	0.0	0.0	2.5780611395459907	0.9476541068036098	0.0	1.1070995426408519	3.2935423239437003	0.0	2.5219478782295126	4.079119371582099	1.286692044264044	0.0	0.0	0.363752873765102	0.363752873765102	0.5588883773094597	0.0	0.363752873765102	0.0	1.3418694423678568	0.6930449578776852	1.1880349383000228	0.363752873765102	0.363752873765102	0.5588883773094597	0.0	0.6930449578776852	1.1070995426408519	2.8830116237519094	0.0	0.363752873765102
SRR5865091	0.6745999672391837	0.0	0.4569090441369391	1.9381422862336646	2.6078799568868467	0.0	0.0	0.0	3.1070113124683867	5.02278434649048	3.698569358029091	0.9270783075859532	0.0	0.0	0.0	0.0	1.085699666666259	2.5340703034242273	0.0	0.6745999672391837	0.0	0.0	4.68782822113764	0.0	1.3324255309440574	1.7691625151123178	0.4569090441369391	0.0	0.0	2.6828696529227662	0.4569090441369391	0.0	1.5828762053103773	2.0451316611431105	1.201632656199276	0.8189338191052494	2.3860799200140193	2.8575382408690033	3.9269762923171925	0.4569090441369391	0.0	0.4569090441369391	2.408765907005719	0.8189338191052494	0.0	0.4569090441369391	0.6745999672391837	0.0	1.6420913819955814	4.320902779746048	0.0	0.0	0.8189338191052494	0.4569090441369391	0.0	0.6745999672391837	0.0	0.4569090441369391	0.4569090441369391	1.085699666666259	0.4569090441369391	1.3324255309440574	0.0	0.8189338191052494	0.6745999672391837	0.0	0.0	1.4328105197870935	3.5312621011528385	0.0	0.4569090441369391
SRR5865092	0.668036159222699	0.557700382761543	0.8915472676919509	2.785720434083194	2.0888475576627847	0.6163628420005971	0.18250630347481867	0.18250630347481867	3.5391179564737025	4.998411135782728	3.4110412675427004	1.0383857996109889	0.4094197246185284	0.18250630347481867	0.0	0.18250630347481867	2.0379063242989597	2.5865318837309195	0.6163628420005971	0.8614062384874644	0.4094197246185284	0.31061737451870347	4.72021138927359	0.7559427415007265	2.432195772536563	1.9052172990683196	0.31061737451870347	0.0	0.8915472676919509	2.332744789097357	0.31061737451870347	0.0	1.8145506372506015	1.078048642910483	1.2483234878932903	1.6669104170791942	2.0252508245946235	2.703774686426927	4.209340199779319	0.557700382761543	0.0	0.0	2.1787070615217656	0.668036159222699	0.48985796340825805	0.18250630347481867	0.668036159222699	0.0	1.6520042986372272	4.145000232010797	0.48985796340825805	0.18250630347481867	1.2219261386138087	0.8614062384874644	0.18250630347481867	1.179053823826063	0.0	0.557700382761543	0.4094197246185284	1.2219261386138087	1.340302284125777	1.6570300660082022	0.0	0.4094197246185284	0.18250630347481867	0.18250630347481867	0.18250630347481867	1.0586698504097998	3.6868833707229705	0.0	0.0
SRR5865093	0.7599476559960954	0.0	1.0013893039991189	2.202211427523732	1.6341778649068301	0.2337715295605373	0.16890112073994823	0.0	3.3837162664335696	5.014081246627587	3.04356800075386	1.3769014274325706	0.0	0.0	0.0	0.3401319580034021	1.2692492911738533	2.4091071617116007	0.4968145082375761	0.6815093934762367	0.0	0.0	4.654898078483376	0.2337715295605373	1.60952444599904	1.6483249595167053	0.09261023035095568	0.0	0.42550113364354547	2.40139307717995	0.2337715295605373	0.0	1.155651057004112	2.1996116605636846	1.101973073336478	0.5285121463205634	1.880075048366316	3.430853021843644	3.798447808147075	0.09261023035095568	0.09261023035095568	0.09261023035095568	1.085333711662299	0.6117136246531123	0.0	0.16890112073994823	0.2901996500949554	0.16890112073994823	1.2692492911738533	4.26103659607827	0.5857114779011318	0.0	0.4968145082375761	0.5580528215116021	0.636246520048242	0.6594673613122456	0.2901996500949554	0.0	0.16890112073994823	0.9466298111767116	1.085333711662299	0.6117136246531123	0.4968145082375761	0.3401319580034021	0.09261023035095568	0.0	0.09261023035095568	1.0013893039991189	4.196218271365671	0.0	0.2337715295605373
SRR5865094	0.8403915724236616	0.0	1.198969657509143	2.25579731180978	1.7904726392713881	0.39465084452289456	0.0	0.39465084452289456	3.176494200356016	5.064471820080263	3.7831329241976586	0.39465084452289456	0.0	0.0	0.0	0.0	1.198969657509143	2.3030957294200802	0.39465084452289456	0.0	0.39465084452289456	0.0	4.484181609183973	0.0	1.306527709993737	1.6848130768991805	0.0	0.0	0.7358712623861781	2.6310048077509527	0.7358712623861781	0.0	1.506557643996975	2.5998229083660758	1.1562534065511036	0.0	2.1375587266514575	3.904728890451982	3.231548134175379	0.0	0.0	0.0	2.420222104688312	0.8403915724236616	0.0	0.7358712623861781	1.2735487356947992	0.0	1.6848130768991805	4.480622957415814	0.39465084452289456	0.39465084452289456	0.7358712623861781	0.39465084452289456	0.0	0.39465084452289456	0.0	0.0	0.0	1.1088727273116854	0.8403915724236616	0.7358712623861781	0.0	0.0	0.0	0.0	0.9245732575219159	0.9245732575219159	2.151394579815959	0.0	0.0
SRR5865095	0.7003708019158936	0.0	0.36897781582385797	1.7575945016471493	2.38135063941286	0.36897781582385797	0.0	0.0	2.814883620846958	5.19958105641654	2.167081620575753	0.0	0.0	0.36897781582385797	0.0	0.0	1.1966153850939703	2.138458108965494	0.8031067449918563	0.36897781582385797	0.0	0.36897781582385797	4.436143462608383	0.0	1.1155592567452082	1.7870514906363746	0.0	0.0	0.8031067449918563	1.399620424397594	0.5655450693226587	0.0	1.5374153823543069	1.323886399391216	0.7003708019158936	0.0	2.4586161007331535	3.767741230814707	2.6641895035013343	0.0	0.0	0.0	1.1155592567452082	0.5655450693226587	0.0	0.8031067449918563	2.116792392284325	0.0	1.4836128401048159	3.3175099385481284	0.0	0.36897781582385797	0.8031067449918563	0.36897781582385797	0.0	0.7003708019158936	0.0	0.9557986726589401	0.0	1.8320992602346018	0.5655450693226587	0.36897781582385797	0.0	0.36897781582385797	0.36897781582385797	0.0	0.36897781582385797	0.5655450693226587	2.049658201461506	0.0	0.0
SRR5865096	1.0084924854455153	0.0	0.6091485449631349	2.5239451617748623	2.9514233214140835	0.6091485449631349	0.3057685301628791	0.0	3.544843925310891	4.998229955088673	3.0488315286318306	0.7860203263710327	0.0	0.0	0.0	0.0	1.5142844188809508	2.5926003526167274	0.9113487987462949	0.6091485449631349	0.0	0.7065270396946972	4.771706604706292	1.389248477320244	2.5845889703072715	1.8666288969137894	0.48342788070690984	0.3057685301628791	0.7860203263710327	3.026450298411376	0.3057685301628791	0.0	2.01793467168513	2.182549609179213	1.3707481641959853	1.1548874229076347	2.199697461718434	3.2127250023662826	4.105604962455549	0.48342788070690984	0.0	0.48342788070690984	2.2835341736603207	0.6091485449631349	0.48342788070690984	0.6091485449631349	2.7773076287772693	0.0	2.329527594550998	4.014734240686441	0.6091485449631349	0.0	1.1548874229076347	0.3057685301628791	0.48342788070690984	1.049970111692257	0.48342788070690984	0.7065270396946972	0.0	1.1848951139728887	0.962631155432774	1.2876884920490481	0.0	0.3057685301628791	0.3057685301628791	0.0	0.48342788070690984	0.48342788070690984	3.517009067132628	0.0	0.3057685301628791
SRR5865097	0.7998636277789091	0.8827800657910413	1.0650261310284854	3.076961191026958	2.320816961667717	0.36677736943374584	0.0	1.112004184541959	3.5217759494652108	4.922045433177553	2.906565146755161	0.0	0.0	0.0	0.36677736943374584	0.36677736943374584	0.9523753173210932	2.442471631457885	0.6972898930926711	0.6972898930926711	0.0	0.9523753173210932	4.765339232697914	0.36677736943374584	3.2578918404788846	1.8018440370943398	0.36677736943374584	0.0	1.7638517429706626	3.481676957413861	0.5627443254462037	0.0	2.056090130326292	3.0686770957481624	1.5815303711512168	1.8018440370943398	2.4145474205807083	3.057211601879655	4.334698771737455	0.36677736943374584	0.36677736943374584	0.0	1.7538106492160517	0.36677736943374584	0.5627443254462037	1.34694669073988	3.6140246295687013	0.0	1.7638517429706626	4.161408215952	0.5627443254462037	0.0	1.2612551492173796	0.7998636277789091	0.0	1.012343065112952	0.36677736943374584	0.5627443254462037	0.36677736943374584	1.6761578109134416	1.3202184240620727	1.8367784583952773	0.0	0.0	0.36677736943374584	0.0	1.0650261310284854	1.4798884121883458	2.035344664286445	0.0	0.36677736943374584
SRR5865098	0.7002616437307111	0.7002616437307111	1.0684226357481126	2.9614482588065254	2.4664952248981766	0.0	0.3688997766830858	0.0	3.4769455524052897	4.894618853286929	2.993871191104306	0.5654458066801287	0.0	0.0	0.0	0.0	1.5372829963441705	2.340726616694887	0.5654458066801287	0.5654458066801287	0.3688997766830858	1.157848744030543	4.787984343052205	0.8029918603530168	2.700291103961767	1.7258594230694613	0.3688997766830858	0.0	1.0156984621893743	2.6968004136172885	0.5654458066801287	0.0	1.9377737991577604	2.677694199004987	1.157848744030543	1.7147932124670069	2.112191172002723	3.184122648575757	4.219790360580434	0.0	0.0	0.0	2.0985110750831883	0.5654458066801287	0.0	1.4639563940881477	1.7366506491032214	0.0	1.6282583604250933	4.399246884168646	0.0	0.0	1.1154333649365529	0.8029918603530168	0.3688997766830858	1.0156984621893743	0.5654458066801287	0.0	0.0	1.3994895156073817	0.5654458066801287	1.8880837530829346	0.0	0.0	0.3688997766830858	0.0	0.5654458066801287	1.3504953595946048	3.7320459814580778	0.0	0.3688997766830858
SRR5865099	0.7550922463237391	0.0	1.130525691439484	3.2129938234373276	2.6067224779647873	0.40879027187981637	0.0	0.40879027187981637	3.3751959763509594	4.564829692992564	3.4085107701903636	0.40879027187981637	0.0	0.0	0.40879027187981637	0.6155809870575236	0.7550922463237391	2.598244520767951	0.7550922463237391	1.0161754046764404	0.40879027187981637	1.0771032983112816	5.062005031793612	0.40879027187981637	3.004689659827446	2.1059286706864775	0.40879027187981637	0.0	2.426107364363297	3.182871394260435	3.3540873637821353	1.1780905752301578	1.6195565412562756	2.6467943082594383	1.3882555680331699	0.6155809870575236	4.09926388492814	1.8437485141035868	3.7658106060152887	0.40879027187981637	0.0	0.0	2.1746654798831413	0.7550922463237391	0.6155809870575236	2.7570806366878546	2.4484296072510547	0.0	1.7077733859865398	4.010576122857245	0.7550922463237391	0.40879027187981637	0.860516696172924	0.860516696172924	0.0	0.0	0.0	0.0	0.0	1.7336013538485235	1.4405183615446941	1.1780905752301578	0.0	0.0	0.0	0.0	0.40879027187981637	1.5676691611897	3.0066998526649327	0.0	0.0
SRR5865100	0.6252190653991987	0.0	1.0276462961472823	2.5383762917896555	3.680281142445514	0.6252190653991987	0.0	0.0	2.626033420009226	4.926975452539706	3.2653653053645564	0.9565397134325642	0.0	0.0	0.0	0.0	1.3409218220534	2.4799856094320276	0.0	0.6252190653991987	0.0	0.7655671592081392	4.832197244455774	0.0	3.0344740962510337	1.9110367193068178	0.8714669966294688	0.0	0.9565397134325642	3.0427877814972857	0.6252190653991987	0.0	1.8464020200036564	2.322717463375745	1.142275893717583	1.5210193793182725	2.4284339851804755	2.769734964925694	4.024706318902613	0.0	0.0	0.0	2.335817242426217	0.4165650132853224	0.4165650132853224	0.9565397134325642	3.176874232749071	0.0	1.427368292008142	4.141637087589119	0.6252190653991987	0.4165650132853224	1.1899369287393877	0.4165650132853224	0.0	1.1899369287393877	0.4165650132853224	0.0	0.0	1.271957938490985	0.4165650132853224	1.4994311094278752	0.0	0.4165650132853224	0.0	0.0	1.0276462961472823	1.5800071527612625	3.7863294829939735	0.0	0.0
SRR5865101	0.5648481923046229	1.2311951734178803	0.995860237333801	2.491372980470494	3.162925056650119	0.6591602811759161	0.4442050901041785	0.0	3.633508590348521	4.680472027463381	2.8981134196684337	0.0	0.0	0.0	0.0	0.2765796982451654	0.0	2.1083734649301356	1.033248572534082	0.995860237333801	0.0	1.6135573863634507	5.073087275604632	1.3320707096776192	3.328786777248355	1.9501739564941194	0.7366009037480683	0.0	2.309708916418446	2.5430625868970043	0.4442050901041785	2.5822220675739285	1.4564557233945246	3.2354502525167064	1.3497109284044748	0.4442050901041785	2.4254900602419505	3.172908534932712	3.728306848559934	0.8023001057841163	0.0	0.0	1.8745548118190694	0.995860237333801	0.0	3.310824568197173	3.2322902935458724	0.0	1.9915181570377873	3.8078238673880835	0.2765796982451654	0.4442050901041785	1.157084782914607	1.7064509407191215	0.0	0.5648481923046229	0.4442050901041785	0.0	0.2765796982451654	1.563724569086678	0.9097755304534023	1.5530331634737504	0.0	0.8023001057841163	0.5648481923046229	0.0	0.0	2.2741757694293616	1.7699925359898918	0.0	0.2765796982451654
SRR5865102	0.5408391230841575	0.0	0.8564380248363248	2.2188660941349987	2.5053611107971263	0.34967321240461796	0.0	0.0	4.202528142209646	5.101871096296078	3.762518030636713	0.0	0.0	0.0	0.0	0.0	0.0	2.4383607272722982	0.5408391230841575	0.8564380248363248	0.0	0.34967321240461796	4.606170286937725	0.0	2.6093256527938355	1.581051677417595	0.0	0.0	0.8564380248363248	2.100166311416179	0.673123401203534	0.0	1.1261435012293668	2.361448075405174	1.0372789665500042	0.0	1.83122976146958	1.2628904127351843	3.222333027780636	0.673123401203534	0.0	0.5408391230841575	2.311989255530575	0.34967321240461796	0.0	0.9254267566604156	0.7743818338627619	0.0	1.5519016550967173	3.583437321961603	0.0	0.0	0.7743818338627619	0.5408391230841575	0.0	1.0372789665500042	0.34967321240461796	0.0	0.0	0.984943884411928	0.673123401203534	0.0	0.34967321240461796	0.5408391230841575	0.0	0.0	0.0	1.762706410891666	1.646367482558945	0.34967321240461796	0.0
SRR5865103	0.5075341834690772	0.0	0.8158459091613064	2.290126763235729	2.446087698691786	0.3240370180534046	0.883823050458135	0.0	2.4808628188414508	4.822738950187819	2.909309164546095	1.5999733718404943	0.0	0.0	0.0	0.0	1.4746387694207912	2.4356181385766833	0.6361290463293622	0.7352180516709445	0.0	0.9425861601598261	4.803593402398938	1.5877049982035998	2.6882121157101873	1.9307932056987587	0.0	0.0	1.365041439642113	3.7715755212426454	0.3240370180534046	2.0356472930209155	1.7764601361986503	1.7764601361986503	0.9425861601598261	0.5075341834690772	2.3324383043771504	3.465126000641028	3.3764661661924293	0.7352180516709445	0.0	0.0	2.461333499109709	0.8158459091613064	0.0	1.2180970634271753	3.115227388897842	0.0	1.4904896109596826	4.107810455506439	0.3240370180534046	0.0	0.8158459091613064	1.1879295149290714	0.8158459091613064	1.0823572864479278	0.3240370180534046	0.3240370180534046	0.3240370180534046	1.667089707849254	1.2727910518267573	1.0823572864479278	0.0	0.8158459091613064	0.0	0.3240370180534046	0.8158459091613064	2.5203849394211435	4.566542171196443	0.0	0.0
SRR5865104	0.8549699041906916	0.0	0.8549699041906916	3.513563897767912	2.0810670297231693	0.5396249132414684	0.0	0.0	3.5323423604654103	4.744340879908394	2.6804159971166253	1.3413788971592857	0.0	0.0	0.0	0.0	1.9872667733091662	2.4386145516736772	0.7729631578836761	1.124565376828103	0.0	0.3487306852333411	4.91222841815009	0.9239237125990614	2.7095733870524836	1.998150339164026	0.5396249132414684	0.3487306852333411	0.9239237125990614	2.612875232108566	0.5396249132414684	0.0	1.8817465609279895	1.8374010218024852	0.9834148602214047	1.5932618548674333	2.094187178803712	1.860139557566783	4.215891625611367	0.6717801252778292	0.0	0.0	2.217170472321757	0.7729631578836761	0.7729631578836761	1.0357298601206673	0.3487306852333411	0.0	1.6796379754791104	4.160892494648948	0.0	0.0	1.0357298601206673	0.9834148602214047	0.0	1.3875956013306034	0.7729631578836761	0.7729631578836761	0.0	1.124565376828103	1.534902247199392	1.579390577427784	0.0	0.6717801252778292	0.3487306852333411	0.0	0.3487306852333411	1.5024911562936136	4.266675757667685	0.0	0.0
SRR5865105	0.5982881423569063	0.0	0.39492515472959633	2.832559354275913	2.566685965806321	0.0	0.5982881423569063	0.0	2.4691968160246054	5.05193511173654	3.1327959050304677	0.39492515472959633	0.0	0.0	0.0	0.0	0.7362463151987783	2.4132841789392514	0.9954698342193152	0.9249780424308349	0.0	0.8407846713239591	4.415991520881489	1.3931061450338629	2.3742902217236295	1.8211139576063005	0.39492515472959633	0.0	1.6285498011339523	2.846534765136576	0.5982881423569063	1.1994000306032107	1.3069644542740795	2.4303486492472883	1.4423024668712578	0.0	2.847450661489423	1.884330615353762	4.481507538191462	0.5982881423569063	0.7362463151987783	0.0	1.3662469262738621	0.5982881423569063	0.0	1.5265914376119367	1.5453345802573644	0.0	2.0884260892474575	4.331423520368127	1.8401339551111686	0.0	1.056101671362929	0.9249780424308349	0.0	0.9249780424308349	0.5982881423569063	0.0	0.0	0.9249780424308349	1.3376164348575814	0.39492515472959633	0.39492515472959633	0.0	0.8407846713239591	0.0	0.39492515472959633	1.6578314960914566	1.5633021680944805	0.0	0.7362463151987783
SRR5865106	0.39619915626716684	0.241795295145311	0.5998828332982284	3.2896844890507295	1.8375565607236541	0.6744015614361965	0.0	0.241795295145311	3.581963554250761	4.961620694464032	3.5247254563253234	0.241795295145311	0.241795295145311	0.0	0.0	0.0	0.5098740646817729	2.103478417050752	0.7379870657320544	0.5098740646817729	0.0	0.5098740646817729	4.598845209604356	0.241795295145311	3.231297201967209	1.5653751924878256	0.241795295145311	0.0	0.5098740646817729	2.4419303568014152	0.9268564277880429	0.0	1.3819266249709226	2.811346757098233	0.6744015614361965	1.395151285441289	4.12433742710581	2.209300178227724	3.7124090235064893	0.0	0.0	0.0	1.9416104869000768	0.39619915626716684	0.0	0.39619915626716684	0.7934408653877794	0.0	1.3245907819625273	4.515315800202948	0.5998828332982284	0.0	0.9268564277880429	0.5098740646817729	0.0	0.9635514493546792	2.781360063543842	0.0	0.0	1.5564831090659148	0.5998828332982284	1.395151285441289	0.39619915626716684	0.241795295145311	0.0	0.0	0.5998828332982284	1.2760016879515423	2.79141310756835	0.0	0.0
SRR5865107	0.4740714647718973	0.365363993054461	0.4740714647718973	3.2358859363253507	1.8548194119351014	0.4740714647718973	0.2200214468679362	0.0	3.457567167135323	4.9509880012948235	3.3385652390297755	0.4740714647718973	0.0	0.0	0.0	0.0	0.8411729332815502	1.9248903685266041	0.4740714647718973	0.4740714647718973	0.0	0.5609433219218669	4.662275265215136	0.0	3.1544860805885264	1.4961650569742047	0.7977764076348479	0.0	0.7977764076348479	2.5340880753653496	2.307193579713035	0.0	1.6551174303127172	2.8549621808827346	0.9167884905528406	1.1097148397983734	4.232147863376724	2.433712619651968	3.9672036754825113	0.0	0.0	0.2200214468679362	2.2913739910045194	0.365363993054461	0.365363993054461	1.1718155310367457	1.6915750085248042	0.0	1.0868710967997965	4.379286637130192	0.2200214468679362	0.0	0.365363993054461	0.365363993054461	0.0	0.4740714647718973	0.0	0.0	0.0	1.531267380238246	0.7977764076348479	1.1097148397983734	0.2200214468679362	0.6333012024473437	0.0	0.0	0.4740714647718973	1.3818081396425015	2.318347253365918	0.0	0.0
SRR5865108	0.7498461887471122	0.2842692589427778	1.4583134342465223	1.852758135748335	1.970479097080835	0.4546267130147563	0.2842692589427778	0.0	3.122379582758211	5.075455304222359	3.724799366564584	0.7498461887471122	0.0	0.0	0.0	0.0	0.5766699071103405	2.5197880139787916	0.9693487869683445	0.6718332825474018	0.2842692589427778	0.2842692589427778	4.537026116049987	0.0	1.6386597701295054	1.56875411886364	0.0	0.0	0.5766699071103405	2.4253216227594416	0.0	0.2842692589427778	1.223050120084968	1.610066105937107	0.9239832028645477	0.8733200666830752	1.805170010171935	4.197888550138986	3.692213464655195	0.2842692589427778	0.0	0.2842692589427778	1.4720659483025837	0.8733200666830752	0.0	0.4546267130147563	0.4546267130147563	0.0	1.7725411252300183	4.093139885765813	0.0	0.0	0.5766699071103405	0.4546267130147563	0.0	0.4546267130147563	1.5230952389364132	0.2842692589427778	0.0	1.365166367826701	0.5766699071103405	0.7498461887471122	0.0	0.4546267130147563	0.2842692589427778	0.0	0.0	1.5465244372436089	3.247084926197127	0.0	0.2842692589427778
SRR5865109	0.5838481483079936	0.0	1.0914180621391816	1.9886251917775293	1.7280372767204466	0.3834321430746913	0.0	0.0	2.976869799040042	5.1064596249844545	3.580208008042224	0.5838481483079936	0.0	0.0	0.0	0.0	0.7204567203378595	2.4498444624965754	0.7204567203378595	0.824221023377575	0.0	0.0	4.348604046213866	0.0	1.975795290441654	1.4235993844376211	0.0	0.0	0.5838481483079936	2.518441290781847	0.0	0.5838481483079936	2.1233991313450615	2.4814503066862543	1.0384237783185124	0.5838481483079936	1.7043675532084506	4.236165039799775	3.40465915861721	0.0	0.0	0.3834321430746913	1.5616574749642602	0.7204567203378595	0.0	0.0	0.7204567203378595	0.0	1.3191085038644619	4.299611260380705	0.0	0.0	0.824221023377575	0.3834321430746913	0.0	0.5838481483079936	0.3834321430746913	0.0	0.0	1.0384237783185124	0.9079124252925738	0.0	0.0	0.0	0.0	0.0	0.0	1.3744889454986386	1.7612858483122182	0.0	0.3834321430746913
SRR5865110	0.0	0.0	0.3874346187551868	2.41054914335123	1.6086000599315224	0.2355602187489895	0.0	0.0	2.4533327957932998	5.099657513904786	3.7573595266248927	0.0	0.0	0.0	0.0	0.0	0.8739673477128406	1.9157913120591563	0.5888880616991604	0.3874346187551868	0.0	0.2355602187489895	4.288794491906637	0.6628172293219965	2.9810603572834133	1.0719514715381429	0.3874346187551868	0.0	0.7811002695933288	2.41054914335123	0.49973896201922485	0.0	0.6628172293219965	3.089995068454619	0.7811002695933288	0.0	2.5876968785087175	1.2074362252380415	4.36648166417922	1.679502204518451	0.0	0.0	1.4301481320329685	0.3874346187551868	0.3874346187551868	0.2355602187489895	0.7811002695933288	0.0	1.325587972459197	4.258746690556893	0.0	0.0	0.0	0.2355602187489895	0.0	0.2355602187489895	0.0	0.0	0.0	1.0154283257062446	0.9841450570810671	0.2355602187489895	0.2355602187489895	0.3874346187551868	0.0	0.0	0.0	1.8963806394620204	1.4062723408247306	0.0	0.0
SRR5865111	0.0	0.3259843998841378	0.5100850160656776	2.493992040281681	2.4005308227255573	0.3259843998841378	0.3259843998841378	0.3259843998841378	2.8607264265859063	4.887281336590629	3.1560657846742437	0.0	0.0	0.0	0.0	0.0	0.5100850160656776	2.0973601946247604	0.818979329294767	1.0439343599250577	0.3259843998841378	1.2215704674205132	4.9056671731463775	0.3259843998841378	3.151977937892743	1.719671892347901	0.738236571215515	0.0	1.1913868875678337	2.7121537843578456	0.3259843998841378	1.8111877716657538	1.2215704674205132	2.484546864015923	1.0857489126621145	1.840202655709624	1.5241398357467644	3.6486422359950192	4.236436714593059	0.5100850160656776	0.0	0.3259843998841378	1.9344462485893152	0.5100850160656776	0.3259843998841378	0.8870380572250055	1.9171630234041306	0.0	1.3685788126329885	4.03388440686551	0.0	0.0	0.3259843998841378	0.6389737123521064	0.0	0.6389737123521064	0.0	0.3259843998841378	0.0	1.728835679335123	1.1238887170984433	1.840202655709624	0.0	0.0	0.3259843998841378	0.0	0.6389737123521064	2.130958077123314	2.168778301517996	0.0	0.0
SRR5865112	0.7529649206642107	0.0	0.6748196770967144	2.3180423253636047	2.165696459994545	0.5794590486824156	0.0	0.0	3.0574034067407685	4.961933559772713	3.48811974309297	0.0	0.28609413138869655	0.0	0.0	0.28609413138869655	1.2933126501495416	2.3081971939688564	0.876605169110515	0.4570903991850057	0.0	0.5794590486824156	4.703507977729427	1.051394046035677	2.981620008950892	1.873079734290649	0.5794590486824156	0.0	1.4757292890447393	3.1243465208901005	0.0	0.8191701925134189	1.5386483200485819	2.7068465787399276	1.051394046035677	1.085955438704884	3.3456386905962496	4.145255108837643	3.682672683157675	0.0	0.0	0.0	2.2772474093117667	0.5794590486824156	0.5794590486824156	0.9727342216109676	1.8450772305113146	0.0	1.3511177421755107	4.39469127725149	0.4570903991850057	0.28609413138869655	0.876605169110515	0.7529649206642107	0.0	0.6748196770967144	0.5794590486824156	0.0	0.0	1.051394046035677	0.6748196770967144	1.3326912138908669	0.0	0.28609413138869655	0.28609413138869655	0.0	0.28609413138869655	0.8191701925134189	1.5831475663387256	0.0	0.0
SRR5865113	0.4443756480942035	0.0	0.7368183704701228	2.4840879522126045	2.463287063242519	0.5650419721542059	0.2767051538354023	0.0	2.938520087864615	4.9384616634406315	3.198890165289623	0.0	0.6593682164570644	0.0	0.4443756480942035	0.0	0.8595834934015085	2.1516375579871982	1.0334902052505026	0.4443756480942035	0.0	1.0998108149082453	4.827894538992674	1.2535833707267068	3.1142958421969396	1.7957625233542558	0.6593682164570644	0.2767051538354023	1.8748175507025717	3.450434301434836	0.0	1.2535833707267068	1.8198552712957723	2.9640583393020115	1.3989568352798196	1.349965321638292	3.665084208625386	2.2490264325156475	3.981441203942015	0.0	0.0	0.0	1.5945643671338932	0.4443756480942035	0.8025244275548284	1.183467700970737	2.2468398931022335	0.0	1.5423305523249953	4.271880205694417	0.0	0.0	0.4443756480942035	0.2767051538354023	0.0	0.8025244275548284	0.2767051538354023	0.0	0.0	0.9551840971469525	1.0334902052505026	1.584608131371617	0.0	0.2767051538354023	0.2767051538354023	0.0	0.9100090537082669	1.5744182820261403	1.6832825414267503	0.0	0.0
SRR5865114	0.0	0.0	0.6898623418001547	2.571814233772931	1.827601944834996	0.29536012797580824	0.29536012797580824	0.29536012797580824	3.0319580071650463	4.82228701522126	3.4956347333036906	0.0	0.0	0.0	0.0	0.0	0.29536012797580824	2.1222092069137903	0.29536012797580824	0.8353324627632538	0.29536012797580824	0.0	4.876422054390522	0.0	3.433258647636315	1.7130793047610298	1.2197140083018077	0.0	0.5935271877140516	2.7087665956948777	0.29536012797580824	0.29536012797580824	2.018077120584023	2.9699628442910413	1.2679471774756699	0.29536012797580824	2.3170191630800114	3.558897758494345	3.6543563099433873	0.6898623418001547	0.0	0.29536012797580824	2.2316893977237	0.29536012797580824	0.0	1.5686731225053865	0.46954486160479497	0.0	1.3113549732593464	4.5640736207931365	0.0	0.0	0.5935271877140516	0.9441109928902784	0.0	0.29536012797580824	0.0	0.46954486160479497	0.0	0.8353324627632538	1.2197140083018077	0.0	0.0	0.0	0.0	0.0	1.0687292794798215	1.679017320385392	1.4040032313727155	0.0	0.0
SRR5865115	0.20117241903294386	0.20117241903294386	0.7568961762235865	2.6474431328939496	2.759561279056463	0.3381286735863491	0.3381286735863491	0.0	3.2271732914106273	4.701966877509884	2.4163530390589023	0.0	0.20117241903294386	0.0	0.0	0.0	1.1967132210619742	1.986932614319298	1.2280869384248696	1.0646524704810838	0.20117241903294386	1.6929575352306911	4.9775376582514825	1.1967132210619742	3.8179764239572673	2.068438108981491	1.1066515029279034	0.4420927493844525	2.285719022481056	2.670447911462218	0.20117241903294386	2.0573697091994863	1.1628953318278592	2.5659158000686833	1.2712681976893068	0.5961447221388192	3.97592945057224	1.918531889705197	3.77652808427193	0.4420927493844525	0.0	0.0	2.364304078760692	0.5259138440887516	0.0	1.1262200235583344	3.626170811944464	0.0	2.441138618553225	4.246711119227206	0.20117241903294386	0.0	0.4420927493844525	0.6565835401817045	0.0	0.5259138440887516	0.3381286735863491	0.3381286735863491	0.0	1.631764353576683	1.1449447073469459	0.5961447221388192	0.0	0.20117241903294386	0.4420927493844525	0.0	0.4420927493844525	2.413399964502327	3.1828238629998773	0.0	0.3381286735863491
SRR5865116	0.46973593744146097	0.0	0.7688998121739754	3.3916559151008507	1.9846233991346558	0.0	0.2955028150733222	0.2955028150733222	3.9556741505514785	4.381888171521109	2.660071258204192	0.46973593744146097	0.0	0.0	0.0	0.2955028150733222	1.5573805818603261	2.385118990847491	0.5937426159006574	0.5937426159006574	0.2955028150733222	0.8355793573180486	4.829269241857281	0.0	3.6380169797325914	1.7050943954213706	0.9899998624232442	0.0	0.7688998121739754	2.289960726428332	0.46973593744146097	0.2955028150733222	2.1160632775023935	2.837079489284722	1.2199857062105017	0.2955028150733222	3.2726336343384475	2.9578361730738747	4.386953799007994	0.46973593744146097	0.0	0.0	3.101823052477278	0.7688998121739754	0.0	1.6612119527329288	2.1984589605221596	0.0	1.6123919129430255	4.76175346718164	0.0	0.0	0.46973593744146097	0.46973593744146097	0.0	0.5937426159006574	0.0	0.0	0.0	1.103683748550319	1.1657162872200226	0.7688998121739754	0.0	0.5937426159006574	0.2955028150733222	0.0	1.2682207073291212	1.7372636063709843	2.3132102489266755	0.0	0.0
SRR5865117	0.2186123006469332	0.0	0.7947904832139577	3.282569649615194	1.782046845948834	0.0	0.4717136957044471	0.2186123006469332	2.8177341476808677	4.9181937379828975	3.2921003734044545	0.2186123006469332	0.0	0.0	0.0	0.2186123006469332	0.9779887864502775	2.098005050772387	0.692472806534189	0.9779887864502775	0.0	1.0068977683907827	4.947427581640083	0.2186123006469332	4.037199961165098	1.7725566349704311	1.2860113926891745	0.0	0.5583689199517372	2.8651947977587664	0.0	0.2186123006469332	1.0068977683907827	2.6140968259189643	1.106437901767563	0.0	1.9281368367938339	1.5443559477930924	3.05470289479889	0.3633458692814447	0.0	0.0	2.1532878441462833	0.2186123006469332	0.2186123006469332	1.0595134348223452	0.3633458692814447	0.0	1.328034222032788	3.796026647873311	0.4717136957044471	0.2186123006469332	0.3633458692814447	0.6305765976520381	0.0	0.3633458692814447	0.0	0.0	0.0	0.8775397891584749	1.4444506633499554	0.2186123006469332	0.0	0.6305765976520381	0.4717136957044471	0.0	0.0	1.4015525599394258	1.7529304564897596	0.0	0.0
SRR5865118	0.4870110612096077	0.30846838389917014	0.9673794963374416	2.1849152233589337	2.328548325537596	0.4870110612096077	0.30846838389917014	0.0	3.5278314277340925	4.97126074807664	3.5525664087282416	1.1275777574946342	0.0	0.30846838389917014	0.0	0.0	1.1275777574946342	2.4056276622372077	0.9160247348606391	0.9160247348606391	0.0	0.30846838389917014	4.807926797873272	0.30846838389917014	3.3311342687884946	1.9121949777358296	0.0	0.0	0.7904787154863319	3.1770071498900134	0.9673794963374416	0.0	1.6578744371688452	2.0677015899701643	1.1898747787033872	1.4291666685884665	1.9439997769114115	1.6956904873728815	4.058308952620764	0.4870110612096077	0.0	0.30846838389917014	2.3511444085892577	0.8577726278141545	0.4870110612096077	0.8577726278141545	1.0548236699013391	0.0	1.8138617870298592	3.7630145008345357	0.0	0.30846838389917014	1.013298710341446	0.710811031077424	0.0	0.8577726278141545	0.0	0.4870110612096077	0.0	0.9673794963374416	1.315055717165834	1.4291666685884665	0.0	0.7904787154863319	0.4870110612096077	0.0	0.6131703374187797	0.9673794963374416	3.9515148375724736	0.0	0.30846838389917014
SRR5865119	0.7007626860065981	0.4786156695180003	1.116011175547242	2.175410973560211	1.7730538449660889	0.0	0.7007626860065981	0.0	3.4321525658588103	5.023292462028521	2.06291811266049	0.7007626860065981	0.0	0.0	0.0	0.0	0.7007626860065981	2.773823399189951	0.7007626860065981	0.8470184876633118	0.0	0.0	4.912143210449759	0.0	1.801544786997689	2.2693993511672748	0.4786156695180003	0.0	0.8470184876633118	1.5932470211612277	0.0	0.0	1.6149690653766424	2.0316025975505423	1.1781820028939118	1.2808757078595199	2.175410973560211	1.8282811573830118	3.3519046837121222	0.4786156695180003	0.0	0.0	1.0434292510883603	0.4786156695180003	0.0	0.0	1.116011175547242	0.0	1.4000903404039673	3.336893431377966	0.0	0.0	0.9562339219492815	0.8470184876633118	0.0	0.0	0.0	0.7007626860065981	0.0	1.1781820028939118	1.0434292510883603	1.0434292510883603	0.0	0.0	0.7007626860065981	0.0	0.0	0.9562339219492815	1.7264734161217983	0.0	0.0
SRR5865120	0.4125403264798887	0.0	0.6202349635119098	2.1897458899829876	1.8399518098751948	0.0	0.0	0.0	2.8432474095579985	4.8469514437050965	3.3584104790191924	0.7601528287105419	0.0	0.4125403264798887	0.0	0.0	1.265766190722953	2.704807892880518	0.6202349635119098	0.8658084419885475	0.0	0.0	5.013811274222647	0.0	1.9213987313955934	1.6415516656301121	0.0	0.0	0.4125403264798887	2.611157028945406	0.4125403264798887	0.4125403264798887	1.6863166601129123	2.645188378158294	1.0217204438115497	0.4125403264798887	2.345140367481251	3.0970330654669476	3.894732170842528	0.8658084419885475	0.0	0.7601528287105419	2.9519238795655602	0.4125403264798887	0.0	1.4210705762204172	0.4125403264798887	0.0	1.656991730246946	3.856605514844472	0.0	0.0	0.4125403264798887	0.7601528287105419	0.0	0.7601528287105419	0.4125403264798887	0.4125403264798887	0.0	1.265766190722953	0.6202349635119098	0.4125403264798887	0.0	0.0	0.0	0.4125403264798887	1.183818392012666	1.5916365821623517	2.3894551663461714	0.0	0.0
SRR5865121	0.8835872734360655	0.42523634663517124	1.203020940523699	2.395612641061254	2.201141599404211	0.0	0.42523634663517124	0.0	2.9219002247840486	4.927126138062521	3.0624121321018225	0.8835872734360655	0.42523634663517124	0.0	0.0	0.0	0.7771744614810819	2.5315854111858362	0.7771744614810819	0.8835872734360655	0.6359205243396774	1.0403269882290214	4.8971010748383685	1.661610941959557	3.157492384929228	2.110547137464717	0.42523634663517124	0.6359205243396774	2.6383167713160245	3.3902336981728576	0.42523634663517124	1.5129683475015523	1.7841766698039812	2.564285040211391	1.3850774384791524	0.968990132945643	3.2627009057031193	1.0403269882290214	3.628339399129057	0.0	0.0	0.42523634663517124	2.024144529951371	0.42523634663517124	0.0	1.7841766698039812	2.5164668440218296	0.0	1.9416754745439313	4.225324455453121	0.42523634663517124	0.42523634663517124	0.7771744614810819	1.2460486517255462	0.0	0.968990132945643	2.024144529951371	0.0	0.42523634663517124	1.1552566891396177	1.4408268585282775	1.1015826051945123	0.7771744614810819	0.42523634663517124	0.42523634663517124	2.2984134082412395	0.968990132945643	1.661610941959557	2.9830559857500942	0.0	0.0
SRR5865122	0.8639727391792311	0.0	1.444379926611746	2.1920593600888245	2.452421610660234	0.0	0.0	0.41123792762614697	3.538603291599338	4.571508873651699	3.2627287249506507	0.6186197285945187	0.0	0.0	0.0	0.41123792762614697	1.224722841140852	2.6123947677560904	1.13423653429401	0.9488365331629512	0.41123792762614697	0.0	5.0803680815805485	0.0	2.8440780976971833	2.0470462025098626	0.0	0.0	2.1920593600888245	3.0854447577917927	3.3930010011639657	1.0807754649018284	2.0408537288232855	1.9661816986868903	1.3633912361605935	1.13423653429401	3.7699325237681647	2.174079878180007	3.8009215362200215	0.0	0.0	0.0	2.241921414521709	0.9488365331629512	0.6186197285945187	2.5900861342187973	2.812544553441441	0.0	1.7960994448022214	4.0937672274800585	0.7583970113692386	0.0	0.7583970113692386	1.0807754649018284	0.0	0.6186197285945187	0.0	0.41123792762614697	0.0	1.5715674417033418	1.639474440383906	0.9488365331629512	0.0	0.8639727391792311	0.41123792762614697	0.0	1.224722841140852	2.0531516194483825	3.0478420847216388	0.0	0.0
SRR5865123	0.8203582018737949	0.0	1.334026261387892	2.0681461868627156	3.084628527763258	0.0	0.0	0.0	2.716905328387758	4.874753863459117	2.7886073074551634	0.45800223478423785	0.0	0.0	0.45800223478423785	0.0	1.7568175509290866	2.5632497490724955	0.45800223478423785	0.8203582018737949	0.0	0.45800223478423785	4.9595778457568915	0.0	2.964462967456286	1.9841246193298618	0.45800223478423785	0.45800223478423785	1.1490825650627638	2.5849110812854352	0.0	0.6759240632398188	1.9580771291328216	2.7122023183746977	1.920723175701903	1.1490825650627638	2.3943553316978945	2.493530583746972	3.6625259118340114	0.0	0.0	0.0	2.000660293297334	1.0151071863701524	0.45800223478423785	0.0	3.6260452657572992	0.0	1.6618040611323839	4.167920137917789	0.45800223478423785	0.0	1.1490825650627638	0.8203582018737949	0.0	1.1490825650627638	0.6759240632398188	0.0	0.6759240632398188	2.0165893992154245	1.0151071863701524	1.0151071863701524	0.8203582018737949	0.0	1.1490825650627638	0.0	0.6759240632398188	1.7423563764224512	2.7246322424985694	0.0	0.0
SRR5865124	0.6405578669409263	0.4290064882560283	0.9743699515287766	2.122084737663004	2.2335642351904523	0.4290064882560283	0.4290064882560283	0.0	3.157950028201477	4.966584452549617	3.273815454401356	0.4290064882560283	0.0	0.0	0.0	0.4290064882560283	0.6405578669409263	2.6025332682480706	0.7821968881589336	0.888827264345495	0.0	0.4290064882560283	4.845370301409981	0.0	1.875968978811979	2.0018967126340956	0.4290064882560283	0.0	0.4290064882560283	2.7272007817684276	0.888827264345495	0.0	1.5610187626196148	2.874661961272729	1.290907449710219	0.6405578669409263	2.159138967438774	1.7656914621710418	4.192680769957911	0.4290064882560283	0.0	0.0	2.2071266317033595	0.6405578669409263	0.0	1.2086686855474655	0.6405578669409263	0.0	1.6675032276247113	4.071895894758429	0.0	0.4290064882560283	0.4290064882560283	0.4290064882560283	0.0	0.4290064882560283	0.4290064882560283	0.6405578669409263	0.0	0.9743699515287766	0.7821968881589336	0.4290064882560283	0.0	0.0	0.0	0.0	0.888827264345495	1.6514718393452554	1.3908536057051362	0.0	0.0
SRR5865125	0.4554193859545781	0.0	0.6727945254481352	2.020407998859771	1.8687329415079401	0.0	0.0	0.0	2.8325719760132846	4.961184095543656	3.2907072913103157	1.1453956079315428	0.0	0.3494423720247603	0.6116830879501286	0.0	1.1051885420040595	2.5709775693831376	0.7263579212376321	0.8169911023479834	0.0	0.0	4.830970086666815	0.0	2.64379222185897	1.7622960876247094	0.0	0.0	0.7263579212376321	1.614528923123155	0.3494423720247603	0.0	1.1821936742794665	2.6927303592241225	1.2321325164274837	0.6116830879501286	2.1102876845456224	4.212582235590465	3.6784185345506963	0.3494423720247603	0.0	0.2089581839922264	1.9857778028633835	0.8169911023479834	0.2089581839922264	0.2089581839922264	0.4554193859545781	0.0	1.8386707247984442	3.622204536813129	0.8169911023479834	0.2089581839922264	0.6116830879501286	0.7263579212376321	0.2089581839922264	1.7529175682826914	0.3494423720247603	0.3494423720247603	0.3494423720247603	2.318072987944495	0.955832742457816	0.7740345205902242	0.2089581839922264	0.2089581839922264	0.3494423720247603	0.0	0.4554193859545781	1.01152239057368	3.829102922796434	0.0	0.2089581839922264
SRR5865126	0.37352645074535074	0.0	0.8930238149945466	2.0252127800024184	3.455318526810597	0.37352645074535074	0.0	0.37352645074535074	2.5735162083437775	5.000559348007978	3.197462300902235	0.9628449522882556	0.571322413641881	0.0	0.0	0.37352645074535074	1.6876800613818257	2.421809308666669	0.37352645074535074	0.8930238149945466	0.0	0.37352645074535074	4.460914517005114	0.571322413641881	2.782704438579407	1.6876800613818257	0.571322413641881	0.0	0.7067198303312712	3.409162716780226	0.37352645074535074	0.0	1.7948389656621675	2.3011338552070515	0.9628449522882556	1.6495969405792814	2.2374960036426943	4.446056120501565	4.357859926823599	0.37352645074535074	0.0	0.37352645074535074	1.0757925301639522	0.8097862520318031	0.8930238149945466	0.571322413641881	0.9628449522882556	0.0	1.6876800613818257	3.7191318357930485	0.571322413641881	0.7067198303312712	1.0757925301639522	0.8097862520318031	0.571322413641881	1.2040318846098765	0.0	0.0	0.0	1.592993011725161	0.571322413641881	1.592993011725161	0.0	0.37352645074535074	0.37352645074535074	0.0	0.37352645074535074	1.0757925301639522	3.2910730324950226	0.0	0.571322413641881
SRR5865127	0.41128069960041114	0.0	0.7584547031584102	3.302806808602291	1.711769950246928	0.0	0.0	0.41128069960041114	3.9852544074650362	4.867212214536764	3.5661360740888153	0.41128069960041114	0.0	0.0	0.0	0.41128069960041114	0.41128069960041114	2.398498888261973	0.0	0.7584547031584102	0.0	0.0	4.863643416102174	0.0	2.4451769954255758	1.84776645611995	0.6186727928829957	0.0	0.41128069960041114	2.9129641316736676	0.0	0.0	2.370220726819995	3.2962740475632355	1.2247885558986673	0.41128069960041114	2.261187875772764	2.6732422252782087	3.95326401565298	0.9488985516364121	0.0	0.0	2.0152303950661903	0.6186727928829957	0.0	0.6186727928829957	0.6186727928829957	0.0	1.4444472946530997	4.309454417566737	0.864033061174942	0.0	0.6186727928829957	0.41128069960041114	0.0	0.41128069960041114	0.7584547031584102	0.0	0.0	1.0198604433167722	1.2247885558986673	0.6186727928829957	0.41128069960041114	0.0	0.41128069960041114	0.0	0.41128069960041114	1.0808395429310753	2.0768188375459746	0.0	0.0
SRR5865128	0.33818726075608396	0.33818726075608396	1.1450452518172458	2.340543374666862	1.6607579415891478	0.0	0.33818726075608396	0.0	2.8726841866511394	4.595713712380951	1.3904578158864749	0.5259898834775165	0.0	0.0	0.0	0.5259898834775165	0.33818726075608396	2.497649130696766	0.0	1.1450452518172458	0.0	1.2713706996788898	5.060125537055223	0.0	2.8566063897076828	1.8183954415716974	0.0	0.0	0.5259898834775165	1.8411193540525914	0.0	0.0	1.6607579415891478	1.6494323382933627	1.4838186337385901	0.0	2.1642749823916003	1.2713706996788898	4.2002955667461315	1.018250652190508	0.5259898834775165	0.0	2.9268118181192064	0.33818726075608396	0.33818726075608396	1.1802345102547984	0.9069754398037424	0.0	1.6825598391581942	4.3412206534649105	0.33818726075608396	0.0	0.7569855231519766	0.8384237044169225	0.0	0.6566679622501431	0.5259898834775165	0.33818726075608396	0.0	0.7569855231519766	1.63780345747396	0.5259898834775165	0.7569855231519766	0.0	0.33818726075608396	0.0	1.1067513324672693	2.609012732180258	2.0529694794150757	0.0	0.0
SRR5865129	0.5648725858932521	0.954977142065511	0.6996312295945564	2.944484799269437	1.9566652710912318	0.0	0.5648725858932521	0.0	2.7719222823461473	4.828701586391161	2.8897532632771057	0.5648725858932521	0.0	0.0	0.0	0.0	0.3684491917562618	2.561527600073774	1.1147062152324403	0.8853252568561656	0.3684491917562618	0.6996312295945564	5.061522948738859	0.8023283449493795	2.966340751635675	1.8561320595918522	0.3684491917562618	0.0	1.9566652710912318	2.1930166966372537	0.0	1.1571159722206208	1.599231267404896	2.41300362633846	1.2945151501988994	0.0	2.02200781064016	1.1571159722206208	3.4502016155927495	1.8561320595918522	0.0	0.0	2.1375409153105798	0.954977142065511	0.0	1.3230063535985637	2.800395338748891	0.0	1.6790238367485426	3.6926441656475535	0.5648725858932521	0.3684491917562618	0.8023283449493795	0.3684491917562618	0.0	0.3684491917562618	0.0	0.3684491917562618	0.0	2.1967207682414984	1.2945151501988994	0.6996312295945564	0.0	0.0	0.5648725858932521	0.0	1.3749285829604125	1.725086666567273	2.1459132314609977	0.0	0.0
SRR5865130	0.6989336866587035	0.3679508444064186	1.1949341035039518	3.4841120416842872	1.949345119185141	0.3679508444064186	0.3679508444064186	0.0	3.2659509975308914	4.8415538913912695	3.659395394244338	0.5642384144937767	0.0	0.0	0.0	0.0	0.0	2.4297070512041983	1.0141994350641543	0.9542021562770515	0.0	0.3679508444064186	5.016914161514243	0.3679508444064186	3.2985894083787444	1.9361336376581457	0.0	0.0	0.0	2.636442603631905	0.0	0.0	1.4623541658402428	2.8013583841680165	1.4204621630446614	1.2936876678168738	1.8939017895542376	1.441913081043941	3.632310659253075	0.6989336866587035	0.0	0.3679508444064186	2.6324120004408837	0.5642384144937767	0.3679508444064186	0.6989336866587035	0.5642384144937767	0.0	1.322176059059432	3.6596490153754004	0.3679508444064186	0.0	0.8015941170150189	0.5642384144937767	0.0	1.0669052834657502	0.3679508444064186	0.3679508444064186	0.0	1.1949341035039518	1.5835323724074974	1.1949341035039518	0.0	0.0	0.0	0.0	0.3679508444064186	1.4204621630446614	2.087499783077774	0.0	0.0
SRR5865131	0.6481366750591202	0.6481366750591202	0.43518415836340074	2.3388664236526795	2.762297199396143	0.43518415836340074	0.6481366750591202	0.0	2.937706290904889	4.674530127808108	2.6639548102728643	0.8973754768078737	0.0	0.0	0.0	0.0	0.7903955371022612	2.6703989425877377	1.3694038095221677	1.1699930946750476	0.0	1.1161756456818903	5.042005807700271	1.1699930946750476	3.3308253992331966	2.2076844879021786	0.43518415836340074	0.43518415836340074	2.1480852127611256	2.8685330035622942	0.7903955371022612	2.2302902385435837	2.183837147835779	2.0188309557713717	1.6090465542428802	1.2609905671828623	2.6231428021718934	3.0782233401689854	4.031029490259314	0.7903955371022612	0.0	0.0	2.39960300489567	0.6481366750591202	0.0	1.8114588786024606	3.5406855455270962	0.0	1.9229593651674775	4.161223672314977	0.6481366750591202	0.43518415836340074	1.2178708148777098	0.9831425863140973	0.0	1.300213122734739	0.0	0.43518415836340074	0.0	1.4815222203024057	1.3694038095221677	1.4290711036194645	0.0	0.6481366750591202	0.43518415836340074	0.0	1.6090465542428802	2.2918032339003065	3.1043101948027823	0.0	0.0
SRR5865132	0.5506493232453984	0.0	1.0497516834786298	2.963297869771706	2.5696655255472236	0.6839618883994453	0.0	0.0	3.9771891652038818	4.181233539513529	2.0080078874967	1.0965795590896505	0.0	0.0	0.0	0.35730988524212576	1.8285923087568527	2.6269505951556544	0.8682685659816759	1.0965795590896505	0.6839618883994453	1.2454479604112718	5.103608254824469	0.6839618883994453	3.17605387804349	1.9621192850157503	0.0	0.0	1.5498792745305099	2.68677397338204	0.0	1.4442189304048874	1.1388460558312314	2.1659746709417753	1.3309723555482704	0.0	1.7165780281257548	2.696919309371011	4.336079423531604	0.9375343537493728	0.0	0.0	3.0972261434085437	0.0	0.0	0.9375343537493728	0.8682685659816759	0.35730988524212576	1.4023939064177422	4.054009137443107	0.0	0.5506493232453984	0.7858197777941367	0.7858197777941367	0.0	0.6839618883994453	0.0	0.0	0.0	0.35730988524212576	1.4442189304048874	0.35730988524212576	0.0	0.0	0.0	0.0	0.0	2.029253365274873	3.7205486260346463	0.0	0.0
SRR5865133	0.5503833372657246	0.5503833372657246	0.7855102211932132	2.697662621707862	2.666569435453947	0.0	0.0	0.3571023274816212	2.6593467551292282	4.7732235628552235	3.3343274580323334	0.6836683592681754	0.0	0.0	0.0	0.0	1.2123901187006383	2.27535312646145	0.3571023274816212	0.6836683592681754	0.0	0.7855102211932132	4.837844422150661	0.3571023274816212	2.589717988448276	1.9909962358317166	0.0	0.0	1.2755156589947245	3.184104412002802	0.0	0.7855102211932132	1.594049912904712	3.025214016282346	1.9368526397130716	0.0	2.3304762796305334	3.242694934626863	4.588324907906036	1.7568480779953302	0.0	0.0	1.7370065480901646	0.5503833372657246	0.0	1.0962390111164977	2.823216626661995	0.0	2.0340394458707696	4.26184432841611	0.3571023274816212	0.0	0.9372069183039666	0.6836683592681754	0.0	0.867948524305737	1.8363784181345146	0.0	0.3571023274816212	1.4234534817152464	1.4633544589901366	1.533600139143534	0.0	0.0	0.5503833372657246	0.0	0.9372069183039666	1.303940918448399	2.929711052680887	0.0	0.7855102211932132
SRR5865134	0.715079998000226	0.4905874077591957	0.9721061640775166	2.6317212270879167	3.665758329761882	0.8623361997417606	0.0	0.0	3.8438430340577265	4.58358569559674	2.8607507845531037	0.715079998000226	0.0	0.0	0.0	0.0	0.0	2.3144125915868954	0.4905874077591957	1.1324796108873423	0.4905874077591957	1.4172015114000795	5.0662402485056175	0.0	3.4404892383605756	1.9593398387918306	0.8623361997417606	0.4905874077591957	2.501423789062655	2.999118163362139	0.8623361997417606	1.1948290958588423	1.9593398387918306	2.501423789062655	1.8326576835022055	1.6106078223937135	2.0805732767255942	3.3169204059531974	3.7665986695601914	0.0	0.4905874077591957	0.0	1.481767766511148	0.4905874077591957	0.8623361997417606	1.9062820516810153	3.220610401977864	0.0	3.1081659159709996	4.07262260898266	1.4506834130318524	0.0	0.0	0.715079998000226	0.0	1.0596539134742715	2.545032144397669	0.0	0.0	1.6106078223937135	1.0596539134742715	1.4172015114000795	0.0	0.0	0.4905874077591957	0.0	0.0	2.032692806257304	1.9282889164476154	0.0	0.715079998000226
SRR5865135	0.38416826372666	0.38416826372666	0.9090120814046604	2.8818138717381556	1.9140898723243163	0.0	0.38416826372666	0.0	2.4703328841056464	4.9968053816042834	3.3978351457122513	0.7214727483432251	0.0	0.38416826372666	0.0	0.38416826372666	0.9090120814046604	2.567366976064576	0.38416826372666	1.2897132050622442	0.38416826372666	0.9090120814046604	4.863630462486147	0.0	3.7597762538122645	2.0807896694655756	0.38416826372666	0.0	0.8252877539717268	2.5044989456911018	0.0	0.0	1.4474274814177532	1.5456437022737286	1.2897132050622442	0.38416826372666	2.3901901028049317	1.182405303221953	3.2572753712588334	0.38416826372666	0.0	0.38416826372666	2.2009554029928693	0.8252877539717268	0.0	1.4894143844794305	0.5847759755263189	0.0	1.4009426186768548	3.609058665277251	1.320302963347316	0.38416826372666	0.38416826372666	0.8252877539717268	0.5847759755263189	0.7214727483432251	0.0	0.7214727483432251	0.0	1.182405303221953	1.4009426186768548	0.0	0.0	0.0	0.0	0.0	0.38416826372666	1.039563643432123	3.8471176442522523	0.0	0.0
